img,label
20709,2d
23526,kh
9997,qh
5522,6c
24093,3s
37799,6h
27288,2c
16500,jd
26634,qd
10722,jc
17551,kc
30400,9c
23639,kh
17478,kc
32540,8d
243,6d
36276,8c
2298,9h
59,6d
24220,3s
16924,jd
2648,9h
33499,9s
31636,8s
34698,4c
25557,qs
13755,kd
6319,8h
7779,4h
10110,qh
24185,3s
7073,7d
6508,8h
2024,5h
27357,2c
33468,9s
27139,2c
37838,6h
27378,2c
20024,2s
210,6d
31616,8s
1602,5h
29463,4d
36009,8c
19780,2s
22068,qc
28870,4s
1685,5h
4890,ad
16121,js
10596,jc
24102,3s
15210,2h
7206,7d
13053,ks
32360,8d
20575,2d
26500,qd
14561,3h
19557,2s
2324,9h
13136,ks
20650,2d
35013,4c
30177,9c
27213,2c
2671,9h
281,6d
34536,4c
15137,2h
29540,4d
33074,9s
28611,4s
27297,2c
3760,as
29409,4d
3500,7c
33131,9s
3213,7c
36418,8c
1083,6s
9428,ac
27441,2c
34026,9d
29770,4d
35427,ah
13824,kd
36258,8c
7992,4h
30509,9c
11294,10d
9472,ac
3393,7c
35670,ah
32631,8d
9852,qh
34756,4c
24902,3d
2704,9h
15762,js
33269,9s
32755,8d
36857,5s
5442,6c
6073,8h
499,6d
8021,4h
35575,ah
24059,3s
33843,9d
28145,7h
29706,4d
3379,7c
21053,jh
5513,6c
834,6s
13503,kd
17747,kc
20519,2d
34933,4c
19564,2s
9124,ac
28575,4s
38512,5d
8618,7s
13535,kd
26333,qd
4603,ad
18188,10c
1547,5h
9779,qh
23585,kh
16010,js
5574,6c
35663,ah
4739,ad
12910,ks
26591,qd
36127,8c
9462,ac
29720,4d
26593,qd
34719,4c
13914,kd
21129,jh
34968,4c
28583,4s
10739,jc
29591,4d
26532,qd
24917,3d
27365,2c
3044,7c
14473,3h
35434,ah
24961,3d
3516,7c
21057,jh
1568,5h
13560,kd
30193,9c
22596,10h
30511,9c
19215,3c
29372,4d
17325,kc
13590,kd
14520,3h
16999,jd
22144,qc
16914,jd
7839,4h
7659,4h
10965,jc
15902,js
1590,5h
34758,4c
22651,10h
4570,ad
9321,ac
10094,qh
127,6d
33827,9d
6435,8h
9262,ac
15448,2h
16879,jd
12267,10s
24416,3s
6023,8h
21238,jh
28196,7h
20631,2d
24437,3s
4092,as
26645,qd
6391,8h
37098,5s
27369,2c
25268,3d
31224,5c
19008,3c
5555,6c
5523,6c
11339,10d
24233,3s
21949,qc
5771,6c
10724,jc
22085,qc
35557,ah
1916,5h
36420,8c
5340,6c
10507,jc
36935,5s
2015,5h
9031,ac
31156,5c
34065,9d
15848,js
28533,4s
16012,js
27183,2c
23415,kh
502,6d
27104,2c
21901,qc
5280,6c
24125,3s
15836,js
3979,as
33500,9s
28840,4s
16842,jd
35503,ah
390,6d
10178,qh
16595,jd
8762,7s
16100,js
14482,3h
4793,ad
7909,4h
33940,9d
8704,7s
15254,2h
22109,qc
6301,8h
28590,4s
5528,6c
5481,6c
32736,8d
8543,7s
37966,6h
19765,2s
34658,4c
13697,kd
10852,jc
21981,qc
7155,7d
4000,as
12965,ks
26015,qs
33523,9s
14484,3h
4700,ad
1613,5h
17644,kc
2364,9h
21364,jh
35729,ah
20684,2d
10869,jc
9376,ac
16132,js
29367,4d
1548,5h
17738,kc
4855,ad
2680,9h
15029,2h
10899,jc
21817,qc
10903,jc
24883,3d
32587,8d
3941,as
5254,6c
28132,7h
30448,9c
10244,qh
15017,2h
22609,10h
20273,2d
17413,kc
4217,as
20543,2d
7784,4h
3353,7c
925,6s
27051,2c
1204,6s
17774,kc
12233,10s
22163,qc
4064,as
3094,7c
32289,8d
24939,3d
36467,8c
16098,js
32389,8d
16948,jd
28885,4s
35304,ah
34133,9d
27227,2c
34908,4c
18513,10c
10080,qh
7936,4h
34768,4c
6278,8h
36360,8c
17469,kc
33085,9s
30338,9c
37261,5s
29576,4d
18280,10c
175,6d
16862,jd
19205,3c
12837,ks
8497,7s
31777,8s
22056,qc
14424,3h
9771,qh
17346,kc
21499,jh
29666,4d
137,6d
16700,jd
32600,8d
26014,qs
6152,8h
438,6d
31778,8s
16947,jd
29553,4d
21098,jh
25514,qs
21292,jh
10729,jc
28221,7h
16248,js
30409,9c
8675,7s
32266,8d
3316,7c
35697,ah
1913,5h
13675,kd
36848,5s
31163,5c
31083,5c
18307,10c
38537,5d
3232,7c
16836,jd
36147,8c
38532,5d
14312,3h
29642,4d
29563,4d
10920,jc
22208,qc
889,6s
37150,5s
21376,jh
38010,6h
21519,jh
32616,8d
16687,jd
18756,3c
37834,6h
8254,7s
5699,6c
7602,4h
37048,5s
33379,9s
33910,9d
995,6s
7594,4h
31188,5c
34212,9d
25713,qs
6494,8h
33104,9s
13032,ks
8376,7s
20598,2d
12777,ks
30427,9c
16650,jd
28900,4s
37621,6h
36153,8c
31600,8s
33875,9d
27786,7h
3490,7c
9848,qh
27815,7h
32285,8d
8384,7s
9882,qh
12017,10s
11297,10d
15167,2h
4168,as
8708,7s
18103,10c
7903,4h
22138,qc
24110,3s
33239,9s
29724,4d
35695,ah
29264,4d
22626,10h
32018,8s
4822,ad
3432,7c
10737,jc
24186,3s
16182,js
23391,kh
3272,7c
16748,jd
8378,7s
28712,4s
28055,7h
23655,kh
20668,2d
12053,10s
36443,8c
1627,5h
23663,kh
23333,kh
16232,js
7058,7d
7238,7d
5263,6c
27166,2c
37538,6h
8345,7s
28863,4s
17564,kc
15397,2h
16777,jd
10173,qh
32024,8s
6041,8h
9028,ac
34764,4c
31713,8s
11606,10d
31672,8s
9798,qh
28093,7h
24867,3d
34062,9d
24335,3s
2707,9h
36191,8c
19655,2s
3837,as
7156,7d
26606,qd
22793,10h
12437,10s
4762,ad
27954,7h
10811,jc
28146,7h
3228,7c
27006,2c
862,6s
19813,2s
13045,ks
35449,ah
3159,7c
18047,10c
3128,7c
509,6d
34179,9d
12246,10s
8602,7s
15864,js
26425,qd
9140,ac
13819,kd
37989,6h
31853,8s
24243,3s
1888,5h
22939,10h
27098,2c
10076,qh
27496,2c
2636,9h
37552,6h
34813,4c
19937,2s
27800,7h
28176,7h
18207,10c
3851,as
32560,8d
3277,7c
17668,kc
25180,3d
1223,6s
22114,qc
1185,6s
4665,ad
762,6s
17487,kc
25140,3d
18283,10c
4519,ad
22989,10h
1067,6s
36181,8c
20416,2d
30777,5c
27939,7h
32562,8d
24414,3s
19104,3c
19696,2s
13962,kd
19090,3c
34565,4c
37147,5s
27513,2c
18821,3c
2368,9h
32641,8d
48,6d
8445,7s
35290,ah
25927,qs
6320,8h
34696,4c
17344,kc
27303,2c
35550,ah
12952,ks
2429,9h
1679,5h
33886,9d
21891,qc
22692,10h
8511,7s
1738,5h
18319,10c
2525,9h
8318,7s
20599,2d
27802,7h
12277,10s
944,6s
32422,8d
18157,10c
36160,8c
5312,6c
8390,7s
2557,9h
6164,8h
29365,4d
20586,2d
3,6d
10198,qh
7046,7d
25845,qs
35662,ah
29624,4d
31272,5c
26624,qd
8740,7s
12413,10s
30023,9c
9204,ac
30270,9c
11642,10d
27071,2c
34143,9d
6989,7d
25205,3d
5418,6c
30969,5c
21401,jh
33853,9d
14704,3h
30484,9c
27196,2c
5520,6c
930,6s
31668,8s
14581,3h
13635,kd
17663,kc
24845,3d
38494,5d
10545,jc
23355,kh
31107,5c
34845,4c
26470,qd
31111,5c
10603,jc
35497,ah
5671,6c
22118,qc
31703,8s
24491,3s
11694,10d
8582,7s
33465,9s
1217,6s
13188,ks
6021,8h
32282,8d
21090,jh
14709,3h
22130,qc
29612,4d
2365,9h
37825,6h
18358,10c
36343,8c
33142,9s
28819,4s
11016,jc
6239,8h
4165,as
37707,6h
6774,7d
5024,ad
37755,6h
10697,jc
28656,4s
23297,kh
10677,jc
10564,jc
37181,5s
15383,2h
23444,kh
15799,js
19635,2s
31143,5c
271,6d
27237,2c
32017,8s
16734,jd
9807,qh
28172,7h
9407,ac
25932,qs
38389,5d
1778,5h
13629,kd
16198,js
7940,4h
25023,3d
29413,4d
16797,jd
12033,10s
16269,js
19147,3c
36751,5s
17271,kc
19836,2s
282,6d
2627,9h
11395,10d
27331,2c
16127,js
38292,5d
33003,9s
34522,4c
30493,9c
19982,2s
15412,2h
20558,2d
15886,js
37190,5s
30998,5c
28726,4s
29577,4d
1880,5h
7763,4h
31545,8s
15348,2h
7198,7d
19571,2s
35738,ah
26522,qd
33155,9s
1816,5h
26464,qd
20644,2d
28717,4s
1977,5h
17754,kc
19722,2s
16216,js
27121,2c
30431,9c
11330,10d
25228,3d
24900,3d
17685,kc
33457,9s
30476,9c
35398,ah
14560,3h
37526,6h
25185,3d
14420,3h
13576,kd
1940,5h
13538,kd
3423,7c
9258,ac
13862,kd
32377,8d
18443,10c
22209,qc
20262,2d
26400,qd
32414,8d
34531,4c
206,6d
17439,kc
3464,7c
28657,4s
21962,qc
20402,2d
11545,10d
10709,jc
2452,9h
30249,9c
13203,ks
1791,5h
23763,kh
4500,ad
35362,ah
25802,qs
4621,ad
38578,5d
38651,5d
2470,9h
4118,as
16971,jd
37213,5s
31137,5c
37713,6h
29389,4d
15449,2h
15807,js
22098,qc
30403,9c
7694,4h
7747,4h
28707,4s
13950,kd
27186,2c
3806,as
8379,7s
28227,7h
28203,7h
8557,7s
13927,kd
33961,9d
26772,qd
7181,7d
2294,9h
3041,7c
5000,ad
6857,7d
14453,3h
15820,js
9958,qh
1274,6s
30968,5c
12460,10s
7270,7d
16691,jd
13936,kd
34540,4c
13852,kd
11278,10d
33449,9s
13830,kd
377,6d
27034,2c
17699,kc
25245,3d
31761,8s
25153,3d
15026,2h
4531,ad
38436,5d
32466,8d
18397,10c
30105,9c
32558,8d
25520,qs
37676,6h
36032,8c
23625,kh
38477,5d
38730,5d
12161,10s
38548,5d
30032,9c
1224,6s
21889,qc
24323,3s
25014,3d
3942,as
26511,qd
13106,ks
36280,8c
7527,4h
24822,3d
36948,5s
1112,6s
26489,qd
4533,ad
13103,ks
18926,3c
38670,5d
27226,2c
27223,2c
10720,jc
6330,8h
38315,5d
35606,ah
25213,3d
12333,10s
20743,2d
12930,ks
22750,10h
13121,ks
13039,ks
32525,8d
16969,jd
4723,ad
20255,2d
9196,ac
32409,8d
36856,5s
18070,10c
857,6s
37502,6h
10801,jc
6484,8h
35596,ah
25905,qs
16086,js
7541,4h
20715,2d
15244,2h
27062,2c
22825,10h
6958,7d
10241,qh
35680,ah
27928,7h
30841,5c
10755,jc
9207,ac
16107,js
38608,5d
12263,10s
22580,10h
7103,7d
25537,qs
5686,6c
29723,4d
6228,8h
29657,4d
30499,9c
35516,ah
27921,7h
24808,3d
30029,9c
20267,2d
25004,3d
7666,4h
1517,5h
29454,4d
23417,kh
7012,7d
35420,ah
4257,as
22866,10h
32351,8d
28635,4s
28814,4s
4122,as
21141,jh
34037,9d
36939,5s
36152,8c
14003,kd
25949,qs
18208,10c
36350,8c
31539,8s
6277,8h
2732,9h
8394,7s
26616,qd
31535,8s
23436,kh
22856,10h
34263,9d
38418,5d
1830,5h
3046,7c
6257,8h
25139,3d
12374,10s
33872,9d
24176,3s
34045,9d
29407,4d
5571,6c
15363,2h
3299,7c
17549,kc
2695,9h
28520,4s
22992,10h
12938,ks
14512,3h
12040,10s
30483,9c
14012,kd
34201,9d
25029,3d
35768,ah
2767,9h
3172,7c
21174,jh
18300,10c
24009,3s
10838,jc
5271,6c
4895,ad
28219,7h
14595,3h
5410,6c
21885,qc
31197,5c
3145,7c
4817,ad
18396,10c
31860,8s
6036,8h
21934,qc
474,6d
15944,js
23303,kh
31559,8s
15095,2h
32683,8d
13773,kd
37766,6h
38529,5d
18333,10c
36513,8c
18328,10c
29510,4d
22152,qc
11551,10d
27268,2c
6134,8h
25162,3d
33757,9d
10027,qh
19735,2s
20557,2d
10660,jc
13724,kd
32502,8d
24363,3s
16035,js
22905,10h
29395,4d
36819,5s
18286,10c
14311,3h
20352,2d
30060,9c
6425,8h
12138,10s
21393,jh
33385,9s
13867,kd
24440,3s
13776,kd
32596,8d
18470,10c
24238,3s
26465,qd
13037,ks
38574,5d
14691,3h
4145,as
19852,2s
19822,2s
9014,ac
4113,as
32605,8d
9408,ac
33960,9d
12047,10s
18851,3c
32368,8d
19528,2s
13125,ks
25103,3d
1042,6s
36012,8c
21481,jh
1713,5h
30417,9c
35324,ah
33780,9d
6457,8h
27109,2c
10726,jc
15522,2h
13944,kd
37852,6h
28817,4s
6879,7d
9334,ac
8406,7s
1030,6s
31645,8s
5398,6c
19794,2s
33339,9s
6496,8h
5369,6c
25772,qs
33110,9s
28869,4s
26576,qd
16873,jd
36156,8c
25773,qs
31729,8s
34784,4c
28013,7h
27234,2c
33502,9s
27093,2c
1072,6s
20390,2d
18894,3c
26753,qd
3382,7c
35310,ah
31194,5c
10769,jc
2585,9h
27838,7h
26698,qd
23536,kh
32253,8d
2587,9h
17712,kc
16040,js
22792,10h
31037,5c
25594,qs
14285,3h
13023,ks
9008,ac
1837,5h
15825,js
17615,kc
4836,ad
27120,2c
17715,kc
35694,ah
7984,4h
21756,qc
47,6d
11742,10d
37856,6h
37555,6h
33425,9s
36847,5s
32731,8d
21867,qc
7978,4h
13974,kd
33352,9s
13174,ks
36243,8c
14617,3h
13034,ks
33964,9d
23375,kh
32477,8d
25666,qs
2468,9h
26422,qd
25571,qs
10937,jc
17468,kc
34064,9d
20693,2d
18471,10c
6498,8h
173,6d
37112,5s
37129,5s
8311,7s
38640,5d
24831,3d
4532,ad
2329,9h
21931,qc
17008,jd
18489,10c
25036,3d
26519,qd
33496,9s
21841,qc
4048,as
8552,7s
25152,3d
20281,2d
16043,js
33971,9d
32772,8d
19737,2s
26487,qd
3840,as
29539,4d
34841,4c
7148,7d
4050,as
18797,3c
7732,4h
33888,9d
33297,9s
4918,ad
20518,2d
36396,8c
26346,qd
13734,kd
6360,8h
23501,kh
23656,kh
19608,2s
12812,ks
2633,9h
13028,ks
27474,2c
9891,qh
34632,4c
16698,jd
29494,4d
15877,js
12874,ks
19710,2s
4540,ad
13062,ks
31719,8s
17729,kc
6903,7d
13987,kd
28167,7h
18842,3c
29587,4d
18339,10c
21418,jh
20583,2d
21262,jh
34539,4c
16073,js
37008,5s
16061,js
4261,as
796,6s
16737,jd
11568,10d
29572,4d
14464,3h
23668,kh
26603,qd
36406,8c
24974,3d
15099,2h
26456,qd
34008,9d
299,6d
15033,2h
26281,qd
8752,7s
6955,7d
20280,2d
28163,7h
4238,as
22128,qc
38287,5d
26377,qd
12409,10s
8721,7s
4213,as
8548,7s
22556,10h
23572,kh
27760,7h
23738,kh
28595,4s
10858,jc
1261,6s
15285,2h
10605,jc
16124,js
20741,2d
17511,kc
4223,as
28075,7h
36785,5s
35282,ah
1073,6s
28620,4s
24504,3s
19857,2s
5386,6c
35494,ah
17485,kc
28862,4s
24963,3d
5273,6c
17740,kc
25825,qs
806,6s
16185,js
779,6s
20532,2d
7091,7d
28876,4s
27955,7h
30524,9c
13698,kd
13127,ks
3457,7c
37244,5s
14528,3h
16689,jd
32336,8d
29761,4d
28135,7h
24960,3d
20691,2d
15083,2h
36778,5s
414,6d
23427,kh
29371,4d
16910,jd
6297,8h
19869,2s
22753,10h
24806,3d
27869,7h
25095,3d
20315,2d
38753,5d
34769,4c
2259,9h
12493,10s
11497,10d
26653,qd
17001,jd
18137,10c
151,6d
6027,8h
9963,qh
24288,3s
4735,ad
17557,kc
31774,8s
15049,2h
7505,4h
21266,jh
28664,4s
9078,ac
7636,4h
16774,jd
29394,4d
15142,2h
34006,9d
7257,7d
35456,ah
11736,10d
32305,8d
19652,2s
18827,3c
34270,9d
1573,5h
26759,qd
26449,qd
24954,3d
27162,2c
1521,5h
37683,6h
33084,9s
18214,10c
29350,4d
17538,kc
7067,7d
24339,3s
5012,ad
9228,ac
36108,8c
37913,6h
29355,4d
30895,5c
4604,ad
9809,qh
20275,2d
15419,2h
8478,7s
19732,2s
8651,7s
35539,ah
10787,jc
4501,ad
37964,6h
15927,js
34041,9d
6461,8h
28686,4s
21830,qc
16261,js
28935,4s
15248,2h
7942,4h
31030,5c
33399,9s
32709,8d
31763,8s
30140,9c
33070,9s
31215,5c
27011,2c
327,6d
31531,8s
33118,9s
4143,as
13709,kd
22924,10h
25231,3d
3889,as
22811,10h
38628,5d
3303,7c
12297,10s
31078,5c
9012,ac
3428,7c
4135,as
4124,as
34546,4c
34088,9d
20344,2d
31965,8s
35276,ah
36372,8c
23716,kh
36163,8c
21490,jh
18837,3c
29484,4d
23320,kh
10777,jc
26605,qd
7120,7d
38767,5d
37774,6h
30975,5c
29472,4d
31578,8s
7918,4h
16888,jd
5556,6c
13504,kd
27916,7h
9452,ac
25177,3d
4043,as
7976,4h
6934,7d
35702,ah
38737,5d
7018,7d
23682,kh
9921,qh
8360,7s
997,6s
12220,10s
146,6d
21013,jh
29347,4d
6348,8h
34547,4c
15984,js
22759,10h
22633,10h
15214,2h
7846,4h
12144,10s
13750,kd
30435,9c
11683,10d
7965,4h
26294,qd
26663,qd
13972,kd
7687,4h
30268,9c
9211,ac
38295,5d
38320,5d
29609,4d
36902,5s
16715,jd
12171,10s
8011,4h
24229,3s
26502,qd
19971,2s
38323,5d
36452,8c
17381,kc
19849,2s
31963,8s
32514,8d
11567,10d
9974,qh
34032,9d
3906,as
26657,qd
28580,4s
19896,2s
32512,8d
25675,qs
33475,9s
8764,7s
17768,kc
19532,2s
34004,9d
757,6s
21153,jh
3434,7c
35271,ah
38482,5d
4255,as
19015,3c
23390,kh
26266,qd
33494,9s
11465,10d
15071,2h
2436,9h
12322,10s
7233,7d
36019,8c
13511,kd
11501,10d
30357,9c
22697,10h
2617,9h
3384,7c
12778,ks
766,6s
4859,ad
27446,2c
13958,kd
815,6s
14250,3h
5021,ad
18847,3c
12515,10s
24505,3s
29386,4d
28255,7h
34670,4c
30443,9c
28067,7h
18098,10c
37734,6h
12828,ks
15353,2h
28669,4s
1798,5h
5601,6c
12169,10s
12753,ks
36750,5s
73,6d
351,6d
35432,ah
6921,7d
2343,9h
14719,3h
16893,jd
19848,2s
7094,7d
13827,kd
8716,7s
28853,4s
36907,5s
22728,10h
35560,ah
3866,as
21040,jh
21377,jh
32353,8d
34676,4c
2346,9h
11677,10d
7722,4h
14278,3h
3020,7c
34847,4c
18445,10c
26618,qd
21389,jh
18777,3c
18082,10c
26402,qd
9061,ac
10274,qh
2558,9h
3828,as
11313,10d
22009,qc
33427,9s
35396,ah
25727,qs
37921,6h
12284,10s
7669,4h
26668,qd
25657,qs
187,6d
16152,js
12383,10s
6939,7d
18144,10c
22550,10h
1592,5h
23532,kh
18428,10c
34043,9d
14011,kd
4910,ad
12341,10s
32338,8d
3348,7c
30129,9c
33135,9s
17000,jd
2490,9h
6491,8h
9272,ac
29285,4d
10571,jc
35331,ah
30326,9c
23702,kh
10637,jc
34040,9d
15036,2h
21145,jh
24779,3d
12189,10s
1225,6s
33477,9s
23356,kh
9763,qh
26282,qd
33162,9s
1647,5h
12905,ks
24141,3s
10595,jc
10808,jc
24034,3s
19661,2s
23550,kh
19140,3c
11383,10d
11613,10d
21779,qc
20253,2d
33454,9s
29754,4d
6244,8h
37804,6h
21355,jh
28584,4s
23452,kh
3216,7c
16787,jd
38665,5d
32328,8d
6085,8h
24158,3s
8022,4h
16244,js
32343,8d
22857,10h
30066,9c
25526,qs
10696,jc
28152,7h
11763,10d
4517,ad
14724,3h
13899,kd
28796,4s
37067,5s
19657,2s
31851,8s
3244,7c
27990,7h
28632,4s
33208,9s
12311,10s
3151,7c
18062,10c
15145,2h
21884,qc
36388,8c
37270,5s
9186,ac
32456,8d
21864,qc
6828,7d
26665,qd
14448,3h
29254,4d
33111,9s
9066,ac
30807,5c
10706,jc
14492,3h
37684,6h
36217,8c
32291,8d
21977,qc
19638,2s
18106,10c
14363,3h
33447,9s
13268,ks
16877,jd
21843,qc
25634,qs
36289,8c
11601,10d
31945,8s
25225,3d
8770,7s
33380,9s
20562,2d
4567,ad
12060,10s
13792,kd
25128,3d
21392,jh
10740,jc
8584,7s
6387,8h
36282,8c
36812,5s
27197,2c
12359,10s
34753,4c
25274,3d
6068,8h
6827,7d
11358,10d
26279,qd
4670,ad
34038,9d
28099,7h
31844,8s
37986,6h
24965,3d
38659,5d
34669,4c
36088,8c
4093,as
24445,3s
6094,8h
10742,jc
10803,jc
6780,7d
13218,ks
30184,9c
15507,2h
10798,jc
1106,6s
37199,5s
20580,2d
26300,qd
24448,3s
33046,9s
28060,7h
29742,4d
2252,9h
6118,8h
17665,kc
22699,10h
3973,as
26614,qd
6429,8h
16110,js
32526,8d
27082,2c
7141,7d
13146,ks
29670,4d
36266,8c
34164,9d
3431,7c
13260,ks
4264,as
25916,qs
30097,9c
36457,8c
36267,8c
10827,jc
29748,4d
10531,jc
32624,8d
10261,qh
30825,5c
35727,ah
24399,3s
3951,as
8259,7s
36246,8c
35372,ah
12799,ks
6962,7d
30447,9c
18499,10c
20582,2d
6911,7d
21474,jh
23402,kh
8755,7s
29507,4d
6225,8h
14618,3h
7833,4h
12365,10s
31646,8s
3815,as
31256,5c
22250,qc
12520,10s
11007,jc
12973,ks
18017,10c
30488,9c
14659,3h
5638,6c
38392,5d
1956,5h
36861,5s
36102,8c
31628,8s
25531,qs
15973,js
12504,10s
26327,qd
27103,2c
30274,9c
22786,10h
28585,4s
38708,5d
23593,kh
37521,6h
19683,2s
21101,jh
20525,2d
14543,3h
34789,4c
36232,8c
22203,qc
11594,10d
19522,2s
28916,4s
35022,4c
19005,3c
22053,qc
18958,3c
30055,9c
21467,jh
13566,kd
31955,8s
12022,10s
14279,3h
27256,2c
24993,3d
3018,7c
27302,2c
5510,6c
17292,kc
10015,qh
22501,10h
31507,8s
25560,qs
16807,jd
3902,as
22194,qc
26748,qd
25005,3d
30092,9c
12247,10s
27811,7h
420,6d
33366,9s
23406,kh
25267,3d
24885,3d
1123,6s
27245,2c
1622,5h
2454,9h
37186,5s
8765,7s
37617,6h
28049,7h
23295,kh
33096,9s
25534,qs
24899,3d
17566,kc
26452,qd
2539,9h
3359,7c
9386,ac
6013,8h
22079,qc
3952,as
21886,qc
6416,8h
26304,qd
8750,7s
30183,9c
20513,2d
32362,8d
6245,8h
2476,9h
19893,2s
15387,2h
29427,4d
33236,9s
4219,as
22722,10h
38453,5d
38577,5d
2003,5h
31687,8s
7117,7d
13212,ks
16598,jd
38016,6h
6288,8h
10082,qh
21766,qc
32263,8d
16724,jd
1004,6s
15455,2h
14358,3h
12242,10s
2422,9h
25239,3d
7863,4h
33954,9d
12969,ks
27823,7h
18092,10c
15034,2h
12004,10s
15288,2h
19712,2s
7608,4h
31023,5c
24775,3d
20714,2d
2267,9h
917,6s
31734,8s
3133,7c
12832,ks
10230,qh
4726,ad
7989,4h
13605,kd
9961,qh
2276,9h
14021,kd
9131,ac
18061,10c
28161,7h
25844,qs
10961,jc
10005,qh
2747,9h
30053,9c
15388,2h
11643,10d
36159,8c
755,6s
13052,ks
34085,9d
32284,8d
37049,5s
18829,3c
6211,8h
18487,10c
28124,7h
13836,kd
17019,jd
20005,2s
16791,jd
5395,6c
12208,10s
10120,qh
31102,5c
9009,ac
8541,7s
22875,10h
23514,kh
24382,3s
27005,2c
19526,2s
34562,4c
2726,9h
28042,7h
38435,5d
29759,4d
35567,ah
12294,10s
31212,5c
35719,ah
26462,qd
37742,6h
36940,5s
16874,jd
12921,ks
9053,ac
872,6s
31516,8s
35717,ah
24869,3d
19581,2s
9875,qh
20444,2d
33283,9s
37534,6h
15969,js
16615,jd
24221,3s
9800,qh
7841,4h
29519,4d
13604,kd
12422,10s
14748,3h
4060,as
1908,5h
1792,5h
26678,qd
18436,10c
4935,ad
3207,7c
12010,10s
21475,jh
26307,qd
22661,10h
9100,ac
22797,10h
29480,4d
33811,9d
33272,9s
27241,2c
30003,9c
36994,5s
24191,3s
927,6s
12273,10s
3990,as
35002,4c
22895,10h
22532,10h
17734,kc
34922,4c
425,6d
26769,qd
38506,5d
31019,5c
12391,10s
16890,jd
36365,8c
4202,as
14527,3h
28554,4s
30840,5c
7862,4h
18268,10c
26692,qd
6992,7d
7110,7d
18965,3c
6949,7d
20659,2d
31876,8s
26379,qd
11455,10d
20658,2d
15450,2h
24050,3s
25098,3d
8586,7s
22755,10h
6972,7d
29601,4d
33061,9s
15958,js
33336,9s
30755,5c
18156,10c
5425,6c
19602,2s
24871,3d
5564,6c
28198,7h
19686,2s
3456,7c
2720,9h
4547,ad
36292,8c
31760,8s
30936,5c
6831,7d
11476,10d
34651,4c
2594,9h
30460,9c
38305,5d
9451,ac
12074,10s
28784,4s
15283,2h
35568,ah
33488,9s
6834,7d
28202,7h
4605,ad
21752,qc
20409,2d
28201,7h
35426,ah
35615,ah
6505,8h
29506,4d
13678,kd
7568,4h
38610,5d
23651,kh
29663,4d
15457,2h
462,6d
34229,9d
28688,4s
20554,2d
14630,3h
23676,kh
35286,ah
24804,3d
28241,7h
1162,6s
19196,3c
10518,jc
38614,5d
25145,3d
35602,ah
35534,ah
7079,7d
11732,10d
12783,ks
23387,kh
15318,2h
6507,8h
10614,jc
22828,10h
32589,8d
16593,jd
20467,2d
16935,jd
22941,10h
35599,ah
4921,ad
825,6s
3197,7c
7768,4h
9043,ac
1527,5h
20438,2d
12798,ks
35413,ah
19191,3c
3407,7c
37820,6h
15418,2h
38524,5d
24918,3d
36190,8c
4253,as
38441,5d
4584,ad
8605,7s
36871,5s
12794,ks
26601,qd
27456,2c
25716,qs
24064,3s
29647,4d
7850,4h
21182,jh
31213,5c
6167,8h
22174,qc
19044,3c
29441,4d
31579,8s
21257,jh
4628,ad
14412,3h
31053,5c
20298,2d
25994,qs
14504,3h
26011,qs
4222,as
6763,7d
33257,9s
36261,8c
19563,2s
15792,js
18805,3c
38644,5d
14703,3h
10825,jc
3406,7c
10663,jc
18498,10c
32460,8d
17614,kc
24013,3s
32382,8d
15424,2h
23614,kh
12326,10s
8730,7s
31695,8s
18312,10c
19762,2s
17356,kc
23278,kh
18765,3c
10185,qh
32498,8d
15385,2h
9778,qh
13231,ks
15954,js
18370,10c
5658,6c
895,6s
34948,4c
14536,3h
34260,9d
36512,8c
14386,3h
31511,8s
18107,10c
18438,10c
20541,2d
11483,10d
916,6s
12149,10s
7921,4h
9416,ac
37920,6h
30187,9c
7159,7d
20433,2d
10213,qh
38632,5d
452,6d
23597,kh
1892,5h
31214,5c
37041,5s
17353,kc
12016,10s
3798,as
10840,jc
26695,qd
33836,9d
20751,2d
5743,6c
17671,kc
26316,qd
36885,5s
30111,9c
13977,kd
18313,10c
2608,9h
21900,qc
31910,8s
31168,5c
13026,ks
15335,2h
1911,5h
20528,2d
35463,ah
5385,6c
25774,qs
27798,7h
36130,8c
9134,ac
22855,10h
15466,2h
7050,7d
28160,7h
4678,ad
27025,2c
14324,3h
1265,6s
7802,4h
2668,9h
19987,2s
6080,8h
26276,qd
38719,5d
34699,4c
33018,9s
24147,3s
11002,jc
7562,4h
9765,qh
17744,kc
20687,2d
30287,9c
10112,qh
29406,4d
10752,jc
25838,qs
6355,8h
21820,qc
34518,4c
28169,7h
21104,jh
15512,2h
21219,jh
18862,3c
32519,8d
25991,qs
21921,qc
2,6d
18923,3c
34707,4c
5289,6c
1180,6s
12420,10s
6941,7d
2751,9h
33823,9d
16176,js
28732,4s
7222,7d
14400,3h
29448,4d
7099,7d
2381,9h
15819,js
25644,qs
891,6s
4543,ad
22548,10h
37726,6h
35547,ah
8709,7s
4133,as
1170,6s
25886,qs
15771,js
23429,kh
34510,4c
11769,10d
5536,6c
14274,3h
957,6s
19883,2s
15221,2h
37166,5s
6271,8h
37616,6h
22059,qc
21881,qc
8644,7s
12985,ks
31795,8s
37608,6h
33121,9s
17686,kc
28648,4s
22051,qc
34273,9d
846,6s
11003,jc
17527,kc
9795,qh
34023,9d
5305,6c
37525,6h
3957,as
36248,8c
33755,9d
6157,8h
5665,6c
35740,ah
32445,8d
31887,8s
31755,8s
17608,kc
21293,jh
1819,5h
37575,6h
24225,3s
19702,2s
24494,3s
10619,jc
16122,js
16643,jd
5717,6c
27871,7h
36810,5s
31971,8s
13955,kd
36228,8c
26398,qd
6129,8h
17584,kc
20308,2d
1558,5h
25227,3d
10252,qh
14548,3h
9977,qh
2479,9h
2661,9h
25827,qs
6040,8h
5611,6c
27392,2c
19995,2s
12943,ks
19959,2s
35638,ah
36936,5s
29271,4d
9115,ac
10651,jc
21908,qc
11365,10d
65,6d
10132,qh
29304,4d
28021,7h
6969,7d
21322,jh
34875,4c
18932,3c
10544,jc
1914,5h
16735,jd
6331,8h
978,6s
22958,10h
14384,3h
37629,6h
6279,8h
26644,qd
36345,8c
20718,2d
28909,4s
5656,6c
5285,6c
19108,3c
13876,kd
10506,jc
15032,2h
6473,8h
6430,8h
28515,4s
25584,qs
21311,jh
31917,8s
6206,8h
38460,5d
20696,2d
30061,9c
27168,2c
2253,9h
9483,ac
14255,3h
27092,2c
30404,9c
16607,jd
18175,10c
8381,7s
13214,ks
28877,4s
5403,6c
470,6d
27425,2c
21936,qc
28587,4s
37002,5s
26505,qd
5478,6c
36227,8c
23549,kh
1510,5h
9767,qh
38761,5d
35601,ah
24254,3s
19807,2s
4947,ad
24325,3s
35537,ah
8518,7s
30472,9c
35277,ah
4870,ad
2572,9h
12481,10s
22848,10h
22617,10h
4924,ad
38756,5d
12300,10s
13861,kd
2269,9h
4598,ad
16885,jd
20383,2d
21198,jh
34216,9d
12402,10s
9834,qh
26555,qd
35757,ah
27480,2c
32347,8d
29268,4d
19590,2s
25638,qs
6230,8h
24469,3s
25808,qs
20642,2d
9209,ac
31884,8s
34564,4c
10516,jc
34106,9d
3871,as
19020,3c
16899,jd
26767,qd
38714,5d
38404,5d
10922,jc
30921,5c
16175,js
1251,6s
17506,kc
32738,8d
9855,qh
22673,10h
2423,9h
20336,2d
37724,6h
6096,8h
2679,9h
3250,7c
6790,7d
23756,kh
18125,10c
3486,7c
36763,5s
23749,kh
16723,jd
12497,10s
17321,kc
12202,10s
33887,9d
5630,6c
14394,3h
7028,7d
29453,4d
12196,10s
18365,10c
17662,kc
14540,3h
18977,3c
27033,2c
5511,6c
24904,3d
23533,kh
15469,2h
9458,ac
33050,9s
20723,2d
33806,9d
6365,8h
25608,qs
7147,7d
27389,2c
22522,10h
2670,9h
5667,6c
7769,4h
3888,as
2260,9h
34532,4c
24756,3d
21882,qc
22212,qc
845,6s
15161,2h
2583,9h
27788,7h
27774,7h
3887,as
26478,qd
6029,8h
8457,7s
11280,10d
25038,3d
8344,7s
11514,10d
1580,5h
27978,7h
31573,8s
15046,2h
28884,4s
2593,9h
9505,ac
196,6d
12427,10s
7262,7d
7816,4h
14665,3h
36214,8c
19080,3c
12945,ks
29363,4d
10669,jc
30989,5c
6910,7d
1666,5h
7054,7d
18383,10c
27963,7h
33384,9s
4737,ad
31849,8s
2560,9h
2770,9h
303,6d
18751,3c
20020,2s
7869,4h
19587,2s
19613,2s
8302,7s
30385,9c
24423,3s
13767,kd
7507,4h
7658,4h
30074,9c
14409,3h
36889,5s
25850,qs
22720,10h
34175,9d
14282,3h
3238,7c
29622,4d
3838,as
9199,ac
21009,jh
19026,3c
28722,4s
1784,5h
32725,8d
21073,jh
7661,4h
33464,9s
21495,jh
10901,jc
16155,js
34663,4c
13728,kd
4695,ad
36869,5s
5298,6c
27519,2c
35698,ah
12998,ks
9874,qh
9254,ac
5378,6c
30244,9c
2545,9h
34255,9d
38619,5d
1779,5h
15117,2h
31228,5c
7178,7d
9039,ac
6326,8h
25620,qs
4225,as
13007,ks
13956,kd
8365,7s
26348,qd
28701,4s
8703,7s
26651,qd
34105,9d
32495,8d
37984,6h
19201,3c
8608,7s
8413,7s
3878,as
7932,4h
7638,4h
31594,8s
33065,9s
33194,9s
37221,5s
1943,5h
29641,4d
15473,2h
4235,as
36335,8c
34526,4c
3080,7c
25852,qs
33934,9d
5680,6c
31712,8s
17639,kc
33430,9s
11392,10d
12823,ks
30026,9c
4574,ad
22266,qc
11259,10d
27244,2c
8515,7s
25220,3d
16517,jd
27778,7h
20453,2d
30500,9c
20348,2d
22035,qc
5447,6c
37831,6h
3759,as
33922,9d
19816,2s
14609,3h
19783,2s
37890,6h
6847,7d
16915,jd
2719,9h
24841,3d
3783,as
29460,4d
36141,8c
11498,10d
6044,8h
8589,7s
7577,4h
22180,qc
6455,8h
29259,4d
22171,qc
21204,jh
7641,4h
15061,2h
20440,2d
32397,8d
32509,8d
30454,9c
3429,7c
481,6d
30248,9c
15202,2h
33181,9s
21162,jh
5758,6c
32346,8d
8666,7s
4940,ad
12970,ks
10172,qh
1600,5h
19210,3c
25811,qs
19502,2s
2457,9h
86,6d
19882,2s
36045,8c
2618,9h
21417,jh
13703,kd
36090,8c
905,6s
31581,8s
27863,7h
17543,kc
26403,qd
17590,kc
28248,7h
33991,9d
17250,kc
28917,4s
8451,7s
35529,ah
24032,3s
7674,4h
15515,2h
29255,4d
18153,10c
22539,10h
23271,kh
29699,4d
16788,jd
13954,kd
15873,js
17471,kc
38666,5d
28961,4s
19117,3c
23343,kh
15440,2h
19014,3c
3794,as
1954,5h
1708,5h
4755,ad
27373,2c
3443,7c
10685,jc
6097,8h
34591,4c
14360,3h
37896,6h
36409,8c
35586,ah
6303,8h
36427,8c
29743,4d
28690,4s
24307,3s
20269,2d
29420,4d
1704,5h
24170,3s
26303,qd
38479,5d
32416,8d
3807,as
8263,7s
33817,9d
38358,5d
11464,10d
23327,kh
12781,ks
1848,5h
35299,ah
4178,as
24971,3d
26345,qd
21140,jh
8567,7s
14563,3h
25504,qs
26396,qd
18515,10c
15312,2h
10626,jc
19580,2s
28953,4s
5333,6c
19222,3c
7713,4h
27457,2c
28810,4s
38296,5d
36031,8c
204,6d
6198,8h
35629,ah
32307,8d
20623,2d
37787,6h
34595,4c
13019,ks
13654,kd
36251,8c
4846,ad
25159,3d
35431,ah
12163,10s
10233,qh
32335,8d
22231,qc
34954,4c
29280,4d
28967,4s
973,6s
9927,qh
24952,3d
20581,2d
14442,3h
31796,8s
33451,9s
31165,5c
30124,9c
6826,7d
371,6d
26376,qd
36309,8c
12464,10s
13575,kd
30941,5c
1565,5h
12433,10s
6173,8h
38256,5d
13829,kd
379,6d
7232,7d
13054,ks
16962,jd
21764,qc
1636,5h
28236,7h
9141,ac
15231,2h
38023,6h
23751,kh
20011,2s
37740,6h
31126,5c
3397,7c
16252,js
4116,as
16596,jd
34583,4c
18409,10c
14493,3h
28888,4s
37506,6h
12157,10s
24074,3s
20758,2d
18066,10c
25855,qs
25900,qs
16697,jd
12214,10s
14479,3h
36117,8c
36144,8c
6309,8h
13223,ks
35468,ah
26662,qd
28598,4s
37099,5s
31631,8s
19963,2s
28868,4s
36424,8c
19724,2s
27355,2c
26738,qd
12491,10s
9090,ac
30808,5c
23254,kh
4747,ad
29425,4d
23308,kh
33484,9s
36496,8c
22255,qc
10779,jc
8017,4h
25524,qs
15800,js
26658,qd
6495,8h
26550,qd
24104,3s
15986,js
276,6d
2396,9h
20635,2d
10807,jc
13515,kd
3481,7c
27212,2c
22037,qc
23657,kh
30361,9c
31549,8s
24920,3d
16660,jd
32370,8d
16032,js
35510,ah
37721,6h
3032,7c
33094,9s
20553,2d
12916,ks
30261,9c
15240,2h
10081,qh
14301,3h
11429,10d
33248,9s
31758,8s
12482,10s
6235,8h
21771,qc
16270,js
29501,4d
32451,8d
33495,9s
24115,3s
23263,kh
5703,6c
25632,qs
24360,3s
12011,10s
12205,10s
29527,4d
24478,3s
13164,ks
10986,jc
21950,qc
11283,10d
21011,jh
30347,9c
36947,5s
21165,jh
36524,8c
3801,as
30892,5c
5549,6c
36464,8c
30170,9c
35000,4c
36215,8c
30008,9c
29326,4d
29671,4d
16838,jd
19176,3c
9394,ac
21480,jh
56,6d
34156,9d
4244,as
27947,7h
19725,2s
30218,9c
12098,10s
33463,9s
20529,2d
33001,9s
34641,4c
3781,as
6443,8h
22827,10h
11399,10d
25613,qs
322,6d
12856,ks
22097,qc
3042,7c
18512,10c
22751,10h
34673,4c
18871,3c
25269,3d
28745,4s
12861,ks
4518,ad
30497,9c
23673,kh
35263,ah
25569,qs
5260,6c
18113,10c
30179,9c
22020,qc
7692,4h
12821,ks
34896,4c
9231,ac
9522,ac
18449,10c
34955,4c
16771,jd
10240,qh
17512,kc
2725,9h
30790,5c
15209,2h
27884,7h
28530,4s
37924,6h
13107,ks
25968,qs
4945,ad
22202,qc
21206,jh
31745,8s
32522,8d
34940,4c
19535,2s
105,6d
9354,ac
17395,kc
29562,4d
24996,3d
11489,10d
6963,7d
22519,10h
4130,as
20476,2d
8670,7s
19546,2s
10500,jc
7258,7d
3130,7c
1864,5h
4659,ad
6,6d
26404,qd
18872,3c
3235,7c
13265,ks
35272,ah
34822,4c
7898,4h
31708,8s
31654,8s
30182,9c
3480,7c
35384,ah
31981,8s
34634,4c
10229,qh
8289,7s
368,6d
25789,qs
17690,kc
36868,5s
26410,qd
21155,jh
7601,4h
9886,qh
4749,ad
17280,kc
19019,3c
7253,7d
9311,ac
28772,4s
30519,9c
9857,qh
5652,6c
36136,8c
386,6d
4564,ad
13636,kd
228,6d
31221,5c
12962,ks
18380,10c
9146,ac
12971,ks
3442,7c
22625,10h
16154,js
30521,9c
9515,ac
14632,3h
10563,jc
30211,9c
31938,8s
31274,5c
14546,3h
1757,5h
70,6d
28213,7h
35439,ah
27967,7h
9071,ac
22686,10h
33057,9s
5400,6c
24862,3d
24011,3s
16230,js
10908,jc
32348,8d
7607,4h
22693,10h
15467,2h
6123,8h
38393,5d
8305,7s
9347,ac
37816,6h
21136,jh
22092,qc
36901,5s
26363,qd
23358,kh
24482,3s
23365,kh
6511,8h
4231,as
27979,7h
35570,ah
35645,ah
5421,6c
36162,8c
4,6d
19760,2s
1734,5h
13543,kd
15007,2h
23022,10h
33800,9d
1930,5h
11751,10d
13190,ks
5433,6c
37836,6h
21309,jh
12308,10s
25105,3d
22541,10h
14674,3h
35474,ah
15769,js
25155,3d
25729,qs
3364,7c
26509,qd
10125,qh
7750,4h
25951,qs
18190,10c
20450,2d
21060,jh
9168,ac
21354,jh
14680,3h
4144,as
24292,3s
14572,3h
1984,5h
14009,kd
6162,8h
10888,jc
16937,jd
16994,jd
5,6d
16845,jd
18364,10c
28743,4s
13903,kd
26615,qd
28126,7h
26453,qd
6864,7d
27118,2c
5003,ad
5393,6c
3300,7c
25609,qs
31857,8s
37256,5s
21208,jh
15219,2h
28546,4s
25819,qs
5640,6c
8610,7s
21163,jh
27805,7h
6383,8h
20334,2d
14488,3h
207,6d
3819,as
15352,2h
13183,ks
21132,jh
12448,10s
4627,ad
31590,8s
913,6s
23495,kh
14426,3h
22867,10h
25702,qs
12075,10s
3149,7c
22700,10h
25992,qs
8292,7s
13180,ks
22607,10h
34693,4c
29733,4d
29384,4d
3191,7c
15851,js
1061,6s
36829,5s
1755,5h
25033,3d
1033,6s
12949,ks
30882,5c
6502,8h
1774,5h
17617,kc
12046,10s
35471,ah
7987,4h
27412,2c
13757,kd
16780,jd
25745,qs
3436,7c
4683,ad
6072,8h
18202,10c
24111,3s
7910,4h
8583,7s
22046,qc
1922,5h
5502,6c
27779,7h
9978,qh
8265,7s
37915,6h
823,6s
24138,3s
9116,ac
27280,2c
31930,8s
19785,2s
1174,6s
12432,10s
33807,9d
14287,3h
14605,3h
33291,9s
2733,9h
27358,2c
34249,9d
27239,2c
3932,as
17652,kc
31561,8s
16077,js
28797,4s
12769,ks
19534,2s
69,6d
16630,jd
26661,qd
839,6s
21457,jh
33126,9s
8677,7s
9956,qh
29490,4d
37034,5s
20448,2d
34863,4c
18980,3c
21234,jh
11655,10d
2531,9h
33170,9s
2426,9h
24239,3s
29525,4d
11690,10d
13040,ks
34134,9d
7748,4h
30868,5c
16640,jd
9453,ac
17711,kc
3808,as
4892,ad
7749,4h
4815,ad
30369,9c
36148,8c
7153,7d
3085,7c
9261,ac
28026,7h
1753,5h
36813,5s
31146,5c
29418,4d
36428,8c
18141,10c
20285,2d
25750,qs
8614,7s
4177,as
27505,2c
22666,10h
24089,3s
11495,10d
35387,ah
13071,ks
16140,js
18369,10c
33067,9s
15213,2h
38650,5d
26750,qd
13159,ks
15182,2h
30239,9c
26564,qd
30423,9c
33147,9s
19778,2s
10127,qh
18520,10c
11682,10d
3039,7c
32000,8s
10228,qh
17432,kc
5644,6c
16089,js
29020,4s
963,6s
35613,ah
12751,ks
8409,7s
33873,9d
13873,kd
7021,7d
8472,7s
11357,10d
10935,jc
10674,jc
14640,3h
15435,2h
14519,3h
8601,7s
21356,jh
29445,4d
26315,qd
12372,10s
6184,8h
22582,10h
37671,6h
11452,10d
18321,10c
517,6d
30205,9c
12833,ks
16606,jd
27264,2c
7938,4h
8003,4h
29686,4d
22002,qc
20388,2d
22229,qc
23467,kh
13263,ks
38509,5d
1194,6s
38617,5d
13841,kd
27877,7h
6948,7d
18753,3c
7264,7d
16961,jd
18461,10c
15988,js
16529,jd
4766,ad
11600,10d
30310,9c
12221,10s
13089,ks
13813,kd
489,6d
17265,kc
22213,qc
6055,8h
26386,qd
958,6s
1986,5h
24206,3s
25070,3d
25123,3d
30133,9c
8738,7s
21933,qc
3315,7c
9932,qh
33403,9s
21520,jh
33230,9s
33957,9d
30198,9c
25521,qs
28053,7h
16959,jd
25768,qs
35626,ah
7558,4h
8420,7s
24898,3d
36157,8c
20465,2d
25580,qs
36821,5s
31659,8s
35703,ah
23736,kh
139,6d
10839,jc
19035,3c
408,6d
16083,js
3003,7c
33115,9s
19085,3c
30973,5c
23568,kh
13872,kd
18836,3c
10956,jc
36422,8c
17272,kc
28825,4s
3476,7c
140,6d
22042,qc
5515,6c
32279,8d
26714,qd
30131,9c
4602,ad
21171,jh
37511,6h
6117,8h
28981,4s
29433,4d
31159,5c
15884,js
17373,kc
5439,6c
22511,10h
12078,10s
31814,8s
13132,ks
6336,8h
25518,qs
20503,2d
31022,5c
9233,ac
2383,9h
34765,4c
273,6d
28215,7h
11691,10d
31045,5c
9988,qh
10865,jc
16585,jd
15239,2h
10539,jc
1763,5h
29410,4d
14364,3h
27915,7h
4067,as
9375,ac
28247,7h
27415,2c
12206,10s
14733,3h
37161,5s
23654,kh
2472,9h
27225,2c
19157,3c
38271,5d
22572,10h
16677,jd
15035,2h
28517,4s
24940,3d
22069,qc
33266,9s
10086,qh
36338,8c
11612,10d
17276,kc
12316,10s
6200,8h
7646,4h
30824,5c
29335,4d
27027,2c
2418,9h
16112,js
31989,8s
15783,js
14648,3h
34695,4c
34609,4c
18825,3c
1716,5h
798,6s
15133,2h
37501,6h
10216,qh
26552,qd
5701,6c
38440,5d
992,6s
29535,4d
28018,7h
21877,qc
6147,8h
19051,3c
37628,6h
14643,3h
33304,9s
11541,10d
16986,jd
5689,6c
17679,kc
29712,4d
14716,3h
15176,2h
12162,10s
27931,7h
33769,9d
942,6s
6016,8h
6290,8h
16518,jd
9865,qh
21127,jh
4669,ad
4803,ad
27836,7h
12257,10s
36473,8c
10508,jc
6047,8h
31872,8s
10549,jc
14507,3h
18865,3c
11770,10d
8315,7s
11539,10d
7696,4h
21751,qc
20766,2d
13665,kd
21945,qc
15928,js
22547,10h
6061,8h
25673,qs
15881,js
18404,10c
27790,7h
22904,10h
38747,5d
31810,8s
22237,qc
6929,7d
27462,2c
26650,qd
30518,9c
4787,ad
20460,2d
28574,4s
37052,5s
4263,as
35266,ah
31808,8s
13153,ks
16058,js
27145,2c
5321,6c
37932,6h
21286,jh
17023,jd
4807,ad
37549,6h
6060,8h
3408,7c
17636,kc
37716,6h
29740,4d
11262,10d
33999,9d
23404,kh
4042,as
21996,qc
15290,2h
1555,5h
27485,2c
12510,10s
24155,3s
27475,2c
10860,jc
14672,3h
9808,qh
37634,6h
35382,ah
29307,4d
31591,8s
17596,kc
3006,7c
34733,4c
5734,6c
19637,2s
32730,8d
826,6s
30134,9c
27765,7h
9402,ac
3421,7c
20364,2d
30486,9c
23565,kh
37887,6h
9427,ac
36195,8c
25803,qs
32464,8d
7057,7d
29528,4d
36211,8c
4611,ad
45,6d
11668,10d
30365,9c
20537,2d
35572,ah
25921,qs
38542,5d
68,6d
13712,kd
38005,6h
37130,5s
14286,3h
2669,9h
5005,ad
14480,3h
22920,10h
36840,5s
9117,ac
34055,9d
15985,js
35672,ah
29632,4d
35323,ah
6351,8h
9446,ac
3495,7c
1585,5h
9175,ac
25579,qs
21071,jh
16128,js
11672,10d
20301,2d
18039,10c
4868,ad
27055,2c
33822,9d
33444,9s
18504,10c
26024,qs
920,6s
3013,7c
8276,7s
25016,3d
23260,kh
11590,10d
31726,8s
37659,6h
25539,qs
2405,9h
13128,ks
38282,5d
17598,kc
24400,3s
24300,3s
23479,kh
14585,3h
6876,7d
18839,3c
21169,jh
27228,2c
38572,5d
4254,as
32528,8d
30328,9c
9088,ac
19064,3c
17273,kc
3369,7c
15959,js
37542,6h
34802,4c
28092,7h
22917,10h
9065,ac
21759,qc
5307,6c
34188,9d
26368,qd
17387,kc
1038,6s
34508,4c
30501,9c
22132,qc
16756,jd
36870,5s
22879,10h
25962,qs
13239,ks
16713,jd
37146,5s
19075,3c
23646,kh
16798,jd
5728,6c
16912,jd
13577,kd
31509,8s
5459,6c
1239,6s
21082,jh
22774,10h
1572,5h
17406,kc
19603,2s
5465,6c
16871,jd
21046,jh
28577,4s
15028,2h
35668,ah
11348,10d
30386,9c
11528,10d
38312,5d
21786,qc
26724,qd
25888,qs
32444,8d
35253,ah
5684,6c
24782,3d
18858,3c
25906,qs
6276,8h
19516,2s
12151,10s
7905,4h
36389,8c
17718,kc
30832,5c
27935,7h
25202,3d
14333,3h
2360,9h
773,6s
26608,qd
15857,js
6104,8h
10175,qh
26253,qd
14517,3h
13785,kd
18934,3c
21868,qc
6063,8h
26531,qd
16966,jd
4095,as
4613,ad
7025,7d
27975,7h
28630,4s
1075,6s
27036,2c
17758,kc
3280,7c
29388,4d
11417,10d
25266,3d
27090,2c
3333,7c
17518,kc
16953,jd
33759,9d
25529,qs
2589,9h
18947,3c
34969,4c
7076,7d
15014,2h
1616,5h
33098,9s
37265,5s
27337,2c
33014,9s
28834,4s
27047,2c
23515,kh
1617,5h
34730,4c
22043,qc
4933,ad
31130,5c
23564,kh
8580,7s
5337,6c
3267,7c
37059,5s
15764,js
5519,6c
1053,6s
7948,4h
18142,10c
35352,ah
6302,8h
25196,3d
11393,10d
16266,js
1050,6s
9841,qh
23574,kh
36222,8c
18952,3c
9044,ac
29694,4d
36039,8c
30272,9c
18463,10c
36004,8c
15482,2h
21067,jh
9964,qh
1603,5h
33267,9s
4037,as
19216,3c
30289,9c
16520,jd
24190,3s
35255,ah
14612,3h
13845,kd
8657,7s
19183,3c
34697,4c
38469,5d
7134,7d
12870,ks
33141,9s
18465,10c
7649,4h
15990,js
10688,jc
17264,kc
1165,6s
23281,kh
2549,9h
16538,jd
28105,7h
29746,4d
18918,3c
28964,4s
29318,4d
6137,8h
28096,7h
12155,10s
26774,qd
14419,3h
34029,9d
3366,7c
25616,qs
33472,9s
14741,3h
29605,4d
22845,10h
20673,2d
13068,ks
2266,9h
27043,2c
4565,ad
30109,9c
26375,qd
4155,as
1852,5h
14549,3h
21,6d
24268,3s
31069,5c
35646,ah
21338,jh
31797,8s
25208,3d
22087,qc
33900,9d
21341,jh
4656,ad
22715,10h
26288,qd
37082,5s
1105,6s
26701,qd
902,6s
27370,2c
29736,4d
13119,ks
381,6d
11565,10d
30038,9c
15067,2h
32499,8d
14588,3h
3867,as
15470,2h
23268,kh
2754,9h
16941,jd
33439,9s
34060,9d
34988,4c
7042,7d
19776,2s
27448,2c
13947,kd
34748,4c
31085,5c
38656,5d
15251,2h
36882,5s
20664,2d
12319,10s
33048,9s
12035,10s
25163,3d
37807,6h
8705,7s
10160,qh
27276,2c
26277,qd
25143,3d
38511,5d
12164,10s
31075,5c
21847,qc
28631,4s
7790,4h
16604,jd
38661,5d
34626,4c
3954,as
13189,ks
24449,3s
36963,5s
5288,6c
31682,8s
13910,kd
32515,8d
4896,ad
29468,4d
6240,8h
32458,8d
24957,3d
24100,3s
10616,jc
24936,3d
22238,qc
10034,qh
37663,6h
25775,qs
17294,kc
23016,10h
11621,10d
33493,9s
26372,qd
12111,10s
22099,qc
31082,5c
7676,4h
14330,3h
1111,6s
33890,9d
7707,4h
14501,3h
33810,9d
34240,9d
2467,9h
36760,5s
9106,ac
33498,9s
34967,4c
15895,js
18905,3c
29653,4d
3302,7c
30839,5c
24836,3d
1264,6s
10273,qh
4647,ad
8008,4h
12406,10s
32326,8d
899,6s
15513,2h
7711,4h
1789,5h
34638,4c
25885,qs
7127,7d
8526,7s
18221,10c
22873,10h
4719,ad
494,6d
404,6d
10849,jc
10519,jc
11579,10d
12100,10s
38444,5d
16944,jd
28572,4s
15314,2h
14683,3h
15377,2h
13244,ks
19605,2s
17286,kc
1902,5h
30760,5c
32740,8d
21233,jh
37756,6h
34577,4c
6931,7d
22643,10h
24848,3d
24833,3d
11368,10d
34271,9d
24438,3s
15181,2h
16076,js
828,6s
7695,4h
1676,5h
24793,3d
7820,4h
25083,3d
752,6s
21241,jh
3872,as
15134,2h
3317,7c
18996,3c
30775,5c
14339,3h
3472,7c
30046,9c
23601,kh
6759,7d
25865,qs
23385,kh
6413,8h
7683,4h
33132,9s
28991,4s
35773,ah
3474,7c
14633,3h
15179,2h
18979,3c
33035,9s
37251,5s
376,6d
19202,3c
24892,3d
37572,6h
37597,6h
7767,4h
25540,qs
10536,jc
4733,ad
5346,6c
23608,kh
10917,jc
31644,8s
31615,8s
22919,10h
37985,6h
16131,js
13182,ks
36501,8c
10820,jc
16123,js
21956,qc
31779,8s
39,6d
11355,10d
19260,3c
12463,10s
32563,8d
393,6d
6112,8h
13622,kd
31707,8s
30465,9c
26696,qd
36462,8c
33858,9d
4106,as
18344,10c
18158,10c
15856,js
31521,8s
14423,3h
25627,qs
8683,7s
10735,jc
13014,ks
37943,6h
5632,6c
35326,ah
18354,10c
7247,7d
21276,jh
26664,qd
11301,10d
37818,6h
5606,6c
24754,3d
14439,3h
3160,7c
14377,3h
5570,6c
24924,3d
28798,4s
12043,10s
27782,7h
30082,9c
27458,2c
1873,5h
25031,3d
2630,9h
8517,7s
25599,qs
12062,10s
5408,6c
1850,5h
5474,6c
34809,4c
13571,kd
1859,5h
16240,js
23627,kh
6797,7d
36823,5s
25178,3d
30025,9c
10810,jc
3797,as
20660,2d
37257,5s
21108,jh
9935,qh
23731,kh
7668,4h
24157,3s
29719,4d
22537,10h
15155,2h
8425,7s
3785,as
30762,5c
9403,ac
11328,10d
22525,10h
17610,kc
31912,8s
7880,4h
21853,qc
17696,kc
34524,4c
17483,kc
36244,8c
18422,10c
24842,3d
25161,3d
7553,4h
7705,4h
19685,2s
27413,2c
34855,4c
14539,3h
30126,9c
17765,kc
27123,2c
19888,2s
9003,ac
30186,9c
3419,7c
28968,4s
29722,4d
6299,8h
20008,2s
7551,4h
21367,jh
22658,10h
29337,4d
28921,4s
15918,js
21772,qc
13941,kd
14469,3h
3492,7c
11474,10d
1059,6s
33510,9s
29585,4d
9497,ac
14356,3h
21167,jh
27152,2c
36091,8c
6859,7d
97,6d
24361,3s
13073,ks
17510,kc
29619,4d
9362,ac
18900,3c
6520,8h
35388,ah
27777,7h
2684,9h
3415,7c
34951,4c
23475,kh
20454,2d
12883,ks
32737,8d
2359,9h
26459,qd
30275,9c
24421,3s
378,6d
3769,as
9127,ac
10542,jc
32537,8d
9908,qh
4529,ad
19616,2s
8587,7s
1768,5h
24984,3d
21203,jh
16267,js
13695,kd
20545,2d
27334,2c
27363,2c
2392,9h
34185,9d
37212,5s
9103,ac
18376,10c
1777,5h
10579,jc
780,6s
9759,qh
14718,3h
3930,as
24324,3s
8308,7s
1741,5h
23636,kh
36850,5s
16722,jd
8386,7s
3790,as
7652,4h
2548,9h
28795,4s
10990,jc
16749,jd
16094,js
7084,7d
32583,8d
11447,10d
20697,2d
31504,8s
15325,2h
1991,5h
28879,4s
13905,kd
10155,qh
28272,7h
32660,8d
9148,ac
9023,ac
3177,7c
9487,ac
1230,6s
19561,2s
30087,9c
12304,10s
33198,9s
36752,5s
18348,10c
31836,8s
25582,qs
23410,kh
36322,8c
35473,ah
10608,jc
36423,8c
19909,2s
28649,4s
24412,3s
13946,kd
6434,8h
31512,8s
4826,ad
11329,10d
30102,9c
38556,5d
31187,5c
23441,kh
30995,5c
20706,2d
5517,6c
32768,8d
18781,3c
19136,3c
7834,4h
1171,6s
25984,qs
8449,7s
33984,9d
13024,ks
4811,ad
35004,4c
9195,ac
35643,ah
22758,10h
23685,kh
25151,3d
25771,qs
18115,10c
17724,kc
28516,4s
25024,3d
37071,5s
16977,jd
25763,qs
8542,7s
8636,7s
21795,qc
33022,9s
6318,8h
23579,kh
4964,ad
10905,jc
25936,qs
22973,10h
27326,2c
5453,6c
16684,jd
28949,4s
940,6s
18793,3c
4199,as
32427,8d
20573,2d
2638,9h
20021,2s
8340,7s
29600,4d
32365,8d
12167,10s
24509,3s
38470,5d
34173,9d
8294,7s
23363,kh
11015,jc
30827,5c
6256,8h
1138,6s
15011,2h
5579,6c
238,6d
20607,2d
36205,8c
7814,4h
15390,2h
24270,3s
25826,qs
33469,9s
12963,ks
27240,2c
34044,9d
10996,jc
21917,qc
35455,ah
11684,10d
23332,kh
12523,10s
35017,4c
3082,7c
27432,2c
32298,8d
27751,7h
35275,ah
36271,8c
11350,10d
11416,10d
27828,7h
10088,qh
17707,kc
10550,jc
14594,3h
24500,3s
6218,8h
6493,8h
30815,5c
32431,8d
25191,3d
11771,10d
38492,5d
24508,3s
37706,6h
23274,kh
9155,ac
35733,ah
27189,2c
36092,8c
35686,ah
30057,9c
37068,5s
24464,3s
30047,9c
38501,5d
9107,ac
28951,4s
28906,4s
3156,7c
29616,4d
2486,9h
27787,7h
9931,qh
25714,qs
25686,qs
12260,10s
35437,ah
22590,10h
20302,2d
37880,6h
28603,4s
21521,jh
18421,10c
8462,7s
27420,2c
33410,9s
24127,3s
25762,qs
25707,qs
11325,10d
19889,2s
30451,9c
33220,9s
22791,10h
34828,4c
30412,9c
1069,6s
33341,9s
10153,qh
7876,4h
17378,kc
19964,2s
29273,4d
4559,ad
24318,3s
20707,2d
14627,3h
19713,2s
18272,10c
29467,4d
30408,9c
27273,2c
31200,5c
26537,qd
31190,5c
31639,8s
29461,4d
7066,7d
30072,9c
10879,jc
36049,8c
25794,qs
21875,qc
22531,10h
31934,8s
33183,9s
38319,5d
13578,kd
36378,8c
12847,ks
31756,8s
32492,8d
27224,2c
3275,7c
13615,kd
33083,9s
11540,10d
12286,10s
444,6d
25592,qs
31650,8s
30880,5c
9501,ac
6887,7d
6050,8h
22614,10h
15259,2h
25656,qs
18192,10c
18288,10c
30402,9c
27322,2c
37248,5s
30806,5c
3118,7c
14739,3h
34868,4c
9089,ac
36027,8c
30515,9c
28186,7h
18452,10c
37234,5s
9471,ac
34965,4c
9279,ac
10743,jc
16853,jd
31519,8s
23577,kh
30323,9c
14670,3h
4879,ad
10693,jc
274,6d
9776,qh
28569,4s
10257,qh
37156,5s
30986,5c
9356,ac
31937,8s
3946,as
26492,qd
4038,as
2742,9h
6266,8h
32490,8d
13220,ks
22886,10h
14697,3h
9300,ac
5365,6c
27383,2c
31605,8s
38268,5d
29517,4d
35461,ah
21507,jh
36392,8c
27164,2c
15297,2h
27807,7h
5463,6c
16686,jd
8550,7s
37592,6h
37567,6h
37563,6h
17394,kc
5608,6c
2465,9h
19656,2s
24877,3d
21118,jh
36802,5s
17577,kc
8571,7s
506,6d
11756,10d
1730,5h
11647,10d
1518,5h
37764,6h
15437,2h
9965,qh
28610,4s
13949,kd
35565,ah
11670,10d
6843,7d
9033,ac
4006,as
14686,3h
458,6d
20339,2d
16664,jd
24371,3s
20410,2d
24242,3s
24395,3s
9367,ac
11746,10d
36194,8c
33801,9d
90,6d
10180,qh
26560,qd
2514,9h
28774,4s
27394,2c
805,6s
37078,5s
24000,3s
32627,8d
17508,kc
31095,5c
37516,6h
18908,3c
18453,10c
25816,qs
10042,qh
14465,3h
15250,2h
16103,js
30345,9c
4262,as
2362,9h
4653,ad
19074,3c
22149,qc
301,6d
9002,ac
325,6d
32594,8d
17326,kc
12048,10s
38741,5d
36479,8c
32547,8d
19058,3c
22252,qc
31593,8s
28217,7h
12347,10s
26667,qd
8665,7s
12287,10s
7080,7d
23250,kh
11408,10d
37566,6h
34852,4c
18400,10c
865,6s
17015,jd
161,6d
37791,6h
31818,8s
11492,10d
20593,2d
13720,kd
14645,3h
23000,10h
21907,qc
3447,7c
1090,6s
1113,6s
10653,jc
24475,3s
7777,4h
31904,8s
30513,9c
3910,as
15801,js
3215,7c
8448,7s
33514,9s
36079,8c
14554,3h
9449,ac
38463,5d
27021,2c
34619,4c
3949,as
25000,3d
37028,5s
12495,10s
28187,7h
16047,js
23679,kh
17547,kc
11707,10d
912,6s
363,6d
13593,kd
14281,3h
34596,4c
21272,jh
23509,kh
36111,8c
8507,7s
14753,3h
23768,kh
14496,3h
30965,5c
19999,2s
22012,qc
20611,2d
24222,3s
35296,ah
4673,ad
37229,5s
7856,4h
21925,qc
24493,3s
16848,jd
29503,4d
1197,6s
1693,5h
25730,qs
17442,kc
37635,6h
31555,8s
11499,10d
6770,7d
2748,9h
21440,jh
36393,8c
13817,kd
12067,10s
10714,jc
24140,3s
26530,qd
30110,9c
33303,9s
5694,6c
3912,as
27959,7h
22814,10h
35262,ah
21034,jh
32534,8d
6378,8h
1785,5h
38530,5d
27299,2c
15498,2h
36139,8c
38251,5d
18374,10c
13887,kd
5424,6c
36253,8c
253,6d
37535,6h
1825,5h
28971,4s
33328,9s
1965,5h
9919,qh
32510,8d
32621,8d
22536,10h
2698,9h
17604,kc
34194,9d
24953,3d
818,6s
29006,4s
8681,7s
37145,5s
1881,5h
9410,ac
37696,6h
31835,8s
34027,9d
5619,6c
15235,2h
37793,6h
31101,5c
27105,2c
13568,kd
38352,5d
22005,qc
9817,qh
18840,3c
16190,js
29423,4d
35457,ah
7739,4h
22859,10h
30332,9c
23287,kh
6974,7d
21967,qc
30235,9c
28543,4s
6233,8h
3937,as
24042,3s
28800,4s
28195,7h
9903,qh
20619,2d
9463,ac
8275,7s
30410,9c
785,6s
33189,9s
16013,js
24947,3d
1996,5h
2640,9h
9941,qh
36911,5s
21789,qc
8558,7s
9454,ac
31609,8s
31632,8s
24860,3d
27498,2c
26313,qd
1941,5h
7256,7d
33241,9s
24446,3s
14474,3h
7699,4h
12954,ks
25045,3d
25612,qs
36110,8c
21350,jh
23464,kh
30926,5c
33756,9d
26711,qd
35619,ah
15168,2h
436,6d
13993,kd
19800,2s
32355,8d
36934,5s
16549,jd
5578,6c
33448,9s
33313,9s
14590,3h
33116,9s
3140,7c
7217,7d
27872,7h
6985,7d
7118,7d
8617,7s
10770,jc
29667,4d
9113,ac
21277,jh
16618,jd
29651,4d
13517,kd
26518,qd
14284,3h
35696,ah
3465,7c
28794,4s
34079,9d
38405,5d
810,6s
11692,10d
30781,5c
27311,2c
19025,3c
30090,9c
14273,3h
11020,jc
16217,js
17446,kc
21993,qc
6064,8h
32373,8d
6472,8h
28052,7h
24347,3s
29610,4d
38421,5d
38629,5d
32252,8d
948,6s
37144,5s
12237,10s
1879,5h
2654,9h
25019,3d
33164,9s
33832,9d
3320,7c
25856,qs
13096,ks
33846,9d
29411,4d
19007,3c
21195,jh
18478,10c
28266,7h
4600,ad
326,6d
34504,4c
312,6d
9409,ac
36040,8c
10133,qh
23769,kh
9201,ac
27170,2c
21903,qc
1232,6s
23301,kh
25853,qs
22636,10h
13943,kd
8272,7s
996,6s
23306,kh
27341,2c
18816,3c
28269,7h
4783,ad
26534,qd
4514,ad
25183,3d
17433,kc
36342,8c
8283,7s
22045,qc
37122,5s
19089,3c
11366,10d
37938,6h
2352,9h
27309,2c
11270,10d
14392,3h
13672,kd
23629,kh
15386,2h
33778,9d
9782,qh
22592,10h
23735,kh
34243,9d
2774,9h
38480,5d
19887,2s
26739,qd
9252,ac
1538,5h
13148,ks
12408,10s
8660,7s
28845,4s
25591,qs
21973,qc
9149,ac
14264,3h
5672,6c
21291,jh
6353,8h
28270,7h
37892,6h
13520,kd
31040,5c
17695,kc
10154,qh
18455,10c
26623,qd
9489,ac
33428,9s
15021,2h
14692,3h
12459,10s
36264,8c
8652,7s
2296,9h
22729,10h
10075,qh
37789,6h
33314,9s
30765,5c
16991,jd
27501,2c
54,6d
27986,7h
9221,ac
298,6d
2694,9h
33044,9s
6160,8h
12188,10s
4997,ad
13854,kd
13030,ks
3123,7c
16573,jd
3193,7c
25610,qs
3448,7c
14576,3h
22937,10h
28121,7h
12172,10s
4644,ad
14362,3h
30958,5c
36854,5s
21030,jh
31153,5c
20316,2d
28658,4s
27266,2c
10910,jc
6204,8h
30331,9c
23667,kh
28141,7h
28024,7h
22669,10h
23548,kh
5642,6c
34587,4c
22121,qc
17769,kc
34882,4c
418,6d
12816,ks
14772,3h
23561,kh
37934,6h
26617,qd
33109,9s
6442,8h
2308,9h
38561,5d
31015,5c
17289,kc
29526,4d
14514,3h
33227,9s
31077,5c
18417,10c
4544,ad
28019,7h
18342,10c
9269,ac
28559,4s
9076,ac
17438,kc
34959,4c
27490,2c
6991,7d
26646,qd
477,6d
25765,qs
13104,ks
6052,8h
37871,6h
19540,2s
4905,ad
34843,4c
27319,2c
5347,6c
16851,jd
30266,9c
4520,ad
12968,ks
10556,jc
9871,qh
16754,jd
12282,10s
20769,2d
14258,3h
32292,8d
37681,6h
33063,9s
32378,8d
5435,6c
25501,qs
29752,4d
28084,7h
32601,8d
30453,9c
10547,jc
15518,2h
7567,4h
33218,9s
25646,qs
24249,3s
10147,qh
1667,5h
18907,3c
19936,2s
26771,qd
35622,ah
15872,js
30864,5c
12436,10s
14405,3h
1551,5h
13896,kd
4108,as
6033,8h
1501,5h
951,6s
1097,6s
16108,js
19560,2s
9993,qh
35573,ah
34665,4c
29512,4d
20411,2d
37693,6h
15504,2h
6196,8h
13109,ks
36476,8c
32267,8d
30896,5c
18093,10c
25022,3d
13753,kd
914,6s
33772,9d
36220,8c
34664,4c
38527,5d
23324,kh
14277,3h
17360,kc
21227,jh
24408,3s
37137,5s
21516,jh
10809,jc
17548,kc
31001,5c
26474,qd
32757,8d
28130,7h
24014,3s
37928,6h
33791,9d
22090,qc
15056,2h
134,6d
11663,10d
28788,4s
32571,8d
18775,3c
11410,10d
9132,ac
15818,js
16902,jd
315,6d
5290,6c
10591,jc
2711,9h
20356,2d
31714,8s
12519,10s
36263,8c
33156,9s
12180,10s
11550,10d
8569,7s
33243,9s
24003,3s
33461,9s
13519,kd
5745,6c
33856,9d
30280,9c
19237,3c
6476,8h
37900,6h
28036,7h
3025,7c
18976,3c
3284,7c
26321,qd
29265,4d
1150,6s
33927,9d
12250,10s
14616,3h
24377,3s
24830,3d
2652,9h
2344,9h
18794,3c
21855,qc
1620,5h
5529,6c
13072,ks
28650,4s
13151,ks
33784,9d
27873,7h
18774,3c
33031,9s
4527,ad
36456,8c
29015,4s
1155,6s
9850,qh
12088,10s
30351,9c
27136,2c
34582,4c
7085,7d
27374,2c
37979,6h
31032,5c
13794,kd
33516,9s
1593,5h
32257,8d
28184,7h
36927,5s
361,6d
21298,jh
30096,9c
37546,6h
30207,9c
34579,4c
34178,9d
37604,6h
26642,qd
21361,jh
15243,2h
27015,2c
10058,qh
33943,9d
16956,jd
23503,kh
37636,6h
9806,qh
38357,5d
18386,10c
28970,4s
22944,10h
3899,as
20404,2d
27202,2c
38727,5d
23721,kh
32485,8d
27356,2c
30146,9c
14410,3h
27038,2c
19935,2s
6078,8h
31846,8s
29348,4d
38503,5d
7246,7d
36954,5s
16690,jd
7540,4h
28736,4s
7859,4h
10774,jc
16985,jd
35464,ah
7588,4h
21497,jh
30784,5c
10861,jc
19155,3c
29487,4d
17605,kc
27961,7h
8674,7s
24397,3s
6357,8h
28684,4s
27885,7h
8499,7s
30044,9c
26559,qd
30434,9c
34981,4c
7532,4h
22062,qc
38546,5d
30993,5c
34625,4c
15373,2h
449,6d
5432,6c
13623,kd
3200,7c
32317,8d
25747,qs
6321,8h
4085,as
30374,9c
8728,7s
14646,3h
27379,2c
35737,ah
18788,3c
35657,ah
35689,ah
15121,2h
933,6s
36060,8c
23583,kh
17609,kc
38304,5d
12399,10s
19110,3c
20406,2d
32670,8d
19192,3c
33512,9s
1080,6s
29672,4d
24348,3s
3199,7c
36404,8c
20283,2d
13059,ks
6966,7d
11713,10d
32567,8d
14764,3h
28675,4s
32707,8d
9469,ac
4138,as
21461,jh
2445,9h
28787,4s
20464,2d
23015,10h
35273,ah
10791,jc
1522,5h
22852,10h
34617,4c
36068,8c
31611,8s
32366,8d
33382,9s
26683,qd
3181,7c
25996,qs
17402,kc
21838,qc
26383,qd
17311,kc
16659,jd
13723,kd
17633,kc
22013,qc
5535,6c
2420,9h
29336,4d
32470,8d
8430,7s
12291,10s
22500,10h
32582,8d
15108,2h
21110,jh
31270,5c
24240,3s
1116,6s
6267,8h
23348,kh
23449,kh
28652,4s
1022,6s
36824,5s
61,6d
19611,2s
18346,10c
30972,5c
12496,10s
22101,qc
16725,jd
8476,7s
1865,5h
29575,4d
25546,qs
24353,3s
22188,qc
1709,5h
16039,js
30139,9c
27762,7h
14533,3h
13681,kd
13083,ks
7952,4h
14432,3h
19043,3c
15317,2h
33330,9s
16262,js
26592,qd
33503,9s
28782,4s
21347,jh
25198,3d
4550,ad
38664,5d
16867,jd
15865,js
11493,10d
12218,10s
21017,jh
29674,4d
8434,7s
25076,3d
1202,6s
31956,8s
5698,6c
13631,kd
12779,ks
29669,4d
34627,4c
12118,10s
6226,8h
6127,8h
1700,5h
31068,5c
7502,4h
21371,jh
3959,as
34568,4c
18329,10c
23420,kh
5704,6c
34694,4c
4966,ad
15369,2h
6979,7d
2639,9h
31051,5c
32404,8d
1166,6s
2427,9h
6389,8h
19658,2s
38746,5d
14463,3h
15320,2h
20674,2d
472,6d
33773,9d
10254,qh
7801,4h
26458,qd
8667,7s
3505,7c
26677,qd
36270,8c
26254,qd
9901,qh
4936,ad
38683,5d
29567,4d
7585,4h
4569,ad
5589,6c
3996,as
22078,qc
11369,10d
8525,7s
36445,8c
36971,5s
22568,10h
1657,5h
5687,6c
24028,3s
7193,7d
18915,3c
13694,kd
12944,ks
19755,2s
12020,10s
24279,3s
3270,7c
3388,7c
37173,5s
6918,7d
4648,ad
16769,jd
30257,9c
21187,jh
27428,2c
13966,kd
36910,5s
27488,2c
5685,6c
28057,7h
9971,qh
8726,7s
16627,jd
26556,qd
28086,7h
31629,8s
19505,2s
26297,qd
24142,3s
31033,5c
3416,7c
37830,6h
12767,ks
200,6d
36463,8c
31966,8s
23006,10h
3088,7c
7078,7d
24272,3s
35466,ah
20322,2d
17568,kc
13002,ks
37039,5s
29509,4d
32732,8d
14669,3h
7272,7d
515,6d
22113,qc
8009,4h
25074,3d
19530,2s
37672,6h
25999,qs
31500,8s
18496,10c
1803,5h
19224,3c
4026,as
32698,8d
35671,ah
26454,qd
34644,4c
38606,5d
25914,qs
21840,qc
11645,10d
16028,js
19169,3c
23434,kh
10628,jc
5576,6c
28045,7h
25030,3d
2632,9h
16639,jd
1935,5h
17714,kc
9835,qh
2412,9h
7836,4h
11381,10d
22942,10h
26682,qd
7501,4h
36201,8c
31953,8s
16764,jd
19939,2s
13154,ks
21152,jh
26508,qd
23506,kh
28899,4s
16268,js
38729,5d
36989,5s
11378,10d
1814,5h
35654,ah
29728,4d
19033,3c
11421,10d
25776,qs
38324,5d
30225,9c
27945,7h
23493,kh
21404,jh
37765,6h
336,6d
19554,2s
18945,3c
19920,2s
33519,9s
12026,10s
23741,kh
38633,5d
26761,qd
36893,5s
15931,js
20686,2d
10878,jc
2536,9h
27192,2c
17417,kc
3998,as
32429,8d
26524,qd
34942,4c
2337,9h
27124,2c
4111,as
22835,10h
6439,8h
3098,7c
7033,7d
28226,7h
4688,ad
38428,5d
30157,9c
22125,qc
27279,2c
12129,10s
3761,as
9020,ac
24777,3d
12312,10s
3985,as
22034,qc
15362,2h
15048,2h
9900,qh
29595,4d
12500,10s
19547,2s
3836,as
26639,qd
27137,2c
6459,8h
2455,9h
23318,kh
32381,8d
11394,10d
1233,6s
8288,7s
34706,4c
25249,3d
36323,8c
36259,8c
16078,js
30316,9c
10993,jc
22756,10h
25674,qs
10264,qh
29498,4d
23370,kh
34657,4c
16726,jd
24205,3s
23017,10h
19236,3c
18796,3c
37795,6h
31724,8s
33931,9d
3446,7c
30773,5c
29485,4d
21214,jh
28570,4s
8606,7s
12987,ks
9181,ac
29774,4d
31837,8s
5634,6c
6915,7d
5691,6c
27081,2c
6114,8h
30988,5c
13502,kd
38582,5d
15777,js
5428,6c
37996,6h
37252,5s
35514,ah
7838,4h
7075,7d
6956,7d
1752,5h
22972,10h
12804,ks
13787,kd
23492,kh
27833,7h
13730,kd
12876,ks
5338,6c
23304,kh
30277,9c
18420,10c
19252,3c
32459,8d
6833,7d
25528,qs
33839,9d
38626,5d
31970,8s
9867,qh
23740,kh
16884,jd
38270,5d
14662,3h
9968,qh
23024,10h
29401,4d
8331,7s
1100,6s
878,6s
36908,5s
35600,ah
27315,2c
2750,9h
6890,7d
3253,7c
10019,qh
6270,8h
32322,8d
30829,5c
14732,3h
10532,jc
30502,9c
9520,ac
10192,qh
22137,qc
33423,9s
32581,8d
2534,9h
22950,10h
2277,9h
28706,4s
12429,10s
25671,qs
2434,9h
24792,3d
4818,ad
32250,8d
28806,4s
1084,6s
1694,5h
37899,6h
29615,4d
4172,as
28608,4s
29440,4d
18050,10c
6249,8h
32657,8d
9227,ac
37872,6h
25218,3d
7208,7d
71,6d
18754,3c
25020,3d
27352,2c
11490,10d
12245,10s
11650,10d
32418,8d
36516,8c
12817,ks
9911,qh
14451,3h
6298,8h
4987,ad
14395,3h
6848,7d
32524,8d
21482,jh
37661,6h
23266,kh
21767,qc
33024,9s
24265,3s
38350,5d
20773,2d
33062,9s
31827,8s
29361,4d
10142,qh
30425,9c
16940,jd
28139,7h
5720,6c
30826,5c
19004,3c
15841,js
34610,4c
12335,10s
14544,3h
31820,8s
15970,js
16830,jd
1529,5h
30847,5c
9241,ac
4141,as
10093,qh
35395,ah
24060,3s
6750,7d
13250,ks
36116,8c
12080,10s
19973,2s
24480,3s
17320,kc
16501,jd
832,6s
8250,7s
27010,2c
13245,ks
19692,2s
12037,10s
13242,ks
17254,kc
34621,4c
19667,2s
6285,8h
38261,5d
38473,5d
19067,3c
6082,8h
35363,ah
18028,10c
6122,8h
1176,6s
16104,js
32556,8d
816,6s
34122,9d
16204,js
16186,js
27773,7h
20762,2d
25648,qs
36753,5s
32652,8d
21913,qc
33383,9s
37104,5s
35591,ah
1759,5h
24888,3d
12231,10s
7868,4h
26627,qd
36471,8c
22256,qc
11534,10d
8566,7s
12085,10s
13607,kd
21244,jh
35400,ah
24177,3s
21918,qc
18069,10c
33335,9s
35524,ah
19662,2s
13542,kd
22080,qc
24081,3s
15951,js
22579,10h
10057,qh
22504,10h
11530,10d
5530,6c
34218,9d
32697,8d
13227,ks
12223,10s
32722,8d
17345,kc
19759,2s
9790,qh
6516,8h
26483,qd
33414,9s
8387,7s
22843,10h
38603,5d
13821,kd
13684,kd
15060,2h
1897,5h
22772,10h
765,6s
24047,3s
28547,4s
16196,js
12826,ks
358,6d
24914,3d
22096,qc
36979,5s
15992,js
10024,qh
36988,5s
19911,2s
28769,4s
22913,10h
10012,qh
29417,4d
21333,jh
10844,jc
18245,10c
2645,9h
28087,7h
34113,9d
37773,6h
34010,9d
16955,jd
17678,kc
31997,8s
34745,4c
12340,10s
38274,5d
25877,qs
23743,kh
36346,8c
5361,6c
37665,6h
24989,3d
33764,9d
10179,qh
13537,kd
26022,qs
30924,5c
16535,jd
18367,10c
10874,jc
10129,qh
11623,10d
34777,4c
18323,10c
17467,kc
35683,ah
1216,6s
33106,9s
15027,2h
25581,qs
6065,8h
24444,3s
34066,9d
3950,as
30181,9c
33951,9d
10085,qh
31879,8s
20601,2d
11314,10d
9826,qh
25508,qs
7953,4h
25542,qs
25507,qs
3496,7c
7746,4h
34503,4c
21958,qc
18112,10c
15371,2h
6084,8h
25970,qs
12790,ks
10236,qh
36296,8c
21109,jh
7604,4h
23643,kh
36142,8c
22820,10h
26309,qd
5673,6c
21421,jh
27008,2c
34901,4c
778,6s
5341,6c
15293,2h
4131,as
30302,9c
23001,10h
37018,5s
27847,7h
13018,ks
36055,8c
26736,qd
13998,kd
29305,4d
30015,9c
5013,ad
12252,10s
3822,as
1601,5h
33871,9d
10927,jc
5356,6c
19943,2s
35289,ah
29765,4d
27797,7h
23010,10h
30343,9c
2739,9h
25184,3d
11705,10d
12846,ks
30485,9c
4874,ad
3363,7c
427,6d
30478,9c
7096,7d
13981,kd
10238,qh
36405,8c
2350,9h
30759,5c
17728,kc
1109,6s
3752,as
32629,8d
23615,kh
7020,7d
29691,4d
475,6d
37782,6h
15375,2h
12811,ks
7596,4h
9949,qh
28504,4s
8458,7s
5252,6c
14624,3h
25541,qs
21905,qc
33424,9s
34849,4c
7783,4h
21403,jh
35441,ah
250,6d
8391,7s
13707,kd
21069,jh
16018,js
13117,ks
37848,6h
4971,ad
6101,8h
18518,10c
4802,ad
36387,8c
15939,js
12186,10s
25849,qs
22909,10h
13254,ks
32651,8d
32306,8d
30130,9c
20470,2d
6274,8h
2712,9h
36510,8c
15994,js
37539,6h
8495,7s
10184,qh
12791,ks
9326,ac
22227,qc
36109,8c
2262,9h
33752,9d
33903,9d
19938,2s
28189,7h
2520,9h
24245,3s
18253,10c
24800,3d
12079,10s
7963,4h
180,6d
18068,10c
25160,3d
8585,7s
19555,2s
4162,as
5696,6c
22861,10h
1890,5h
34970,4c
2020,5h
3077,7c
24278,3s
15808,js
24137,3s
37860,6h
12927,ks
37802,6h
24896,3d
28553,4s
30282,9c
11263,10d
30932,5c
3309,7c
775,6s
26480,qd
7988,4h
28162,7h
12512,10s
31656,8s
967,6s
12946,ks
29016,4s
3390,7c
25840,qs
28659,4s
149,6d
22050,qc
4819,ad
24393,3s
14470,3h
23421,kh
5588,6c
15871,js
24116,3s
37730,6h
2433,9h
12159,10s
36284,8c
33217,9s
33246,9s
31142,5c
33327,9s
9510,ac
28678,4s
19084,3c
25701,qs
1104,6s
24203,3s
26497,qd
24991,3d
36950,5s
9286,ac
23687,kh
21295,jh
30200,9c
34810,4c
6873,7d
26694,qd
4986,ad
24015,3s
15404,2h
22723,10h
4626,ad
34815,4c
33153,9s
35714,ah
33293,9s
25583,qs
38623,5d
20304,2d
21197,jh
14774,3h
32318,8d
16965,jd
21498,jh
21434,jh
33866,9d
20374,2d
33052,9s
27014,2c
25547,qs
37875,6h
13837,kd
32260,8d
22749,10h
12002,10s
23662,kh
5534,6c
20407,2d
9025,ac
34952,4c
27235,2c
14650,3h
31110,5c
25635,qs
10526,jc
27001,2c
21859,qc
27886,7h
19835,2s
15102,2h
21805,qc
28508,4s
5368,6c
36265,8c
20362,2d
23381,kh
38299,5d
6995,7d
29492,4d
21478,jh
33793,9d
24256,3s
6251,8h
33434,9s
5460,6c
20330,2d
1885,5h
31097,5c
28562,4s
4694,ad
31718,8s
37612,6h
19965,2s
5427,6c
13904,kd
14589,3h
38545,5d
5539,6c
313,6d
2533,9h
20653,2d
18938,3c
7913,4h
9320,ac
841,6s
14269,3h
27333,2c
13202,ks
12978,ks
16533,jd
35294,ah
28626,4s
4814,ad
31640,8s
28596,4s
31735,8s
30229,9c
9353,ac
11718,10d
26442,qd
13774,kd
8631,7s
12924,ks
13860,kd
18382,10c
11592,10d
8494,7s
31893,8s
308,6d
16757,jd
13795,kd
23563,kh
10205,qh
27188,2c
31976,8s
25879,qs
21225,jh
4704,ad
295,6d
27504,2c
29294,4d
37862,6h
35309,ah
24427,3s
21400,jh
28663,4s
31935,8s
27253,2c
1554,5h
759,6s
8693,7s
13262,ks
11772,10d
31806,8s
27029,2c
4123,as
4938,ad
20661,2d
3766,as
13822,kd
25069,3d
24283,3s
36094,8c
9938,qh
23379,kh
26387,qd
234,6d
1875,5h
18205,10c
18966,3c
11405,10d
28120,7h
251,6d
10509,jc
4096,as
21237,jh
8332,7s
5721,6c
15091,2h
37630,6h
3387,7c
4553,ad
31017,5c
26687,qd
868,6s
12215,10s
24231,3s
4007,as
67,6d
7970,4h
28639,4s
2610,9h
23722,kh
7662,4h
11714,10d
1878,5h
28668,4s
32666,8d
24773,3d
16916,jd
2746,9h
13857,kd
9264,ac
24933,3d
38329,5d
12354,10s
33504,9s
25230,3d
20700,2d
2530,9h
38539,5d
94,6d
26766,qd
21337,jh
3971,as
22604,10h
6888,7d
11593,10d
35269,ah
937,6s
15842,js
9208,ac
3458,7c
18160,10c
34749,4c
6324,8h
22565,10h
38363,5d
1114,6s
24853,3d
216,6d
23617,kh
35608,ah
5306,6c
15218,2h
19133,3c
27478,2c
34889,4c
13971,kd
7851,4h
36319,8c
28069,7h
34235,9d
15979,js
12299,10s
29643,4d
17252,kc
18951,3c
12013,10s
11372,10d
27318,2c
18419,10c
7560,4h
25093,3d
37824,6h
7867,4h
38263,5d
24005,3s
23539,kh
13888,kd
37016,5s
19791,2s
2398,9h
7647,4h
24213,3s
3972,as
37731,6h
1929,5h
38382,5d
21411,jh
2393,9h
11641,10d
34976,4c
13851,kd
5472,6c
6350,8h
22890,10h
6850,7d
31520,8s
30782,5c
28118,7h
15982,js
31,6d
34570,4c
24761,3d
16665,jd
9441,ac
10758,jc
16236,js
34608,4c
5655,6c
27200,2c
14736,3h
33240,9s
37060,5s
3256,7c
16189,js
30106,9c
35677,ah
24396,3s
16663,jd
4799,ad
18011,10c
21992,qc
1101,6s
2600,9h
19006,3c
8356,7s
30041,9c
9419,ac
19745,2s
4266,as
13766,kd
27059,2c
6846,7d
11,6d
12275,10s
26647,qd
25698,qs
35257,ah
25168,3d
12800,ks
19218,3c
33100,9s
7811,4h
17601,kc
19687,2s
38674,5d
6758,7d
11774,10d
5669,6c
30751,5c
14402,3h
284,6d
18922,3c
20578,2d
18868,3c
10690,jc
35417,ah
9785,qh
20555,2d
37557,6h
29664,4d
6339,8h
1107,6s
21488,jh
13594,kd
2416,9h
35748,ah
16654,jd
2278,9h
30869,5c
30960,5c
1008,6s
15053,2h
7536,4h
23336,kh
8612,7s
13198,ks
17269,kc
21965,qc
5709,6c
27215,2c
23419,kh
2453,9h
31523,8s
22961,10h
34833,4c
4634,ad
1074,6s
7645,4h
1583,5h
8455,7s
3845,as
14307,3h
27069,2c
12913,ks
5264,6c
34234,9d
22261,qc
30945,5c
23552,kh
29741,4d
1266,6s
29424,4d
12212,10s
13647,kd
9760,qh
37576,6h
25746,qs
4696,ad
31811,8s
16033,js
12044,10s
30383,9c
33059,9s
5440,6c
32618,8d
31131,5c
19860,2s
20474,2d
11340,10d
23566,kh
10515,jc
16765,jd
24959,3d
8599,7s
5281,6c
15391,2h
30368,9c
13960,kd
19738,2s
4851,ad
30132,9c
38297,5d
272,6d
25958,qs
34191,9d
22662,10h
1924,5h
23384,kh
6011,8h
27174,2c
34165,9d
22026,qc
35300,ah
10594,jc
20542,2d
20547,2d
29702,4d
26493,qd
20482,2d
338,6d
31705,8s
25831,qs
30162,9c
19016,3c
32403,8d
19750,2s
11728,10d
12808,ks
30394,9c
25550,qs
24341,3s
27198,2c
3076,7c
16858,jd
16512,jd
28827,4s
22141,qc
1698,5h
13778,kd
37654,6h
35640,ah
1144,6s
22922,10h
3514,7c
34713,4c
8638,7s
1687,5h
27184,2c
15474,2h
25113,3d
37152,5s
35480,ah
33997,9d
18437,10c
6499,8h
18474,10c
24813,3d
26689,qd
29749,4d
5722,6c
31537,8s
1970,5h
33966,9d
1258,6s
34552,4c
27814,7h
18764,3c
10625,jc
23758,kh
24907,3d
9046,ac
3966,as
12000,10s
9820,qh
13826,kd
27187,2c
5401,6c
10517,jc
9361,ac
34823,4c
24280,3s
9004,ac
29465,4d
33013,9s
18524,10c
28848,4s
1858,5h
1634,5h
17735,kc
16531,jd
29412,4d
9035,ac
1834,5h
29375,4d
5581,6c
22709,10h
8407,7s
38464,5d
24945,3d
17497,kc
28693,4s
35274,ah
34233,9d
28108,7h
36419,8c
38687,5d
5752,6c
5451,6c
2322,9h
24073,3s
26515,qd
987,6s
375,6d
18483,10c
32710,8d
9996,qh
3412,7c
10655,jc
36792,5s
6103,8h
37536,6h
12008,10s
25685,qs
27891,7h
19675,2s
32264,8d
7655,4h
17340,kc
9232,ac
30471,9c
13079,ks
19915,2s
25556,qs
20279,2d
32713,8d
7766,4h
14276,3h
36044,8c
1066,6s
16243,js
34148,9d
10187,qh
34708,4c
3196,7c
15154,2h
5747,6c
18298,10c
38258,5d
10210,qh
28113,7h
13084,ks
36135,8c
16795,jd
29705,4d
14316,3h
16561,jd
6136,8h
6454,8h
33972,9d
34149,9d
16714,jd
16996,jd
36370,8c
33249,9s
1874,5h
7009,7d
17697,kc
5645,6c
29332,4d
30446,9c
7847,4h
18198,10c
31013,5c
9280,ac
4684,ad
3865,as
23559,kh
36469,8c
15039,2h
21374,jh
30495,9c
35679,ah
10893,jc
5590,6c
26494,qd
16565,jd
30056,9c
36123,8c
23573,kh
12480,10s
25709,qs
3074,7c
36061,8c
28718,4s
1682,5h
31018,5c
35650,ah
17621,kc
22955,10h
35481,ah
11625,10d
19228,3c
1034,6s
26545,qd
3479,7c
31141,5c
21423,jh
27231,2c
7513,4h
6871,7d
16219,js
18492,10c
30070,9c
12198,10s
31733,8s
30285,9c
38691,5d
26679,qd
26271,qd
4957,ad
16766,jd
19927,2s
37876,6h
22763,10h
9037,ac
38376,5d
9206,ac
13801,kd
20768,2d
13500,kd
22860,10h
3463,7c
30075,9c
906,6s
4841,ad
25170,3d
18472,10c
30308,9c
24281,3s
3103,7c
15907,js
36442,8c
19793,2s
13659,kd
27844,7h
7950,4h
1183,6s
16540,jd
36171,8c
30756,5c
35366,ah
1575,5h
34778,4c
18912,3c
30917,5c
22070,qc
21842,qc
9281,ac
21799,qc
31025,5c
11345,10d
16745,jd
31838,8s
15070,2h
18027,10c
18079,10c
23257,kh
33047,9s
20739,2d
11608,10d
13169,ks
19049,3c
32746,8d
3182,7c
9305,ac
31540,8s
33868,9d
12865,ks
6753,7d
30091,9c
13076,ks
17339,kc
18881,3c
17523,kc
13882,kd
17375,kc
13749,kd
1669,5h
30952,5c
959,6s
19643,2s
1179,6s
16834,jd
15004,2h
15096,2h
5547,6c
497,6d
32374,8d
18074,10c
24524,3s
11575,10d
3047,7c
24091,3s
8658,7s
19806,2s
34534,4c
21223,jh
24181,3s
38712,5d
1005,6s
18906,3c
5255,6c
8271,7s
15824,js
18450,10c
15995,js
31114,5c
310,6d
12128,10s
11264,10d
38576,5d
30912,5c
26609,qd
31744,8s
25154,3d
22877,10h
36809,5s
7109,7d
16126,js
2415,9h
15247,2h
9915,qh
30333,9c
4573,ad
35507,ah
22838,10h
10980,jc
4160,as
28697,4s
22631,10h
12917,ks
10795,jc
8473,7s
6905,7d
1206,6s
31066,5c
7506,4h
37886,6h
22871,10h
12082,10s
12318,10s
22192,qc
4542,ad
6287,8h
92,6d
25691,qs
20551,2d
25880,qs
22038,qc
22682,10h
34616,4c
28679,4s
7581,4h
21942,qc
27178,2c
18372,10c
21810,qc
7503,4h
21235,jh
31943,8s
21979,qc
18171,10c
16775,jd
20731,2d
37903,6h
36864,5s
20260,2d
13689,kd
3184,7c
22853,10h
15334,2h
17308,kc
18006,10c
18916,3c
34824,4c
8440,7s
431,6d
19261,3c
32363,8d
1186,6s
27211,2c
28062,7h
26501,qd
6804,7d
36803,5s
13167,ks
18451,10c
4878,ad
14735,3h
9344,ac
21774,qc
21043,jh
8695,7s
21385,jh
38654,5d
24370,3s
30978,5c
37614,6h
11636,10d
6371,8h
19919,2s
12084,10s
34831,4c
37131,5s
27312,2c
1528,5h
23477,kh
27158,2c
36105,8c
22742,10h
24025,3s
37571,6h
26636,qd
22076,qc
6820,7d
24780,3d
15066,2h
35418,ah
15442,2h
337,6d
25593,qs
18248,10c
18191,10c
3874,as
18439,10c
8758,7s
18031,10c
36005,8c
18371,10c
15914,js
8007,4h
16907,jd
37625,6h
1632,5h
16939,jd
12477,10s
369,6d
31503,8s
9389,ac
107,6d
1665,5h
15092,2h
17259,kc
7268,7d
6432,8h
37702,6h
88,6d
7122,7d
35605,ah
2258,9h
3831,as
15427,2h
27930,7h
5550,6c
6018,8h
26610,qd
34997,4c
15901,js
13554,kd
14619,3h
10966,jc
1128,6s
10924,jc
2628,9h
16968,jd
3811,as
37176,5s
9187,ac
38485,5d
6284,8h
1093,6s
15340,2h
10915,jc
7693,4h
10650,jc
28077,7h
32679,8d
6314,8h
20703,2d
13810,kd
3402,7c
19703,2s
24317,3s
20666,2d
3426,7c
18391,10c
8491,7s
7180,7d
31528,8s
19858,2s
23488,kh
11326,10d
22732,10h
25862,qs
26475,qd
10167,qh
37524,6h
2339,9h
3292,7c
25770,qs
24856,3d
8690,7s
11337,10d
9476,ac
33076,9s
22559,10h
29486,4d
37204,5s
25552,qs
33968,9d
30221,9c
5390,6c
22842,10h
7236,7d
21969,qc
32334,8d
6920,7d
7174,7d
8443,7s
36959,5s
34645,4c
16583,jd
10219,qh
28671,4s
8720,7s
24277,3s
31674,8s
18071,10c
33904,9d
5663,6c
30753,5c
1824,5h
1933,5h
11011,jc
33917,9d
6813,7d
12103,10s
10090,qh
28959,4s
9006,ac
36035,8c
13710,kd
33895,9d
9018,ac
19559,2s
16645,jd
33979,9d
21522,jh
12456,10s
8470,7s
19055,3c
38520,5d
9054,ac
6837,7d
104,6d
30247,9c
20007,2s
10033,qh
3223,7c
15968,js
30897,5c
7011,7d
12355,10s
34629,4c
6913,7d
12336,10s
31840,8s
10511,jc
20335,2d
30051,9c
21813,qc
38523,5d
24257,3s
22569,10h
34642,4c
1564,5h
8626,7s
7554,4h
19786,2s
28760,4s
27769,7h
16525,jd
7957,4h
29311,4d
24183,3s
27076,2c
8329,7s
1764,5h
31253,5c
10114,qh
38772,5d
16053,js
38486,5d
14658,3h
23422,kh
24236,3s
9026,ac
19846,2s
31574,8s
15794,js
10249,qh
14756,3h
28563,4s
11554,10d
30796,5c
5261,6c
16740,jd
1736,5h
18209,10c
3503,7c
3040,7c
8761,7s
24211,3s
2382,9h
1241,6s
15921,js
21021,jh
20478,2d
38745,5d
37162,5s
27907,7h
12956,ks
4988,ad
3161,7c
13271,ks
32650,8d
27408,2c
32726,8d
32743,8d
4097,as
31172,5c
33043,9s
37739,6h
23285,kh
34548,4c
30846,5c
33389,9s
22154,qc
2766,9h
34798,4c
21168,jh
38022,6h
4576,ad
28194,7h
16933,jd
10891,jc
27277,2c
30937,5c
387,6d
365,6d
4216,as
7500,4h
13838,kd
38504,5d
3202,7c
4552,ad
24328,3s
35549,ah
38554,5d
22746,10h
7183,7d
16562,jd
26728,qd
25966,qs
30098,9c
31220,5c
9946,qh
4932,ad
32684,8d
37211,5s
11332,10d
14267,3h
24850,3d
30438,9c
10174,qh
36310,8c
32330,8d
27757,7h
6000,8h
367,6d
7538,4h
12289,10s
34654,4c
17771,kc
31619,8s
814,6s
24248,3s
13544,kd
9118,ac
33980,9d
22993,10h
13087,ks
36783,5s
488,6d
12120,10s
21762,qc
4668,ad
37877,6h
1740,5h
1235,6s
4633,ad
23305,kh
33509,9s
19046,3c
11715,10d
24897,3d
25090,3d
1898,5h
17572,kc
5274,6c
21866,qc
13894,kd
38434,5d
23447,kh
21287,jh
10918,jc
12133,10s
1794,5h
33345,9s
31957,8s
12435,10s
25089,3d
14022,kd
16239,js
3210,7c
23599,kh
27292,2c
10242,qh
25661,qs
30877,5c
18930,3c
1953,5h
4609,ad
38646,5d
4017,as
25680,qs
13881,kd
11654,10d
35261,ah
35467,ah
13686,kd
21079,jh
23405,kh
13642,kd
18889,3c
27306,2c
29557,4d
15173,2h
12410,10s
20680,2d
11703,10d
6125,8h
4796,ad
31522,8s
31239,5c
1662,5h
13112,ks
5397,6c
20760,2d
25060,3d
8255,7s
12787,ks
18388,10c
28527,4s
25795,qs
30802,5c
18243,10c
18054,10c
25622,qs
2512,9h
9294,ac
31946,8s
33925,9d
24390,3s
19127,3c
36054,8c
21239,jh
15402,2h
9153,ac
20400,2d
31145,5c
17753,kc
32020,8s
28541,4s
11373,10d
10959,jc
34926,4c
35445,ah
34000,9d
9519,ac
19740,2s
999,6s
27058,2c
34899,4c
33825,9d
5381,6c
11448,10d
16920,jd
22055,qc
25708,qs
14604,3h
25711,qs
23524,kh
17619,kc
17541,kc
30505,9c
36179,8c
3961,as
17545,kc
18997,3c
30340,9c
1003,6s
12036,10s
2702,9h
2328,9h
6169,8h
24404,3s
23510,kh
27766,7h
28673,4s
38396,5d
9989,qh
25210,3d
29753,4d
38757,5d
14573,3h
10989,jc
33261,9s
24854,3d
24890,3d
4923,ad
12249,10s
26525,qd
37585,6h
3789,as
3031,7c
27794,7h
16768,jd
1705,5h
3960,as
33442,9s
16272,js
897,6s
7550,4h
28149,7h
2354,9h
25969,qs
25513,qs
21099,jh
32508,8d
1964,5h
30890,5c
19871,2s
8330,7s
14263,3h
17390,kc
11738,10d
38380,5d
32288,8d
19185,3c
4773,ad
15429,2h
34973,4c
17648,kc
11524,10d
3901,as
30763,5c
8005,4h
21348,jh
17591,kc
8603,7s
33441,9s
36801,5s
26021,qs
28867,4s
11470,10d
33885,9d
8383,7s
9812,qh
15997,js
14673,3h
25664,qs
496,6d
10718,jc
20480,2d
33763,9d
24362,3s
12387,10s
7698,4h
16624,jd
16840,jd
28984,4s
33042,9s
9884,qh
23291,kh
11005,jc
11308,10d
27853,7h
22074,qc
19203,3c
2022,5h
29261,4d
13666,kd
35582,ah
26648,qd
13805,kd
37139,5s
17014,jd
15224,2h
31090,5c
37931,6h
36305,8c
9213,ac
30380,9c
21186,jh
6035,8h
18095,10c
6842,7d
12238,10s
30452,9c
2588,9h
16571,jd
15486,2h
21861,qc
33815,9d
1143,6s
31061,5c
32504,8d
25216,3d
18896,3c
3491,7c
23465,kh
4554,ad
5512,6c
30250,9c
1041,6s
11014,jc
3956,as
19154,3c
28177,7h
37574,6h
19106,3c
11536,10d
22951,10h
38706,5d
31974,8s
22183,qc
11415,10d
33426,9s
35279,ah
34630,4c
2744,9h
21896,qc
16528,jd
33859,9d
27972,7h
26388,qd
31677,8s
33914,9d
21228,jh
6444,8h
12762,ks
26735,qd
3821,as
22854,10h
4810,ad
5770,6c
12382,10s
13209,ks
4852,ad
824,6s
38311,5d
31894,8s
25757,qs
34018,9d
23708,kh
3413,7c
35556,ah
7906,4h
12894,ks
15436,2h
27992,7h
20507,2d
18846,3c
1567,5h
10723,jc
467,6d
11420,10d
34614,4c
9102,ac
9068,ac
34506,4c
36897,5s
30354,9c
18146,10c
10971,jc
4977,ad
28535,4s
8616,7s
1135,6s
19940,2s
19158,3c
24776,3d
17284,kc
11388,10d
25687,qs
37043,5s
10182,qh
24497,3s
22953,10h
27913,7h
1103,6s
7177,7d
13115,ks
5258,6c
16995,jd
5311,6c
18299,10c
19826,2s
29556,4d
17369,kc
26666,qd
35708,ah
36016,8c
2649,9h
2367,9h
4077,as
15509,2h
32013,8s
24891,3d
15999,js
30141,9c
16588,jd
19220,3c
24126,3s
18401,10c
2295,9h
35476,ah
27927,7h
1983,5h
29426,4d
21812,qc
20420,2d
35355,ah
3095,7c
7877,4h
4797,ad
12758,ks
6764,7d
24501,3s
31606,8s
30143,9c
3762,as
822,6s
36150,8c
21782,qc
6062,8h
28643,4s
19134,3c
16225,js
27523,2c
26260,qd
15859,js
34881,4c
12090,10s
12130,10s
14023,kd
16597,jd
34571,4c
13677,kd
29340,4d
30987,5c
6762,7d
15910,js
4148,as
17680,kc
12117,10s
37115,5s
18114,10c
31781,8s
34205,9d
7583,4h
34781,4c
18987,3c
20630,2d
18375,10c
23759,kh
10890,jc
19060,3c
9099,ac
1804,5h
20721,2d
18083,10c
6904,7d
11320,10d
4954,ad
1640,5h
12501,10s
20313,2d
22954,10h
34943,4c
11557,10d
32402,8d
38267,5d
22164,qc
7690,4h
14272,3h
15018,2h
9960,qh
13799,kd
8354,7s
18393,10c
455,6d
21879,qc
31920,8s
29523,4d
24392,3s
22024,qc
19905,2s
24152,3s
24771,3d
3895,as
10231,qh
6305,8h
10265,qh
22736,10h
380,6d
34724,4c
19946,2s
28986,4s
14759,3h
38682,5d
13516,kd
30028,9c
23439,kh
34755,4c
12882,ks
12170,10s
25842,qs
34078,9d
12835,ks
17411,kc
21359,jh
14509,3h
21984,qc
20351,2d
6376,8h
16118,js
3357,7c
28128,7h
36412,8c
14308,3h
36899,5s
17336,kc
4741,ad
38420,5d
27377,2c
18875,3c
14270,3h
24123,3s
21358,jh
8688,7s
29296,4d
37940,6h
8257,7s
10672,jc
31080,5c
24061,3s
13501,kd
27238,2c
31612,8s
28238,7h
12415,10s
2410,9h
23518,kh
33095,9s
15010,2h
5019,ad
12343,10s
15832,js
2565,9h
13639,kd
38407,5d
22870,10h
141,6d
23386,kh
19171,3c
37084,5s
11442,10d
25760,qs
25704,qs
15266,2h
23710,kh
22761,10h
32764,8d
28112,7h
24072,3s
3920,as
24926,3d
23288,kh
33986,9d
13082,ks
35724,ah
24410,3s
20552,2d
18029,10c
38692,5d
14530,3h
10885,jc
13020,ks
36791,5s
20535,2d
14370,3h
4220,as
32461,8d
5505,6c
20257,2d
34200,9d
17651,kc
10864,jc
32008,8s
21513,jh
13733,kd
33935,9d
16011,js
33941,9d
12773,ks
15837,js
19013,3c
31003,5c
2323,9h
33358,9s
3209,7c
35393,ah
31653,8s
30391,9c
2523,9h
17024,jd
26381,qd
18275,10c
25167,3d
12137,10s
27784,7h
18502,10c
2772,9h
15253,2h
5559,6c
4129,as
8615,7s
18065,10c
6238,8h
24149,3s
4926,ad
30819,5c
36297,8c
17709,kc
11454,10d
6227,8h
13758,kd
6889,7d
38423,5d
3471,7c
21397,jh
18814,3c
6517,8h
422,6d
20342,2d
19161,3c
1951,5h
7998,4h
34652,4c
33334,9s
2528,9h
3170,7c
37809,6h
14676,3h
15752,js
22721,10h
3241,7c
25621,qs
7144,7d
25721,qs
16811,jd
20689,2d
7088,7d
19918,2s
36369,8c
6519,8h
4720,ad
106,6d
22644,10h
19011,3c
10166,qh
25835,qs
4013,as
1195,6s
18215,10c
11479,10d
10789,jc
31992,8s
13269,ks
3101,7c
20643,2d
19166,3c
17405,kc
9316,ac
20268,2d
37012,5s
9257,ac
8654,7s
25535,qs
1133,6s
27332,2c
13634,kd
34555,4c
24809,3d
17256,kc
10684,jc
25027,3d
21033,jh
16548,jd
34734,4c
23272,kh
1192,6s
3767,as
10569,jc
13235,ks
37689,6h
29530,4d
36120,8c
7937,4h
33874,9d
7164,7d
20381,2d
21269,jh
37117,5s
907,6s
31269,5c
34021,9d
34114,9d
15037,2h
6349,8h
17731,kc
5496,6c
24884,3d
17505,kc
2403,9h
3323,7c
11686,10d
11652,10d
12108,10s
406,6d
13240,ks
24212,3s
26704,qd
22840,10h
7947,4h
15396,2h
33173,9s
16067,js
7697,4h
18990,3c
7656,4h
21294,jh
2687,9h
16578,jd
13514,kd
23251,kh
7620,4h
9822,qh
5772,6c
15131,2h
16802,jd
12376,10s
8639,7s
24134,3s
28952,4s
4646,ad
35368,ah
12988,ks
32633,8d
19179,3c
30014,9c
27908,7h
21974,qc
36165,8c
18480,10c
12813,ks
33054,9s
11680,10d
28549,4s
38306,5d
1520,5h
6067,8h
23719,kh
18785,3c
227,6d
11610,10d
19833,2s
28561,4s
36961,5s
195,6d
26490,qd
5692,6c
27472,2c
232,6d
32770,8d
12820,ks
12866,ks
21788,qc
16159,js
31766,8s
26447,qd
9780,qh
12285,10s
11620,10d
19954,2s
37092,5s
23613,kh
25018,3d
16234,js
13620,kd
32299,8d
28641,4s
18925,3c
16693,jd
13069,ks
30208,9c
7239,7d
33282,9s
14260,3h
9799,qh
38369,5d
18260,10c
32716,8d
23311,kh
7825,4h
19908,2s
8498,7s
6482,8h
222,6d
31828,8s
36093,8c
28103,7h
27914,7h
24781,3d
18919,3c
3962,as
27042,2c
33450,9s
28011,7h
27795,7h
29008,4s
29711,4d
19744,2s
38770,5d
14710,3h
6229,8h
36075,8c
15446,2h
9275,ac
21858,qc
38443,5d
26512,qd
21758,qc
2458,9h
28252,7h
30081,9c
21825,qc
31764,8s
7879,4h
18186,10c
19510,2s
16670,jd
4883,ad
26267,qd
25551,qs
1725,5h
14553,3h
1701,5h
21754,qc
2541,9h
21122,jh
23473,kh
11644,10d
24182,3s
2570,9h
4140,as
2401,9h
16551,jd
24162,3s
459,6d
4893,ad
8359,7s
6145,8h
1578,5h
812,6s
11573,10d
33196,9s
150,6d
24802,3d
9985,qh
34119,9d
7184,7d
31798,8s
30905,5c
16233,js
19217,3c
16055,js
787,6s
11624,10d
18819,3c
33932,9d
35014,4c
2488,9h
2271,9h
34549,4c
38552,5d
23575,kh
12296,10s
20649,2d
30779,5c
34067,9d
23443,kh
16574,jd
8591,7s
5379,6c
4736,ad
35707,ah
31919,8s
12363,10s
10719,jc
30507,9c
8773,7s
18117,10c
8481,7s
24483,3s
3860,as
17338,kc
15008,2h
37086,5s
21116,jh
4078,as
36755,5s
29308,4d
15358,2h
26366,qd
21144,jh
18220,10c
16718,jd
23459,kh
20278,2d
38553,5d
19601,2s
32424,8d
33867,9d
30076,9c
12423,10s
28890,4s
25847,qs
4539,ad
12028,10s
33912,9d
3892,as
4215,as
19975,2s
18863,3c
28990,4s
15891,js
20393,2d
16097,js
15763,js
10063,qh
28977,4s
27894,7h
18159,10c
21948,qc
17328,kc
11767,10d
10145,qh
25238,3d
17327,kc
362,6d
25503,qs
32734,8d
38639,5d
18130,10c
4993,ad
35328,ah
31962,8s
21829,qc
35311,ah
17613,kc
31106,5c
11518,10d
31257,5c
15987,js
20745,2d
21330,jh
24080,3s
22985,10h
7119,7d
7657,4h
31196,5c
10246,qh
16187,js
4742,ad
383,6d
19775,2s
2723,9h
10109,qh
36477,8c
20675,2d
31880,8s
27100,2c
14587,3h
19091,3c
13752,kd
37695,6h
27176,2c
10624,jc
9844,qh
31118,5c
14713,3h
28029,7h
35753,ah
33753,9d
24271,3s
7751,4h
2314,9h
13259,ks
7261,7d
21856,qc
4769,ad
33813,9d
19258,3c
32588,8d
23618,kh
38432,5d
22616,10h
38414,5d
24201,3s
9157,ac
36207,8c
3011,7c
34507,4c
11327,10d
36952,5s
37026,5s
1129,6s
19591,2s
24143,3s
8560,7s
38602,5d
12230,10s
20512,2d
15431,2h
36945,5s
1828,5h
5554,6c
7617,4h
20251,2d
7956,4h
25007,3d
37024,5s
7168,7d
18961,3c
23277,kh
14620,3h
16719,jd
17537,kc
2414,9h
35564,ah
15519,2h
10115,qh
27431,2c
3324,7c
19213,3c
7154,7d
24077,3s
11564,10d
9017,ac
14621,3h
37997,6h
27321,2c
30830,5c
34660,4c
4504,ad
16974,jd
143,6d
15782,js
20584,2d
15816,js
3097,7c
34962,4c
12213,10s
3400,7c
15331,2h
33174,9s
22542,10h
30009,9c
33357,9s
19704,2s
25780,qs
13527,kd
3000,7c
33086,9s
1861,5h
17761,kc
10248,qh
21290,jh
7074,7d
24488,3s
13868,kd
10541,jc
17694,kc
7842,4h
19862,2s
13090,ks
38269,5d
19063,3c
479,6d
4581,ad
14744,3h
6377,8h
30344,9c
6917,7d
23589,kh
2537,9h
9126,ac
13984,kd
16245,js
30150,9c
33852,9d
35511,ah
27848,7h
1511,5h
3295,7c
35621,ah
16685,jd
37253,5s
25872,qs
16844,jd
30222,9c
15368,2h
13505,kd
13273,ks
36489,8c
10021,qh
7929,4h
26330,qd
19688,2s
2336,9h
33032,9s
27750,7h
2728,9h
6255,8h
31244,5c
15170,2h
34692,4c
870,6s
4939,ad
4908,ad
7587,4h
21148,jh
10833,jc
18874,3c
23733,kh
3396,7c
32533,8d
184,6d
23408,kh
12187,10s
278,6d
23734,kh
13001,ks
443,6d
6368,8h
3067,7c
24322,3s
27078,2c
11315,10d
20572,2d
19930,2s
7975,4h
22001,qc
25923,qs
3297,7c
15976,js
16728,jd
30876,5c
23264,kh
8630,7s
24144,3s
12467,10s
4698,ad
22717,10h
8504,7s
7595,4h
1827,5h
31738,8s
3237,7c
16151,js
28855,4s
10573,jc
33981,9d
15321,2h
27287,2c
35357,ah
31247,5c
28662,4s
22206,qc
15351,2h
8284,7s
6436,8h
37225,5s
11412,10d
33053,9s
10026,qh
20604,2d
33860,9d
17746,kc
28871,4s
33767,9d
9081,ac
1818,5h
18162,10c
435,6d
16679,jd
27248,2c
36235,8c
7049,7d
32480,8d
2597,9h
4181,as
5725,6c
14382,3h
10701,jc
22784,10h
35302,ah
27054,2c
961,6s
35343,ah
36977,5s
33878,9d
11519,10d
21408,jh
2675,9h
32271,8d
11570,10d
5508,6c
14569,3h
11463,10d
17742,kc
5493,6c
13688,kd
9304,ac
25068,3d
26450,qd
37955,6h
7592,4h
19763,2s
32311,8d
32708,8d
8715,7s
6867,7d
7102,7d
799,6s
24419,3s
8404,7s
24981,3d
28770,4s
6863,7d
21154,jh
30466,9c
26391,qd
9250,ac
4639,ad
16620,jd
8562,7s
36764,5s
37223,5s
15177,2h
7543,4h
27012,2c
19944,2s
11449,10d
25749,qs
24827,3d
7051,7d
30204,9c
27127,2c
30336,9c
12452,10s
27856,7h
29552,4d
7511,4h
2443,9h
12324,10s
36189,8c
14017,kd
18405,10c
27031,2c
8346,7s
4880,ad
15408,2h
30007,9c
25086,3d
11409,10d
32718,8d
20509,2d
22142,qc
31123,5c
19825,2s
30900,5c
8707,7s
33321,9s
15934,js
18395,10c
3072,7c
19741,2s
13008,ks
17592,kc
30508,9c
2313,9h
28973,4s
29456,4d
34874,4c
7130,7d
27079,2c
6975,7d
16590,jd
16896,jd
13060,ks
3813,as
22512,10h
34159,9d
32585,8d
34203,9d
18009,10c
18022,10c
7999,4h
3064,7c
38738,5d
9074,ac
9152,ac
36052,8c
16760,jd
26573,qd
12994,ks
31009,5c
10553,jc
5362,6c
13524,kd
8368,7s
1887,5h
10613,jc
35489,ah
9954,qh
25933,qs
33231,9s
32576,8d
915,6s
29688,4d
22518,10h
20717,2d
6450,8h
22190,qc
6397,8h
8252,7s
13969,kd
9967,qh
25169,3d
36506,8c
36756,5s
8020,4h
21199,jh
19986,2s
34775,4c
24160,3s
12858,ks
18853,3c
14001,kd
35535,ah
35329,ah
37662,6h
24315,3s
10588,jc
36474,8c
12471,10s
38739,5d
1946,5h
29316,4d
81,6d
14580,3h
38384,5d
4953,ad
27902,7h
17726,kc
29687,4d
24024,3s
16970,jd
18950,3c
6798,7d
28242,7h
28010,7h
8450,7s
26448,qd
25823,qs
19749,2s
13970,kd
33020,9s
38685,5d
25237,3d
27878,7h
21137,jh
19238,3c
23490,kh
22654,10h
5575,6c
23691,kh
5637,6c
34762,4c
16917,jd
14523,3h
7919,4h
16005,js
23714,kh
37227,5s
37648,6h
24847,3d
12123,10s
38774,5d
33482,9s
7539,4h
21250,jh
14574,3h
26747,qd
3350,7c
27397,2c
9111,ac
8419,7s
31661,8s
8377,7s
3792,as
10164,qh
4655,ad
17571,kc
4502,ad
9922,qh
37113,5s
38333,5d
7765,4h
16926,jd
24227,3s
17739,kc
35252,ah
19103,3c
35409,ah
36,6d
19223,3c
3484,7c
33017,9s
5518,6c
13832,kd
4699,ad
19141,3c
8637,7s
6028,8h
30475,9c
1650,5h
30011,9c
10790,jc
32425,8d
28720,4s
38412,5d
27969,7h
32434,8d
33114,9s
21068,jh
13058,ks
23606,kh
36059,8c
24495,3s
9396,ac
14763,3h
12124,10s
36837,5s
29276,4d
4524,ad
9913,qh
8485,7s
8664,7s
19673,2s
8320,7s
26415,qd
22813,10h
9243,ac
34541,4c
4869,ad
21289,jh
23369,kh
4903,ad
19095,3c
3073,7c
34169,9d
18481,10c
37121,5s
10139,qh
24851,3d
30324,9c
21117,jh
21914,qc
15854,js
2421,9h
37983,6h
27520,2c
21999,qc
5405,6c
12373,10s
31988,8s
25222,3d
12489,10s
31527,8s
15143,2h
15432,2h
21325,jh
19163,3c
34184,9d
33232,9s
10018,qh
12064,10s
15781,js
15869,js
28682,4s
23616,kh
11765,10d
20510,2d
30086,9c
11657,10d
30793,5c
1751,5h
19102,3c
2451,9h
31099,5c
14472,3h
10586,jc
30474,9c
2591,9h
34073,9d
9108,ac
36029,8c
9038,ac
31877,8s
31942,8s
30768,5c
31902,8s
8678,7s
36957,5s
18218,10c
19503,2s
25265,3d
33317,9s
1035,6s
4595,ad
25104,3d
12964,ks
17401,kc
23753,kh
36502,8c
37215,5s
876,6s
3793,as
28936,4s
9086,ac
16823,jd
10171,qh
44,6d
21466,jh
12091,10s
9478,ac
37031,5s
37142,5s
37988,6h
19130,3c
13806,kd
36238,8c
22864,10h
14578,3h
36849,5s
28851,4s
30069,9c
2285,9h
4638,ad
1917,5h
14452,3h
19109,3c
2442,9h
203,6d
26344,qd
10877,jc
21191,jh
21775,qc
30785,5c
4951,ad
8593,7s
30191,9c
1790,5h
36025,8c
13863,kd
25830,qs
27336,2c
12966,ks
15379,2h
32681,8d
38760,5d
10796,jc
7137,7d
25668,qs
7040,7d
29561,4d
23388,kh
24052,3s
17486,kc
7665,4h
31048,5c
30990,5c
8647,7s
28237,7h
30859,5c
31042,5c
33988,9d
13048,ks
21326,jh
35774,ah
37151,5s
13528,kd
19779,2s
14738,3h
37638,6h
4031,as
10565,jc
2432,9h
15330,2h
18001,10c
471,6d
12181,10s
38450,5d
13893,kd
21790,qc
19242,3c
23634,kh
5434,6c
23516,kh
21032,jh
33915,9d
30848,5c
2642,9h
22984,10h
10009,qh
20328,2d
36914,5s
15030,2h
23706,kh
17751,kc
24442,3s
21103,jh
33182,9s
37743,6h
26579,qd
2391,9h
24057,3s
22587,10h
26507,qd
23500,kh
16502,jd
8019,4h
16038,js
17361,kc
28914,4s
22696,10h
10970,jc
27484,2c
30769,5c
26469,qd
14593,3h
24085,3s
24369,3s
29684,4d
2643,9h
31683,8s
36047,8c
32529,8d
22228,qc
18911,3c
25692,qs
22570,10h
30048,9c
25689,qs
22952,10h
11458,10d
3308,7c
29762,4d
2378,9h
31020,5c
36199,8c
27903,7h
1011,6s
14602,3h
37891,6h
15957,js
25576,qs
1544,5h
22735,10h
20579,2d
25046,3d
32361,8d
22663,10h
10747,jc
10895,jc
10555,jc
7933,4h
931,6s
21826,qc
38773,5d
27175,2c
36787,5s
7210,7d
30238,9c
30059,9c
26613,qd
34637,4c
31752,8s
32598,8d
37033,5s
35425,ah
31551,8s
10896,jc
434,6d
29368,4d
27335,2c
29005,4s
28125,7h
15754,js
14626,3h
25832,qs
30335,9c
11478,10d
25124,3d
36379,8c
37590,6h
20266,2d
174,6d
27516,2c
23450,kh
36817,5s
10800,jc
15766,js
36241,8c
9764,qh
21310,jh
37611,6h
18353,10c
35444,ah
13866,kd
34821,4c
9836,qh
38426,5d
23669,kh
38328,5d
15327,2h
22258,qc
11761,10d
14699,3h
32396,8d
11614,10d
13771,kd
29475,4d
19706,2s
27938,7h
18394,10c
24893,3d
33026,9s
31161,5c
32702,8d
17748,kc
19056,3c
38594,5d
31580,8s
15,6d
8512,7s
24258,3s
10193,qh
24764,3d
37101,5s
30980,5c
12775,ks
30234,9c
28261,7h
36017,8c
4976,ad
7760,4h
9177,ac
35281,ah
19231,3c
4845,ad
14690,3h
11566,10d
33079,9s
167,6d
31921,8s
22653,10h
12255,10s
25051,3d
26341,qd
38015,6h
16773,jd
30999,5c
36382,8c
11754,10d
3212,7c
36119,8c
29328,4d
11253,10d
5419,6c
18081,10c
26514,qd
9868,qh
4722,ad
32649,8d
10882,jc
33849,9d
7223,7d
1995,5h
25100,3d
34785,4c
21353,jh
6247,8h
4889,ad
1118,6s
9222,ac
37910,6h
12160,10s
31076,5c
15858,js
366,6d
33861,9d
4128,as
32610,8d
28740,4s
225,6d
22521,10h
19903,2s
31563,8s
32344,8d
6262,8h
30426,9c
19890,2s
4778,ad
129,6d
13849,kd
34760,4c
27997,7h
37,6d
12979,ks
14471,3h
14638,3h
23350,kh
25099,3d
4045,as
31701,8s
36057,8c
25839,qs
13258,ks
3330,7c
16051,js
3913,as
6458,8h
6275,8h
12148,10s
38394,5d
29586,4d
7893,4h
24010,3s
29588,4d
10623,jc
30437,9c
13667,kd
23707,kh
36112,8c
37978,6h
10819,jc
38484,5d
9842,qh
16237,js
1686,5h
34163,9d
37091,5s
36437,8c
21388,jh
36880,5s
28647,4s
6089,8h
13632,kd
21445,jh
844,6s
22129,qc
13729,kd
25944,qs
31596,8s
26373,qd
6199,8h
30981,5c
26335,qd
15933,js
19723,2s
25700,qs
7635,4h
20646,2d
35327,ah
26427,qd
29488,4d
1826,5h
13609,kd
19910,2s
19640,2s
16260,js
15275,2h
37673,6h
15125,2h
21025,jh
27401,2c
38693,5d
4204,as
31751,8s
33069,9s
19073,3c
35364,ah
35581,ah
37103,5s
33492,9s
34162,9d
3106,7c
23761,kh
22648,10h
10513,jc
4887,ad
30883,5c
24881,3d
15964,js
5412,6c
38409,5d
31773,8s
35509,ah
23463,kh
19042,3c
36358,8c
32392,8d
8367,7s
18429,10c
24154,3s
7670,4h
29251,4d
3034,7c
14583,3h
31176,5c
5449,6c
14345,3h
22891,10h
21424,jh
38446,5d
37053,5s
26350,qd
5647,6c
7897,4h
19855,2s
2417,9h
37959,6h
37870,6h
37579,6h
31861,8s
10921,jc
2482,9h
11552,10d
9823,qh
16809,jd
29573,4d
3115,7c
10843,jc
23511,kh
19119,3c
12892,ks
28896,4s
5768,6c
26729,qd
24434,3s
28273,7h
38751,5d
29317,4d
6761,7d
15476,2h
5473,6c
30939,5c
34084,9d
23745,kh
37529,6h
38536,5d
9975,qh
23282,kh
19504,2s
32573,8d
16799,jd
9907,qh
1901,5h
35504,ah
31769,8s
25034,3d
18078,10c
21773,qc
9477,ac
30913,5c
32296,8d
3512,7c
8556,7s
29270,4d
29403,4d
7660,4h
9135,ac
12385,10s
13116,ks
31072,5c
24114,3s
38704,5d
34125,9d
24937,3d
13155,ks
31792,8s
1656,5h
2387,9h
36256,8c
30918,5c
24944,3d
4804,ad
34042,9d
27364,2c
33421,9s
28151,7h
2011,5h
33977,9d
30955,5c
9896,qh
37814,6h
28222,7h
24166,3s
16770,jd
35722,ah
23400,kh
17427,kc
27112,2c
27943,7h
19111,3c
7045,7d
21080,jh
29695,4d
33371,9s
38021,6h
34097,9d
19576,2s
13653,kd
12210,10s
10906,jc
11351,10d
3473,7c
35604,ah
36089,8c
31847,8s
11023,jc
23004,10h
31924,8s
9845,qh
7123,7d
7176,7d
9384,ac
3520,7c
19105,3c
20017,2s
28989,4s
10113,qh
31059,5c
30031,9c
22222,qc
9893,qh
9438,ac
14749,3h
27101,2c
29606,4d
15094,2h
791,6s
36103,8c
15443,2h
32337,8d
19892,2s
9448,ac
28102,7h
25786,qs
38713,5d
38689,5d
26484,qd
1255,6s
20006,2s
23453,kh
22,6d
36307,8c
19709,2s
32442,8d
11335,10d
21313,jh
22524,10h
20479,2d
27944,7h
3283,7c
14292,3h
6971,7d
17635,kc
25176,3d
11743,10d
31116,5c
20712,2d
12955,ks
32613,8d
8411,7s
9366,ac
7605,4h
7584,4h
1240,6s
23718,kh
21753,qc
447,6d
17689,kc
9399,ac
25828,qs
27824,7h
37260,5s
9470,ac
1039,6s
2667,9h
838,6s
9830,qh
12166,10s
30523,9c
36223,8c
6032,8h
22788,10h
17736,kc
38348,5d
9794,qh
28192,7h
1884,5h
37657,6h
20429,2d
23547,kh
25072,3d
7172,7d
6935,7d
7782,4h
20371,2d
21433,jh
17458,kc
5372,6c
37902,6h
8278,7s
10520,jc
20468,2d
36026,8c
24340,3s
10930,jc
13539,kd
10863,jc
11407,10d
28178,7h
27880,7h
28136,7h
20435,2d
13624,kd
12453,10s
36417,8c
10072,qh
22515,10h
4146,as
38011,6h
2370,9h
21164,jh
12404,10s
10597,jc
26423,qd
35285,ah
9212,ac
36938,5s
859,6s
26295,qd
7806,4h
37243,5s
4011,as
23747,kh
19121,3c
23482,kh
34680,4c
9104,ac
36155,8c
26734,qd
6794,7d
15306,2h
27482,2c
7267,7d
9120,ac
18505,10c
21865,qc
18363,10c
25710,qs
9801,qh
16205,js
12195,10s
8530,7s
31994,8s
30976,5c
27957,7h
2497,9h
17017,jd
11689,10d
12032,10s
26731,qd
18935,3c
35470,ah
20765,2d
21511,jh
7166,7d
21200,jh
31830,8s
15120,2h
23632,kh
38638,5d
5456,6c
27799,7h
4714,ad
3376,7c
8316,7s
23396,kh
16143,js
28510,4s
19770,2s
36188,8c
26688,qd
37962,6h
6909,7d
38541,5d
4788,ad
19072,3c
24474,3s
3803,as
33782,9d
12868,ks
35446,ah
15866,js
33325,9s
36429,8c
9230,ac
25911,qs
13602,kd
11425,10d
31740,8s
4967,ad
36312,8c
32302,8d
8291,7s
4132,as
5613,6c
38657,5d
12928,ks
1724,5h
402,6d
9878,qh
18831,3c
35338,ah
20457,2d
6977,7d
19174,3c
28891,4s
28651,4s
2474,9h
12805,ks
21988,qc
37593,6h
19753,2s
36482,8c
32566,8d
24171,3s
29613,4d
9101,ac
31936,8s
3982,as
495,6d
15889,js
20648,2d
13529,kd
17539,kc
28823,4s
9024,ac
7809,4h
3470,7c
7612,4h
29496,4d
27219,2c
36398,8c
21318,jh
33004,9s
24172,3s
14375,3h
21391,jh
27767,7h
38474,5d
25670,qs
12086,10s
26521,qd
18786,3c
34561,4c
34177,9d
37037,5s
37097,5s
29263,4d
11634,10d
25255,3d
14727,3h
3488,7c
14564,3h
22544,10h
26629,qd
16992,jd
33362,9s
6752,7d
19632,2s
12388,10s
16837,jd
3381,7c
33271,9s
27083,2c
2018,5h
34624,4c
11571,10d
5339,6c
38630,5d
13016,ks
10976,jc
5328,6c
28123,7h
12888,ks
19953,2s
24289,3s
30903,5c
1169,6s
9307,ac
11572,10d
12438,10s
18379,10c
35659,ah
4640,ad
14637,3h
36919,5s
25063,3d
33458,9s
11343,10d
33765,9d
19614,2s
30861,5c
10250,qh
13,6d
16044,js
22688,10h
31881,8s
12089,10s
21335,jh
2729,9h
21869,qc
36822,5s
21909,qc
11716,10d
8659,7s
9756,qh
6447,8h
29458,4d
30991,5c
23670,kh
35691,ah
16922,jd
32468,8d
27438,2c
27032,2c
30160,9c
9082,ac
1085,6s
15103,2h
21070,jh
33432,9s
34022,9d
13228,ks
17719,kc
28919,4s
21910,qc
13047,ks
4234,as
34715,4c
1842,5h
31164,5c
2376,9h
7160,7d
1045,6s
25790,qs
5315,6c
23289,kh
22887,10h
36375,8c
448,6d
10022,qh
24911,3d
17010,jd
8545,7s
19565,2s
7997,4h
34222,9d
3154,7c
30315,9c
11615,10d
33891,9d
32293,8d
31784,8s
14373,3h
2510,9h
36151,8c
11460,10d
2543,9h
19650,2s
34735,4c
3342,7c
29679,4d
6158,8h
29253,4d
12158,10s
31158,5c
17618,kc
9493,ac
38620,5d
3784,as
32493,8d
22214,qc
13547,kd
12132,10s
10107,qh
15756,js
18104,10c
37010,5s
11255,10d
1653,5h
9828,qh
25813,qs
14570,3h
22545,10h
27269,2c
33833,9d
922,6s
10514,jc
38411,5d
25851,qs
7559,4h
5617,6c
7700,4h
4538,ad
16241,js
26463,qd
17465,kc
307,6d
9220,ac
32323,8d
21815,qc
13603,kd
8578,7s
32406,8d
27262,2c
19574,2s
14390,3h
33296,9s
37772,6h
21111,jh
17445,kc
23570,kh
31696,8s
33235,9s
18776,3c
27066,2c
19950,2s
4240,as
2655,9h
35422,ah
18166,10c
21922,qc
3891,as
18187,10c
37797,6h
38381,5d
5540,6c
30136,9c
29717,4d
31780,8s
26544,qd
25515,qs
9504,ac
29331,4d
1539,5h
33987,9d
18931,3c
1198,6s
27827,7h
20767,2d
2563,9h
32435,8d
24978,3d
37688,6h
1801,5h
34092,9d
15195,2h
5612,6c
11305,10d
34199,9d
23389,kh
11274,10d
29473,4d
34611,4c
27181,2c
3775,as
32489,8d
29725,4d
1981,5h
29529,4d
35513,ah
6765,7d
14661,3h
21985,qc
24345,3s
26578,qd
16904,jd
2297,9h
7908,4h
16148,js
36951,5s
20343,2d
24264,3s
8324,7s
22182,qc
32717,8d
7068,7d
300,6d
17528,kc
11726,10d
117,6d
32769,8d
29696,4d
19782,2s
32664,8d
13005,ks
4035,as
19076,3c
20574,2d
11505,10d
31096,5c
32501,8d
34514,4c
31584,8s
5370,6c
37021,5s
26352,qd
24511,3s
22571,10h
6787,7d
9011,ac
11427,10d
23535,kh
25261,3d
10119,qh
1944,5h
11356,10d
33838,9d
27893,7h
12936,ks
24296,3s
9902,qh
30948,5c
21502,jh
27888,7h
18018,10c
9421,ac
28676,4s
320,6d
22943,10h
28702,4s
35579,ah
31804,8s
17313,kc
11757,10d
12310,10s
6369,8h
18423,10c
37589,6h
21044,jh
20750,2d
30161,9c
1182,6s
20477,2d
28954,4s
6116,8h
2718,9h
34171,9d
13205,ks
13722,kd
7199,7d
9787,qh
9942,qh
31990,8s
974,6s
8441,7s
26745,qd
26542,qd
35301,ah
34741,4c
19145,3c
13595,kd
10897,jc
33902,9d
24132,3s
18511,10c
28600,4s
30957,5c
37269,5s
11371,10d
25084,3d
12115,10s
7200,7d
31960,8s
31929,8s
10876,jc
6501,8h
10646,jc
18314,10c
30045,9c
1515,5h
13627,kd
13171,ks
30886,5c
30320,9c
27285,2c
33180,9s
33486,9s
31669,8s
18994,3c
38303,5d
31625,8s
35337,ah
5627,6c
14566,3h
21059,jh
11688,10d
12780,ks
34905,4c
14629,3h
18416,10c
33970,9d
13195,ks
34251,9d
24865,3d
26715,qd
27503,2c
6802,7d
6341,8h
18983,3c
23414,kh
11662,10d
135,6d
3293,7c
1999,5h
3061,7c
37859,6h
28185,7h
13744,kd
22246,qc
37909,6h
31785,8s
29438,4d
23446,kh
13140,ks
31543,8s
28709,4s
33818,9d
18015,10c
7603,4h
18296,10c
2689,9h
4777,ad
1115,6s
12107,10s
4759,ad
37580,6h
38701,5d
5755,6c
25810,qs
17462,kc
1974,5h
27905,7h
24523,3s
13056,ks
27839,7h
21086,jh
21395,jh
26516,qd
22019,qc
31633,8s
19752,2s
5322,6c
20386,2d
17335,kc
7521,4h
28604,4s
27515,2c
17404,kc
33824,9d
26293,qd
1990,5h
8299,7s
36486,8c
12110,10s
21506,jh
12173,10s
10973,jc
22889,10h
14641,3h
37171,5s
7549,4h
31263,5c
3288,7c
9513,ac
20632,2d
23558,kh
19612,2s
25242,3d
6932,7d
11723,10d
26630,qd
21328,jh
19894,2s
35405,ah
2722,9h
7704,4h
35313,ah
21425,jh
768,6s
14582,3h
12168,10s
9085,ac
31802,8s
12929,ks
14325,3h
17428,kc
19925,2s
4186,as
9976,qh
20506,2d
13172,ks
23541,kh
25779,qs
9019,ac
22796,10h
13934,kd
19827,2s
37926,6h
3498,7c
36384,8c
9811,qh
38521,5d
29489,4d
36327,8c
16841,jd
21029,jh
33781,9d
5702,6c
35359,ah
26631,qd
38462,5d
1154,6s
7892,4h
7819,4h
33392,9s
8267,7s
2388,9h
24294,3s
35414,ah
25863,qs
36930,5s
5330,6c
18490,10c
36492,8c
28098,7h
19250,3c
31235,5c
14320,3h
30018,9c
4268,as
11724,10d
12121,10s
34934,4c
37863,6h
12201,10s
34991,4c
27030,2c
24146,3s
13080,ks
23504,kh
12818,ks
31046,5c
32595,8d
35699,ah
17337,kc
36455,8c
1663,5h
14296,3h
13992,kd
18779,3c
15006,2h
22962,10h
24968,3d
28156,7h
3117,7c
17676,kc
16137,js
15935,js
25920,qs
18167,10c
6823,7d
27147,2c
1523,5h
17772,kc
37266,5s
19068,3c
34202,9d
10061,qh
25035,3d
30085,9c
21412,jh
10773,jc
13721,kd
7124,7d
50,6d
35453,ah
31223,5c
5479,6c
23610,kh
12458,10s
5649,6c
26758,qd
24108,3s
24332,3s
31958,8s
4232,as
14302,3h
21063,jh
37655,6h
5416,6c
18224,10c
29379,4d
24148,3s
22591,10h
10745,jc
3365,7c
38478,5d
6283,8h
20307,2d
9266,ac
18206,10c
31671,8s
19572,2s
3322,7c
6203,8h
7725,4h
20733,2d
15342,2h
37749,6h
9273,ac
29,6d
19677,2s
12125,10s
22914,10h
33347,9s
22140,qc
15883,js
24071,3s
1821,5h
28793,4s
18384,10c
33926,9d
11725,10d
36511,8c
30291,9c
31693,8s
405,6d
37737,6h
4121,as
7865,4h
12912,ks
32411,8d
33948,9d
11432,10d
27340,2c
25734,qs
18763,3c
16976,jd
34246,9d
36154,8c
24417,3s
36106,8c
26649,qd
12264,10s
13713,kd
34118,9d
28006,7h
5750,6c
12176,10s
24082,3s
34206,9d
27489,2c
27329,2c
28265,7h
37893,6h
36304,8c
26317,qd
19630,2s
1637,5h
22639,10h
27169,2c
32696,8d
33133,9s
9287,ac
15356,2h
24443,3s
24202,3s
15158,2h
505,6d
30831,5c
7598,4h
19674,2s
28511,4s
16790,jd
25096,3d
26549,qd
9890,qh
11406,10d
22657,10h
20736,2d
31546,8s
27048,2c
28980,4s
9962,qh
28975,4s
8429,7s
17429,kc
7542,4h
22898,10h
24859,3d
7861,4h
26270,qd
22207,qc
12403,10s
22925,10h
9786,qh
6191,8h
6131,8h
14435,3h
25982,qs
26361,qd
9815,qh
4068,as
28594,4s
7857,4h
30240,9c
38259,5d
21509,jh
10679,jc
19676,2s
10030,qh
32340,8d
20493,2d
30809,5c
12476,10s
33892,9d
31825,8s
26369,qd
21429,jh
35424,ah
5353,6c
34817,4c
24193,3s
25974,qs
33007,9s
10892,jc
6786,7d
25778,qs
7776,4h
35701,ah
12424,10s
3141,7c
4182,as
8339,7s
31647,8s
17004,jd
4885,ad
7945,4h
31246,5c
28941,4s
34703,4c
7000,7d
22946,10h
37850,6h
19030,3c
10675,jc
37537,6h
5445,6c
10938,jc
13178,ks
16762,jd
37950,6h
26577,qd
23273,kh
38681,5d
27070,2c
33804,9d
22713,10h
18185,10c
36519,8c
2526,9h
26457,qd
31140,5c
27278,2c
34126,9d
28232,7h
4832,ad
16556,jd
10695,jc
1196,6s
2577,9h
11509,10d
21115,jh
16519,jd
5450,6c
30823,5c
30049,9c
32405,8d
25979,qs
27060,2c
2619,9h
31057,5c
1691,5h
18340,10c
6217,8h
27111,2c
21076,jh
16824,jd
24095,3s
11626,10d
2005,5h
518,6d
7087,7d
25998,qs
37030,5s
26023,qs
2287,9h
16218,js
19200,3c
10083,qh
9255,ac
9833,qh
8395,7s
27375,2c
18238,10c
32295,8d
26405,qd
14529,3h
37651,6h
9796,qh
28171,7h
36288,8c
24106,3s
7547,4h
4631,ad
305,6d
34059,9d
13012,ks
38459,5d
5417,6c
1710,5h
342,6d
9474,ac
21822,qc
15511,2h
8746,7s
15922,js
25761,qs
36085,8c
34145,9d
18810,3c
15237,2h
19578,2s
14294,3h
12381,10s
11336,10d
12796,ks
24818,3d
16085,js
27205,2c
31720,8s
8415,7s
9928,qh
5741,6c
12259,10s
18201,10c
31572,8s
2738,9h
1010,6s
4228,as
34107,9d
7958,4h
15323,2h
22608,10h
16866,jd
30985,5c
6821,7d
24184,3s
960,6s
17457,kc
22526,10h
36185,8c
37652,6h
21249,jh
36192,8c
7202,7d
18258,10c
33186,9s
32441,8d
30223,9c
1660,5h
32004,8s
20492,2d
1516,5h
8531,7s
21019,jh
28017,7h
22161,qc
5688,6c
7101,7d
27781,7h
26461,qd
4040,as
16577,jd
12328,10s
19788,2s
21954,qc
12150,10s
27399,2c
12280,10s
21178,jh
33342,9s
904,6s
15281,2h
5682,6c
32752,8d
514,6d
34856,4c
16180,js
7853,4h
25232,3d
31601,8s
18174,10c
37687,6h
29357,4d
6403,8h
6810,7d
28070,7h
36128,8c
6428,8h
24275,3s
29597,4d
3224,7c
37883,6h
8680,7s
17732,kc
4738,ad
29737,4d
27956,7h
29566,4d
37980,6h
24513,3s
36083,8c
237,6d
33289,9s
38399,5d
18217,10c
25625,qs
36797,5s
27382,2c
35756,ah
29298,4d
10687,jc
26287,qd
13509,kd
31891,8s
37823,6h
15880,js
32399,8d
837,6s
33829,9d
28802,4s
12272,10s
871,6s
21085,jh
7723,4h
6161,8h
31800,8s
12474,10s
23300,kh
29491,4d
24766,3d
14331,3h
17637,kc
16141,js
32290,8d
18885,3c
33923,9d
27467,2c
30783,5c
9371,ac
16671,jd
27830,7h
3940,as
2425,9h
19798,2s
19520,2s
37925,6h
12918,ks
29293,4d
19568,2s
7093,7d
3839,as
36915,5s
8508,7s
4843,ad
16688,jd
30966,5c
38422,5d
38402,5d
22022,qc
12958,ks
38332,5d
31991,8s
2431,9h
24019,3s
38466,5d
28831,4s
32436,8d
26517,qd
11437,10d
38678,5d
178,6d
12757,ks
1904,5h
16857,jd
16166,js
6163,8h
19098,3c
16614,jd
24955,3d
35541,ah
11637,10d
35442,ah
28085,7h
10592,jc
24290,3s
34157,9d
3355,7c
18385,10c
5560,6c
2284,9h
12416,10s
28911,4s
4952,ad
18433,10c
25793,qs
29768,4d
33893,9d
37032,5s
37762,6h
24834,3d
8421,7s
3497,7c
24131,3s
27380,2c
6174,8h
32553,8d
1512,5h
36448,8c
11649,10d
33008,9s
37641,6h
100,6d
20489,2d
8725,7s
24078,3s
340,6d
6120,8h
370,6d
15426,2h
31251,5c
30030,9c
2395,9h
32014,8s
33967,9d
28737,4s
4900,ad
31692,8s
21314,jh
3252,7c
6462,8h
36981,5s
6394,8h
7143,7d
36770,5s
36279,8c
18857,3c
37045,5s
10097,qh
28157,7h
33300,9s
11426,10d
36125,8c
9178,ac
26435,qd
27981,7h
23252,kh
18285,10c
33933,9d
1947,5h
4079,as
32339,8d
22629,10h
9898,qh
24861,3d
30828,5c
4578,ad
32546,8d
21471,jh
35499,ah
26536,qd
18256,10c
33264,9s
21373,jh
9271,ac
11607,10d
26764,qd
5730,6c
28020,7h
35741,ah
11646,10d
152,6d
19729,2s
14315,3h
9436,ac
35590,ah
1756,5h
4632,ad
14404,3h
28514,4s
33851,9d
37865,6h
3510,7c
18366,10c
35334,ah
31547,8s
8446,7s
1993,5h
15359,2h
28689,4s
13901,kd
23003,10h
16895,jd
25174,3d
20508,2d
19186,3c
4618,ad
12369,10s
28672,4s
36331,8c
24375,3s
12226,10s
4207,as
24990,3d
11390,10d
36269,8c
7971,4h
34076,9d
1070,6s
30405,9c
33376,9s
25654,qs
35610,ah
16984,jd
7852,4h
25777,qs
13041,ks
10578,jc
291,6d
16136,js
21006,jh
4706,ad
12400,10s
13906,kd
30148,9c
15304,2h
12303,10s
3166,7c
34237,9d
6144,8h
35533,ah
32606,8d
19682,2s
37811,6h
6817,7d
2361,9h
18427,10c
11252,10d
35322,ah
13743,kd
18152,10c
19240,3c
24217,3s
15417,2h
30494,9c
3129,7c
37786,6h
3268,7c
34036,9d
1152,6s
34683,4c
33438,9s
33298,9s
32450,8d
2568,9h
21473,jh
13781,kd
16553,jd
8561,7s
2254,9h
13815,kd
37561,6h
192,6d
9839,qh
22779,10h
15119,2h
34776,4c
37960,6h
35554,ah
3203,7c
33974,9d
27859,7h
37963,6h
9925,qh
12509,10s
9036,ac
1172,6s
29334,4d
2424,9h
32721,8d
6914,7d
8596,7s
14761,3h
25681,qs
21252,jh
13252,ks
38417,5d
6205,8h
22975,10h
28621,4s
2567,9h
17022,jd
10821,jc
32268,8d
22765,10h
12339,10s
20564,2d
5314,6c
32394,8d
13613,kd
24230,3s
15256,2h
1161,6s
8686,7s
8619,7s
14535,3h
15912,js
27265,2c
36082,8c
15788,js
16188,js
18387,10c
2606,9h
1605,5h
19671,2s
21955,qc
29429,4d
38568,5d
36892,5s
29436,4d
13614,kd
16721,jd
38642,5d
2635,9h
36361,8c
30259,9c
17710,kc
7829,4h
28206,7h
23376,kh
8534,7s
38676,5d
32010,8s
5266,6c
23393,kh
1997,5h
4171,as
28134,7h
2342,9h
22191,qc
2566,9h
2765,9h
14019,kd
131,6d
37675,6h
25755,qs
3829,as
22032,qc
16942,jd
6025,8h
19143,3c
28768,4s
28842,4s
12266,10s
32280,8d
21147,jh
20014,2s
27052,2c
6751,7d
12014,10s
10925,jc
37170,5s
3242,7c
3499,7c
9464,ac
4211,as
2461,9h
36299,8c
17530,kc
13067,ks
21327,jh
3361,7c
10259,qh
24379,3s
14449,3h
29756,4d
18762,3c
18,6d
501,6d
18154,10c
26337,qd
29629,4d
3848,as
4795,ad
21232,jh
3904,as
23481,kh
264,6d
25650,qs
16168,js
7874,4h
25837,qs
26444,qd
24136,3s
28022,7h
11587,10d
15510,2h
22036,qc
37057,5s
16581,jd
31664,8s
212,6d
21175,jh
25787,qs
9007,ac
6466,8h
6912,7d
2317,9h
12859,ks
16587,jd
30904,5c
25965,qs
17669,kc
32315,8d
20651,2d
35318,ah
25688,qs
10602,jc
27390,2c
35410,ah
23357,kh
6354,8h
27936,7h
18970,3c
35754,ah
4053,as
10994,jc
3328,7c
1624,5h
3105,7c
22039,qc
35732,ah
30231,9c
29360,4d
33206,9s
17002,jd
224,6d
20484,2d
23445,kh
9766,qh
7759,4h
16599,jd
14656,3h
11266,10d
28208,7h
2459,9h
19083,3c
9237,ac
32706,8d
19206,3c
24063,3s
31575,8s
6183,8h
21048,jh
13196,ks
1937,5h
20629,2d
27007,2c
27846,7h
6057,8h
12395,10s
37586,6h
11522,10d
29623,4d
23527,kh
4712,ad
26273,qd
25805,qs
32628,8d
18995,3c
25179,3d
14417,3h
29000,4s
16805,jd
36933,5s
6990,7d
7721,4h
14508,3h
28536,4s
11664,10d
17422,kc
24180,3s
24784,3d
9837,qh
11268,10d
26529,qd
18325,10c
32408,8d
19742,2s
10884,jc
31950,8s
38525,5d
34080,9d
158,6d
1218,6s
30979,5c
29675,4d
2263,9h
31967,8s
38641,5d
38668,5d
3452,7c
33041,9s
38686,5d
26756,qd
26395,qd
20652,2d
941,6s
10570,jc
5762,6c
1540,5h
4526,ad
13924,kd
32400,8d
37945,6h
36000,8c
7209,7d
7271,7d
3100,7c
936,6s
17309,kc
30152,9c
33105,9s
30411,9c
37085,5s
3914,as
13610,kd
37967,6h
4671,ad
32758,8d
13791,kd
38495,5d
25549,qs
29771,4d
12461,10s
15796,js
21138,jh
16600,jd
26280,qd
25172,3d
20738,2d
24389,3s
9414,ac
11502,10d
10645,jc
4512,ad
19689,2s
26389,qd
21342,jh
31233,5c
25059,3d
18182,10c
9091,ac
35303,ah
24825,3d
35349,ah
11596,10d
10944,jc
17737,kc
13206,ks
15802,js
16973,jd
38522,5d
14745,3h
17295,kc
24816,3d
8745,7s
3504,7c
32648,8d
16978,jd
33796,9d
19059,3c
19970,2s
23466,kh
33983,9d
1500,5h
258,6d
15126,2h
22976,10h
24053,3s
38722,5d
6026,8h
12451,10s
37205,5s
10124,qh
22106,qc
4752,ad
350,6d
4756,ad
9814,qh
14567,3h
31128,5c
4925,ad
8519,7s
29434,4d
18035,10c
37610,6h
20708,2d
33315,9s
20682,2d
10757,jc
10272,qh
35383,ah
1870,5h
27849,7h
1867,5h
1273,6s
33882,9d
37160,5s
9404,ac
1046,6s
35618,ah
20350,2d
5251,6c
19881,2s
34919,4c
35675,ah
10632,jc
16255,js
33761,9d
970,6s
4019,as
25630,qs
21279,jh
27440,2c
29713,4d
5552,6c
2559,9h
11496,10d
8747,7s
27897,7h
19874,2s
20424,2d
35495,ah
28644,4s
26563,qd
26757,qd
1576,5h
36996,5s
7125,7d
24801,3d
28828,4s
22738,10h
21230,jh
23325,kh
28730,4s
21447,jh
31968,8s
33005,9s
38500,5d
10658,jc
31933,8s
11289,10d
20618,2d
24755,3d
18426,10c
7027,7d
31236,5c
25188,3d
34801,4c
23007,10h
33779,9d
13549,kd
13933,kd
26323,qd
3276,7c
21816,qc
343,6d
12505,10s
24826,3d
38725,5d
35751,ah
25624,qs
18861,3c
37061,5s
16846,jd
20293,2d
38002,6h
10089,qh
23680,kh
10091,qh
17330,kc
23754,kh
12768,ks
25792,qs
25041,3d
37056,5s
9789,qh
6375,8h
2325,9h
10105,qh
8595,7s
21854,qc
31741,8s
16913,jd
12185,10s
21003,jh
33055,9s
15057,2h
15924,js
34117,9d
6111,8h
27194,2c
10900,jc
18134,10c
30180,9c
14603,3h
34558,4c
13238,ks
8467,7s
22798,10h
8341,7s
9075,ac
25028,3d
19731,2s
29284,4d
6936,7d
17542,kc
10116,qh
29693,4d
37715,6h
6400,8h
23382,kh
5604,6c
10502,jc
37798,6h
19810,2s
32663,8d
15225,2h
30322,9c
2507,9h
18808,3c
32385,8d
27926,7h
34189,9d
3048,7c
15339,2h
12228,10s
2256,9h
15346,2h
14558,3h
34166,9d
28733,4s
31856,8s
38558,5d
21396,jh
21524,jh
3424,7c
35307,ah
263,6d
27993,7h
36780,5s
22981,10h
19912,2s
37596,6h
25564,qs
30325,9c
19132,3c
22656,10h
2473,9h
28813,4s
15081,2h
38637,5d
9413,ac
13070,ks
15082,2h
35592,ah
38762,5d
32603,8d
14478,3h
21055,jh
14447,3h
10763,jc
13142,ks
3122,7c
30469,9c
18964,3c
17491,kc
29320,4d
777,6s
4224,as
28752,4s
1805,5h
29750,4d
12253,10s
13662,kd
4582,ad
38613,5d
17544,kc
36814,5s
24366,3s
22083,qc
16855,jd
4899,ad
34209,9d
38341,5d
3081,7c
36976,5s
15855,js
6799,7d
25623,qs
833,6s
32372,8d
30422,9c
31649,8s
19235,3c
33036,9s
22694,10h
23462,kh
16514,jd
6927,7d
30520,9c
34816,4c
36886,5s
33210,9s
22058,qc
7873,4h
37271,5s
18197,10c
28882,4s
3258,7c
1014,6s
10871,jc
5542,6c
27191,2c
33160,9s
7545,4h
3306,7c
8632,7s
38317,5d
795,6s
7837,4h
4849,ad
17691,kc
1808,5h
6213,8h
6110,8h
25807,qs
17553,kc
35576,ah
37953,6h
33338,9s
793,6s
10084,qh
13197,ks
23517,kh
12178,10s
18241,10c
25766,qs
34742,4c
6070,8h
32674,8d
4190,as
5407,6c
27385,2c
17331,kc
32545,8d
16060,js
18289,10c
20319,2d
3171,7c
6102,8h
6188,8h
22073,qc
9358,ac
19255,3c
177,6d
8714,7s
16524,jd
25929,qs
27149,2c
36129,8c
23508,kh
18993,3c
6252,8h
21919,qc
35452,ah
31243,5c
38627,5d
6877,7d
15461,2h
901,6s
22603,10h
9121,ac
29730,4d
14698,3h
1625,5h
28724,4s
19160,3c
32590,8d
37089,5s
11010,jc
316,6d
37790,6h
23380,kh
7528,4h
8400,7s
2508,9h
34718,4c
10253,qh
36073,8c
4580,ad
211,6d
7582,4h
8645,7s
29345,4d
16082,js
34208,9d
4269,as
25812,qs
2564,9h
27909,7h
17716,kc
1505,5h
4857,ad
33400,9s
7053,7d
24799,3d
6201,8h
22220,qc
16000,js
6220,8h
34958,4c
9277,ac
10202,qh
9797,qh
15862,js
19175,3c
26325,qd
12269,10s
314,6d
15277,2h
30837,5c
37753,6h
30278,9c
33513,9s
7037,7d
33446,9s
11533,10d
7234,7d
11377,10d
26439,qd
26393,qd
5462,6c
15263,2h
4948,ad
22232,qc
76,6d
28771,4s
21777,qc
7621,4h
23478,kh
16560,jd
27286,2c
3019,7c
35745,ah
23641,kh
34827,4c
302,6d
20318,2d
27876,7h
36071,8c
28995,4s
20346,2d
30461,9c
4651,ad
34015,9d
11271,10d
23715,kh
17301,kc
8264,7s
8490,7s
17350,kc
34877,4c
19796,2s
7240,7d
14773,3h
12492,10s
12384,10s
28094,7h
38390,5d
6210,8h
13897,kd
989,6s
28920,4s
23520,kh
30962,5c
27217,2c
9235,ac
17503,kc
6858,7d
9876,qh
15946,js
13266,ks
36020,8c
37995,6h
21860,qc
9,6d
6005,8h
20606,2d
22248,qc
10535,jc
19100,3c
331,6d
8347,7s
24276,3s
28609,4s
26749,qd
17355,kc
19766,2s
31138,5c
1268,6s
7100,7d
35288,ah
33258,9s
26426,qd
5712,6c
886,6s
4189,as
35264,ah
33322,9s
21247,jh
1845,5h
1552,5h
10699,jc
15929,js
27842,7h
35332,ah
14398,3h
36001,8c
12991,ks
31670,8s
31684,8s
4099,as
5567,6c
12001,10s
36514,8c
25058,3d
13251,ks
18281,10c
29391,4d
4503,ad
423,6d
38431,5d
1137,6s
27459,2c
37904,6h
24387,3s
31996,8s
38625,5d
13633,kd
33394,9s
19797,2s
33842,9d
25785,qs
31918,8s
7870,4h
34932,4c
30276,9c
23772,kh
10141,qh
35023,4c
10962,jc
19801,2s
7716,4h
25873,qs
15245,2h
37246,5s
18830,3c
26541,qd
3374,7c
3162,7c
33398,9s
2272,9h
8684,7s
11459,10d
24380,3s
35517,ah
36491,8c
31898,8s
11584,10d
24520,3s
14518,3h
24112,3s
32686,8d
22844,10h
14552,3h
24970,3d
6042,8h
982,6s
33787,9d
23540,kh
22667,10h
6039,8h
23298,kh
25731,qs
36067,8c
36197,8c
20596,2d
31623,8s
1221,6s
20018,2s
24870,3d
13963,kd
18341,10c
22888,10h
23261,kh
14526,3h
3243,7c
4961,ad
36955,5s
3368,7c
28932,4s
33190,9s
16149,js
24895,3d
4854,ad
27185,2c
36072,8c
30273,9c
28589,4s
18163,10c
27476,2c
33995,9d
5402,6c
23258,kh
35706,ah
6513,8h
27974,7h
9067,ac
19875,2s
35433,ah
33992,9d
24927,3d
27454,2c
21102,jh
33197,9s
15200,2h
12068,10s
14481,3h
13114,ks
25977,qs
37527,6h
36497,8c
30300,9c
29751,4d
2605,9h
2580,9h
16849,jd
16919,jd
13891,kd
13160,ks
19556,2s
26414,qd
33412,9s
33349,9s
26328,qd
4637,ad
32630,8d
15893,js
19856,2s
22959,10h
23398,kh
5491,6c
16601,jd
863,6s
32699,8d
33924,9d
5764,6c
5759,6c
23525,kh
18109,10c
2688,9h
13584,kd
1057,6s
15965,js
31160,5c
21811,qc
20263,2d
7530,4h
22911,10h
30190,9c
31710,8s
26001,qs
23338,kh
18271,10c
22267,qc
24484,3s
29004,4s
36790,5s
9070,ac
24915,3d
4210,as
27806,7h
10977,jc
8559,7s
36210,8c
13573,kd
10943,jc
13926,kd
9948,qh
27017,2c
24922,3d
16864,jd
9506,ac
25108,3d
9147,ac
10052,qh
35478,ah
7781,4h
3935,as
5769,6c
9323,ac
34265,9d
13243,ks
20317,2d
6246,8h
6983,7d
21960,qc
4212,as
10048,qh
16542,jd
14684,3h
25073,3d
26322,qd
4962,ad
966,6s
36023,8c
16603,jd
35377,ah
24510,3s
31252,5c
1139,6s
38764,5d
33073,9s
32294,8d
21809,qc
23008,10h
1872,5h
34879,4c
36373,8c
3824,as
6757,7d
24517,3s
77,6d
21390,jh
6313,8h
5015,ad
20640,2d
24316,3s
3084,7c
26503,qd
38430,5d
934,6s
113,6d
101,6d
19868,2s
27232,2c
15208,2h
9456,ac
10615,jc
18360,10c
30123,9c
33404,9s
27177,2c
36998,5s
34873,4c
15977,js
32430,8d
29256,4d
33332,9s
9861,qh
7518,4h
1514,5h
31211,5c
26635,qd
25217,3d
7973,4h
6866,7d
34559,4c
3112,7c
4233,as
9387,ac
33870,9d
1853,5h
1189,6s
22029,qc
17449,kc
27371,2c
37846,6h
16608,jd
13553,kd
36975,5s
11004,jc
3975,as
27229,2c
30258,9c
25946,qs
23491,kh
29466,4d
28532,4s
892,6s
25271,3d
38334,5d
4057,as
20373,2d
11622,10d
4801,ad
22818,10h
9236,ac
23553,kh
20770,2d
3090,7c
19907,2s
35342,ah
36826,5s
26358,qd
22226,qc
13199,ks
7158,7d
34930,4c
7072,7d
12797,ks
5253,6c
28035,7h
32475,8d
9110,ac
10979,jc
11547,10d
34563,4c
10258,qh
38461,5d
430,6d
6409,8h
3310,7c
10071,qh
37821,6h
20757,2d
23594,kh
25875,qs
36454,8c
17397,kc
36881,5s
19754,2s
19562,2s
21808,qc
26326,qd
16720,jd
18165,10c
12443,10s
19679,2s
10846,jc
13663,kd
11349,10d
11494,10d
13644,kd
21218,jh
37088,5s
31697,8s
7639,4h
283,6d
12506,10s
32421,8d
4107,as
4763,ad
34688,4c
25156,3d
31699,8s
4873,ad
6412,8h
37598,6h
32277,8d
10123,qh
14459,3h
10958,jc
27424,2c
30093,9c
20394,2d
9979,qh
7734,4h
25967,qs
36066,8c
8273,7s
21339,jh
31845,8s
34839,4c
18176,10c
33453,9s
34109,9d
19805,2s
18368,10c
18967,3c
34252,9d
30860,5c
20471,2d
3375,7c
34120,9d
37733,6h
14743,3h
23732,kh
9144,ac
11589,10d
750,6s
15160,2h
18760,3c
35561,ah
31721,8s
36931,5s
9992,qh
10200,qh
33956,9d
35769,ah
6785,7d
33214,9s
31576,8s
31843,8s
4950,ad
32634,8d
33033,9s
24043,3s
8266,7s
25135,3d
35369,ah
21415,jh
62,6d
35525,ah
10995,jc
27359,2c
30822,5c
19781,2s
1156,6s
21491,jh
24219,3s
37128,5s
807,6s
3116,7c
22649,10h
28695,4s
1117,6s
7805,4h
23454,kh
16901,jd
28910,4s
2496,9h
31155,5c
17370,kc
22967,10h
11251,10d
29559,4d
34709,4c
15296,2h
24198,3s
33292,9s
22505,10h
18435,10c
38003,6h
28875,4s
1052,6s
16052,js
4247,as
15169,2h
34737,4c
20536,2d
15806,js
6292,8h
10521,jc
37583,6h
19101,3c
16868,jd
27281,2c
32564,8d
17304,kc
31897,8s
26526,qd
34074,9d
22960,10h
36505,8c
5754,6c
9517,ac
22664,10h
34891,4c
345,6d
32395,8d
38609,5d
18491,10c
6260,8h
19961,2s
37796,6h
8426,7s
8463,7s
28268,7h
21000,jh
5357,6c
17018,jd
4184,as
5282,6c
30114,9c
37515,6h
38278,5d
3282,7c
20327,2d
24811,3d
27433,2c
7071,7d
4044,as
25173,3d
33029,9s
4956,ad
3482,7c
27512,2c
19156,3c
35003,4c
2682,9h
32506,8d
28824,4s
9215,ac
21928,qc
18503,10c
16559,jd
7627,4h
15093,2h
11734,10d
7616,4h
18052,10c
17723,kc
25048,3d
8251,7s
34870,4c
35542,ah
31834,8s
37141,5s
20588,2d
3263,7c
335,6d
492,6d
30228,9c
23253,kh
6775,7d
1513,5h
22930,10h
29013,4s
22165,qc
12139,10s
34172,9d
12366,10s
5760,6c
19232,3c
34153,9d
2609,9h
5292,6c
26468,qd
4126,as
30067,9c
34259,9d
5294,6c
21365,jh
12051,10s
14353,3h
1823,5h
2685,9h
10727,jc
24262,3s
2516,9h
1177,6s
21296,jh
21887,qc
12239,10s
34946,4c
3844,as
20382,2d
11466,10d
7774,4h
36758,5s
14631,3h
10017,qh
4237,as
28165,7h
31700,8s
19850,2s
15932,js
16072,js
8699,7s
19177,3c
37763,6h
13141,ks
11706,10d
8412,7s
10217,qh
32550,8d
26670,qd
17582,kc
16763,jd
11312,10d
24487,3s
12976,ks
27275,2c
30961,5c
4996,ad
20264,2d
9512,ac
30342,9c
15009,2h
25543,qs
23351,kh
32376,8d
6875,7d
22819,10h
31842,8s
13727,kd
10756,jc
4834,ad
18924,3c
30964,5c
32022,8s
37522,6h
16516,jd
23309,kh
38252,5d
16619,jd
14758,3h
1148,6s
22680,10h
31932,8s
18252,10c
23432,kh
880,6s
14008,kd
1068,6s
14337,3h
27271,2c
36285,8c
16925,jd
32407,8d
27172,2c
3373,7c
28739,4s
16510,jd
22119,qc
3087,7c
27148,2c
16863,jd
31151,5c
21413,jh
22554,10h
31179,5c
38254,5d
6207,8h
14541,3h
29333,4d
1748,5h
32308,8d
36180,8c
33520,9s
26607,qd
4561,ad
14497,3h
26261,qd
12140,10s
17368,kc
28565,4s
16789,jd
7753,4h
29287,4d
26429,qd
7664,4h
6231,8h
19834,2s
22263,qc
21157,jh
19958,2s
896,6s
3926,as
12887,ks
37020,5s
38014,6h
10566,jc
23448,kh
9829,qh
12271,10s
28792,4s
36832,5s
5731,6c
9892,qh
3261,7c
30909,5c
19870,2s
11021,jc
25121,3d
14355,3h
3771,as
30780,5c
37226,5s
20354,2d
80,6d
25611,qs
18469,10c
12397,10s
3886,as
36377,8c
9041,ac
16163,js
15917,js
19600,2s
15222,2h
1976,5h
29295,4d
30420,9c
28779,4s
27958,7h
31948,8s
13217,ks
2499,9h
37074,5s
11250,10d
38695,5d
30982,5c
5749,6c
22185,qc
26003,qs
30156,9c
24367,3s
32584,8d
24797,3d
17546,kc
15779,js
4754,ad
35580,ah
31947,8s
12034,10s
3799,as
18811,3c
9488,ac
11397,10d
7634,4h
10859,jc
17275,kc
8464,7s
31553,8s
22665,10h
7983,4h
14349,3h
36913,5s
16993,jd
13249,ks
30772,5c
32487,8d
25820,qs
7735,4h
25017,3d
23299,kh
11673,10d
33862,9d
10582,jc
27261,2c
37812,6h
28976,4s
4897,ad
1208,6s
6381,8h
20505,2d
4557,ad
18378,10c
37025,5s
27305,2c
12003,10s
18270,10c
12116,10s
11561,10d
9838,qh
35762,ah
32446,8d
21446,jh
32607,8d
32608,8d
9437,ac
21406,jh
23483,kh
35687,ah
9423,ac
23717,kh
21378,jh
30970,5c
30384,9c
18279,10c
31542,8s
34207,9d
5527,6c
12885,ks
9459,ac
26551,qd
21844,qc
15761,js
15172,2h
7235,7d
17612,kc
17625,kc
29354,4d
27495,2c
5420,6c
24365,3s
11439,10d
3859,as
4821,ad
16215,js
11753,10d
22726,10h
36326,8c
36887,5s
27460,2c
25934,qs
1655,5h
24075,3s
3175,7c
25759,qs
21427,jh
37272,5s
9821,qh
9415,ac
3880,as
4610,ad
28566,4s
4856,ad
18770,3c
15765,js
16147,js
23765,kh
13809,kd
20685,2d
11292,10d
31548,8s
23378,kh
4515,ad
16507,jd
38361,5d
6373,8h
10815,jc
16114,js
30236,9c
10098,qh
8503,7s
34975,4c
26673,qd
19864,2s
15157,2h
15809,js
7615,4h
5426,6c
31100,5c
188,6d
27214,2c
20455,2d
14299,3h
31878,8s
30954,5c
11275,10d
37780,6h
28263,7h
32251,8d
2554,9h
38020,6h
36174,8c
30906,5c
15015,2h
24481,3s
20023,2s
21273,jh
16883,jd
20559,2d
14421,3h
5366,6c
15101,2h
20576,2d
22678,10h
33112,9s
4833,ad
7885,4h
36234,8c
38735,5d
19968,2s
37005,5s
16206,js
16829,jd
22968,10h
2599,9h
873,6s
33097,9s
31065,5c
2358,9h
388,6d
5269,6c
16850,jd
29708,4d
35353,ah
5563,6c
10562,jc
8328,7s
24006,3s
28670,4s
1619,5h
37591,6h
17424,kc
6273,8h
28539,4s
38579,5d
10055,qh
14271,3h
7991,4h
17702,kc
13685,kd
15500,2h
16808,jd
6030,8h
11527,10d
20577,2d
4206,as
29010,4s
3403,7c
3240,7c
14268,3h
4650,ad
32005,8s
18903,3c
13929,kd
28200,7h
36415,8c
35020,4c
15789,js
36842,5s
30498,9c
17451,kc
27447,2c
37258,5s
29620,4d
31254,5c
25978,qs
22173,qc
17763,kc
19023,3c
13754,kd
25957,qs
3430,7c
22785,10h
465,6d
6405,8h
15827,js
3069,7c
10985,jc
14328,3h
9980,qh
16566,jd
12893,ks
24083,3s
22574,10h
28224,7h
22028,qc
23328,kh
34750,4c
30432,9c
19634,2s
28038,7h
10014,qh
14636,3h
34505,4c
34886,4c
24998,3d
888,6s
3179,7c
34224,9d
19992,2s
1557,5h
4562,ad
31198,5c
36767,5s
7688,4h
12925,ks
10782,jc
6924,7d
9418,ac
10239,qh
9251,ac
34197,9d
1936,5h
10598,jc
15129,2h
1507,5h
2273,9h
7832,4h
34880,4c
4780,ad
23695,kh
424,6d
31969,8s
26691,qd
31587,8s
32544,8d
12941,ks
34996,4c
28634,4s
28175,7h
1064,6s
36921,5s
309,6d
14717,3h
2493,9h
21087,jh
26004,qs
19988,2s
32653,8d
13570,kd
24765,3d
15190,2h
36493,8c
26362,qd
1257,6s
9761,qh
25788,qs
21254,jh
34667,4c
33080,9s
9260,ac
23499,kh
38749,5d
29659,4d
24769,3d
6509,8h
14623,3h
321,6d
30953,5c
8001,4h
36498,8c
7762,4h
8625,7s
813,6s
2626,9h
11513,10d
36337,8c
35,6d
21472,jh
12332,10s
165,6d
25854,qs
11468,10d
21493,jh
33417,9s
3311,7c
26570,qd
12177,10s
9352,ac
2764,9h
8002,4h
269,6d
24334,3s
25203,3d
34017,9d
23598,kh
36330,8c
18866,3c
11678,10d
33354,9s
10664,jc
9502,ac
28119,7h
32574,8d
1508,5h
30214,9c
21494,jh
31927,8s
8629,7s
23265,kh
31972,8s
3964,as
8597,7s
35436,ah
16936,jd
37134,5s
33918,9d
9360,ac
4616,ad
31731,8s
9381,ac
16046,js
24452,3s
26412,qd
11298,10d
9788,qh
20001,2s
37541,6h
35371,ah
13150,ks
32756,8d
16202,js
25204,3d
1503,5h
2715,9h
14280,3h
4955,ad
821,6s
10967,jc
3758,as
19028,3c
4179,as
6497,8h
15785,js
14729,3h
21176,jh
15031,2h
26632,qd
8611,7s
21508,jh
34557,4c
17396,kc
11363,10d
27039,2c
31079,5c
37603,6h
24428,3s
19096,3c
4025,as
23433,kh
17324,kc
19270,3c
20347,2d
33281,9s
12901,ks
17460,kc
14687,3h
15790,js
30020,9c
24354,3s
15165,2h
24507,3s
30288,9c
25902,qs
16563,jd
31589,8s
12076,10s
30908,5c
5598,6c
37958,6h
3944,as
9994,qh
25577,qs
32636,8d
10197,qh
12411,10s
13973,kd
26394,qd
34772,4c
9029,ac
26619,qd
36046,8c
3945,as
38635,5d
38575,5d
30467,9c
36002,8c
6224,8h
26599,qd
7791,4h
28540,4s
7162,7d
10700,jc
33139,9s
18845,3c
38526,5d
16506,jd
22931,10h
26310,qd
21192,jh
16088,js
25126,3d
2303,9h
31209,5c
6272,8h
28874,4s
15381,2h
24308,3s
16006,js
19569,2s
12842,ks
37841,6h
28915,4s
9450,ac
13656,kd
3905,as
19811,2s
9473,ac
28264,7h
28957,4s
35597,ah
28636,4s
7048,7d
27966,7h
21487,jh
8520,7s
14000,kd
972,6s
36962,5s
31044,5c
31135,5c
20358,2d
31916,8s
18172,10c
36183,8c
30290,9c
2709,9h
21049,jh
9957,qh
7959,4h
34837,4c
9944,qh
8454,7s
12761,ks
5262,6c
3153,7c
31144,5c
13747,kd
19039,3c
38591,5d
18097,10c
15302,2h
6156,8h
7844,4h
24805,3d
7597,4h
21097,jh
12281,10s
24492,3s
34978,4c
22120,qc
7715,4h
24439,3s
30893,5c
9986,qh
35412,ah
11631,10d
6222,8h
13676,kd
34131,9d
10717,jc
33209,9s
38673,5d
21834,qc
17525,kc
30934,5c
33937,9d
246,6d
26743,qd
28850,4s
16711,jd
31986,8s
16755,jd
16610,jd
25866,qs
22088,qc
3356,7c
10629,jc
23442,kh
30931,5c
9289,ac
36432,8c
398,6d
34805,4c
33820,9d
34538,4c
28150,7h
10163,qh
10868,jc
31148,5c
8285,7s
6379,8h
10211,qh
22527,10h
31232,5c
13803,kd
1743,5h
28047,7h
29474,4d
16184,js
8290,7s
24823,3d
5733,6c
31753,8s
30341,9c
15479,2h
1193,6s
14293,3h
22638,10h
14770,3h
31185,5c
28624,4s
21978,qc
18479,10c
4571,ad
10054,qh
3919,as
24237,3s
34675,4c
20531,2d
15478,2h
3939,as
32724,8d
829,6s
27817,7h
16927,jd
1147,6s
4934,ad
38643,5d
20526,2d
2701,9h
11384,10d
36063,8c
17755,kc
1857,5h
487,6d
34916,4c
7112,7d
35250,ah
20701,2d
21217,jh
26311,qd
26755,qd
28220,7h
31054,5c
9021,ac
10622,jc
27345,2c
9966,qh
19859,2s
36383,8c
2290,9h
22193,qc
4109,as
25876,qs
36070,8c
26,6d
18091,10c
35655,ah
429,6d
3337,7c
1023,6s
4989,ad
12831,ks
25754,qs
9092,ac
12295,10s
26548,qd
33816,9d
26495,qd
72,6d
12881,ks
15751,js
9179,ac
4545,ad
8461,7s
10529,jc
3217,7c
34887,4c
34793,4c
8460,7s
36754,5s
37842,6h
11737,10d
511,6d
33947,9d
37230,5s
4828,ad
25002,3d
33440,9s
6445,8h
38288,5d
8380,7s
31191,5c
33308,9s
6380,8h
38734,5d
12371,10s
37553,6h
30189,9c
27366,2c
35594,ah
20369,2d
29393,4d
19708,2s
33990,9d
5633,6c
17479,kc
30175,9c
36325,8c
34100,9d
23742,kh
319,6d
37165,5s
1536,5h
9345,ac
31529,8s
15759,js
33348,9s
28168,7h
2657,9h
19107,3c
37803,6h
21489,jh
1745,5h
24251,3s
28803,4s
31193,5c
34924,4c
24384,3s
36407,8c
1157,6s
21451,jh
21824,qc
6359,8h
38544,5d
21267,jh
11560,10d
19094,3c
31889,8s
11740,10d
168,6d
19233,3c
9772,qh
36367,8c
27317,2c
27019,2c
18895,3c
7150,7d
3395,7c
32517,8d
1849,5h
7718,4h
24033,3s
36339,8c
16050,js
2647,9h
1201,6s
19733,2s
18454,10c
9223,ac
37164,5s
15294,2h
29323,4d
5587,6c
13691,kd
13625,kd
23014,10h
16930,jd
25587,qs
5484,6c
32711,8d
29541,4d
21126,jh
259,6d
31648,8s
25904,qs
1125,6s
27134,2c
1013,6s
30064,9c
34915,4c
3022,7c
14365,3h
3846,as
22538,10h
1854,5h
23764,kh
12418,10s
9391,ac
31704,8s
29678,4d
28066,7h
13091,ks
37004,5s
12898,ks
31554,8s
29537,4d
7793,4h
19694,2s
12290,10s
18195,10c
16025,js
24124,3s
38366,5d
451,6d
13780,kd
8293,7s
28625,4s
9999,qh
20361,2d
3239,7c
35270,ah
12077,10s
21784,qc
19583,2s
7519,4h
26684,qd
17474,kc
21121,jh
16014,js
30281,9c
37556,6h
911,6s
15850,js
22987,10h
21220,jh
34751,4c
15236,2h
2556,9h
28522,4s
13545,kd
7744,4h
27461,2c
16676,jd
18317,10c
21818,qc
15295,2h
3296,7c
13130,ks
37214,5s
36104,8c
34836,4c
30158,9c
24432,3s
4877,ad
30251,9c
18222,10c
11595,10d
34230,9d
13669,kd
13094,ks
16882,jd
21428,jh
38515,5d
10851,jc
3192,7c
6789,7d
28581,4s
28016,7h
16934,jd
22737,10h
38612,5d
25743,qs
2319,9h
9200,ac
26301,qd
6363,8h
16160,js
29681,4d
33107,9s
18057,10c
24056,3s
2771,9h
25712,qs
5476,6c
33167,9s
30263,9c
27868,7h
18929,3c
6012,8h
23748,kh
38740,5d
36225,8c
33437,9s
36320,8c
26703,qd
29640,4d
4748,ad
23023,10h
24988,3d
21095,jh
38549,5d
31979,8s
6477,8h
5573,6c
14297,3h
1566,5h
2316,9h
10251,qh
32332,8d
21212,jh
16875,jd
6092,8h
32276,8d
19653,2s
38563,5d
13587,kd
4831,ad
27985,7h
37640,6h
13181,ks
26499,qd
1928,5h
34095,9d
38564,5d
36466,8c
6242,8h
23505,kh
22177,qc
14290,3h
37083,5s
17334,kc
23345,kh
24122,3s
37735,6h
16150,js
30185,9c
22176,qc
33359,9s
27852,7h
37009,5s
28065,7h
6404,8h
14598,3h
9190,ac
13991,kd
23368,kh
2595,9h
35623,ah
30301,9c
15909,js
37615,6h
15888,js
34204,9d
29023,4s
28965,4s
32552,8d
8281,7s
19886,2s
18755,3c
9443,ac
22189,qc
24931,3d
31036,5c
29341,4d
28629,4s
11430,10d
35319,ah
19047,3c
20475,2d
11597,10d
28014,7h
36773,5s
29019,4s
6308,8h
6175,8h
26392,qd
37520,6h
12950,ks
30430,9c
6782,7d
6808,7d
7680,4h
15216,2h
33178,9s
2413,9h
4265,as
5301,6c
3021,7c
1949,5h
38475,5d
24956,3d
7843,4h
13009,ks
14434,3h
19128,3c
12240,10s
28618,4s
5626,6c
38344,5d
16555,jd
11362,10d
35634,ah
9990,qh
16951,jd
20314,2d
7708,4h
19610,2s
24751,3d
4005,as
18850,3c
38557,5d
29548,4d
10201,qh
37036,5s
10822,jc
7242,7d
37954,6h
10748,jc
1242,6s
20609,2d
8,6d
24810,3d
10224,qh
36078,8c
122,6d
9906,qh
6402,8h
28142,7h
9198,ac
17310,kc
1769,5h
17407,kc
26628,qd
26306,qd
8479,7s
32007,8s
36056,8c
28913,4s
11537,10d
21935,qc
32659,8d
37914,6h
20516,2d
9359,ac
33323,9s
27259,2c
13705,kd
29470,4d
8733,7s
4081,as
20333,2d
4675,ad
34825,4c
34995,4c
18181,10c
13931,kd
10538,jc
15341,2h
38491,5d
29322,4d
13953,kd
9491,ac
33830,9d
3037,7c
27854,7h
27372,2c
4528,ad
13850,kd
37784,6h
32619,8d
23633,kh
31544,8s
14437,3h
33467,9s
10817,jc
5437,6c
23326,kh
421,6d
3453,7c
37916,6h
18867,3c
5726,6c
29560,4d
32602,8d
19795,2s
6107,8h
6781,7d
7815,4h
38403,5d
19921,2s
38721,5d
24783,3d
14444,3h
4660,ad
34960,4c
31789,8s
19515,2s
18355,10c
23744,kh
13630,kd
10875,jc
9336,ac
29709,4d
25229,3d
3826,as
7609,4h
5485,6c
28821,4s
22172,qc
13646,kd
31064,5c
20637,2d
18102,10c
27195,2c
23622,kh
7590,4h
34895,4c
22509,10h
30260,9c
23698,kh
36872,5s
3508,7c
31585,8s
8649,7s
23560,kh
15136,2h
6178,8h
23362,kh
14446,3h
26600,qd
6755,7d
35747,ah
19227,3c
19843,2s
26255,qd
18067,10c
25860,qs
2518,9h
36074,8c
35739,ah
10736,jc
37577,6h
12065,10s
19758,2s
31178,5c
23347,kh
38586,5d
33188,9s
12789,ks
38383,5d
38663,5d
4513,ad
17531,kc
25597,qs
3158,7c
33247,9s
31855,8s
13907,kd
24163,3s
34123,9d
9480,ac
8671,7s
482,6d
36362,8c
24381,3s
8564,7s
12878,ks
4842,ad
7872,4h
38565,5d
4522,ad
10841,jc
36762,5s
17600,kc
25647,qs
3001,7c
27354,2c
1608,5h
25244,3d
38391,5d
1043,6s
15840,js
12860,ks
4548,ad
35265,ah
21297,jh
33373,9s
950,6s
22764,10h
17455,kc
26479,qd
10829,jc
13086,ks
18389,10c
34601,4c
6884,7d
25910,qs
454,6d
9774,qh
24216,3s
22910,10h
29286,4d
1579,5h
34686,4c
10032,qh
22610,10h
36449,8c
37154,5s
38505,5d
15292,2h
2760,9h
9417,ac
15228,2h
1611,5h
7709,4h
12939,ks
12165,10s
13983,kd
8537,7s
16575,jd
8536,7s
34907,4c
15152,2h
26334,qd
30050,9c
18937,3c
8436,7s
24424,3s
37760,6h
21980,qc
9122,ac
22834,10h
15151,2h
10004,qh
30305,9c
26409,qd
32011,8s
13706,kd
28542,4s
30395,9c
36916,5s
26709,qd
25009,3d
389,6d
17372,kc
37013,5s
22105,qc
22817,10h
13257,ks
31570,8s
35612,ah
1909,5h
11480,10d
21189,jh
31805,8s
979,6s
2532,9h
28691,4s
20560,2d
33250,9s
22783,10h
36964,5s
221,6d
26272,qd
22272,qc
37754,6h
12224,10s
4054,as
27386,2c
17683,kc
1754,5h
2504,9h
20749,2d
1980,5h
31770,8s
25134,3d
36990,5s
14500,3h
2441,9h
24835,3d
25189,3d
30169,9c
25952,qs
28757,4s
16192,js
36003,8c
2428,9h
9189,ac
2326,9h
4772,ad
19901,2s
33443,9s
29495,4d
3786,as
24832,3d
13626,kd
38260,5d
2521,9h
37885,6h
14722,3h
33393,9s
12756,ks
29356,4d
7188,7d
23726,kh
36522,8c
9920,qh
18884,3c
3963,as
31982,8s
22964,10h
22219,qc
9398,ac
29579,4d
36193,8c
35760,ah
34691,4c
21224,jh
13221,ks
7756,4h
7901,4h
30188,9c
23474,kh
10156,qh
26584,qd
37550,6h
15186,2h
24868,3d
10661,jc
19684,2s
19771,2s
20300,2d
34124,9d
35443,ah
909,6s
4196,as
30788,5c
5487,6c
413,6d
17684,kc
21929,qc
4839,ad
24407,3s
22075,qc
23294,kh
27917,7h
23476,kh
8553,7s
36121,8c
439,6d
30480,9c
36115,8c
1056,6s
29432,4d
14751,3h
26690,qd
4110,as
15395,2h
14490,3h
36765,5s
27387,2c
1718,5h
965,6s
27367,2c
27469,2c
14414,3h
6236,8h
36275,8c
13731,kd
4014,as
32741,8d
25148,3d
21280,jh
36386,8c
15286,2h
18337,10c
37123,5s
33049,9s
30489,9c
1037,6s
16087,js
8749,7s
4768,ad
10554,jc
38700,5d
23,6d
23438,kh
16045,js
28713,4s
4721,ad
23644,kh
34057,9d
16031,js
5526,6c
11382,10d
10077,qh
10681,jc
19644,2s
28667,4s
1209,6s
31012,5c
18180,10c
4568,ad
34585,4c
9169,ac
8757,7s
27443,2c
19184,3c
23621,kh
763,6s
23686,kh
7915,4h
15468,2h
21246,jh
37518,6h
10837,jc
15109,2h
10270,qh
13241,ks
10749,jc
27250,2c
10225,qh
31911,8s
12276,10s
25764,qs
9234,ac
20486,2d
28699,4s
6168,8h
23322,kh
15171,2h
26699,qd
17312,kc
37187,5s
1102,6s
13643,kd
37908,6h
5017,ad
31265,5c
29390,4d
9217,ac
30415,9c
16117,js
6438,8h
28661,4s
24905,3d
18477,10c
820,6s
5268,6c
6258,8h
3078,7c
33251,9s
6088,8h
10813,jc
14499,3h
8635,7s
38372,5d
30967,5c
25736,qs
27023,2c
6811,7d
33117,9s
12357,10s
24330,3s
15930,js
12351,10s
18087,10c
30397,9c
9444,ac
24069,3s
2264,9h
10067,qh
27072,2c
3853,as
18193,10c
31217,5c
26401,qd
22863,10h
32494,8d
31673,8s
3757,as
28942,4s
7606,4h
3462,7c
35522,ah
17581,kc
17587,kc
11360,10d
13898,kd
32300,8d
35358,ah
20443,2d
25026,3d
38703,5d
35688,ah
17393,kc
22224,qc
18306,10c
17403,kc
15879,js
3026,7c
7043,7d
19144,3c
13144,ks
38439,5d
21957,qc
27274,2c
6824,7d
10955,jc
24473,3s
13274,ks
6853,7d
5664,6c
38667,5d
28748,4s
35598,ah
15303,2h
29443,4d
8371,7s
19125,3c
20633,2d
30816,5c
16509,jd
19878,2s
34622,4c
6140,8h
32538,8d
30001,9c
28763,4s
28880,4s
9112,ac
37077,5s
22166,qc
21284,jh
32364,8d
13740,kd
24159,3s
185,6d
1975,5h
14310,3h
19545,2s
32388,8d
4073,as
19764,2s
7917,4h
27267,2c
9245,ac
20645,2d
38519,5d
25796,qs
11419,10d
32371,8d
16779,jd
2456,9h
22586,10h
794,6s
22635,10h
10919,jc
22744,10h
5394,6c
17489,kc
27024,2c
9137,ac
28660,4s
13129,ks
16792,jd
30299,9c
34871,4c
9246,ac
34542,4c
4858,ad
29692,4d
15835,js
34920,4c
11546,10d
126,6d
21961,qc
7729,4h
19962,2s
34848,4c
38600,5d
3028,7c
11500,10d
8594,7s
34681,4c
27018,2c
10734,jc
23711,kh
19698,2s
36286,8c
35521,ah
1645,5h
34167,9d
18213,10c
2692,9h
7146,7d
28031,7h
25536,qs
37679,6h
5413,6c
6069,8h
32667,8d
9097,ac
13092,ks
5270,6c
2400,9h
217,6d
14408,3h
31652,8s
214,6d
14491,3h
14607,3h
31716,8s
18025,10c
7962,4h
20397,2d
15332,2h
8447,7s
3354,7c
30062,9c
30121,9c
34876,4c
2386,9h
38490,5d
36923,5s
16616,jd
10642,jc
21398,jh
36352,8c
12507,10s
15307,2h
21045,jh
202,6d
8563,7s
12254,10s
21874,qc
28159,7h
22516,10h
3286,7c
10835,jc
4715,ad
764,6s
25094,3d
3997,as
15787,js
11423,10d
2553,9h
37990,6h
10234,qh
5348,6c
30080,9c
27518,2c
23407,kh
33252,9s
4201,as
34894,4c
33896,9d
19041,3c
12179,10s
1121,6s
7213,7d
18237,10c
30947,5c
4774,ad
36240,8c
16952,jd
22218,qc
10886,jc
10691,jc
32312,8d
32505,8d
30063,9c
20726,2d
6293,8h
27404,2c
25011,3d
4782,ad
33,6d
34671,4c
27403,2c
6981,7d
32410,8d
28111,7h
27053,2c
32703,8d
16701,jd
6003,8h
38293,5d
15413,2h
6385,8h
28155,7h
11380,10d
18413,10c
13599,kd
33203,9s
24263,3s
37837,6h
32705,8d
17377,kc
7922,4h
24333,3s
8493,7s
24241,3s
17021,jd
34938,4c
17725,kc
9238,ac
28592,4s
3922,as
35321,ah
27925,7h
27294,2c
38534,5d
36909,5s
15411,2h
23374,kh
27758,7h
25130,3d
2540,9h
18267,10c
498,6d
10243,qh
33307,9s
12153,10s
21409,jh
21304,jh
8300,7s
21166,jh
34071,9d
7996,4h
2644,9h
30963,5c
7878,4h
18841,3c
27812,7h
32704,8d
9060,ac
37111,5s
21750,qc
23359,kh
8723,7s
16717,jd
21757,qc
18854,3c
8523,7s
19913,2s
30094,9c
22201,qc
21904,qc
28082,7h
2624,9h
11696,10d
14511,3h
1786,5h
14677,3h
25947,qs
10934,jc
34780,4c
19501,2s
37127,5s
19772,2s
24197,3s
17708,kc
22956,10h
30073,9c
29538,4d
19262,3c
38671,5d
5674,6c
18909,3c
28591,4s
16193,js
9851,qh
18332,10c
2752,9h
32482,8d
7565,4h
19198,3c
29701,4d
4120,as
36515,8c
33195,9s
28715,4s
6193,8h
17658,kc
31995,8s
33879,9d
27510,2c
35486,ah
3273,7c
3401,7c
21504,jh
12241,10s
15846,js
34830,4c
10670,jc
15813,js
179,6d
28947,4s
1966,5h
33906,9d
249,6d
23401,kh
33225,9s
20498,2d
19269,3c
33505,9s
9872,qh
10268,qh
26697,qd
27783,7h
31034,5c
31907,8s
2353,9h
37119,5s
201,6d
6883,7d
24969,3d
3501,7c
10101,qh
36274,8c
5441,6c
25941,qs
12323,10s
29479,4d
36359,8c
8474,7s
14685,3h
2016,5h
9174,ac
27514,2c
4583,ad
4541,ad
12042,10s
13772,kd
28078,7h
1802,5h
24199,3s
9049,ac
17656,kc
27970,7h
30149,9c
31229,5c
3389,7c
36100,8c
16582,jd
28933,4s
984,6s
33976,9d
8769,7s
2357,9h
9315,ac
12122,10s
3965,as
17351,kc
2517,9h
10784,jc
25798,qs
36421,8c
6885,7d
2306,9h
31508,8s
6845,7d
26467,qd
12106,10s
26523,qd
2763,9h
7546,4h
10523,jc
37183,5s
7960,4h
5546,6c
9509,ac
36410,8c
22104,qc
1695,5h
21336,jh
37626,6h
37969,6h
11653,10d
25253,3d
26660,qd
25758,qs
10269,qh
27313,2c
34992,4c
33260,9s
3205,7c
34014,9d
27004,2c
10842,jc
7752,4h
33259,9s
25728,qs
14436,3h
17627,kc
10867,jc
35374,ah
432,6d
956,6s
14747,3h
1571,5h
30872,5c
18410,10c
16860,jd
8423,7s
25606,qs
25733,qs
5498,6c
18519,10c
10546,jc
10881,jc
23649,kh
20597,2d
32714,8d
1623,5h
24447,3s
16703,jd
15366,2h
36918,5s
3391,7c
35315,ah
33478,9s
27207,2c
24460,3s
6075,8h
25756,qs
7149,7d
38584,5d
33783,9d
26371,qd
31026,5c
1982,5h
4812,ad
33093,9s
1234,6s
2288,9h
18119,10c
31063,5c
23689,kh
33905,9d
2481,9h
33275,9s
994,6s
23554,kh
19743,2s
15793,js
2699,9h
30194,9c
17705,kc
34927,4c
27179,2c
18273,10c
11523,10d
8768,7s
3138,7c
36255,8c
23342,kh
7823,4h
17363,kc
5443,6c
36484,8c
10031,qh
17682,kc
8438,7s
14327,3h
31055,5c
22918,10h
869,6s
3220,7c
14262,3h
409,6d
26308,qd
13892,kd
18791,3c
22647,10h
25186,3d
21769,qc
20679,2d
25250,3d
23371,kh
19838,2s
16776,jd
21061,jh
25092,3d
33460,9s
4724,ad
34136,9d
19804,2s
2409,9h
30219,9c
25272,3d
29471,4d
96,6d
35483,ah
12961,ks
27494,2c
30101,9c
2300,9h
30923,5c
13807,kd
25912,qs
24204,3s
38634,5d
1742,5h
1758,5h
22929,10h
30202,9c
3075,7c
7810,4h
28081,7h
37711,6h
11702,10d
19636,2s
19956,2s
28999,4s
36024,8c
1719,5h
11304,10d
30814,5c
28235,7h
1151,6s
19190,3c
18506,10c
4086,as
34788,4c
31124,5c
16191,js
22071,qc
396,6d
10104,qh
36925,5s
29376,4d
6426,8h
29596,4d
19983,2s
2602,9h
17456,kc
28937,4s
31094,5c
28251,7h
12306,10s
20521,2d
10590,jc
28505,4s
33144,9s
37723,6h
34903,4c
4039,as
19926,2s
32473,8d
6362,8h
29583,4d
34213,9d
19551,2s
8480,7s
12141,10s
16001,js
36827,5s
30820,5c
1783,5h
26583,qd
11008,jc
12857,ks
4591,ad
33006,9s
38717,5d
33202,9s
22773,10h
10575,jc
30284,9c
7813,4h
14663,3h
23628,kh
22601,10h
12256,10s
15847,js
16682,jd
22082,qc
3352,7c
37193,5s
9383,ac
27416,2c
28193,7h
28025,7h
32387,8d
34569,4c
16661,jd
37999,6h
13207,ks
15201,2h
20472,2d
34039,9d
10256,qh
16057,js
22677,10h
20515,2d
16736,jd
5469,6c
26640,qd
19615,2s
2471,9h
13922,kd
38705,5d
35752,ah
20310,2d
18902,3c
14340,3h
7544,4h
12514,10s
29546,4d
28612,4s
31562,8s
21463,jh
7,6d
29290,4d
24406,3s
504,6d
28655,4s
18055,10c
25233,3d
20705,2d
27752,7h
10232,qh
31776,8s
10656,jc
4175,as
35404,ah
19536,2s
36216,8c
27304,2c
29297,4d
1549,5h
17622,kc
29370,4d
16832,jd
32500,8d
20654,2d
24453,3s
29400,4d
12248,10s
25665,qs
38351,5d
33841,9d
22940,10h
33161,9s
37174,5s
20376,2d
23557,kh
21221,jh
37879,6h
25555,qs
26588,qd
15948,js
7203,7d
13161,ks
37073,5s
11019,jc
21036,jh
18495,10c
29637,4d
22849,10h
37847,6h
31803,8s
32428,8d
34020,9d
20265,2d
14411,3h
28912,4s
8763,7s
13921,kd
22027,qc
31152,5c
30220,9c
13253,ks
17255,kc
1096,6s
34862,4c
242,6d
27065,2c
21004,jh
4510,ad
11012,jc
7882,4h
7520,4h
3934,as
31071,5c
19817,2s
27499,2c
7896,4h
18088,10c
9813,qh
21065,jh
8544,7s
8338,7s
29277,4d
20462,2d
34186,9d
25732,qs
38744,5d
20746,2d
20672,2d
33060,9s
9422,ac
31736,8s
15875,js
3131,7c
32719,8d
36030,8c
4727,ad
21804,qc
209,6d
38321,5d
29739,4d
24048,3s
16812,jd
14486,3h
16642,jd
21299,jh
10794,jc
24232,3s
37725,6h
16579,jd
18870,3c
18362,10c
18878,3c
8489,7s
16678,jd
24949,3d
4931,ad
35571,ah
29721,4d
21897,qc
5486,6c
30916,5c
26002,qs
29542,4d
19181,3c
1559,5h
18948,3c
16628,jd
15870,js
22613,10h
18458,10c
6464,8h
18200,10c
17480,kc
16534,jd
37237,5s
36495,8c
26641,qd
32341,8d
6091,8h
31821,8s
17687,kc
38538,5d
24999,3d
17386,kc
1270,6s
5011,ad
29397,4d
15502,2h
181,6d
10128,qh
3992,as
18278,10c
15337,2h
27875,7h
36430,8c
19244,3c
4965,ad
18148,10c
11602,10d
13163,ks
3060,7c
36969,5s
1978,5h
28887,4s
16827,jd
783,6s
29369,4d
18085,10c
27980,7h
26535,qd
11286,10d
14396,3h
34033,9d
6004,8h
21972,qc
14344,3h
29522,4d
7706,4h
12066,10s
20016,2s
31129,5c
38694,5d
12126,10s
38690,5d
11764,10d
8312,7s
4904,ad
18864,3c
24461,3s
22148,qc
17463,kc
6058,8h
29710,4d
3053,7c
6805,7d
24502,3s
15287,2h
23364,kh
19828,2s
31560,8s
22718,10h
11331,10d
20286,2d
37866,6h
18962,3c
19180,3c
23310,kh
12975,ks
22685,10h
30176,9c
25683,qs
3066,7c
37815,6h
18311,10c
15406,2h
9191,ac
26417,qd
33102,9s
10177,qh
27291,2c
9010,ac
7104,7d
3916,as
6474,8h
6779,7d
29364,4d
12317,10s
12057,10s
9905,qh
9309,ac
9123,ac
17473,kc
4592,ad
34615,4c
24359,3s
31875,8s
15273,2h
36518,8c
35765,ah
29755,4d
10025,qh
3936,as
35630,ah
36806,5s
977,6s
18043,10c
27911,7h
37209,5s
37778,6h
4911,ad
12063,10s
30265,9c
24319,3s
2449,9h
23487,kh
10738,jc
21106,jh
26432,qd
4805,ad
11666,10d
5503,6c
29442,4d
21911,qc
33204,9s
28811,4s
9034,ac
19840,2s
4764,ad
34832,4c
19639,2s
1649,5h
30113,9c
23397,kh
35347,ah
25530,qs
10862,jc
27339,2c
4994,ad
36459,8c
14556,3h
25945,qs
15480,2h
7557,4h
34633,4c
2731,9h
10931,jc
28257,7h
16730,jd
20305,2d
24312,3s
32580,8d
19209,3c
4062,as
36333,8c
14762,3h
13680,kd
29455,4d
31610,8s
4861,ad
32254,8d
15812,js
35392,ah
25207,3d
27437,2c
16170,js
19873,2s
20405,2d
22766,10h
32274,8d
34602,4c
1163,6s
23757,kh
18123,10c
33280,9s
37570,6h
24946,3d
10957,jc
17006,jd
21158,jh
523,6d
9145,ac
21303,jh
3059,7c
28925,4s
18347,10c
21894,qc
15079,2h
198,6d
36834,5s
30778,5c
14371,3h
1651,5h
1796,5h
13840,kd
17701,kc
22997,10h
31702,8s
18036,10c
38273,5d
36344,8c
10169,qh
12503,10s
15268,2h
18901,3c
15242,2h
11762,10d
15012,2h
10715,jc
392,6d
19197,3c
28838,4s
21316,jh
38257,5d
17569,kc
13718,kd
15080,2h
25214,3d
929,6s
353,6d
4549,ad
35609,ah
19666,2s
20587,2d
6392,8h
7008,7d
17297,kc
34052,9d
26331,qd
8402,7s
17342,kc
34214,9d
14577,3h
17299,kc
5256,6c
38562,5d
7925,4h
13889,kd
14418,3h
34193,9d
16023,js
2592,9h
20288,2d
32255,8d
20284,2d
29353,4d
16223,js
34647,4c
38631,5d
36472,8c
21776,qc
24878,3d
27517,2c
23582,kh
3174,7c
27342,2c
882,6s
21142,jh
37829,6h
6468,8h
31709,8s
26700,qd
17349,kc
5359,6c
24906,3d
36798,5s
8369,7s
21793,qc
25008,3d
7249,7d
17009,jd
15950,js
7849,4h
1098,6s
31771,8s
29677,4d
2489,9h
11674,10d
19552,2s
30870,5c
25976,qs
24306,3s
37264,5s
17565,kc
22803,10h
34180,9d
38599,5d
22240,qc
2620,9h
36278,8c
3318,7c
29021,4s
29250,4d
28122,7h
36794,5s
10928,jc
17597,kc
22015,qc
16532,jd
18941,3c
28950,4s
1237,6s
7894,4h
8477,7s
36446,8c
23611,kh
10983,jc
18322,10c
23774,kh
16022,js
34215,9d
6982,7d
6937,7d
4030,as
38573,5d
20485,2d
21839,qc
7855,4h
26446,qd
10609,jc
18411,10c
13765,kd
2012,5h
11628,10d
32773,8d
33480,9s
4863,ad
21317,jh
34600,4c
22170,qc
10806,jc
37894,6h
17741,kc
16887,jd
12229,10s
15349,2h
20312,2d
22067,qc
9864,qh
33123,9s
15422,2h
4808,ad
12154,10s
11461,10d
16096,js
176,6d
10159,qh
30920,5c
9460,ac
24175,3s
27995,7h
21160,jh
22659,10h
3842,as
16505,jd
25898,qs
24355,3s
2444,9h
24224,3s
24235,3s
21231,jh
1153,6s
16859,jd
27230,2c
24304,3s
31901,8s
37619,6h
3999,as
6054,8h
34766,4c
37761,6h
5329,6c
34636,4c
231,6d
31885,8s
4999,ad
7266,7d
32452,8d
18335,10c
3894,as
14374,3h
37744,6h
21278,jh
19037,3c
11665,10d
33808,9d
32680,8d
31169,5c
36784,5s
38451,5d
6253,8h
31812,8s
13808,kd
18320,10c
28939,4s
19900,2s
36898,5s
25971,qs
13176,ks
9849,qh
33840,9d
14334,3h
12849,ks
15265,2h
6767,7d
4844,ad
36759,5s
21302,jh
18334,10c
24817,3d
34132,9d
30974,5c
27882,7h
10725,jc
2582,9h
36340,8c
410,6d
2282,9h
9769,qh
4913,ad
15760,js
22197,qc
31027,5c
13853,kd
36509,8c
13759,kd
3911,as
6165,8h
24038,3s
19031,3c
31675,8s
10111,qh
20527,2d
12984,ks
893,6s
10064,qh
34913,4c
9163,ac
31817,8s
20590,2d
32303,8d
19641,2s
6492,8h
37768,6h
11582,10d
13135,ks
28148,7h
30192,9c
34710,4c
27796,7h
27442,2c
10643,jc
7255,7d
17675,kc
10754,jc
30346,9c
12430,10s
20377,2d
37806,6h
25215,3d
21383,jh
16905,jd
13029,ks
12024,10s
23688,kh
33483,9s
30154,9c
19570,2s
35611,ah
32569,8d
25693,qs
32658,8d
1071,6s
16235,js
38736,5d
37970,6h
25859,qs
10954,jc
29554,4d
28723,4s
31245,5c
36799,5s
5324,6c
37901,6h
33485,9s
27895,7h
9062,ac
9325,ac
9862,qh
38339,5d
10039,qh
12765,ks
25512,qs
32275,8d
3370,7c
21370,jh
32678,8d
33213,9s
7524,4h
35734,ah
13507,kd
3459,7c
34502,4c
27434,2c
19716,2s
36250,8c
22816,10h
52,6d
37897,6h
34190,9d
15492,2h
15878,js
21084,jh
36316,8c
35552,ah
18522,10c
24874,3d
12907,ks
7789,4h
36481,8c
32535,8d
2666,9h
28698,4s
3262,7c
38397,5d
27492,2c
35641,ah
18936,3c
22822,10h
32635,8d
17766,kc
24298,3s
17552,kc
12454,10s
23660,kh
5297,6c
5452,6c
32301,8d
31565,8s
20427,2d
7555,4h
11675,10d
33140,9s
33898,9d
31691,8s
19558,2s
28250,7h
25006,3d
21024,jh
33863,9d
36949,5s
16106,js
18802,3c
19931,2s
26659,qd
20610,2d
3377,7c
17347,kc
25706,qs
9350,ac
31822,8s
25055,3d
23331,kh
31120,5c
38012,6h
4246,as
6219,8h
33355,9s
27486,2c
19668,2s
33470,9s
15269,2h
17285,kc
3509,7c
26005,qs
15044,2h
22181,qc
33120,9s
15415,2h
861,6s
8358,7s
27283,2c
38771,5d
19839,2s
10158,qh
15118,2h
16174,js
15849,js
34047,9d
10630,jc
28623,4s
3108,7c
13184,ks
16674,jd
10551,jc
13526,kd
20724,2d
4968,ad
26587,qd
6109,8h
3418,7c
35297,ah
12305,10s
19208,3c
5668,6c
12401,10s
3460,7c
26268,qd
32555,8d
16636,jd
21035,jh
1871,5h
3918,as
33795,9d
32612,8d
26332,qd
8348,7s
789,6s
28009,7h
31568,8s
6337,8h
3787,as
23556,kh
2697,9h
1775,5h
29382,4d
1820,5h
14379,3h
31227,5c
14433,3h
37857,6h
34007,9d
6754,7d
36860,5s
13959,kd
12156,10s
5690,6c
34025,9d
38307,5d
19895,2s
34736,4c
21072,jh
16946,jd
22597,10h
38496,5d
3449,7c
5349,6c
37601,6h
22671,10h
12007,10s
35306,ah
1762,5h
36376,8c
16091,js
1595,5h
35381,ah
36038,8c
20413,2d
13917,kd
22927,10h
17314,kc
16653,jd
8627,7s
19654,2s
14754,3h
19830,2s
1787,5h
22926,10h
5354,6c
28918,4s
31588,8s
25065,3d
3991,as
37095,5s
7029,7d
37971,6h
34590,4c
33377,9s
32542,8d
30436,9c
3849,as
29627,4d
9933,qh
6108,8h
27922,7h
843,6s
27477,2c
1108,6s
31686,8s
18778,3c
33998,9d
12348,10s
36480,8c
7632,4h
12923,ks
4960,ad
32375,8d
6212,8h
24819,3d
16998,jd
31915,8s
22153,qc
30035,9c
37642,6h
2289,9h
1040,6s
20514,2d
30818,5c
1207,6s
12922,ks
290,6d
1731,5h
8342,7s
29011,4s
34956,4c
13081,ks
12843,ks
14347,3h
20565,2d
1839,5h
33372,9s
993,6s
17253,kc
8437,7s
38715,5d
15399,2h
20690,2d
24815,3d
2279,9h
27406,2c
27862,7h
25697,qs
16065,js
13820,kd
20309,2d
3092,7c
25598,qs
13601,kd
5751,6c
23770,kh
32491,8d
13699,kd
6043,8h
16084,js
12873,ks
32511,8d
37912,6h
1271,6s
30210,9c
21485,jh
22615,10h
7003,7d
17630,kc
9784,qh
22562,10h
21915,qc
22928,10h
12947,ks
33880,9d
29447,4d
27133,2c
4641,ad
28072,7h
22767,10h
9883,qh
6851,7d
37656,6h
19243,3c
28212,7h
3346,7c
1110,6s
25986,qs
19623,2s
3909,as
3236,7c
20487,2d
31260,5c
24020,3s
38540,5d
3054,7c
26291,qd
10707,jc
36245,8c
37873,6h
10887,jc
10627,jc
28518,4s
9895,qh
27041,2c
33489,9s
37748,6h
3008,7c
8321,7s
27912,7h
37545,6h
3173,7c
8771,7s
33312,9s
27965,7h
5446,6c
6338,8h
35024,4c
31940,8s
23661,kh
4230,as
11254,10d
29571,4d
12,6d
8435,7s
15194,2h
15940,js
9926,qh
24253,3s
1912,5h
33229,9s
115,6d
6940,7d
14600,3h
31801,8s
35761,ah
17266,kc
17561,kc
9180,ac
31896,8s
17659,kc
30879,5c
37704,6h
4087,as
1832,5h
7516,4h
10029,qh
22004,qc
5706,6c
6422,8h
26471,qd
16649,jd
1124,6s
20570,2d
11639,10d
14664,3h
2009,5h
17640,kc
18402,10c
18259,10c
1604,5h
26762,qd
12352,10s
28503,4s
38302,5d
38336,5d
2569,9h
25025,3d
28545,4s
17603,kc
20401,2d
18406,10c
1550,5h
38408,5d
26251,qd
34666,4c
23360,kh
15949,js
9093,ac
1931,5h
36101,8c
15374,2h
26574,qd
21039,jh
6518,8h
18493,10c
28705,4s
16733,jd
27346,2c
417,6d
5373,6c
29275,4d
15753,js
36303,8c
13986,kd
3804,as
17570,kc
37191,5s
22672,10h
3146,7c
20747,2d
8015,4h
28738,4s
18398,10c
2660,9h
37907,6h
22021,qc
26419,qd
20292,2d
30514,9c
21308,jh
23456,kh
33092,9s
20387,2d
38265,5d
13942,kd
12145,10s
3907,as
13738,kd
7889,4h
24358,3s
13939,kd
5766,6c
11704,10d
21037,jh
36520,8c
10647,jc
760,6s
9832,qh
30776,5c
34513,4c
27099,2c
36769,5s
37599,6h
8353,7s
19120,3c
28183,7h
30977,5c
32694,8d
28138,7h
28267,7h
30164,9c
33857,9d
6202,8h
34640,4c
33521,9s
27126,2c
30470,9c
9330,ac
30052,9c
15112,2h
10053,qh
13187,ks
17703,kc
17343,kc
16980,jd
31782,8s
9342,ac
24364,3s
22262,qc
8274,7s
23002,10h
4563,ad
21768,qc
1673,5h
10165,qh
12288,10s
2686,9h
9524,ac
24351,3s
38289,5d
7201,7d
13957,kd
19669,2s
20012,2s
20683,2d
37148,5s
13534,kd
6269,8h
16210,js
24976,3d
21416,jh
83,6d
37065,5s
17628,kc
20456,2d
3427,7c
35690,ah
3521,7c
7019,7d
7826,4h
19628,2s
29513,4d
12071,10s
9183,ac
34717,4c
25119,3d
27167,2c
11695,10d
36209,8c
25899,qs
25679,qs
3045,7c
18287,10c
36086,8c
31626,8s
6372,8h
32438,8d
19040,3c
5415,6c
22916,10h
2631,9h
27976,7h
20716,2d
10783,jc
36929,5s
24757,3d
37238,5s
21270,jh
33310,9s
14606,3h
37933,6h
12112,10s
7798,4h
21780,qc
3349,7c
29457,4d
16544,jd
21243,jh
3351,7c
25077,3d
15062,2h
23645,kh
21460,jh
34245,9d
27289,2c
20727,2d
34700,4c
13591,kd
1883,5h
21002,jh
34187,9d
32258,8d
6756,7d
30414,9c
15267,2h
4259,as
34925,4c
31259,5c
26527,qd
24046,3s
31868,8s
14475,3h
1800,5h
9154,ac
21987,qc
1812,5h
35258,ah
9324,ac
7192,7d
16820,jd
38497,5d
18999,3c
37952,6h
7625,4h
29481,4d
38290,5d
17585,kc
22122,qc
17638,kc
17305,kc
23018,10h
9184,ac
6510,8h
25601,qs
24293,3s
23619,kh
22086,qc
38483,5d
8417,7s
37523,6h
12222,10s
13775,kd
22963,10h
23727,kh
27920,7h
1530,5h
30255,9c
24415,3s
157,6d
15084,2h
26567,qd
27084,2c
33771,9d
11291,10d
31824,8s
16647,jd
17660,kc
18848,3c
1227,6s
5293,6c
426,6d
24477,3s
20466,2d
21207,jh
13157,ks
2257,9h
33184,9s
11699,10d
36853,5s
751,6s
19273,3c
13865,kd
27233,2c
24821,3d
23752,kh
8622,7s
10761,jc
38699,5d
4914,ad
6788,7d
4823,ad
20670,2d
37197,5s
38387,5d
15270,2h
15778,js
4791,ad
16705,jd
12113,10s
14006,kd
27242,2c
25166,3d
7977,4h
8388,7s
38679,5d
29569,4d
19027,3c
7089,7d
753,6s
19038,3c
22743,10h
1862,5h
5284,6c
16522,jd
28274,7h
33799,9d
3513,7c
6953,7d
36048,8c
12353,10s
35664,ah
23604,kh
9507,ac
27295,2c
15874,js
4941,ad
28181,7h
524,6d
18466,10c
15814,js
13272,ks
2578,9h
4249,as
7128,7d
2581,9h
31084,5c
31577,8s
28940,4s
20730,2d
11441,10d
11667,10d
34931,4c
4252,as
14767,3h
16710,jd
35750,ah
17498,kc
34161,9d
36366,8c
6926,7d
31556,8s
33163,9s
38593,5d
25137,3d
26672,qd
19728,2s
1581,5h
21007,jh
36776,5s
36381,8c
12377,10s
5431,6c
12889,ks
36132,8c
25511,qs
36146,8c
9803,qh
138,6d
2586,9h
22103,qc
25590,qs
15936,js
15252,2h
3291,7c
31264,5c
9161,ac
22016,qc
30491,9c
19272,3c
15354,2h
28841,4s
22712,10h
15058,2h
37602,6h
16027,js
15983,js
11347,10d
34929,4c
4920,ad
6819,7d
35312,ah
12330,10s
4194,as
30004,9c
12417,10s
28710,4s
18216,10c
24932,3d
28756,4s
1896,5h
29644,4d
29772,4d
19251,3c
3970,as
37861,6h
15830,js
5735,6c
13952,kd
28104,7h
27159,2c
38566,5d
30036,9c
171,6d
37998,6h
21222,jh
16133,js
7175,7d
26481,qd
17263,kc
836,6s
3890,as
9329,ac
37649,6h
33750,9d
15770,js
25868,qs
9214,ac
35008,4c
28903,4s
14376,3h
31266,5c
7224,7d
34035,9d
7786,4h
19124,3c
29451,4d
28095,7h
36485,8c
22575,10h
27301,2c
7883,4h
12485,10s
33368,9s
10797,jc
9096,ac
22095,qc
37750,6h
12897,ks
29581,4d
31117,5c
36987,5s
27128,2c
33287,9s
26496,qd
30242,9c
36213,8c
28158,7h
6154,8h
13225,ks
36876,5s
2492,9h
13908,kd
9943,qh
2614,9h
802,6s
15489,2h
19097,3c
13158,ks
12960,ks
3139,7c
7681,4h
120,6d
17720,kc
37951,6h
1629,5h
22167,qc
28889,4s
33367,9s
24295,3s
23267,kh
3461,7c
5507,6c
33051,9s
21483,jh
28754,4s
11018,jc
35705,ah
15791,js
20355,2d
5423,6c
37582,6h
8655,7s
3974,as
29580,4d
7026,7d
9397,ac
13213,ks
2275,9h
35389,ah
20415,2d
19967,2s
3417,7c
19681,2s
9182,ac
14322,3h
1714,5h
9802,qh
33212,9s
16167,js
6830,7d
7685,4h
25532,qs
36204,8c
37718,6h
16839,jd
4848,ad
12321,10s
28027,7h
6452,8h
33524,9s
13065,ks
33921,9d
9056,ac
29574,4d
22151,qc
3469,7c
1836,5h
13600,kd
29344,4d
29452,4d
32693,8d
20638,2d
15465,2h
10206,qh
28551,4s
5648,6c
33939,9d
5605,6c
20341,2d
12953,ks
33143,9s
33792,9d
37827,6h
34723,4c
16195,js
10947,jc
13711,kd
2700,9h
3298,7c
36831,5s
36830,5s
19195,3c
34904,4c
13978,kd
12069,10s
33760,9d
2466,9h
18769,3c
23709,kh
21345,jh
26581,qd
20667,2d
19693,2s
27110,2c
25643,qs
19974,2s
34111,9d
21323,jh
5286,6c
21994,qc
28836,4s
22868,10h
31113,5c
28028,7h
34944,4c
9192,ac
9057,ac
35460,ah
14731,3h
23293,kh
4221,as
10799,jc
19984,2s
1569,5h
12884,ks
30857,5c
37210,5s
22684,10h
27203,2c
1142,6s
28727,4s
35520,ah
21332,jh
30915,5c
26721,qd
29590,4d
28154,7h
34964,4c
7920,4h
31550,8s
18129,10c
25561,qs
18795,3c
21939,qc
20756,2d
11755,10d
1968,5h
15497,2h
38677,5d
15123,2h
28199,7h
36891,5s
1024,6s
2341,9h
15956,js
14321,3h
10600,jc
10914,jc
23428,kh
35744,ah
21924,qc
26768,qd
19994,2s
34016,9d
9390,ac
34727,4c
2320,9h
35666,ah
6401,8h
34096,9d
16648,jd
7667,4h
22974,10h
24327,3s
37948,6h
18230,10c
13880,kd
9983,qh
32531,8d
37241,5s
3903,as
28645,4s
26676,qd
9098,ac
35730,ah
12877,ks
15414,2h
22983,10h
7004,7d
5650,6c
21823,qc
6818,7d
14644,3h
31679,8s
827,6s
18010,10c
12450,10s
16908,jd
30496,9c
32559,8d
13043,ks
38340,5d
13145,ks
31162,5c
21873,qc
23435,kh
13855,kd
24964,3d
4765,ad
25617,qs
11473,10d
19680,2s
21944,qc
5396,6c
33255,9s
28878,4s
22247,qc
36371,8c
15260,2h
25091,3d
23648,kh
20734,2d
10162,qh
4167,as
7931,4h
13616,kd
9877,qh
17509,kc
38587,5d
17556,kc
22052,qc
33016,9s
34257,9d
12990,ks
30473,9c
19853,2s
10744,jc
15768,js
10079,qh
27067,2c
19670,2s
32682,8d
37708,6h
10585,jc
26360,qd
268,6d
7593,4h
1739,5h
19254,3c
11293,10d
21932,qc
17367,kc
38581,5d
5497,6c
14537,3h
3265,7c
3231,7c
17760,kc
9853,qh
7062,7d
1140,6s
30928,5c
29303,4d
35380,ah
4556,ad
23403,kh
8706,7s
24357,3s
19246,3c
998,6s
6822,7d
36062,8c
16042,js
26546,qd
12522,10s
21426,jh
16246,js
2462,9h
34795,4c
12899,ks
9773,qh
13762,kd
16164,js
20539,2d
12197,10s
24454,3s
24928,3d
1598,5h
7157,7d
5602,6c
7651,4h
11403,10d
21357,jh
34860,4c
34516,4c
17672,kc
23771,kh
1027,6s
10002,qh
38742,5d
7047,7d
64,6d
37587,6h
32019,8s
23321,kh
877,6s
12441,10s
2691,9h
31757,8s
32637,8d
32423,8d
27151,2c
7677,4h
4701,ad
19211,3c
6186,8h
21851,qc
27864,7h
35298,ah
26336,qd
15184,2h
13122,ks
31614,8s
4744,ad
9042,ac
2446,9h
23666,kh
26638,qd
22561,10h
19592,2s
3083,7c
1776,5h
3367,7c
14350,3h
14653,3h
35283,ah
38375,5d
33318,9s
10149,qh
6970,7d
28214,7h
8672,7s
23312,kh
14611,3h
811,6s
35361,ah
4691,ad
37569,6h
31638,8s
3433,7c
16584,jd
19543,2s
32021,8s
18351,10c
7840,4h
30168,9c
33113,9s
8306,7s
21755,qc
27353,2c
855,6s
27906,7h
37503,6h
23623,kh
33222,9s
16169,js
7133,7d
875,6s
36126,8c
35766,ah
21324,jh
35531,ah
13664,kd
13036,ks
27948,7h
14675,3h
38752,5d
26472,qd
16511,jd
13693,kd
17520,kc
26305,qd
15001,2h
37941,6h
33375,9s
29415,4d
14752,3h
22622,10h
17488,kc
26751,qd
37185,5s
18284,10c
22107,qc
19823,2s
1841,5h
8592,7s
14760,3h
31643,8s
29682,4d
11511,10d
4058,as
4985,ad
13982,kd
9869,qh
12937,ks
1222,6s
24098,3s
218,6d
32478,8d
32384,8d
21431,jh
17757,kc
6124,8h
24210,3s
33370,9s
27414,2c
12521,10s
33205,9s
9059,ac
20771,2d
21890,qc
26693,qd
37868,6h
4200,as
36077,8c
29518,4d
34266,9d
21146,jh
3043,7c
2332,9h
13745,kd
34714,4c
18917,3c
14596,3h
36328,8c
2439,9h
27919,7h
34181,9d
8756,7s
14450,3h
38697,5d
10558,jc
13770,kd
1621,5h
30804,5c
10060,qh
29018,4s
13247,ks
12025,10s
26652,qd
14013,kd
3422,7c
21765,qc
939,6s
16870,jd
2485,9h
7895,4h
32727,8d
9341,ac
4049,as
13550,kd
4198,as
36815,5s
38731,5d
7775,4h
10143,qh
24441,3s
3096,7c
25146,3d
28988,4s
22552,10h
34034,9d
1681,5h
10708,jc
14002,kd
27150,2c
16929,jd
11385,10d
16752,jd
5714,6c
32625,8d
11722,10d
864,6s
38433,5d
31250,5c
5661,6c
5568,6c
6399,8h
507,6d
10793,jc
1646,5h
32001,8s
5654,6c
24912,3d
26637,qd
7822,4h
4166,as
13264,ks
12367,10s
36268,8c
3329,7c
19863,2s
15911,js
28781,4s
34130,9d
11303,10d
22802,10h
7171,7d
8729,7s
28637,4s
30959,5c
24002,3s
30252,9c
801,6s
37268,5s
2373,9h
9987,qh
480,6d
29001,4s
25993,qs
31218,5c
3147,7c
28982,4s
2334,9h
6815,7d
23352,kh
32281,8d
7891,4h
16704,jd
5302,6c
27940,7h
9159,ac
34846,4c
35406,ah
16228,js
34102,9d
21151,jh
30442,9c
30379,9c
27910,7h
31205,5c
36999,5s
27941,7h
15506,2h
15484,2h
37600,6h
29645,4d
11284,10d
18517,10c
7828,4h
33415,9s
34840,4c
36356,8c
6333,8h
28501,4s
32507,8d
37046,5s
22683,10h
14427,3h
5308,6c
18459,10c
19876,2s
10776,jc
166,6d
1181,6s
31807,8s
5599,6c
9058,ac
3466,7c
36867,5s
36956,5s
7990,4h
16782,jd
20009,2s
19720,2s
34138,9d
30118,9c
38283,5d
19957,2s
23335,kh
18933,3c
15072,2h
10606,jc
37011,5s
20722,2d
28801,4s
15205,2h
15003,2h
109,6d
1727,5h
3378,7c
8634,7s
25806,qs
15458,2h
13608,kd
24803,3d
17688,kc
36374,8c
27282,2c
12030,10s
9274,ac
36808,5s
24309,3s
24457,3s
2321,9h
28979,4s
35543,ah
38507,5d
32352,8d
5457,6c
16804,jd
22598,10h
6083,8h
30254,9c
5374,6c
840,6s
33473,9s
18942,3c
13168,ks
18989,3c
12407,10s
7974,4h
34653,4c
16800,jd
19598,2s
15817,js
1535,5h
18955,3c
30174,9c
27141,2c
35351,ah
35684,ah
22576,10h
30165,9c
20481,2d
31746,8s
27775,7h
3119,7c
30456,9c
1026,6s
9950,qh
2535,9h
25703,qs
15361,2h
3254,7c
4187,as
27763,7h
14671,3h
12027,10s
6965,7d
34936,4c
3331,7c
4241,as
31637,8s
22646,10h
9270,ac
27410,2c
27063,2c
20589,2d
6922,7d
28780,4s
22514,10h
344,6d
27091,2c
22251,qc
13885,kd
33805,9d
5461,6c
28948,4s
2380,9h
6998,7d
11588,10d
3036,7c
11261,10d
15279,2h
16130,js
6195,8h
14366,3h
34551,4c
21128,jh
16753,jd
19514,2s
16034,js
24994,3d
16081,js
19972,2s
14372,3h
1533,5h
13267,ks
36218,8c
15105,2h
20428,2d
14591,3h
36970,5s
7196,7d
29578,4d
33809,9d
7065,7d
25619,qs
9259,ac
9368,ac
21455,jh
22065,qc
1058,6s
27384,2c
23498,kh
34238,9d
17580,kc
27772,7h
23762,kh
25878,qs
7640,4h
22620,10h
2407,9h
10760,jc
13748,kd
11656,10d
16796,jd
9055,ac
3955,as
5756,6c
37239,5s
12524,10s
12175,10s
30364,9c
15199,2h
28812,4s
1141,6s
34572,4c
3010,7c
13660,kd
1921,5h
30482,9c
38416,5d
9498,ac
29549,4d
26716,qd
34631,4c
18247,10c
35546,ah
36521,8c
5662,6c
1210,6s
10933,jc
34137,9d
10587,jc
9156,ac
11482,10d
27089,2c
15773,js
29697,4d
20375,2d
12516,10s
38702,5d
7944,4h
9940,qh
7533,4h
21399,jh
31067,5c
27221,2c
11487,10d
38765,5d
35505,ah
18494,10c
12513,10s
26460,qd
25883,qs
34239,9d
15144,2h
37003,5s
7712,4h
26543,qd
18076,10c
28799,4s
3314,7c
15274,2h
9293,ac
19981,2s
21937,qc
10665,jc
9952,qh
1971,5h
37019,5s
35488,ah
33072,9s
33276,9s
19664,2s
22510,10h
28777,4s
3441,7c
21791,qc
23607,kh
16750,jd
7114,7d
12896,ks
31552,8s
36846,5s
37240,5s
26513,qd
20678,2d
20259,2d
7737,4h
7197,7d
25937,qs
7152,7d
21454,jh
4243,as
14521,3h
2703,9h
17762,kc
28985,4s
24008,3s
20774,2d
3029,7c
34544,4c
3150,7c
8010,4h
16056,js
800,6s
15138,2h
18266,10c
32593,8d
36866,5s
6295,8h
11257,10d
34597,4c
30849,5c
24987,3d
5010,ad
10732,jc
11282,10d
37201,5s
25924,qs
2651,9h
31091,5c
28642,4s
98,6d
355,6d
38456,5d
26338,qd
22899,10h
18978,3c
360,6d
33058,9s
24088,3s
25044,3d
32685,8d
26477,qd
30079,9c
30122,9c
6307,8h
12054,10s
2656,9h
9496,ac
23602,kh
13874,kd
19567,2s
35758,ah
24489,3s
5467,6c
31892,8s
20331,2d
25572,qs
11542,10d
3861,as
17704,kc
19897,2s
15439,2h
6832,7d
19137,3c
11258,10d
4102,as
16568,jd
6437,8h
17562,kc
25751,qs
16253,js
19917,2s
3977,as
12389,10s
30376,9c
10262,qh
25678,qs
849,6s
19829,2s
35528,ah
910,6s
28259,7h
22884,10h
19916,2s
22583,10h
25157,3d
8475,7s
22249,qc
19517,2s
20329,2d
4506,ad
12109,10s
21001,jh
22007,qc
32320,8d
11627,10d
34253,9d
23704,kh
10850,jc
32287,8d
767,6s
10802,jc
10823,jc
33409,9s
33802,9d
31913,8s
22235,qc
36399,8c
37792,6h
15896,js
13961,kd
18128,10c
4033,as
31768,8s
18169,10c
6467,8h
18041,10c
22057,qc
31230,5c
30297,9c
9030,ac
38379,5d
397,6d
30503,9c
32763,8d
9750,qh
16181,js
19573,2s
5336,6c
22733,10h
11693,10d
5436,6c
20296,2d
32765,8d
5455,6c
20349,2d
14295,3h
21452,jh
36775,5s
12227,10s
16702,jd
33158,9s
18127,10c
4151,as
8753,7s
15076,2h
26611,qd
7966,4h
8620,7s
9000,ac
9492,ac
5710,6c
30821,5c
4657,ad
13556,kd
19880,2s
4594,ad
37781,6h
24246,3s
6916,7d
954,6s
1644,5h
9119,ac
35578,ah
13215,ks
21156,jh
27119,2c
34082,9d
3104,7c
7754,4h
27898,7h
38438,5d
21778,qc
22108,qc
18064,10c
34128,9d
6105,8h
5583,6c
30321,9c
35293,ah
6367,8h
10703,jc
9457,ac
19985,2s
33413,9s
15472,2h
29414,4d
35693,ah
1683,5h
24876,3d
4125,as
6208,8h
25570,qs
2335,9h
27953,7h
29385,4d
35558,ah
26436,qd
6045,8h
13175,ks
10176,qh
18887,3c
2406,9h
10818,jc
23430,kh
24812,3d
4743,ad
450,6d
12487,10s
37849,6h
11555,10d
4969,ad
37505,6h
4072,as
26712,qd
27435,2c
30506,9c
25631,qs
12793,ks
21971,qc
4180,as
14429,3h
12314,10s
35749,ah
20372,2d
2598,9h
14305,3h
17279,kc
27260,2c
38374,5d
35731,ah
26708,qd
9392,ac
9160,ac
26539,qd
32632,8d
26428,qd
22049,qc
17452,kc
2411,9h
32002,8s
36884,5s
2621,9h
10786,jc
9885,qh
21387,jh
27157,2c
26476,qd
9503,ac
18761,3c
27114,2c
32520,8d
23596,kh
17011,jd
1047,6s
0,6d
28958,4s
3394,7c
32474,8d
31204,5c
1607,5h
38345,5d
28015,7h
12261,10s
18943,3c
1985,5h
27061,2c
7778,4h
3770,as
32677,8d
8486,7s
4098,as
3113,7c
24261,3s
9170,ac
14599,3h
18823,3c
31931,8s
9048,ac
22093,qc
7250,7d
8735,7s
7821,4h
24459,3s
20754,2d
29594,4d
9165,ac
24016,3s
28759,4s
17698,kc
17574,kc
18118,10c
28846,4s
12243,10s
32465,8d
900,6s
25562,qs
6345,8h
18131,10c
26420,qd
37198,5s
6854,7d
22719,10h
15947,js
17287,kc
24512,3s
33777,9d
27097,2c
15903,js
1132,6s
27116,2c
35627,ah
27308,2c
18250,10c
38569,5d
21821,qc
6954,7d
31747,8s
29614,4d
13628,kd
20408,2d
37096,5s
4509,ad
30911,5c
33346,9s
13093,ks
21796,qc
10617,jc
33775,9d
1119,6s
28007,7h
10898,jc
27220,2c
30256,9c
1957,5h
1869,5h
33955,9d
7013,7d
4016,as
15400,2h
3030,7c
10668,jc
27251,2c
16876,jd
13574,kd
14383,3h
2268,9h
12442,10s
31765,8s
1835,5h
28091,7h
18897,3c
31582,8s
34979,4c
22131,qc
25602,qs
9843,qh
4236,as
32393,8d
37844,6h
32774,8d
16744,jd
16254,js
6281,8h
14314,3h
867,6s
27310,2c
35718,ah
10792,jc
7163,7d
6769,7d
22066,qc
12431,10s
31922,8s
29617,4d
5299,6c
14657,3h
1145,6s
19188,3c
10939,jc
15952,js
12393,10s
10636,jc
1244,6s
15162,2h
3325,7c
23319,kh
3435,7c
16801,jd
12274,10s
34150,9d
10909,jc
8253,7s
24167,3s
34241,9d
14024,kd
4090,as
12840,ks
6980,7d
38419,5d
22215,qc
20592,2d
35523,ah
34099,9d
8397,7s
9299,ac
5317,6c
11516,10d
34974,4c
13869,kd
7035,7d
28039,7h
21501,jh
22711,10h
23019,10h
15382,2h
7939,4h
26713,qd
8428,7s
32733,8d
6119,8h
8698,7s
27252,2c
34116,9d
5332,6c
25954,qs
5422,6c
2757,9h
29589,4d
1894,5h
4572,ad
20359,2d
26565,qd
34702,4c
7002,7d
31180,5c
38472,5d
38398,5d
18913,3c
10102,qh
11290,10d
12844,ks
22768,10h
28001,7h
34787,4c
14625,3h
1044,6s
24151,3s
18877,3c
4170,as
21835,qc
13674,kd
29343,4d
30468,9c
20523,2d
7190,7d
6959,7d
8514,7s
36357,8c
27865,7h
19854,2s
6900,7d
30017,9c
29744,4d
33101,9s
24872,3d
31216,5c
11719,10d
24037,3s
5343,6c
26285,qd
5628,6c
34618,4c
22158,qc
23469,kh
28872,4s
13193,ks
5364,6c
38325,5d
14494,3h
12270,10s
21366,jh
18310,10c
1689,5h
2542,9h
18920,3c
15955,js
37109,5s
22841,10h
6408,8h
21976,qc
24403,3s
25720,qs
3274,7c
26451,qd
20391,2d
10208,qh
20363,2d
27502,2c
34620,4c
21368,jh
17641,kc
35647,ah
17713,kc
9860,qh
26342,qd
37231,5s
36385,8c
31886,8s
8575,7s
6928,7d
36096,8c
18835,3c
10649,jc
6988,7d
10982,jc
4974,ad
2579,9h
35267,ah
10836,jc
30209,9c
13025,ks
8427,7s
38696,5d
2562,9h
34759,4c
36786,5s
57,6d
22839,10h
24787,3d
13976,kd
7167,7d
230,6d
18981,3c
19519,2s
1891,5h
5600,6c
25200,3d
19549,2s
5325,6c
163,6d
19877,2s
25985,qs
13224,ks
27146,2c
24282,3s
20461,2d
24426,3s
442,6d
31566,8s
10584,jc
21135,jh
2611,9h
15322,2h
25506,qs
12301,10s
8737,7s
25717,qs
28005,7h
28555,4s
31928,8s
8422,7s
16692,jd
22018,qc
25117,3d
18510,10c
38294,5d
21902,qc
25042,3d
24267,3s
16536,jd
10527,jc
31518,8s
24879,3d
24967,3d
34511,4c
513,6d
1643,5h
29374,4d
7884,4h
15913,js
37685,6h
14341,3h
26407,qd
18473,10c
13095,ks
8724,7s
19837,2s
4218,as
1175,6s
15052,2h
30984,5c
20337,2d
21321,jh
22270,qc
7245,7d
11491,10d
7517,4h
31850,8s
38684,5d
8024,4h
17303,kc
34537,4c
11342,10d
28056,7h
38567,5d
11375,10d
31599,8s
28191,7h
9372,ac
38413,5d
182,6d
22806,10h
31676,8s
15926,js
36368,8c
1766,5h
1810,5h
37961,6h
34593,4c
12770,ks
20671,2d
30151,9c
14291,3h
10704,jc
24496,3s
10140,qh
21319,jh
33191,9s
23555,kh
10728,jc
8669,7s
36781,5s
15289,2h
12764,ks
19512,2s
28068,7h
8624,7s
16964,jd
10692,jc
16669,jd
37674,6h
36037,8c
7252,7d
19539,2s
26466,qd
13798,kd
28064,7h
33435,9s
30843,5c
36844,5s
27483,2c
11604,10d
4785,ad
38360,5d
34170,9d
14252,3h
1688,5h
7792,4h
20426,2d
16784,jd
31595,8s
15367,2h
20458,2d
24997,3d
5392,6c
35685,ah
16743,jd
1876,5h
2014,5h
35723,ah
23334,kh
24778,3d
18418,10c
10044,qh
5480,6c
6417,8h
1213,6s
4679,ad
4530,ad
29444,4d
16199,js
4664,ad
28633,4s
38424,5d
13270,ks
25980,qs
22044,qc
13572,kd
14734,3h
19153,3c
25781,qs
15000,2h
5773,6c
18807,3c
12258,10s
28638,4s
33436,9s
10667,jc
19118,3c
27430,2c
21143,jh
1712,5h
38367,5d
8487,7s
18985,3c
38368,5d
20403,2d
11510,10d
2390,9h
955,6s
20711,2d
30095,9c
5438,6c
22727,10h
21047,jh
34077,9d
37923,6h
34031,9d
16695,jd
403,6d
24218,3s
2506,9h
7030,7d
5774,6c
31899,8s
5319,6c
22147,qc
1910,5h
24226,3s
9142,ac
1868,5h
28741,4s
3035,7c
15420,2h
971,6s
28765,4s
34594,4c
24214,3s
13583,kd
37207,5s
3343,7c
37177,5s
28531,4s
19629,2s
24051,3s
5318,6c
4693,ad
11287,10d
24413,3s
5384,6c
27755,7h
10047,qh
31104,5c
6310,8h
18820,3c
16211,js
6807,7d
29282,4d
35487,ah
18236,10c
25012,3d
5468,6c
12839,ks
6095,8h
1095,6s
3143,7c
8325,7s
16572,jd
394,6d
17435,kc
35421,ah
8484,7s
29300,4d
13565,kd
33356,9s
27272,2c
18003,10c
7890,4h
33309,9s
34921,4c
4103,as
3843,as
21081,jh
21340,jh
6243,8h
13856,kd
1236,6s
3768,as
21857,qc
15833,js
11389,10d
19525,2s
18204,10c
15191,2h
6814,7d
21436,jh
38513,5d
3234,7c
3271,7c
12470,10s
12049,10s
4881,ad
1519,5h
25605,qs
1639,5h
5007,ad
8000,4h
27423,2c
19189,3c
7044,7d
6930,7d
24456,3s
8006,4h
19588,2s
37063,5s
2483,9h
4730,ad
7274,7d
20289,2d
31122,5c
13782,kd
21161,jh
33936,9d
21402,jh
3795,as
19057,3c
35763,ah
3800,as
22691,10h
3194,7c
15942,js
29628,4d
30504,9c
37835,6h
26741,qd
9040,ac
26598,qd
17416,kc
17425,kc
9313,ac
15153,2h
20533,2d
24383,3s
3071,7c
15991,js
21334,jh
15517,2h
4710,ad
18412,10c
4794,ad
36354,8c
7684,4h
33452,9s
6500,8h
27314,2c
24522,3s
21012,jh
7243,7d
8357,7s
9327,ac
18136,10c
25175,3d
23502,kh
14711,3h
12891,ks
8734,7s
19521,2s
30201,9c
24169,3s
31732,8s
19814,2s
1006,6s
27180,2c
2484,9h
33508,9s
3943,as
9072,ac
29291,4d
1025,6s
15338,2h
21205,jh
12146,10s
8270,7s
28886,4s
16906,jd
1648,5h
21801,qc
16545,jd
11563,10d
23696,kh
18073,10c
20639,2d
328,6d
28228,7h
13110,ks
932,6s
31007,5c
4674,ad
280,6d
30311,9c
21833,qc
35419,ah
10968,jc
21470,jh
31715,8s
3014,7c
10214,qh
3897,as
5562,6c
36900,5s
34527,4c
33865,9d
9973,qh
2745,9h
25942,qs
14712,3h
3052,7c
33193,9s
35614,ah
17494,kc
16622,jd
25061,3d
20692,2d
4830,ad
26385,qd
17282,kc
7135,7d
6332,8h
14385,3h
21419,jh
5360,6c
33844,9d
7914,4h
15313,2h
4922,ad
4193,as
11306,10d
20488,2d
38583,5d
23571,kh
4629,ad
35742,ah
9894,qh
29715,4d
22567,10h
12449,10s
16716,jd
4661,ad
16852,jd
13714,kd
5399,6c
11434,10d
30418,9c
13540,kd
12307,10s
24506,3s
3294,7c
30350,9c
21260,jh
31125,5c
18149,10c
2305,9h
9348,ac
6304,8h
38624,5d
28859,4s
8361,7s
1720,5h
33081,9s
28216,7h
4886,ad
34112,9d
37993,6h
11022,jc
34854,4c
6335,8h
32572,8d
16709,jd
24012,3s
30441,9c
29329,4d
26408,qd
18024,10c
18251,10c
9105,ac
32701,8d
14771,3h
16982,jd
16064,js
35496,ah
24982,3d
6414,8h
15238,2h
27826,7h
38471,5d
16019,js
24311,3s
29504,4d
22830,10h
4912,ad
27338,2c
34819,4c
37956,6h
28751,4s
18425,10c
11710,10d
18408,10c
17514,kc
22606,10h
1889,5h
13784,kd
3506,7c
24234,3s
37188,5s
22243,qc
27829,7h
33814,9d
4784,ad
17409,kc
28938,4s
27793,7h
13113,ks
9290,ac
8767,7s
8685,7s
28179,7h
31021,5c
31041,5c
373,6d
22205,qc
30517,9c
1032,6s
6993,7d
17717,kc
20522,2d
21050,jh
28893,4s
28927,4s
14666,3h
34829,4c
21464,jh
38331,5d
12050,10s
6478,8h
13883,kd
37946,6h
9991,qh
31505,8s
4004,as
21486,jh
25645,qs
15775,js
13823,kd
32329,8d
16856,jd
7515,4h
29377,4d
18177,10c
10682,jc
33068,9s
1502,5h
25800,qs
17606,kc
6093,8h
986,6s
31115,5c
27094,2c
28728,4s
8014,4h
8609,7s
28180,7h
26000,qs
37249,5s
20759,2d
9032,ac
16672,jd
36137,8c
4588,ad
16963,jd
19934,2s
18357,10c
8572,7s
33301,9s
13682,kd
7980,4h
13717,kd
6248,8h
28529,4s
27243,2c
35545,ah
34274,9d
30100,9c
22865,10h
22970,10h
1016,6s
16658,jd
37157,5s
36114,8c
12444,10s
12182,10s
239,6d
33087,9s
12926,ks
21351,jh
2625,9h
9995,qh
22031,qc
36905,5s
34747,4c
34101,9d
17646,kc
29516,4d
22933,10h
37808,6h
2673,9h
5391,6c
18084,10c
11659,10d
34046,9d
27143,2c
22948,10h
16008,js
6328,8h
29660,4d
24923,3d
15868,js
22623,10h
31816,8s
10577,jc
35354,ah
31759,8s
13248,ks
19214,3c
9827,qh
13655,kd
10762,jc
36494,8c
27216,2c
1134,6s
25523,qs
8314,7s
22858,10h
7039,7d
3321,7c
16813,jd
28908,4s
31538,8s
2389,9h
6087,8h
34771,4c
2318,9h
522,6d
13124,ks
24760,3d
30216,9c
12440,10s
13842,kd
7564,4h
22184,qc
25660,qs
25881,qs
1958,5h
16667,jd
19139,3c
15324,2h
28654,4s
2498,9h
11318,10d
33329,9s
25138,3d
37944,6h
10561,jc
10161,qh
4066,as
13559,kd
17444,kc
37922,6h
18108,10c
18120,10c
1570,5h
89,6d
1574,5h
34121,9d
38488,5d
30884,5c
9455,ac
952,6s
8501,7s
13690,kd
13033,ks
37644,6h
11720,10d
29531,4d
34093,9d
31171,5c
6407,8h
10589,jc
3862,as
21469,jh
29599,4d
2734,9h
29714,4d
37747,6h
38335,5d
12863,ks
31866,8s
22754,10h
28665,4s
34963,4c
27759,7h
7570,4h
28983,4s
24852,3d
38516,5d
1668,5h
36348,8c
30853,5c
10676,jc
25614,qs
2019,5h
15834,js
24986,3d
28538,4s
34091,9d
27429,2c
7626,4h
15147,2h
4942,ad
26612,qd
32481,8d
2291,9h
31608,8s
6470,8h
16526,jd
31525,8s
18982,3c
9485,ac
25964,qs
19976,2s
26007,qs
38427,5d
8398,7s
10942,jc
28934,4s
36862,5s
28744,4s
13074,ks
37832,6h
15885,js
33159,9s
35658,ah
31794,8s
32644,8d
37606,6h
6504,8h
8546,7s
3183,7c
1771,5h
17632,kc
34168,9d
26586,qd
440,6d
20504,2d
7248,7d
19769,2s
30371,9c
31103,5c
3987,as
24018,3s
36986,5s
27960,7h
17515,kc
10151,qh
22081,qc
19678,2s
3062,7c
5375,6c
11729,10d
36517,8c
34554,4c
27330,2c
34690,4c
6166,8h
10689,jc
8471,7s
11456,10d
25861,qs
21802,qc
30330,9c
12993,ks
25973,qs
32671,8d
16921,jd
34726,4c
18150,10c
34054,9d
25075,3d
27102,2c
17380,kc
11450,10d
14397,3h
34902,4c
21407,jh
9129,ac
8295,7s
34560,4c
13102,ks
32712,8d
12135,10s
25127,3d
18516,10c
12344,10s
21283,jh
18151,10c
26292,qd
1919,5h
4709,ad
8527,7s
27754,7h
24062,3s
20566,2d
28696,4s
17306,kc
34244,9d
29631,4d
18424,10c
37588,6h
7994,4h
32265,8d
32314,8d
37631,6h
14652,3h
6967,7d
9229,ac
11749,10d
186,6d
7165,7d
4551,ad
26528,qd
34220,9d
20676,2d
8766,7s
9434,ac
35759,ah
37714,6h
194,6d
31530,8s
6860,7d
13612,kd
31604,8s
5276,6c
15089,2h
4652,ad
2310,9h
20556,2d
23584,kh
29758,4d
7886,4h
5618,6c
33270,9s
3995,as
37709,6h
28719,4s
2374,9h
24207,3s
854,6s
22988,10h
4645,ad
16806,jd
21761,qc
267,6d
9164,ac
13191,ks
18005,10c
15433,2h
8621,7s
1187,6s
35492,ah
31237,5c
5713,6c
35656,ah
7741,4h
21242,jh
28256,7h
20694,2d
9351,ac
6170,8h
35569,ah
33877,9d
16949,jd
24103,3s
20370,2d
10528,jc
28552,4s
15148,2h
15392,2h
37124,5s
6968,7d
10654,jc
31973,8s
34796,4c
13598,kd
2573,9h
16617,jd
34662,4c
3876,as
14015,kd
9840,qh
2384,9h
13965,kd
38377,5d
1715,5h
36113,8c
18075,10c
9805,qh
16229,js
38327,5d
11361,10d
8396,7s
14309,3h
26580,qd
30224,9c
24429,3s
29288,4d
318,6d
15098,2h
13611,kd
9073,ac
38748,5d
3099,7c
22821,10h
1205,6s
25997,qs
20571,2d
25817,qs
15088,2h
26359,qd
35479,ah
18032,10c
460,6d
18304,10c
31139,5c
16092,js
23697,kh
24247,3s
4270,as
32669,8d
23551,kh
37727,6h
2674,9h
23652,kh
28861,4s
19135,3c
36290,8c
20414,2d
36839,5s
34912,4c
17616,kc
22186,qc
36401,8c
15923,js
10873,jc
20002,2s
445,6d
14016,kd
3055,7c
33455,9s
10972,jc
1670,5h
7259,7d
11321,10d
28767,4s
2021,5h
32398,8d
27851,7h
27016,2c
30312,9c
28260,7h
13173,ks
36793,5s
758,6s
15867,js
10215,qh
21770,qc
36523,8c
3915,as
14438,3h
975,6s
31662,8s
22823,10h
9431,ac
25918,qs
31241,5c
3875,as
23366,kh
15441,2h
26406,qd
26773,qd
6340,8h
26558,qd
7624,4h
31863,8s
27,6d
10100,qh
29257,4d
17589,kc
34923,4c
1049,6s
19527,2s
27835,7h
990,6s
9128,ac
2519,9h
15831,js
4055,as
23353,kh
6947,7d
24058,3s
36313,8c
890,6s
27837,7h
11700,10d
14579,3h
36865,5s
1228,6s
16208,js
19609,2s
33751,9d
28714,4s
4658,ad
35595,ah
34574,4c
9382,ac
13912,kd
28244,7h
4018,as
22650,10h
6440,8h
26681,qd
37855,6h
3856,as
1829,5h
37022,5s
6077,8h
9256,ac
36283,8c
24092,3s
21306,jh
25223,3d
12309,10s
22543,10h
285,6d
6898,7d
7090,7d
25566,qs
33045,9s
2756,9h
15164,2h
1087,6s
25893,qs
30490,9c
5716,6c
13530,kd
27328,2c
37712,6h
19550,2s
30887,5c
22225,qc
18173,10c
10856,jc
25663,qs
36465,8c
10753,jc
3425,7c
28117,7h
10548,jc
2280,9h
8410,7s
18199,10c
28685,4s
33075,9s
24768,3d
16932,jd
27400,2c
5693,6c
2450,9h
27160,2c
17493,kc
19012,3c
11435,10d
38508,5d
30089,9c
33343,9s
466,6d
37810,6h
5610,6c
3864,as
33408,9s
12445,10s
18020,10c
4677,ad
18292,10c
18349,10c
26589,qd
29673,4d
8466,7s
9077,ac
11548,10d
33419,9s
1229,6s
2008,5h
27508,2c
23767,kh
19234,3c
6978,7d
10227,qh
26374,qd
5679,6c
25585,qs
6943,7d
14628,3h
13134,ks
240,6d
28807,4s
14559,3h
5358,6c
32401,8d
6221,8h
27860,7h
1226,6s
21832,qc
36800,5s
19866,2s
16134,js
9247,ac
12394,10s
32578,8d
6803,7d
36875,5s
24128,3s
18430,10c
35305,ah
4188,as
20517,2d
16861,jd
13915,kd
7623,4h
6901,7d
34227,9d
14730,3h
34030,9d
25667,qs
38300,5d
10255,qh
17666,kc
7628,4h
20497,2d
27257,2c
22698,10h
38354,5d
34272,9d
16570,jd
32620,8d
1,6d
33365,9s
21435,jh
13077,ks
16751,jd
22837,10h
32688,8d
28852,4s
22745,10h
28080,7h
4534,ad
6358,8h
23725,kh
20719,2d
12854,ks
1594,5h
31086,5c
33770,9d
21213,jh
24118,3s
32420,8d
6999,7d
29747,4d
26633,qd
21015,jh
24200,3s
4208,as
18750,3c
384,6d
21216,jh
14660,3h
29446,4d
24007,3s
8549,7s
6115,8h
31526,8s
13532,kd
15333,2h
26264,qd
4702,ad
26620,qd
8555,7s
33507,9s
10855,jc
3753,as
3437,7c
15405,2h
17667,kc
8641,7s
12776,ks
10040,qh
37273,5s
16892,jd
34053,9d
15904,js
33340,9s
10266,qh
36425,8c
14531,3h
16886,jd
13968,kd
25260,3d
19257,3c
37189,5s
22624,10h
16758,jd
33253,9s
3411,7c
13022,ks
16592,jd
37075,5s
13561,kd
14387,3h
29312,4d
4949,ad
31685,8s
37738,6h
6024,8h
4975,ad
18832,3c
15772,js
24356,3s
36200,8c
17770,kc
30303,9c
2538,9h
34869,4c
25935,qs
26318,qd
8590,7s
26595,qd
29680,4d
37076,5s
20662,2d
32530,8d
34553,4c
13818,kd
12279,10s
15821,js
37669,6h
28923,4s
38596,5d
12834,ks
3168,7c
19187,3c
37054,5s
15258,2h
3485,7c
12829,ks
10883,jc
3827,as
37643,6h
19799,2s
24938,3d
5525,6c
23330,kh
9288,ac
30481,9c
260,6d
30863,5c
22094,qc
797,6s
12041,10s
34804,4c
19872,2s
6194,8h
8375,7s
6076,8h
262,6d
22502,10h
33364,9s
22777,10h
16668,jd
3976,as
18116,10c
14755,3h
28974,4s
27770,7h
32488,8d
37826,6h
31571,8s
35016,4c
27343,2c
6488,8h
25273,3d
31874,8s
31873,8s
37981,6h
19116,3c
6800,7d
7573,4h
33034,9s
30458,9c
32356,8d
13760,kd
11310,10d
29327,4d
16109,js
4667,ad
18046,10c
306,6d
27218,2c
7946,4h
32739,8d
29342,4d
27487,2c
25641,qs
34517,4c
31620,8s
34607,4c
33179,9s
28805,4s
30416,9c
35700,ah
38018,6h
16881,jd
34770,4c
34529,4c
14708,3h
15207,2h
21041,jh
19518,2s
19595,2s
28166,7h
18892,3c
43,6d
27254,2c
36960,5s
20665,2d
27013,2c
27950,7h
7610,4h
29558,4d
11616,10d
3038,7c
19978,2s
1615,5h
6121,8h
36394,8c
28500,4s
23423,kh
18058,10c
31858,8s
10952,jc
37254,5s
23470,kh
9910,qh
9847,qh
18189,10c
4590,ad
31016,5c
7714,4h
3091,7c
17611,kc
15196,2h
6010,8h
37736,6h
16652,jd
18019,10c
31862,8s
13606,kd
9490,ac
2404,9h
5409,6c
31147,5c
19701,2s
14351,3h
29396,4d
29014,4s
23567,kh
2281,9h
6234,8h
34083,9d
21819,qc
36353,8c
16527,jd
20425,2d
38458,5d
33127,9s
33982,9d
3830,as
1641,5h
13990,kd
9863,qh
5580,6c
5250,6c
17526,kc
17756,kc
13108,ks
3229,7c
28640,4s
244,6d
13661,kd
29258,4d
25633,qs
37094,5s
5002,ad
30002,9c
35472,ah
28929,4s
7934,4h
10028,qh
29729,4d
13541,kd
23701,kh
236,6d
9486,ac
15425,2h
349,6d
11341,10d
16708,jd
2017,5h
6923,7d
14678,3h
38280,5d
26274,qd
24943,3d
9484,ac
28683,4s
1231,6s
2006,5h
4716,ad
25149,3d
37637,6h
38455,5d
9412,ac
21797,qc
34646,4c
26250,qd
2010,5h
30444,9c
34528,4c
37172,5s
13843,kd
25814,qs
148,6d
17501,kc
22236,qc
31210,5c
983,6s
15316,2h
16818,jd
9335,ac
8442,7s
10572,jc
24368,3s
30789,5c
11334,10d
22872,10h
28708,4s
464,6d
34606,4c
19265,3c
18290,10c
286,6d
32439,8d
36022,8c
17594,kc
20357,2d
35743,ah
29700,4d
19879,2s
4930,ad
31207,5c
29511,4d
19054,3c
10960,jc
8444,7s
38342,5d
14406,3h
9937,qh
4191,as
28628,4s
24314,3s
473,6d
25989,qs
18178,10c
399,6d
17706,kc
22553,10h
12392,10s
31203,5c
11367,10d
30850,5c
136,6d
15050,2h
5444,6c
34267,9d
17391,kc
4776,ad
31634,8s
12234,10s
38313,5d
5277,6c
9331,ac
9210,ac
27263,2c
13555,kd
6471,8h
15087,2h
27449,2c
12455,10s
12886,ks
14689,3h
16967,jd
3278,7c
6126,8h
20625,2d
14467,3h
30115,9c
36895,5s
23255,kh
34656,4c
18056,10c
23766,kh
4929,ad
13617,kd
17274,kc
6128,8h
21112,jh
3227,7c
7710,4h
34500,4c
2340,9h
3248,7c
2590,9h
13064,ks
5700,6c
7830,4h
32,6d
13138,ks
13919,kd
31248,5c
7186,7d
20332,2d
18030,10c
12906,ks
23693,kh
12412,10s
5470,6c
36252,8c
37508,6h
19000,3c
10904,jc
6138,8h
12203,10s
6098,8h
9380,ac
12083,10s
36478,8c
30889,5c
19891,2s
34144,9d
35407,ah
6838,7d
18124,10c
16854,jd
29339,4d
1203,6s
23460,kh
21947,qc
3755,as
6809,7d
10046,qh
26740,qd
13735,kd
9982,qh
6056,8h
13075,ks
20019,2s
33758,9d
7619,4h
27984,7h
10186,qh
782,6s
29274,4d
33025,9s
25699,qs
22936,10h
10999,jc
16173,js
12801,ks
1561,5h
22588,10h
130,6d
37195,5s
22815,10h
14524,3h
34957,4c
38559,5d
26017,qs
22269,qc
7161,7d
34721,4c
28602,4s
7967,4h
938,6s
3409,7c
21282,jh
38365,5d
25187,3d
37517,6h
1851,5h
13236,ks
32448,8d
7770,4h
19263,3c
34722,4c
7031,7d
27246,2c
34971,4c
853,6s
3126,7c
14393,3h
25960,qs
21836,qc
30392,9c
20548,2d
18860,3c
11739,10d
37939,6h
33950,9d
28729,4s
31723,8s
4080,as
2755,9h
3817,as
3049,7c
19952,2s
36161,8c
28249,7h
29545,4d
6825,7d
12795,ks
31742,8s
6177,8h
23290,kh
19533,2s
9166,ac
4708,ad
949,6s
36300,8c
23581,kh
21845,qc
31895,8s
35462,ah
30327,9c
17764,kc
33187,9s
9016,ac
7653,4h
4083,as
27407,2c
485,6d
18844,3c
28023,7h
20384,2d
3820,as
18800,3c
11344,10d
12824,ks
31951,8s
20392,2d
29017,4s
8385,7s
1992,5h
22564,10h
24451,3s
33344,9s
33418,9s
20495,2d
12967,ks
38276,5d
24266,3s
4725,ad
23739,kh
10831,jc
4734,ad
21414,jh
38585,5d
6100,8h
5376,6c
10,6d
5389,6c
22621,10h
13877,kd
32623,8d
13902,kd
20436,2d
36391,8c
7508,4h
31630,8s
27761,7h
6973,7d
16135,js
34972,4c
1562,5h
27768,7h
27942,7h
37767,6h
7107,7d
14251,3h
15805,js
14547,3h
14647,3h
27419,2c
31865,8s
30083,9c
10638,jc
24941,3d
15839,js
33262,9s
28100,7h
33794,9d
23392,kh
34800,4c
35408,ah
9363,ac
14441,3h
26433,qd
31690,8s
16938,jd
25262,3d
28079,7h
37622,6h
31754,8s
34639,4c
36820,5s
13582,kd
6475,8h
16767,jd
20729,2d
34604,4c
25963,qs
10189,qh
22675,10h
24120,3s
17359,kc
7742,4h
34589,4c
30770,5c
17448,kc
19761,2s
28106,7h
4024,as
31081,5c
26378,qd
33789,9d
37194,5s
27044,2c
34650,4c
18140,10c
21010,jh
37155,5s
15326,2h
38401,5d
38547,5d
28856,4s
18783,3c
24189,3s
33088,9s
15043,2h
18944,3c
23530,kh
36198,8c
24099,3s
7955,4h
35617,ah
6059,8h
36985,5s
16675,jd
15897,js
27819,7h
10975,jc
37801,6h
28960,4s
28140,7h
19142,3c
36843,5s
12788,ks
36873,5s
15064,2h
15223,2h
22734,10h
1831,5h
19230,3c
27983,7h
5737,6c
11453,10d
4703,ad
11316,10d
23486,kh
16781,jd
32554,8d
10652,jc
10991,jc
36013,8c
27511,2c
1729,5h
1506,5h
12895,ks
2494,9h
34110,9d
790,6s
35709,ah
15524,2h
33288,9s
3507,7c
31181,5c
11376,10d
2650,9h
32497,8d
35416,ah
34994,4c
16626,jd
4973,ad
36995,5s
9755,qh
19579,2s
22674,10h
10557,jc
25015,3d
15024,2h
26437,qd
25246,3d
37927,6h
16831,jd
14550,3h
13945,kd
6006,8h
4909,ad
25181,3d
5744,6c
14461,3h
5594,6c
33009,9s
35607,ah
22175,qc
24066,3s
34160,9d
11467,10d
32273,8d
27138,2c
9425,ac
28012,7h
10583,jc
27388,2c
9094,ac
19585,2s
10772,jc
36904,5s
33226,9s
37042,5s
36081,8c
4718,ad
16761,jd
36920,5s
34127,9d
7195,7d
37533,6h
20446,2d
8702,7s
32692,8d
20015,2s
38355,5d
7529,4h
8389,7s
15828,js
22605,10h
20321,2d
32518,8d
8408,7s
19767,2s
4114,as
8502,7s
11581,10d
14357,3h
1773,5h
21196,jh
24087,3s
5531,6c
36968,5s
33157,9s
13564,kd
8633,7s
38007,6h
18249,10c
10953,jc
22628,10h
31060,5c
37751,6h
24431,3s
36293,8c
14415,3h
28601,4s
2706,9h
27171,2c
20748,2d
32259,8d
16259,js
3518,7c
22100,qc
1599,5h
15073,2h
25509,qs
30845,5c
14726,3h
4685,ad
31226,5c
38291,5d
926,6s
28681,4s
7216,7d
13031,ks
14454,3h
25890,qs
1543,5h
34228,9d
20439,2d
31267,5c
6841,7d
19951,2s
19672,2s
20605,2d
24301,3s
34225,9d
37858,6h
27883,7h
36772,5s
21258,jh
6325,8h
30956,5c
15336,2h
13013,ks
5677,6c
7618,4h
29514,4d
6214,8h
4152,as
38286,5d
12375,10s
36087,8c
19648,2s
5676,6c
3810,as
7981,4h
18308,10c
22998,10h
38370,5d
25596,qs
13900,kd
12992,ks
8751,7s
31167,5c
7682,4h
16954,jd
29658,4d
3380,7c
13668,kd
25001,3d
23471,kh
38310,5d
199,6d
28966,4s
20380,2d
26626,qd
37015,5s
21871,qc
781,6s
372,6d
5697,6c
121,6d
29621,4d
5763,6c
35538,ah
15463,2h
9897,qh
31727,8s
15197,2h
12346,10s
18262,10c
37017,5s
29313,4d
9981,qh
4771,ad
4023,as
22155,qc
6946,7d
15042,2h
22127,qc
30077,9c
4242,as
34853,4c
38636,5d
30352,9c
34906,4c
31536,8s
18089,10c
8309,7s
1998,5h
21320,jh
36965,5s
22169,qc
11006,jc
19112,3c
30787,5c
13928,kd
34090,9d
21783,qc
2509,9h
26482,qd
10834,jc
3908,as
15462,2h
28926,4s
10702,jc
6816,7d
33245,9s
26290,qd
1249,6s
31722,8s
37650,6h
12414,10s
6768,7d
34842,4c
8362,7s
32342,8d
33786,9d
37881,6h
21444,jh
22832,10h
14667,3h
13066,ks
11269,10d
19923,2s
25081,3d
9087,ac
1220,6s
25626,qs
3157,7c
38277,5d
13170,ks
8256,7s
35527,ah
22949,10h
15421,2h
8350,7s
5544,6c
34917,4c
34783,4c
21941,qc
6964,7d
11400,10d
35772,ah
21462,jh
21479,jh
28567,4s
21449,jh
37874,6h
19824,2s
4001,as
3247,7c
27801,7h
13085,ks
35532,ah
34226,9d
15920,js
26706,qd
1962,5h
10560,jc
8382,7s
2622,9h
31189,5c
22168,qc
6153,8h
17535,kc
30801,5c
30862,5c
19714,2s
13567,kd
4781,ad
22558,10h
18330,10c
25132,3d
32551,8d
17536,kc
9917,qh
19736,2s
14468,3h
15298,2h
37110,5s
4059,as
31954,8s
24161,3s
1577,5h
31008,5c
8414,7s
33390,9s
18263,10c
14401,3h
7794,4h
18403,10c
17624,kc
31909,8s
24472,3s
15206,2h
8529,7s
11721,10d
36771,5s
1031,6s
24837,3d
19726,2s
22986,10h
26571,qd
15452,2h
33821,9d
27087,2c
18790,3c
9495,ac
13658,kd
12362,10s
12914,ks
20490,2d
1658,5h
18780,3c
29408,4d
91,6d
13715,kd
7017,7d
8333,7s
2665,9h
22546,10h
29547,4d
26491,qd
14440,3h
37947,6h
10038,qh
18145,10c
34878,4c
29428,4d
27810,7h
33381,9s
21194,jh
36451,8c
16945,jd
8269,7s
26746,qd
31748,8s
24470,3s
29738,4d
30203,9c
19746,2s
7589,4h
16822,jd
4622,ad
22517,10h
19831,2s
20010,2s
10144,qh
11285,10d
12190,10s
36838,5s
6463,8h
37180,5s
7241,7d
1866,5h
13563,kd
38658,5d
21091,jh
21760,qc
19711,2s
4274,as
5603,6c
30865,5c
18758,3c
4589,ad
30319,9c
26498,qd
9420,ac
12094,10s
12759,ks
21863,qc
16793,jd
25062,3d
6009,8h
11296,10d
20698,2d
18000,10c
24068,3s
23591,kh
21476,jh
36169,8c
30117,9c
31541,8s
15784,js
10016,qh
19844,2s
35399,ah
13814,kd
24436,3s
28059,7h
36176,8c
14622,3h
38648,5d
37507,6h
3754,as
15376,2h
15786,js
22632,10h
1806,5h
1684,5h
12935,ks
27351,2c
12131,10s
5429,6c
31964,8s
19841,2s
3120,7c
9775,qh
20511,2d
772,6s
20311,2d
7005,7d
30492,9c
13621,kd
5767,6c
29544,4d
9880,qh
28742,4s
24516,3s
22805,10h
12508,10s
19599,2s
9263,ac
7961,4h
18132,10c
16221,js
10978,jc
28534,4s
12073,10s
24807,3d
14737,3h
31706,8s
7221,7d
7673,4h
29608,4d
24759,3d
6778,7d
16778,jd
16129,js
22893,10h
7509,4h
2637,9h
5471,6c
25804,qs
27753,7h
36287,8c
7941,4h
15945,js
3111,7c
4779,ad
24843,3d
34094,9d
8533,7s
8663,7s
22966,10h
9268,ac
4003,as
6090,8h
13508,kd
33754,9d
7726,4h
18873,3c
27307,2c
25618,qs
35736,ah
23496,kh
10041,qh
34584,4c
5597,6c
8310,7s
1652,5h
5538,6c
22017,qc
980,6s
31000,5c
20271,2d
25116,3d
1028,6s
8743,7s
13050,ks
34982,4c
29462,4d
16177,js
10540,jc
30107,9c
21405,jh
16576,jd
1952,5h
12143,10s
18959,3c
33294,9s
37038,5s
22730,10h
27451,2c
20320,2d
3884,as
5448,6c
7182,7d
26723,qd
38275,5d
7875,4h
35704,ah
9859,qh
5300,6c
1584,5h
17268,kc
28061,7h
36841,5s
15230,2h
2740,9h
27493,2c
11526,10d
28556,4s
37973,6h
33150,9s
33881,9d
25049,3d
18521,10c
12853,ks
13051,ks
28231,7h
461,6d
9401,ac
37200,5s
26557,qd
27320,2c
6895,7d
1963,5h
20423,2d
5335,6c
25748,qs
13098,ks
5537,6c
10872,jc
6014,8h
428,6d
25658,qs
11760,10d
16794,jd
26685,qd
10705,jc
11576,10d
18792,3c
6002,8h
30445,9c
24305,3s
36363,8c
12350,10s
24119,3s
21803,qc
16101,js
13742,kd
24958,3d
26262,qd
20442,2d
21997,qc
35465,ah
25558,qs
36461,8c
30108,9c
19787,2s
7591,4h
1948,5h
23637,kh
2301,9h
8736,7s
34859,4c
6489,8h
32386,8d
3332,7c
14705,3h
894,6s
6263,8h
34262,9d
34586,4c
30058,9c
22938,10h
13557,kd
7845,4h
29690,4d
31651,8s
15906,js
26705,qd
14304,3h
7993,4h
19989,2s
38385,5d
29012,4s
23712,kh
24849,3d
15514,2h
18476,10c
23700,kh
23284,kh
21261,jh
5739,6c
33387,9s
7070,7d
147,6d
31618,8s
28761,4s
33946,9d
2001,5h
19024,3c
19624,2s
4963,ad
38580,5d
13027,ks
33279,9s
24873,3d
33952,9d
36107,8c
37066,5s
3007,7c
8604,7s
17277,kc
28775,4s
34937,4c
25928,qs
6957,7d
15961,js
15212,2h
3233,7c
25559,qs
11457,10d
5641,6c
38262,5d
11768,10d
27156,2c
14765,3h
28883,4s
10194,qh
21892,qc
10066,qh
17281,kc
10108,qh
33518,9s
12864,ks
12070,10s
30307,9c
33274,9s
28998,4s
12093,10s
29338,4d
26340,qd
36010,8c
15838,js
28271,7h
18888,3c
36450,8c
36833,5s
385,6d
29565,4d
38406,5d
3152,7c
28205,7h
29718,4d
32003,8s
14352,3h
32695,8d
36433,8c
18974,3c
34961,4c
220,6d
34512,4c
1717,5h
13233,ks
36804,5s
32656,8d
21343,jh
38489,5d
25102,3d
25054,3d
29654,4d
13518,kd
19751,2s
37666,6h
3765,as
10601,jc
36973,5s
4596,ad
31506,8s
22679,10h
6187,8h
17470,kc
14259,3h
14649,3h
38766,5d
13648,kd
17484,kc
34098,9d
21125,jh
2762,9h
7613,4h
18890,3c
9291,ac
18013,10c
3823,as
20385,2d
22254,qc
3093,7c
10945,jc
15978,js
1077,6s
4827,ad
30042,9c
34556,4c
10929,jc
7727,4h
10146,qh
13886,kd
24094,3s
34058,9d
37845,6h
29662,4d
25782,qs
12774,ks
15262,2h
13589,kd
36796,5s
25538,qs
5267,6c
6209,8h
33845,9d
19538,2s
36332,8c
3938,as
7943,4h
30914,5c
1630,5h
30366,9c
34603,4c
22634,10h
1795,5h
23569,kh
4654,ad
30854,5c
5001,ad
4154,as
36175,8c
36414,8c
919,6s
35335,ah
16263,js
25206,3d
7215,7d
18772,3c
36273,8c
1250,6s
9482,ac
9866,qh
297,6d
7265,7d
14,6d
3051,7c
15445,2h
9934,qh
22584,10h
21441,jh
9523,ac
28816,4s
35563,ah
4115,as
36028,8c
12045,10s
7572,4h
34108,9d
19993,2s
25553,qs
831,6s
32527,8d
2419,9h
13870,kd
36917,5s
12380,10s
32321,8d
6486,8h
1735,5h
6066,8h
9889,qh
20737,2d
14020,kd
5259,6c
27951,7h
2552,9h
7817,4h
27236,2c
35669,ah
17575,kc
26347,qd
9357,ac
36928,5s
32676,8d
29533,4d
20725,2d
183,6d
17400,kc
34183,9d
29319,4d
17472,kc
17578,kc
8574,7s
30377,9c
848,6s
38309,5d
29267,4d
14757,3h
34659,4c
10007,qh
27422,2c
15520,2h
6149,8h
1055,6s
38301,5d
1628,5h
25715,qs
5639,6c
36836,5s
7797,4h
28987,4s
33149,9s
1807,5h
33515,9s
37937,6h
22549,10h
15900,js
35652,ah
26434,qd
21898,qc
30005,9c
15882,js
31667,8s
3222,7c
1781,5h
5509,6c
29769,4d
24908,3d
4579,ad
21998,qc
24049,3s
22757,10h
22145,qc
17567,kc
30794,5c
6796,7d
18392,10c
26440,qd
24995,3d
23534,kh
29422,4d
34247,9d
31133,5c
11681,10d
12152,10s
3344,7c
24458,3s
27850,7h
14592,3h
5279,6c
456,6d
13739,kd
7969,4h
11574,10d
22271,qc
17507,kc
6223,8h
4174,as
11507,10d
36487,8c
21986,qc
37027,5s
22581,10h
9369,ac
29763,4d
3983,as
12473,10s
22198,qc
36966,5s
30764,5c
12217,10s
20434,2d
35403,ah
22990,10h
32369,8d
35386,ah
4536,ad
23699,kh
20616,2d
21946,qc
476,6d
18234,10c
25915,qs
36757,5s
9429,ac
10870,jc
8696,7s
34949,4c
23279,kh
23354,kh
11273,10d
7531,4h
21263,jh
23705,kh
33407,9s
10847,jc
25653,qs
2646,9h
27296,2c
6327,8h
25956,qs
11658,10d
15804,js
37106,5s
13126,ks
5275,6c
34142,9d
25615,qs
36504,8c
7173,7d
12059,10s
31598,8s
7566,4h
37700,6h
34890,4c
34705,4c
17300,kc
33812,9d
38024,6h
3186,7c
18852,3c
9508,ac
20013,2s
33337,9s
7055,7d
18044,10c
24044,3s
34269,9d
28002,7h
37828,6h
15217,2h
13017,ks
22146,qc
17319,kc
36133,8c
4088,as
29703,4d
28764,4s
31775,8s
34782,4c
15499,2h
4117,as
18963,3c
30971,5c
31583,8s
34254,9d
24882,3d
17516,kc
10640,jc
28907,4s
21927,qc
25818,qs
28597,4s
15407,2h
18914,3c
34977,4c
35316,ah
8268,7s
30852,5c
27284,2c
24260,3s
9240,ac
156,6d
19899,2s
24178,3s
25575,qs
31665,8s
25588,qs
9365,ac
23640,kh
36324,8c
35348,ah
8439,7s
26707,qd
34739,4c
38279,5d
10711,jc
33963,9d
15329,2h
26314,qd
37558,6h
29603,4d
20524,2d
12039,10s
12974,ks
11302,10d
37125,5s
23337,kh
28607,4s
35012,4c
37968,6h
26754,qd
3832,as
38388,5d
31819,8s
37138,5s
9846,qh
22807,10h
28677,4s
28881,4s
18244,10c
31730,8s
8741,7s
34605,4c
8482,7s
10011,qh
4786,ad
9521,ac
25628,qs
22503,10h
11300,10d
5607,6c
26702,qd
6361,8h
37531,6h
27350,2c
14005,kd
10992,jc
32532,8d
8399,7s
1081,6s
26370,qd
15758,js
11370,10d
34533,4c
27409,2c
16249,js
29349,4d
24929,3d
22560,10h
28137,7h
23009,10h
15074,2h
38550,5d
11353,10d
24192,3s
25871,qs
10501,jc
1099,6s
32570,8d
3301,7c
23416,kh
25950,qs
10963,jc
5541,6c
14445,3h
6481,8h
18834,3c
38437,5d
5304,6c
29727,4d
33124,9s
33316,9s
21188,jh
36906,5s
24814,3d
30393,9c
15757,js
36302,8c
12838,ks
24121,3s
18309,10c
27497,2c
20421,2d
33037,9s
15261,2h
15299,2h
30407,9c
34725,4c
15447,2h
15494,2h
12379,10s
36277,8c
7534,4h
30019,9c
5740,6c
17365,kc
19727,2s
21870,qc
1054,6s
14283,3h
11428,10d
25659,qs
24418,3s
28129,7h
19803,2s
15523,2h
29366,4d
30217,9c
14354,3h
15271,2h
25251,3d
13797,kd
23620,kh
25741,qs
10574,jc
12092,10s
32760,8d
25256,3d
24468,3s
32687,8d
28144,7h
28207,7h
37140,5s
33476,9s
16894,jd
7269,7d
36281,8c
34892,4c
8700,7s
33215,9s
74,6d
884,6s
18444,10c
34056,9d
21523,jh
1092,6s
29766,4d
32673,8d
119,6d
24194,3s
36953,5s
24174,3s
9297,ac
16513,jd
10923,jc
16580,jd
1847,5h
33000,9s
10621,jc
32729,8d
34070,9d
154,6d
11717,10d
2000,5h
32350,8d
4508,ad
4790,ad
33402,9s
20544,2d
30021,9c
13764,kd
17759,kc
6159,8h
7092,7d
19513,2s
7574,4h
15937,js
28109,7h
21966,qc
520,6d
12875,ks
19790,2s
22695,10h
36380,8c
14298,3h
31641,8s
28519,4s
27206,2c
3777,as
25718,qs
25013,3d
31941,8s
35438,ah
6431,8h
24153,3s
36099,8c
13586,kd
10731,jc
38298,5d
33864,9d
25595,qs
36351,8c
357,6d
16979,jd
9856,qh
15059,2h
37884,6h
32391,8d
34151,9d
21133,jh
38724,5d
9333,ac
9224,ac
14655,3h
36435,8c
6415,8h
29450,4d
36818,5s
23674,kh
7225,7d
17,6d
16171,js
15301,2h
28622,4s
2713,9h
2502,9h
9405,ac
4256,as
7131,7d
26256,qd
7082,7d
34219,9d
34838,4c
11544,10d
32426,8d
9292,ac
31711,8s
15311,2h
10221,qh
4203,as
3167,7c
37613,6h
23424,kh
16213,js
22915,10h
30786,5c
35519,ah
23684,kh
27393,2c
19029,3c
35475,ah
33919,9d
31089,5c
457,6d
30462,9c
26596,qd
9312,ac
35284,ah
12814,ks
24796,3d
33958,9d
19700,2s
771,6s
3269,7c
5382,6c
15428,2h
5022,ad
33828,9d
852,6s
2730,9h
29716,4d
38349,5d
1020,6s
6384,8h
36992,5s
1560,5h
36051,8c
20483,2d
419,6d
12211,10s
11676,10d
26010,qs
36858,5s
10537,jc
27506,2c
25938,qs
6179,8h
23750,kh
12890,ks
23270,kh
4853,ad
35411,ah
34935,4c
34545,4c
1272,6s
12484,10s
24909,3d
25684,qs
33350,9s
24398,3s
296,6d
31222,5c
28614,4s
28578,4s
6329,8h
34790,4c
28704,4s
21837,qc
16214,js
29734,4d
33869,9d
35402,ah
10543,jc
6049,8h
15981,js
12932,ks
35648,ah
4915,ad
4663,ad
11319,10d
9379,ac
31883,8s
24919,3d
17583,kc
12097,10s
23672,kh
13588,kd
30946,5c
12184,10s
2397,9h
19691,2s
6892,7d
31788,8s
19586,2s
29550,4d
34063,9d
22196,qc
34580,4c
34002,9d
35551,ah
36774,5s
12356,10s
29648,4d
28048,7h
35376,ah
15892,js
32437,8d
9494,ac
11477,10d
37560,6h
18212,10c
490,6d
13999,kd
3451,7c
22529,10h
10247,qh
13597,kd
8719,7s
330,6d
15503,2h
36212,8c
159,6d
8374,7s
1737,5h
17362,kc
33949,9d
12931,ks
3857,as
8453,7s
37906,6h
6451,8h
5345,6c
12029,10s
213,6d
6352,8h
17298,kc
12446,10s
6323,8h
8405,7s
27845,7h
31002,5c
10848,jc
12879,ks
4560,ad
24040,3s
23546,kh
6037,8h
36076,8c
446,6d
1744,5h
9777,qh
5355,6c
25822,qs
19002,3c
36768,5s
142,6d
19149,3c
34223,9d
30071,9c
34672,4c
16070,js
8600,7s
36855,5s
18099,10c
16835,jd
6171,8h
18855,3c
18228,10c
6441,8h
30264,9c
28502,4s
25147,3d
1654,5h
5411,6c
8313,7s
33501,9s
35631,ah
25264,3d
34918,4c
26575,qd
3924,as
21372,jh
27344,2c
1813,5h
35715,ah
11277,10d
22260,qc
37202,5s
14018,kd
28762,4s
28030,7h
9317,ac
34864,4c
3953,as
16817,jd
16586,jd
37153,5s
20655,2d
29464,4d
37974,6h
36294,8c
29252,4d
16200,js
30907,5c
12784,ks
13964,kd
3478,7c
37977,6h
35735,ah
27933,7h
23638,kh
15272,2h
6300,8h
33962,9d
7098,7d
24916,3d
3399,7c
786,6s
35502,ah
12483,10s
35667,ah
1243,6s
29022,4s
15319,2h
8392,7s
24179,3s
16075,js
33908,9d
1692,5h
22242,qc
34566,4c
16004,js
33200,9s
21184,jh
16972,jd
11481,10d
25925,qs
4937,ad
7864,4h
26018,qs
1200,6s
5477,6c
11750,10d
16146,js
7535,4h
16271,js
31109,5c
32742,8d
6150,8h
8739,7s
22780,10h
12934,ks
14575,3h
15106,2h
34250,9d
10226,qh
35454,ah
51,6d
36177,8c
31132,5c
3127,7c
6133,8h
32447,8d
31905,8s
22934,10h
3773,as
18361,10c
24486,3s
15750,js
24065,3s
36440,8c
24039,3s
4575,ad
14443,3h
3898,as
22134,qc
16030,js
33834,9d
18183,10c
3057,7c
4267,as
2007,5h
33211,9s
33466,9s
32643,8d
20000,2s
7052,7d
15110,2h
1086,6s
15416,2h
12334,10s
30449,9c
28734,4s
18227,10c
10045,qh
32278,8d
20323,2d
11484,10d
953,6s
18440,10c
37069,5s
34013,9d
32615,8d
36231,8c
23455,kh
13533,kd
8282,7s
23703,kh
7083,7d
14399,3h
265,6d
4197,as
35526,ah
85,6d
26353,qd
3802,as
1782,5h
18239,10c
847,6s
37618,6h
34684,4c
4681,ad
34984,4c
34909,4c
27391,2c
7926,4h
27049,2c
10683,jc
36208,8c
23292,kh
7701,4h
35340,ah
2440,9h
21149,jh
20699,2d
26680,qd
35458,ah
37839,6h
25578,qs
19832,2s
34867,4c
5414,6c
25874,qs
24772,3d
11708,10d
19820,2s
37168,5s
521,6d
34135,9d
7034,7d
19123,3c
36503,8c
19070,3c
10267,qh
16054,js
28110,7h
5309,6c
1524,5h
1882,5h
103,6d
7231,7d
36426,8c
10987,jc
14378,3h
22006,qc
37905,6h
22971,10h
35559,ah
25676,qs
4902,ad
10853,jc
12490,10s
1051,6s
19,6d
12019,10s
21951,qc
12772,ks
34999,4c
21329,jh
27140,2c
35001,4c
25913,qs
4163,as
2727,9h
3107,7c
13234,ks
908,6s
18899,3c
7982,4h
12983,ks
16161,js
3148,7c
37116,5s
16655,jd
27994,7h
11531,10d
35577,ah
4809,ad
162,6d
23522,kh
4991,ad
493,6d
34643,4c
8579,7s
15187,2h
31783,8s
25797,qs
34812,4c
23339,kh
10788,jc
36434,8c
29477,4d
23461,kh
12342,10s
17283,kc
31635,8s
38710,5d
13716,kd
2529,9h
7796,4h
35566,ah
14766,3h
15998,js
27290,2c
10530,jc
352,6d
27999,7h
27381,2c
25981,qs
29650,4d
5742,6c
6286,8h
21807,qc
15852,js
38493,5d
37822,6h
1596,5h
7016,7d
12478,10s
12193,10s
37930,6h
31108,5c
37805,6h
809,6s
19690,2s
34264,9d
18973,3c
15477,2h
4753,ad
9465,ac
31234,5c
31028,5c
7812,4h
27971,7h
15344,2h
12313,10s
32316,8d
29009,4s
16625,jd
15845,js
15521,2h
5482,6c
21096,jh
16865,jd
22535,10h
12236,10s
11279,10d
7881,4h
37108,5s
33391,9s
31261,5c
33154,9s
11741,10d
2716,9h
7010,7d
12038,10s
24331,3s
10512,jc
3450,7c
860,6s
22102,qc
25039,3d
33788,9d
28956,4s
31888,8s
27973,7h
7205,7d
38672,5d
15166,2h
27107,2c
37540,6h
24297,3s
25199,3d
23437,kh
30358,9c
1844,5h
30068,9c
33012,9s
21514,jh
35639,ah
35385,ah
33928,9d
34774,4c
30318,9c
37208,5s
808,6s
27522,2c
24935,3d
2607,9h
22126,qc
30910,5c
21439,jh
18316,10c
21920,qc
6784,7d
7633,4h
12265,10s
23021,10h
4606,ad
12447,10s
27255,2c
24992,3d
17554,kc
6259,8h
36014,8c
14010,kd
16825,jd
34104,9d
29598,4d
7986,4h
29536,4d
25221,3d
8418,7s
4032,as
28865,4s
11346,10d
27095,2c
13937,kd
4927,ad
32561,8d
14695,3h
16680,jd
31112,5c
19660,2s
23394,kh
4635,ad
12845,ks
15962,js
22978,10h
20626,2d
10237,qh
28773,4s
22969,10h
22523,10h
23013,10h
22116,qc
1938,5h
508,6d
8322,7s
16041,js
24165,3s
38429,5d
6071,8h
2596,9h
36236,8c
34050,9d
9249,ac
2705,9h
18139,10c
21517,jh
23485,kh
38698,5d
30421,9c
18988,3c
9332,ac
29279,4d
4065,as
17513,kc
27009,2c
37783,6h
21285,jh
24767,3d
8573,7s
500,6d
36483,8c
27813,7h
29324,4d
16810,jd
27190,2c
35593,ah
32748,8d
17642,kc
2561,9h
25682,qs
22239,qc
32484,8d
27154,2c
13200,ks
18063,10c
9435,ac
8351,7s
16656,jd
34061,9d
1610,5h
28829,4s
25190,3d
12096,10s
27858,7h
17664,kc
21995,qc
35589,ah
36221,8c
10223,qh
35365,ah
33185,9s
21888,qc
24096,3s
37263,5s
3788,as
7151,7d
16048,js
16212,js
30398,9c
18143,10c
21180,jh
14275,3h
32516,8d
12771,ks
6907,7d
2683,9h
6264,8h
34897,4c
6479,8h
34773,4c
8334,7s
4825,ad
27130,2c
18096,10c
15097,2h
1526,5h
36941,5s
24479,3s
36408,8c
37686,6h
15163,2h
22901,10h
9162,ac
35584,ah
29760,4d
37869,6h
36301,8c
13916,kd
401,6d
35394,ah
19523,2s
10183,qh
12807,ks
1817,5h
17317,kc
10065,qh
26590,qd
36883,5s
38768,5d
16002,js
24794,3d
13938,kd
25867,qs
27952,7h
3420,7c
3372,7c
7743,4h
27468,2c
13786,kd
7736,4h
36084,8c
24259,3s
10190,qh
38531,5d
34928,4c
28716,4s
6346,8h
22645,10h
33228,9s
9302,ac
33237,9s
7899,4h
31743,8s
34598,4c
25784,qs
23678,kh
985,6s
3289,7c
26343,qd
29469,4d
5483,6c
20615,2d
22010,qc
33152,9s
37554,6h
31622,8s
6783,7d
31157,5c
7703,4h
27831,7h
10152,qh
16696,jd
14456,3h
18338,10c
2438,9h
8372,7s
28131,7h
22831,10h
9984,qh
10209,qh
22133,qc
10902,jc
10195,qh
35767,ah
34521,4c
21878,qc
18856,3c
26413,qd
38647,5d
17007,jd
13149,ks
12232,10s
31039,5c
34950,4c
12750,ks
38622,5d
34648,4c
22566,10h
16165,js
10781,jc
19021,3c
7006,7d
31839,8s
3893,as
8640,7s
29634,4d
22894,10h
2759,9h
25834,qs
4586,ad
37050,5s
2293,9h
8607,7s
33192,9s
4070,as
20367,2d
19173,3c
38588,5d
38448,5d
28050,7h
254,6d
22563,10h
33019,9s
7007,7d
24274,3s
1188,6s
24829,3d
23256,kh
21253,jh
15116,2h
27327,2c
36355,8c
22160,qc
33490,9s
15490,2h
27879,7h
15989,js
30230,9c
16772,jd
31859,8s
26252,qd
37547,6h
16157,js
510,6d
28854,4s
34087,9d
15755,js
9791,qh
49,6d
14388,3h
25056,3d
15040,2h
19548,2s
34012,9d
13099,ks
27086,2c
18833,3c
943,6s
5596,6c
25892,qs
26554,qd
38570,5d
35333,ah
36203,8c
30795,5c
784,6s
33378,9s
11503,10d
7686,4h
12216,10s
12102,10s
9063,ac
33855,9d
4906,ad
1903,5h
34712,4c
28197,7h
14257,3h
21872,qc
30464,9c
22668,10h
14679,3h
8327,7s
28822,4s
37562,6h
32689,8d
23528,kh
36341,8c
15370,2h
9888,qh
23746,kh
16657,jd
26674,qd
10830,jc
37216,5s
12370,10s
23329,kh
7717,4h
38410,5d
5291,6c
3502,7c
2721,9h
3877,as
29555,4d
30356,9c
10948,jc
23760,kh
34195,9d
15454,2h
3947,as
17003,jd
17398,kc
6254,8h
36053,8c
8260,7s
12361,10s
1029,6s
30833,5c
7757,4h
31908,8s
36444,8c
11580,10d
13859,kd
25922,qs
37559,6h
3489,7c
30293,9c
18302,10c
14476,3h
22710,10h
14503,3h
35482,ah
13834,kd
9751,qh
11391,10d
9819,qh
1932,5h
22143,qc
26540,qd
11633,10d
18434,10c
18957,3c
28700,4s
34543,4c
21124,jh
24844,3d
31177,5c
27347,2c
23349,kh
26324,qd
6190,8h
16903,jd
26506,qd
26006,qs
28033,7h
5635,6c
14380,3h
17727,kc
2724,9h
16729,jd
24972,3d
9804,qh
20449,2d
18464,10c
9447,ac
33386,9s
32539,8d
31098,5c
10196,qh
1120,6s
28090,7h
25959,qs
28044,7h
7254,7d
12405,10s
14335,3h
4862,ad
11538,10d
13619,kd
23286,kh
3187,7c
18282,10c
31031,5c
31087,5c
30373,9c
19773,2s
4205,as
14460,3h
15020,2h
21492,jh
21983,qc
9278,ac
27068,2c
13562,kd
37895,6h
30329,9c
38322,5d
28646,4s
12957,ks
27808,7h
29399,4d
37120,5s
10845,jc
33920,9d
9899,qh
16821,jd
15178,2h
13546,kd
1856,5h
1987,5h
17595,kc
35005,4c
37259,5s
5310,6c
1146,6s
1618,5h
38250,5d
8307,7s
31977,8s
8012,4h
2002,5h
116,6d
7927,4h
13186,ks
33945,9d
17647,kc
27002,2c
7730,4h
33889,9d
4245,as
12803,ks
27890,7h
4617,ad
36247,8c
13725,kd
9203,ac
10074,qh
15894,js
12005,10s
16111,js
26730,qd
6411,8h
25109,3d
17576,kc
2501,9h
22660,10h
2402,9h
24515,3s
10662,jc
29024,4s
27874,7h
6334,8h
26726,qd
25118,3d
19705,2s
7630,4h
28694,4s
10199,qh
36315,8c
16814,jd
18812,3c
7637,4h
27362,2c
6241,8h
33790,9d
30306,9c
12099,10s
34888,4c
3511,7c
30866,5c
4891,ad
6079,8h
7731,4h
23690,kh
2574,9h
25120,3d
13510,kd
21923,qc
15398,2h
15150,2h
38487,5d
7121,7d
26656,qd
9500,ac
29380,4d
22577,10h
16537,jd
33395,9s
15069,2h
3931,as
30428,9c
3925,as
18456,10c
26312,qd
13192,ks
16613,jd
12472,10s
22906,10h
84,6d
22880,10h
38285,5d
21846,qc
15328,2h
1191,6s
2612,9h
17534,kc
10593,jc
5616,6c
36145,8c
1905,5h
35721,ah
6961,7d
12174,10s
25568,qs
11443,10d
2369,9h
3756,as
33374,9s
26473,qd
28073,7h
22595,10h
37757,6h
11525,10d
37093,5s
9083,ac
1531,5h
7514,4h
16731,jd
29362,4d
8691,7s
36788,5s
18242,10c
38386,5d
33166,9s
288,6d
23361,kh
7831,4h
15451,2h
26654,qd
34174,9d
4623,ad
18838,3c
14477,3h
3198,7c
30940,5c
28190,7h
468,6d
16843,jd
33302,9s
29437,4d
4824,ad
25259,3d
17555,kc
24471,3s
32720,8d
30930,5c
32622,8d
34814,4c
36069,8c
36018,8c
15192,2h
1728,5h
14723,3h
16631,jd
15038,2h
35720,ah
29551,4d
28735,4s
28003,7h
7854,4h
2480,9h
2327,9h
26013,qs
32349,8d
12200,10s
21094,jh
22747,10h
19069,3c
7949,4h
18824,3c
7522,4h
13237,ks
24913,3d
32759,8d
3230,7c
15019,2h
27026,2c
33320,9s
1979,5h
28506,4s
15055,2h
38598,5d
35665,ah
13895,kd
5584,6c
5492,6c
15124,2h
22676,10h
15174,2h
4272,as
28262,7h
31047,5c
15394,2h
33177,9s
26357,qd
33176,9s
17730,kc
9080,ac
31569,8s
7800,4h
31914,8s
28857,4s
5660,6c
4071,as
37843,6h
35484,ah
15183,2h
31923,8s
25887,qs
27818,7h
38517,5d
30314,9c
18373,10c
34861,4c
34720,4c
26365,qd
22195,qc
29482,4d
21066,jh
7871,4h
38281,5d
26421,qd
15227,2h
20591,2d
63,6d
34989,4c
7111,7d
19621,2s
10657,jc
33306,9s
7115,7d
35009,4c
37564,6h
4139,as
22520,10h
16637,jd
22794,10h
24753,3d
6812,7d
22033,qc
10552,jc
5326,6c
29346,4d
34525,4c
2547,9h
35544,ah
16990,jd
15491,2h
34089,9d
23588,kh
9511,ac
9514,ac
21505,jh
5723,6c
883,6s
17020,jd
37911,6h
3063,7c
19955,2s
18303,10c
22771,10h
24948,3d
23635,kh
2274,9h
28820,4s
9518,ac
20365,2d
17453,kc
28034,7h
19734,2s
7650,4h
9346,ac
37182,5s
16116,js
4978,ad
27998,7h
164,6d
11697,10d
12278,10s
2664,9h
2576,9h
13995,kd
30891,5c
3774,as
30390,9c
33010,9s
13152,ks
5705,6c
30888,5c
7179,7d
15384,2h
16987,jd
12951,ks
38468,5d
25815,qs
24310,3s
17288,kc
38716,5d
33459,9s
28895,4s
19969,2s
10020,qh
16997,jd
25241,3d
4505,ad
9005,ac
29278,4d
348,6d
14368,3h
18822,3c
36845,5s
29283,4d
24962,3d
14343,3h
31206,5c
36903,5s
15249,2h
16900,jd
1633,5h
30457,9c
34835,4c
7061,7d
22687,10h
36242,8c
6522,8h
24215,3s
13708,kd
36436,8c
28525,4s
4687,ad
3414,7c
30878,5c
31567,8s
1556,5h
25948,qs
15795,js
279,6d
27977,7h
9816,qh
4711,ad
11733,10d
18975,3c
26566,qd
32413,8d
37785,6h
32766,8d
33125,9s
3185,7c
19932,2s
34738,4c
2544,9h
9015,ac
4100,as
23367,kh
18910,3c
3079,7c
35259,ah
29656,4d
18219,10c
7575,4h
17752,kc
35726,ah
38726,5d
18508,10c
923,6s
34983,4c
31238,5c
19052,3c
21386,jh
11661,10d
33223,9s
37007,5s
29602,4d
12855,ks
382,6d
32749,8d
37051,5s
36295,8c
11307,10d
28996,4s
19945,2s
7614,4h
3178,7c
33474,9s
25240,3d
36021,8c
35711,ah
31739,8s
19818,2s
15974,js
14483,3h
14768,3h
36932,5s
25799,qs
6897,7d
6839,7d
28032,7h
4732,ad
6427,8h
6142,8h
35435,ah
6861,7d
7663,4h
35397,ah
18100,10c
28218,7h
21484,jh
3750,as
1532,5h
3124,7c
16634,jd
20728,2d
33224,9s
23543,kh
8528,7s
11735,10d
19022,3c
37929,6h
18051,10c
28627,4s
9322,ac
28088,7h
17374,kc
36364,8c
9176,ac
25694,qs
34744,4c
34980,4c
26569,qd
24889,3d
503,6d
16989,jd
924,6s
935,6s
20276,2d
8742,7s
5765,6c
24101,3s
30851,5c
16541,jd
37169,5s
15919,js
37759,6h
23507,kh
3341,7c
24284,3s
8710,7s
30944,5c
32359,8d
28994,4s
37670,6h
14422,3h
35500,ah
17464,kc
35637,ah
22040,qc
12852,ks
9194,ac
9167,ac
37218,5s
15505,2h
31791,8s
18971,3c
4745,ad
24303,3s
13847,kd
29398,4d
24950,3d
28892,4s
33471,9s
37775,6h
24376,3s
7041,7d
27020,2c
37918,6h
830,6s
33456,9s
20452,2d
193,6d
37987,6h
37994,6h
18327,10c
9373,ac
7924,4h
18523,10c
33089,9s
256,6d
26275,qd
9904,qh
21430,jh
3144,7c
6976,7d
24342,3s
2348,9h
24975,3d
9758,qh
12836,ks
25101,3d
9084,ac
14329,3h
33916,9d
22077,qc
11359,10d
14407,3h
33099,9s
5566,6c
4689,ad
18998,3c
15135,2h
12368,10s
18179,10c
15774,js
7654,4h
38308,5d
14014,kd
169,6d
1733,5h
37769,6h
21202,jh
21982,qc
30950,5c
8712,7s
17012,jd
8280,7s
6433,8h
34141,9d
21051,jh
33369,9s
28521,4s
24930,3d
37029,5s
34081,9d
17634,kc
28615,4s
26319,qd
19566,2s
34850,4c
30381,9c
16203,js
37217,5s
1212,6s
17700,kc
30348,9c
8565,7s
7951,4h
30237,9c
22999,10h
13580,kd
21123,jh
31049,5c
66,6d
9248,ac
6031,8h
5678,6c
27135,2c
15963,js
9138,ac
30388,9c
27964,7h
22216,qc
13139,ks
12338,10s
19045,3c
15280,2h
31011,5c
12251,10s
33039,9s
3515,7c
15215,2h
32269,8d
14769,3h
29378,4d
28818,4s
36347,8c
18415,10c
11559,10d
5380,6c
12792,ks
4692,ad
10686,jc
15776,js
8662,7s
1127,6s
23011,10h
4273,as
19544,2s
7795,4h
364,6d
28619,4s
25194,3d
8673,7s
18059,10c
6343,8h
31014,5c
1702,5h
35469,ah
26504,qd
14694,3h
13835,kd
22008,qc
11374,10d
412,6d
27361,2c
37255,5s
3814,as
35625,ah
31201,5c
37235,5s
1973,5h
31749,8s
23730,kh
22902,10h
32626,8d
38655,5d
14702,3h
155,6d
12959,ks
12293,10s
26562,qd
5643,6c
37752,6h
28849,4s
21943,qc
2513,9h
14651,3h
20345,2d
20704,2d
32614,8d
30838,5c
32310,8d
36187,8c
2460,9h
16257,js
29683,4d
16194,js
22084,qc
400,6d
21893,qc
36254,8c
3015,7c
25057,3d
20612,2d
23323,kh
15347,2h
1697,5h
4767,ad
4850,ad
33506,9s
18488,10c
5595,6c
36828,5s
32647,8d
8717,7s
4847,ad
6777,7d
10170,qh
13105,ks
17447,kc
30065,9c
38314,5d
7900,4h
31597,8s
11379,10d
30135,9c
23681,kh
36458,8c
17490,kc
11317,10d
11324,10d
18164,10c
33331,9s
26284,qd
2659,9h
26727,qd
9395,ac
5533,6c
15403,2h
18223,10c
13802,kd
8352,7s
27398,2c
5323,6c
36967,5s
9340,ac
15863,js
8711,7s
36118,8c
16220,js
30033,9c
29003,4s
33411,9s
37064,5s
19789,2s
36852,5s
16683,jd
2641,9h
30997,5c
22187,qc
28731,4s
33199,9s
33324,9s
36308,8c
12072,10s
30295,9c
4566,ad
6793,7d
21510,jh
13210,ks
1863,5h
35308,ah
19977,2s
29330,4d
30309,9c
37220,5s
3779,as
30372,9c
9953,qh
35498,ah
25972,qs
3358,7c
36042,8c
10812,jc
15916,js
8286,7s
35447,ah
9432,ac
17461,kc
9757,qh
4751,ad
22810,10h
12851,ks
13948,kd
15068,2h
7755,4h
29402,4d
18806,3c
28613,4s
12061,10s
31799,8s
13523,kd
31515,8s
13793,kd
37047,5s
34001,9d
10951,jc
947,6s
33165,9s
13650,kd
28992,4s
6515,8h
21119,jh
7504,4h
12204,10s
792,6s
20634,2d
12052,10s
16145,js
14462,3h
18086,10c
25955,qs
18356,10c
36140,8c
14256,3h
29431,4d
1178,6s
4008,as
38337,5d
10003,qh
27028,2c
13704,kd
38718,5d
9768,qh
4027,as
13920,kd
37175,5s
8261,7s
29732,4d
17383,kc
33146,9s
28568,4s
37794,6h
10964,jc
13701,kd
1612,5h
2629,9h
11009,jc
12087,10s
19922,2s
20663,2d
19248,3c
8298,7s
11517,10d
37072,5s
19718,2s
2261,9h
11446,10d
17743,kc
3523,7c
36874,5s
34068,9d
9139,ac
3868,as
9924,qh
11295,10d
34797,4c
969,6s
37694,6h
21963,qc
37512,6h
28571,4s
4185,as
5278,6c
223,6d
11311,10d
21381,jh
28955,4s
16020,js
38533,5d
8468,7s
15023,2h
22703,10h
19996,2s
36050,8c
27075,2c
30881,5c
22264,qc
9377,ac
23737,kh
118,6d
22000,qc
26020,qs
6862,7d
4046,as
22804,10h
29266,4d
22110,qc
35493,ah
13194,ks
38711,5d
6420,8h
35459,ah
30337,9c
32672,8d
15255,2h
33038,9s
15198,2h
23642,kh
4946,ad
37080,5s
30022,9c
15220,2h
24934,3d
5718,6c
11438,10d
16546,jd
24168,3s
170,6d
24349,3s
4697,ad
4676,ad
21105,jh
28258,7h
28692,4s
31961,8s
6155,8h
37691,6h
1747,5h
15890,js
17278,kc
13512,kd
19647,2s
15401,2h
10857,jc
13506,kd
26431,qd
28666,4s
7599,4h
38001,6h
30362,9c
7138,7d
6872,7d
12031,10s
22259,qc
11745,10d
34158,9d
1726,5h
13162,ks
23664,kh
28037,7h
15364,2h
26298,qd
1614,5h
7728,4h
3307,7c
19524,2s
17316,kc
24041,3s
4521,ad
16928,jd
27073,2c
7081,7d
22945,10h
9810,qh
19168,3c
6113,8h
36984,5s
22112,qc
37224,5s
6048,8h
6766,7d
26585,qd
21422,jh
18799,3c
31826,8s
484,6d
3833,as
36490,8c
19152,3c
15234,2h
5488,6c
31150,5c
28074,7h
37690,6h
34515,4c
32675,8d
27445,2c
28507,4s
10130,qh
34086,9d
28721,4s
1699,5h
13800,kd
14700,3h
1706,5h
38733,5d
19819,2s
24855,3d
17649,kc
37514,6h
2515,9h
9912,qh
31613,8s
15276,2h
20437,2d
1900,5h
31975,8s
21058,jh
17579,kc
15438,2h
8287,7s
33944,9d
22883,10h
16898,jd
33909,9d
11605,10d
3201,7c
323,6d
14534,3h
16759,jd
28864,4s
33953,9d
19812,2s
1076,6s
25677,qs
21134,jh
28528,4s
7771,4h
133,6d
34581,4c
38653,5d
12996,ks
15380,2h
17657,kc
12329,10s
1678,5h
835,6s
6374,8h
31134,5c
15291,2h
16803,jd
25,6d
34530,4c
31074,5c
17631,kc
28789,4s
12390,10s
9916,qh
9825,qh
35390,ah
21173,jh
15810,js
29508,4d
30078,9c
22907,10h
19062,3c
37957,6h
25884,qs
30752,5c
7260,7d
2307,9h
24113,3s
16021,js
30510,9c
4169,as
35588,ah
18849,3c
13558,kd
37232,5s
11648,10d
1989,5h
14413,3h
25047,3d
15488,2h
25930,qs
27463,2c
33360,9s
29773,4d
6182,8h
3493,7c
30010,9c
29497,4d
7611,4h
30396,9c
35512,ah
17532,kc
22957,10h
37833,6h
35712,ah
8576,7s
3978,as
2753,9h
18768,3c
3086,7c
7060,7d
29698,4d
1126,6s
14318,3h
31533,8s
33265,9s
15471,2h
1211,6s
12235,10s
38359,5d
7226,7d
33511,9s
15853,js
19264,3c
13011,ks
5561,6c
5351,6c
1672,5h
19730,2s
34754,4c
22619,10h
29383,4d
34661,4c
21130,jh
9951,qh
36298,8c
60,6d
34752,4c
23012,10h
13255,ks
30006,9c
6386,8h
12902,ks
22506,10h
15822,js
4599,ad
37624,6h
30039,9c
34786,4c
30199,9c
22136,qc
3921,as
37222,5s
16943,jd
11586,10d
1136,6s
14608,3h
38597,5d
6908,7d
3327,7c
22789,10h
11701,10d
15372,2h
2356,9h
10828,jc
29630,4d
14742,3h
4662,ad
1246,6s
3290,7c
19998,2s
20603,2d
22882,10h
16891,jd
18448,10c
13796,kd
27113,2c
25603,qs
36186,8c
17645,kc
14750,3h
18138,10c
1680,5h
32262,8d
21968,qc
28211,7h
7799,4h
28254,7h
18277,10c
3522,7c
4636,ad
10534,jc
18475,10c
22706,10h
21849,qc
24910,3d
33108,9s
1893,5h
17385,kc
311,6d
38498,5d
5521,6c
25563,qs
17475,kc
7145,7d
33431,9s
18399,10c
2004,5h
9130,ac
21496,jh
21448,jh
17384,kc
10981,jc
25719,qs
35624,ah
18026,10c
2270,9h
887,6s
24951,3d
20496,2d
33234,9s
33462,9s
1582,5h
30271,9c
34729,4c
16554,jd
6390,8h
13100,ks
24388,3s
4546,ad
12023,10s
10759,jc
11276,10d
27300,2c
6424,8h
12419,10s
34009,9d
29430,4d
30875,5c
8424,7s
12009,10s
9887,qh
9378,ac
4919,ad
13996,kd
23494,kh
15065,2h
4990,ad
17443,kc
36134,8c
5367,6c
29500,4d
27108,2c
13878,kd
17481,kc
33284,9s
21120,jh
27418,2c
27466,2c
7116,7d
3190,7c
24313,3s
27444,2c
16833,jd
21211,jh
6919,7d
14495,3h
35710,ah
29002,4s
26418,qd
15815,js
17773,kc
10000,qh
19717,2s
34743,4c
38535,5d
24026,3s
14332,3h
1671,5h
407,6d
21926,qc
29449,4d
16,6d
3360,7c
4607,ad
30296,9c
17421,kc
32549,8d
9939,qh
8279,7s
8682,7s
36983,5s
22707,10h
30212,9c
8588,7s
28904,4s
9430,ac
12989,ks
31010,5c
5557,6c
1002,6s
11632,10d
24499,3s
10940,jc
32700,8d
34826,4c
19506,2s
28564,4s
20669,2d
20326,2d
14522,3h
9461,ac
37732,6h
22162,qc
18882,3c
102,6d
27867,7h
19093,3c
10524,jc
25841,qs
17466,kc
31999,8s
15975,js
27464,2c
25158,3d
9027,ac
24070,3s
1838,5h
10138,qh
7194,7d
25111,3d
5387,6c
35256,ah
18226,10c
8646,7s
26438,qd
25122,3d
4959,ad
1809,5h
5548,6c
1899,5h
18869,3c
15496,2h
36230,8c
11504,10d
6878,7d
11679,10d
38605,5d
17524,kc
31255,5c
3165,7c
27115,2c
36182,8c
21236,jh
42,6d
33216,9s
2678,9h
19178,3c
25257,3d
21880,qc
35628,ah
18203,10c
36314,8c
17722,kc
2761,9h
20567,2d
14538,3h
5614,6c
275,6d
12360,10s
1245,6s
28653,4s
1780,5h
23418,kh
13989,kd
13211,ks
27046,2c
5504,6c
17482,kc
9406,ac
28107,7h
5592,6c
28758,4s
13816,kd
10068,qh
24405,3s
12466,10s
18377,10c
3386,7c
20585,2d
15128,2h
2299,9h
5761,6c
8676,7s
14542,3h
13246,ks
21113,jh
25891,qs
31056,5c
24055,3s
18818,3c
24401,3s
20755,2d
27809,7h
19148,3c
20752,2d
38728,5d
4835,ad
26765,qd
33305,9s
23307,kh
29757,4d
4972,ad
34857,4c
10035,qh
33416,9s
5748,6c
19941,2s
6250,8h
1017,6s
20764,2d
15122,2h
37949,6h
37717,6h
10671,jc
29301,4d
33071,9s
24846,3d
19050,3c
9475,ac
20720,2d
20569,2d
22702,10h
30104,9c
12207,10s
19633,2s
13637,kd
12766,ks
16153,js
6020,8h
9998,qh
13592,kd
16646,jd
24285,3s
9343,ac
17352,kc
31813,8s
31694,8s
31219,5c
13120,ks
34523,4c
35764,ah
14597,3h
24462,3s
23489,kh
24086,3s
21800,qc
17643,kc
28143,7h
13909,kd
1840,5h
32325,8d
29439,4d
23275,kh
38510,5d
6849,7d
5738,6c
16950,jd
6776,7d
5631,6c
33930,9d
13522,kd
2023,5h
30120,9c
31073,5c
5553,6c
6344,8h
7169,7d
15780,js
189,6d
36124,8c
1711,5h
38518,5d
26416,qd
18787,3c
4119,as
9069,ac
12502,10s
34791,4c
25053,3d
7220,7d
18352,10c
8687,7s
18240,10c
17522,kc
29731,4d
4615,ad
22748,10h
3249,7c
29299,4d
27820,7h
38013,6h
25669,qs
35603,ah
21453,jh
10780,jc
1219,6s
37741,6h
24036,3s
7678,4h
23020,10h
21075,jh
12479,10s
34550,4c
16847,jd
36993,5s
5272,6c
12225,10s
15434,2h
19082,3c
11338,10d
33040,9s
20379,2d
18045,10c
19131,3c
25740,qs
11578,10d
30227,9c
24770,3d
6449,8h
5591,6c
16062,js
21953,qc
5004,ad
37178,5s
17588,kc
988,6s
16567,jd
2309,9h
33066,9s
35375,ah
33023,9s
30516,9c
33797,9d
36219,8c
12015,10s
15444,2h
14701,3h
8483,7s
36991,5s
15459,2h
2371,9h
31624,8s
34613,4c
31249,5c
24129,3s
35673,ah
21375,jh
17593,kc
11322,10d
1749,5h
31195,5c
16699,jd
31750,8s
21785,qc
4164,as
9424,ac
229,6d
6521,8h
16612,jd
37079,5s
25926,qs
35515,ah
7911,4h
13000,ks
18940,3c
5313,6c
19792,2s
7512,4h
37770,6h
15111,2h
8303,7s
8492,7s
19942,2s
27035,2c
7724,4h
7561,4h
31592,8s
14746,3h
415,6d
23692,kh
12268,10s
13997,kd
1955,5h
15972,js
30119,9c
16080,js
20600,2d
16557,jd
36237,8c
21092,jh
37667,6h
30243,9c
4157,as
29352,4d
20432,2d
14303,3h
23592,kh
30898,5c
26016,qs
10694,jc
14720,3h
3809,as
17434,kc
31093,5c
13131,ks
33826,9d
14639,3h
6829,7d
1950,5h
29532,4d
15115,2h
9125,ac
13222,ks
20306,2d
38543,5d
20702,2d
4981,ad
6865,7d
19748,2s
12982,ks
24979,3d
19529,2s
12315,10s
26732,qd
19164,3c
12760,ks
6130,8h
36499,8c
3214,7c
20549,2d
17677,kc
12095,10s
15315,2h
30856,5c
30359,9c
27500,2c
28513,4s
32597,8d
13985,kd
23595,kh
14562,3h
24337,3s
4227,as
25651,qs
10785,jc
16547,jd
24425,3s
17437,kc
5670,6c
36922,5s
5489,6c
13737,kd
1088,6s
19509,2s
19646,2s
16681,jd
37623,6h
31273,5c
14346,3h
14007,kd
16632,jd
20491,2d
14707,3h
37196,5s
15993,js
4884,ad
9310,ac
34011,9d
15025,2h
13552,kd
31517,8s
29604,4d
111,6d
20004,2s
36411,8c
26286,qd
28687,4s
233,6d
36041,8c
12972,ks
37840,6h
5296,6c
32261,8d
16120,js
27249,2c
13846,kd
12782,ks
3855,as
27996,7h
34939,4c
28164,7h
24790,3d
1021,6s
15941,js
16909,jd
23280,kh
6185,8h
17517,kc
27789,7h
20617,2d
29435,4d
4012,as
6882,7d
17307,kc
32591,8d
16508,jd
18232,10c
24139,3s
37919,6h
9109,ac
36878,5s
16515,jd
36816,5s
22234,qc
25589,qs
35755,ah
25987,qs
17420,kc
5558,6c
22851,10h
819,6s
32357,8d
18828,3c
37639,6h
1961,5h
13696,kd
30813,5c
33078,9s
18986,3c
33077,9s
32309,8d
3881,as
17653,kc
12081,10s
30355,9c
13010,ks
27455,2c
32454,8d
6294,8h
11609,10d
22900,10h
34575,4c
114,6d
10271,qh
13923,kd
19126,3c
22199,qc
18801,3c
16142,js
15002,2h
4577,ad
10804,jc
33959,9d
3305,7c
30994,5c
31959,8s
37771,6h
22921,10h
29767,4d
30401,9c
153,6d
6347,8h
21781,qc
6265,8h
25088,3d
8500,7s
37118,5s
16256,js
18767,3c
17586,kc
36149,8c
25833,qs
14416,3h
15041,2h
29607,4d
27085,2c
28204,7h
25567,qs
29314,4d
37607,6h
23650,kh
11543,10d
13746,kd
23302,kh
9045,ac
32586,8d
2615,9h
8653,7s
30367,9c
12940,ks
2399,9h
433,6d
33907,9d
13536,kd
15996,js
6398,8h
11685,10d
11558,10d
38442,5d
20431,2d
2604,9h
7207,7d
11431,10d
22637,10h
6950,7d
11000,jc
31271,5c
27924,7h
34851,4c
31678,8s
30034,9c
10673,jc
31607,8s
11488,10d
17290,kc
4995,ad
976,6s
38660,5d
28897,4s
23313,kh
37100,5s
13719,kd
28843,4s
19756,2s
36507,8c
6322,8h
28004,7h
34069,9d
37274,5s
27901,7h
10631,jc
30292,9c
30758,5c
3439,7c
24004,3s
28826,4s
25078,3d
26572,qd
24273,3s
1906,5h
18072,10c
33254,9s
25211,3d
12494,10s
13911,kd
29459,4d
16029,js
8648,7s
1168,6s
28153,7h
25903,qs
25066,3d
14300,3h
3255,7c
7170,7d
6448,8h
35440,ah
24391,3s
16828,jd
26278,qd
4731,ad
3016,7c
3967,as
4136,as
21255,jh
7622,4h
32750,8d
24321,3s
37867,6h
27822,7h
11272,10d
19659,2s
37917,6h
333,6d
5719,6c
35585,ah
4511,ad
36033,8c
16543,jd
2315,9h
36172,8c
24433,3s
34221,9d
10567,jc
11759,10d
34685,4c
2377,9h
9205,ac
7824,4h
6880,7d
17502,kc
5543,6c
25224,3d
4958,ad
11709,10d
18170,10c
30805,5c
22846,10h
21179,jh
15908,js
38669,5d
6994,7d
27323,2c
4516,ad
35295,ah
33201,9s
34728,4c
17504,kc
14601,3h
19541,2s
4047,as
30363,9c
776,6s
28928,4s
24097,3s
10984,jc
7579,4h
13147,ks
21177,jh
18255,10c
7273,7d
10751,jc
5724,6c
27507,2c
23296,kh
22979,10h
30933,5c
25243,3d
31202,5c
34024,9d
27899,7h
22555,10h
13078,ks
7738,4h
5629,6c
4173,as
26424,qd
37645,6h
2662,9h
3109,7c
38330,5d
15229,2h
10013,qh
13569,kd
12754,ks
15797,js
13769,kd
35536,ah
19617,2s
4075,as
23630,kh
5265,6c
28860,4s
3993,as
24763,3d
6469,8h
31663,8s
20740,2d
4010,as
34757,4c
5350,6c
486,6d
11013,jc
23276,kh
22787,10h
19099,3c
30894,5c
38353,5d
19947,2s
16819,jd
6106,8h
6291,8h
19620,2s
24326,3s
19034,3c
10880,jc
29289,4d
15876,js
21281,jh
30797,5c
19239,3c
18040,10c
18261,10c
11411,10d
918,6s
31786,8s
37513,6h
38618,5d
37889,6h
6899,7d
4898,ad
25021,3d
25829,qs
15898,js
33171,9s
28560,4s
36825,5s
3257,7c
2311,9h
33363,9s
23531,kh
33030,9s
23538,kh
30522,9c
856,6s
1065,6s
20713,2d
28755,4s
2522,9h
22599,10h
31823,8s
3805,as
22023,qc
18809,3c
31984,8s
27932,7h
881,6s
19078,3c
15188,2h
34115,9d
14506,3h
31655,8s
13925,kd
16227,js
19597,2s
20256,2d
8258,7s
6215,8h
15130,2h
34811,4c
19619,2s
16635,jd
21970,qc
27040,2c
27417,2c
15180,2h
18972,3c
17389,kc
10103,qh
26008,qs
22003,qc
20287,2d
10778,jc
32417,8d
13208,ks
4537,ad
25131,3d
22064,qc
35771,ah
22534,10h
18038,10c
12325,10s
36894,5s
1703,5h
13042,ks
761,6s
20621,2d
22847,10h
12933,ks
27991,7h
27129,2c
1048,6s
34945,4c
2363,9h
36912,5s
4036,as
36202,8c
29625,4d
1674,5h
25725,qs
22047,qc
27122,2c
36416,8c
5623,6c
31105,5c
9301,ac
22508,10h
3218,7c
1939,5h
13177,ks
38592,5d
32543,8d
19649,2s
16633,jd
15343,2h
25197,3d
32715,8d
25248,3d
22690,10h
26349,qd
13021,ks
8506,7s
3404,7c
1534,5h
24107,3s
23468,kh
21074,jh
8403,7s
21201,jh
30245,9c
10936,jc
18324,10c
24090,3s
17721,kc
7648,4h
11773,10d
12752,ks
24030,3s
15113,2h
27165,2c
31514,8s
24223,3s
25136,3d
78,6d
3751,as
11512,10d
1019,6s
7720,4h
5609,6c
7580,4h
21288,jh
27056,2c
36944,5s
17322,kc
8465,7s
28008,7h
22670,10h
10092,qh
14568,3h
10678,jc
9295,ac
21814,qc
2013,5h
788,6s
2345,9h
32415,8d
1945,5h
4757,ad
23603,kh
3339,7c
21794,qc
23340,kh
3477,7c
13165,ks
6146,8h
21014,jh
1504,5h
4089,as
8326,7s
3850,as
18021,10c
2546,9h
3524,7c
6132,8h
38604,5d
7758,4h
10203,qh
15967,js
10635,jc
1158,6s
7142,7d
10581,jc
21930,qc
317,6d
20445,2d
22724,10h
27003,2c
38616,5d
25695,qs
30037,9c
16242,js
36008,8c
27825,7h
1721,5h
35506,ah
34677,4c
18094,10c
205,6d
32661,8d
34268,9d
11472,10d
28127,7h
27479,2c
35011,4c
38465,5d
23612,kh
6894,7d
2551,9h
16988,jd
15899,js
10062,qh
20500,2d
16591,jd
18859,3c
13035,ks
27132,2c
34885,4c
33207,9s
34668,4c
18390,10c
38000,6h
17673,kc
32327,8d
7189,7d
6356,8h
12755,ks
18904,3c
2478,9h
5621,6c
4789,ad
13687,kd
3136,7c
34679,4c
24195,3s
17521,kc
36349,8c
15189,2h
11413,10d
28725,4s
21088,jh
38707,5d
16209,js
35678,ah
32565,8d
874,6s
11485,10d
10559,jc
5352,6c
36447,8c
29707,4d
24336,3s
10135,qh
38264,5d
22241,qc
28924,4s
32345,8d
3882,as
32521,8d
37058,5s
30013,9c
339,6d
38607,5d
12920,ks
4816,ad
27892,7h
9400,ac
18274,10c
4239,as
28041,7h
24338,3s
38009,6h
2741,9h
26009,qs
25722,qs
10639,jc
36475,8c
7671,4h
1252,6s
10260,qh
26411,qd
9762,qh
3929,as
20340,2d
36926,5s
15141,2h
23542,kh
11260,10d
1078,6s
2773,9h
26299,qd
33333,9s
16264,js
8488,7s
12999,ks
15925,js
30798,5c
32270,8d
14430,3h
14425,3h
10056,qh
14391,3h
21363,jh
15495,2h
28680,4s
12421,10s
1509,5h
35501,ah
2250,9h
15204,2h
20656,2d
1920,5h
31642,8s
13683,kd
2251,9h
37014,5s
35006,4c
5551,6c
15360,2h
18155,10c
12872,ks
18486,10c
3517,7c
36036,8c
14610,3h
2286,9h
30919,5c
36413,8c
33351,9s
16911,jd
946,6s
28579,4s
34701,4c
36122,8c
13741,kd
93,6d
20677,2d
25723,qs
24758,3d
18004,10c
30,6d
12786,ks
23713,kh
2681,9h
25836,qs
26752,qd
38452,5d
1925,5h
14584,3h
4761,ad
9955,qh
21078,jh
12302,10s
27923,7h
15016,2h
4150,as
3287,7c
7930,4h
32753,8d
10949,jc
3056,7c
16138,js
30399,9c
17500,kc
20772,2d
18843,3c
36138,8c
2672,9h
20501,2d
15309,2h
9239,ac
37898,6h
7064,7d
8373,7s
28114,7h
9754,qh
21468,jh
14693,3h
8539,7s
32503,8d
37664,6h
28815,4s
19885,2s
10134,qh
20003,2s
12827,ks
5577,6c
34509,4c
10073,qh
5320,6c
25995,qs
25801,qs
11747,10d
16521,jd
15430,2h
17607,kc
17366,kc
30925,5c
79,6d
35007,4c
18509,10c
15915,js
14635,3h
31136,5c
31524,8s
5020,ad
10099,qh
6868,7d
23624,kh
31024,5c
32453,8d
6135,8h
13641,kd
30774,5c
17348,kc
25919,qs
15355,2h
31092,5c
18246,10c
14253,3h
34578,4c
30159,9c
33268,9s
35330,ah
32367,8d
22210,qc
35681,ah
31949,8s
38675,5d
3969,as
12127,10s
8732,7s
10580,jc
3058,7c
11585,10d
36043,8c
24774,3d
38006,6h
26686,qd
36811,5s
30929,5c
10710,jc
7912,4h
31186,5c
4105,as
10767,jc
8661,7s
20735,2d
1822,5h
34767,4c
13101,ks
33899,9d
10988,jc
33285,9s
5625,6c
17441,kc
18782,3c
2347,9h
30215,9c
9047,ac
27889,7h
28832,4s
18350,10c
37250,5s
25640,qs
29404,4d
30334,9c
28746,4s
19268,3c
9516,ac
20546,2d
29381,4d
28550,4s
10894,jc
1765,5h
11451,10d
3195,7c
6987,7d
4156,as
28946,4s
5657,6c
346,6d
12345,10s
36095,8c
19182,3c
27349,2c
17357,kc
22809,10h
27857,7h
9050,ac
30803,5c
9013,ac
32354,8d
35713,ah
31182,5c
13651,kd
38481,5d
15310,2h
27125,2c
24035,3s
35636,ah
9499,ac
25082,3d
4142,as
24752,3d
21062,jh
4770,ad
17315,kc
19253,3c
7571,4h
18431,10c
28593,4s
3854,as
10805,jc
6524,8h
25263,3d
30166,9c
9143,ac
21193,jh
19821,2s
3764,as
7935,4h
14323,3h
1007,6s
33056,9s
22273,qc
30766,5c
9296,ac
25907,qs
32283,8d
20451,2d
9411,ac
21349,jh
17436,kc
11711,10d
22850,10h
30253,9c
21792,qc
6446,8h
15159,2h
15078,2h
10713,jc
37965,6h
21312,jh
20419,2d
33397,9s
32432,8d
1843,5h
26265,qd
24105,3s
27987,7h
33996,9d
8540,7s
19114,3c
25195,3d
19651,2s
29358,4d
31029,5c
28170,7h
33388,9s
24894,3d
9282,ac
25115,3d
441,6d
25940,qs
4813,ad
24386,3s
23317,kh
25106,3d
23523,kh
3900,as
23315,kh
27426,2c
8521,7s
19226,3c
10218,qh
3335,7c
1089,6s
10832,jc
27988,7h
22030,qc
30286,9c
1722,5h
34761,4c
24503,3s
37729,6h
27376,2c
25895,qs
37267,5s
5283,6c
31867,8s
25637,qs
24795,3d
12880,ks
804,6s
4028,as
30147,9c
19267,3c
12995,ks
6139,8h
11309,10d
21787,qc
7038,7d
19009,3c
7689,4h
20520,2d
10932,jc
35660,ah
35373,ah
817,6s
26296,qd
19904,2s
35428,ah
20530,2d
16957,jd
1797,5h
17563,kc
16742,jd
5532,6c
3251,7c
1553,5h
10765,jc
38371,5d
4875,ad
20620,2d
32486,8d
36168,8c
7902,4h
19247,3c
18229,10c
29373,4d
21301,jh
30172,9c
29478,4d
8510,7s
34674,4c
23600,kh
10618,jc
16179,js
34947,4c
292,6d
21912,qc
11671,10d
4829,ad
3928,as
4248,as
32469,8d
26602,qd
30938,5c
10505,jc
3340,7c
4760,ad
28243,7h
35649,ah
4214,as
30232,9c
9001,ac
2430,9h
34599,4c
4860,ad
25901,qs
30016,9c
15114,2h
24498,3s
20602,2d
6364,8h
29584,4d
34711,4c
30424,9c
29392,4d
13673,kd
27182,2c
6944,7d
1060,6s
4686,ad
20742,2d
28512,4s
7785,4h
34803,4c
22507,10h
14502,3h
10912,jc
32313,8d
21018,jh
31829,8s
19809,2s
13839,kd
33965,9d
15047,2h
20499,2d
13756,kd
34866,4c
32383,8d
29310,4d
7251,7d
33481,9s
22265,qc
8613,7s
35508,ah
36782,5s
22589,10h
10997,jc
25003,3d
33277,9s
34155,9d
17495,kc
17410,kc
19949,2s
2408,9h
23269,kh
23431,kh
3180,7c
257,6d
22244,qc
31998,8s
1001,6s
5466,6c
22123,qc
31035,5c
27142,2c
24045,3s
34592,4c
33993,9d
30922,5c
27946,7h
19274,3c
36400,8c
17602,kc
19087,3c
30138,9c
20744,2d
10854,jc
9433,ac
19553,2s
25533,qs
14740,3h
27045,2c
3260,7c
2500,9h
38688,5d
29564,4d
38589,5d
9388,ac
34075,9d
37504,6h
31268,5c
6311,8h
26643,qd
15139,2h
24409,3s
17333,kc
21077,jh
38347,5d
4159,as
10771,jc
7733,4h
8577,7s
16738,jd
37149,5s
36262,8c
14714,3h
16923,jd
29633,4d
37219,5s
31717,8s
22795,10h
34072,9d
6141,8h
13003,ks
19991,2s
27803,7h
18110,10c
21083,jh
9022,ac
34987,4c
19249,3c
18133,10c
29652,4d
4707,ad
38476,5d
15826,js
35548,ah
16093,js
17750,kc
12909,ks
31225,5c
19960,2s
21170,jh
32745,8d
13783,kd
34048,9d
491,6d
11288,10d
9393,ac
34716,4c
24188,3s
6960,7d
16727,jd
19017,3c
27470,2c
34898,4c
31240,5c
35491,ah
24785,3d
1994,5h
21899,qc
30800,5c
25525,qs
18813,3c
19036,3c
21848,qc
9445,ac
24244,3s
25226,3d
1732,5h
38425,5d
34682,4c
33831,9d
35325,ah
33491,9s
18757,3c
17408,kc
3225,7c
9370,ac
20622,2d
23694,kh
20753,2d
22801,10h
11386,10d
7848,4h
33090,9s
20763,2d
4625,ad
5593,6c
30012,9c
9188,ac
16605,jd
11299,10d
31809,8s
20614,2d
3858,as
20252,2d
20563,2d
21114,jh
29646,4d
962,6s
6034,8h
7219,7d
2355,9h
36896,5s
8431,7s
2710,9h
17749,kc
35451,ah
31070,5c
25258,3d
5715,6c
12349,10s
19594,2s
12209,10s
3027,7c
16016,js
16113,js
21026,jh
37070,5s
9930,qh
25869,qs
21515,jh
38754,5d
31657,8s
28844,4s
20277,2d
36318,8c
2658,9h
9793,qh
4864,ad
34655,4c
24519,3s
22869,10h
11404,10d
37107,5s
6952,7d
37548,6h
34820,4c
31993,8s
38284,5d
3169,7c
1675,5h
9783,qh
31501,8s
34146,9d
20534,2d
17412,kc
28786,4s
4907,ad
37678,6h
4746,ad
24173,3s
15844,js
34911,4c
32747,8d
8718,7s
19584,2s
4619,ad
17430,kc
16265,js
34005,9d
14668,3h
2435,9h
30761,5c
19266,3c
28606,4s
5303,6c
24824,3d
4021,as
35746,ah
41,6d
4713,ad
21850,qc
13088,ks
25857,qs
9339,ac
34003,9d
28548,4s
28978,4s
29351,4d
28509,4s
1723,5h
1159,6s
754,6s
7923,4h
3226,7c
28174,7h
13932,kd
19271,3c
3869,as
33233,9s
28188,7h
22111,qc
9052,ac
37105,5s
8547,7s
35339,ah
14682,3h
22054,qc
4728,ad
35716,ah
36184,8c
17323,kc
11619,10d
29405,4d
6099,8h
9114,ac
21394,jh
13913,kd
15960,js
3024,7c
14403,3h
16552,jd
30433,9c
32761,8d
13004,ks
14266,3h
13652,kd
13166,ks
255,6d
13640,kd
32668,8d
10946,jc
10941,jc
26289,qd
10730,jc
18042,10c
27832,7h
6081,8h
14004,kd
31173,5c
145,6d
24117,3s
37935,6h
22752,10h
37703,6h
33299,9s
22769,10h
15508,2h
31864,8s
30196,9c
23653,kh
2283,9h
28616,4s
35583,ah
8335,7s
38008,6h
15485,2h
32599,8d
27421,2c
33445,9s
28809,4s
18225,10c
32012,8s
22179,qc
37942,6h
1253,6s
13638,kd
22681,10h
31680,8s
7761,4h
287,6d
21964,qc
32319,8d
35692,ah
16918,jd
37233,5s
9481,ac
6801,7d
32654,8d
13692,kd
25769,qs
25739,qs
1969,5h
33148,9s
31119,5c
30382,9c
9792,qh
16741,jd
19622,2s
33145,9s
10620,jc
23675,kh
22578,10h
10212,qh
19241,3c
27209,2c
26329,qd
37044,5s
31983,8s
3494,7c
10611,jc
19259,3c
29611,4d
27325,2c
30195,9c
28054,7h
2464,9h
32754,8d
34192,9d
6840,7d
10137,qh
8452,7s
23665,kh
20274,2d
20389,2d
26441,qd
33978,9d
32443,8d
6148,8h
21307,jh
13185,ks
36080,8c
28943,4s
22268,qc
898,6s
20447,2d
12475,10s
9051,ac
5572,6c
24788,3d
21827,qc
26744,qd
5636,6c
19577,2s
18960,3c
31848,8s
19165,3c
25087,3d
38652,5d
4229,as
18336,10c
27199,2c
30353,9c
12114,10s
4127,as
18294,10c
21384,jh
6835,7d
29359,4d
22117,qc
31127,5c
38755,5d
32412,8d
33517,9s
20550,2d
14516,3h
9385,ac
23723,kh
10610,jc
10070,qh
2768,9h
24789,3d
34198,9d
8679,7s
12219,10s
2302,9h
26283,qd
6951,7d
1788,5h
16222,js
13833,kd
2758,9h
18891,3c
3487,7c
4705,ad
22995,10h
11629,10d
7139,7d
29281,4d
21763,qc
7526,4h
9079,ac
10599,jc
3246,7c
16207,js
20412,2d
19151,3c
3981,as
37040,5s
11611,10d
10126,qh
3017,7c
6997,7d
23497,kh
19088,3c
18485,10c
4992,ad
22790,10h
18264,10c
27348,2c
33989,9d
31906,8s
37605,6h
4091,as
15475,2h
38373,5d
30942,5c
28051,7h
21382,jh
15127,2h
13761,kd
21443,jh
1690,5h
13057,ks
24320,3s
15501,2h
9253,ac
19508,2s
11024,jc
21437,jh
19966,2s
27834,7h
21952,qc
13123,ks
16960,jd
27904,7h
8748,7s
4998,ad
6881,7d
12871,ks
2714,9h
30835,5c
32016,8s
15378,2h
25254,3d
21990,qc
27452,2c
10666,jc
31183,5c
10191,qh
35254,ah
6019,8h
6176,8h
38316,5d
16504,jd
37133,5s
19077,3c
87,6d
12439,10s
17560,kc
24420,3s
35587,ah
3796,as
4015,as
5620,6c
36943,5s
27840,7h
20417,2d
31689,8s
13201,ks
10741,jc
10721,jc
10680,jc
23529,kh
4882,ad
8366,7s
12199,10s
18090,10c
25639,qs
3835,as
9328,ac
6984,7d
31793,8s
9479,ac
35345,ah
23458,kh
16539,jd
6512,8h
24084,3s
24269,3s
37236,5s
34649,4c
1256,6s
29260,4d
37510,6h
26533,qd
33847,9d
4535,ad
18467,10c
14642,3h
11535,10d
16095,js
25870,qs
12980,ks
9173,ac
20502,2d
37573,6h
37853,6h
31602,8s
3279,7c
7887,4h
36946,5s
14487,3h
4983,ad
11401,10d
11265,10d
25908,qs
21052,jh
18295,10c
31121,5c
35268,ah
37758,6h
16644,jd
14688,3h
35555,ah
24287,3s
29521,4d
18034,10c
30750,5c
15232,2h
4643,ad
34794,4c
11323,10d
27153,2c
15829,js
36334,8c
30771,5c
34567,4c
13779,kd
12134,10s
30459,9c
10816,jc
36249,8c
1934,5h
8277,7s
30836,5c
172,6d
32617,8d
10716,jc
31815,8s
33848,9d
30153,9c
4649,ad
19146,3c
31925,8s
14485,3h
30054,9c
31038,5c
29515,4d
28233,7h
24411,3s
7858,4h
33129,9s
21054,jh
1811,5h
31658,8s
15966,js
6773,7d
9064,ac
23409,kh
1149,6s
4837,ad
4176,as
411,6d
5624,6c
16144,js
1746,5h
32604,8d
19115,3c
8505,7s
1926,5h
32541,8d
95,6d
3405,7c
5016,ad
34740,4c
13930,kd
23658,kh
11462,10d
18928,3c
28931,4s
21503,jh
10525,jc
31666,8s
1793,5h
37976,6h
37680,6h
16826,jd
483,6d
24866,3d
4682,ad
18442,10c
1525,5h
31926,8s
3816,as
4729,ad
18956,3c
16651,jd
17419,kc
36065,8c
28783,4s
8697,7s
12850,ks
27096,2c
26019,qs
13097,ks
22935,10h
29302,4d
23373,kh
22257,qc
9303,ac
25193,3d
27411,2c
13670,kd
30812,5c
3385,7c
16662,jd
289,6d
7140,7d
38362,5d
21038,jh
36058,8c
3371,7c
25864,qs
18345,10c
20303,2d
18381,10c
33884,9d
20441,2d
19979,2s
15226,2h
6410,8h
30440,9c
9947,qh
25522,qs
29387,4d
3110,7c
31790,8s
1160,6s
14498,3h
7126,7d
12468,10s
34746,4c
26725,qd
13531,kd
11414,10d
23413,kh
17379,kc
9918,qh
30370,9c
28749,4s
13118,ks
21271,jh
9151,ac
18771,3c
2749,9h
28599,4s
25164,3d
17258,kc
27776,7h
13525,kd
7772,4h
24164,3s
11617,10d
34256,9d
28830,4s
2477,9h
24329,3s
24786,3d
1907,5h
29676,4d
24977,3d
28791,4s
34834,4c
37658,6h
30378,9c
17388,kc
14381,3h
12337,10s
16026,js
32449,8d
28239,7h
6870,7d
31149,5c
38555,5d
31603,8s
28703,4s
23659,kh
12848,ks
7187,7d
30419,9c
13137,ks
18497,10c
8416,7s
18766,3c
24209,3s
15075,2h
36877,5s
20282,2d
7964,4h
11727,10d
1248,6s
32665,8d
17291,kc
7719,4h
12105,10s
23605,kh
14555,3h
945,6s
27982,7h
19851,2s
17358,kc
36006,8c
6289,8h
22253,qc
37023,5s
28930,4s
7537,4h
9185,ac
25744,qs
27816,7h
3134,7c
12262,10s
4642,ad
30855,5c
19138,3c
30128,9c
15860,js
28778,4s
17364,kc
12012,10s
38743,5d
10913,jc
2351,9h
37159,5s
37035,5s
16641,jd
27396,2c
31174,5c
4195,as
18269,10c
11475,10d
11752,10d
38720,5d
16071,js
21023,jh
8393,7s
3863,as
28523,4s
1767,5h
14706,3h
5371,6c
36470,8c
4525,ad
20258,2d
19845,2s
7032,7d
33854,9d
31698,8s
7211,7d
20538,2d
9854,qh
324,6d
2575,9h
30000,9c
26356,qd
38346,5d
17476,kc
14455,3h
19582,2s
1631,5h
18462,10c
35344,ah
20396,2d
22600,10h
5342,6c
10207,qh
36879,5s
5500,6c
16611,jd
20353,2d
18014,10c
16747,jd
33011,9s
38395,5d
18759,3c
37055,5s
23683,kh
29505,4d
34779,4c
2333,9h
395,6d
17767,kc
31170,5c
25201,3d
391,6d
8459,7s
23521,kh
16059,js
5023,ad
34799,4c
3475,7c
7691,4h
16712,jd
15905,js
24031,3s
29534,4d
17329,kc
2677,9h
15022,2h
356,6d
29745,4d
22115,qc
22585,10h
6151,8h
18752,3c
9308,ac
27360,2c
30262,9c
15264,2h
26269,qd
28866,4s
27117,2c
27785,7h
33015,9s
35401,ah
15104,2h
248,6d
19061,3c
5615,6c
30799,5c
23631,kh
11444,10d
6485,8h
14289,3h
18457,10c
2495,9h
30088,9c
75,6d
12378,10s
34182,9d
34176,9d
23513,kh
24435,3s
4153,as
35490,ah
921,6s
1606,5h
241,6d
19607,2s
1267,6s
31006,5c
31262,5c
3896,as
11766,10d
28747,4s
28182,7h
17267,kc
10263,qh
11744,10d
19194,3c
18927,3c
16746,jd
4970,ad
8304,7s
19645,2s
11520,10d
13768,kd
3033,7c
37242,5s
8319,7s
32735,8d
30479,9c
12499,10s
6143,8h
33091,9s
9242,ac
3818,as
37114,5s
25097,3d
22892,10h
20540,2d
30996,5c
9440,ac
22157,qc
108,6d
31832,8s
23544,kh
1259,6s
1215,6s
29618,4d
38449,5d
8727,7s
4523,ad
15460,2h
30817,5c
32286,8d
25050,3d
13006,ks
32023,8s
9364,ac
11638,10d
35415,ah
7985,4h
11486,10d
23512,kh
20368,2d
37001,5s
37746,6h
35518,ah
27841,7h
34883,4c
18501,10c
6396,8h
13811,kd
9972,qh
27465,2c
27064,2c
34028,9d
34248,9d
1131,6s
36888,5s
6296,8h
10568,jc
33819,9d
19018,3c
16889,jd
18135,10c
4029,as
29321,4d
34147,9d
7105,7d
33290,9s
9284,ac
7136,7d
10168,qh
34993,4c
6933,7d
11422,10d
22977,10h
16250,js
38004,6h
29306,4d
25896,qs
17341,kc
36500,8c
3312,7c
25129,3d
23729,kh
19537,2s
29626,4d
24828,3d
27106,2c
32379,8d
37179,5s
16707,jd
8456,7s
3206,7c
8432,7s
17661,kc
37632,6h
2663,9h
885,6s
14348,3h
24521,3s
21410,jh
6418,8h
55,6d
21331,jh
38709,5d
4052,as
10659,jc
28043,7h
30099,9c
25939,qs
21380,jh
26430,qd
12819,ks
35287,ah
21042,jh
8598,7s
9936,qh
13230,ks
10136,qh
22876,10h
18016,10c
34635,4c
13831,kd
2613,9h
37184,5s
4865,ad
6232,8h
28586,4s
22528,10h
8538,7s
4672,ad
29416,4d
33326,9s
9929,qh
6419,8h
35540,ah
21518,jh
4034,as
25010,3d
8297,7s
22091,qc
4555,ad
17499,kc
34210,9d
30213,9c
24228,3s
5499,6c
13596,kd
12785,ks
30269,9c
21300,jh
82,6d
22994,10h
3208,7c
14489,3h
24518,3s
6506,8h
7108,7d
24373,3s
21159,jh
26339,qd
32380,8d
14254,3h
35674,ah
5708,6c
22652,10h
208,6d
25107,3d
12358,10s
19847,2s
21008,jh
22150,qc
30167,9c
1877,5h
24372,3s
20494,2d
21379,jh
30317,9c
25931,qs
4717,ad
6181,8h
10907,jc
37745,6h
38615,5d
8522,7s
13204,ks
19170,3c
32592,8d
32662,8d
28922,4s
28524,4s
28173,7h
29764,4d
8692,7s
6891,7d
2503,9h
18196,10c
13579,kd
8722,7s
11508,10d
7069,7d
32771,8d
478,6d
28766,4s
36170,8c
10157,qh
5746,6c
31787,8s
33138,9s
10001,qh
1036,6s
28962,4s
7263,7d
18773,3c
110,6d
2349,9h
36206,8c
24079,3s
32419,8d
8744,7s
13015,ks
19906,2s
32577,8d
15887,js
15308,2h
2736,9h
19768,2s
31621,8s
31871,8s
27900,7h
34807,4c
37245,5s
12997,ks
33406,9s
34985,4c
1091,6s
19003,3c
22204,qc
35642,ah
9970,qh
15861,js
11515,10d
38266,5d
15241,2h
17573,kc
15233,2h
28873,4s
20641,2d
30142,9c
4601,ad
18953,3c
4271,as
36173,8c
21139,jh
28,6d
37991,6h
16238,js
25629,qs
9197,ac
11660,10d
31175,5c
35477,ah
26742,qd
1167,6s
29309,4d
8355,7s
18012,10c
32579,8d
1190,6s
7237,7d
7586,4h
7827,4h
24029,3s
34019,9d
27088,2c
7230,7d
35661,ah
30246,9c
18048,10c
34678,4c
32297,8d
23383,kh
20297,2d
25791,qs
4928,ad
26538,qd
19642,2s
25574,qs
22072,qc
33942,9d
26354,qd
18265,10c
22881,10h
7808,4h
11651,10d
37882,6h
16068,js
24150,3s
19531,2s
24076,3s
5458,6c
13645,kd
34763,4c
30983,5c
10036,qh
6945,7d
22775,10h
33479,9s
12018,10s
28234,7h
7600,4h
3319,7c
37167,5s
32483,8d
20636,2d
18053,10c
21360,jh
30171,9c
22217,qc
7773,4h
6197,8h
36972,5s
31681,8s
3483,7c
21089,jh
29655,4d
35553,ah
33168,9s
36431,8c
30027,9c
32256,8d
3137,7c
1254,6s
21268,jh
15453,2h
7643,4h
31586,8s
53,6d
24350,3s
23457,kh
28605,4s
247,6d
25079,3d
8689,7s
19777,2s
1597,5h
32744,8d
9781,qh
38601,5d
17558,kc
6760,7d
25735,qs
38415,5d
28253,7h
37705,6h
3989,as
928,6s
17392,kc
11001,jc
7642,4h
32457,8d
31617,8s
37584,6h
6771,7d
19739,2s
18789,3c
35367,ah
1269,6s
38595,5d
37719,6h
16602,jd
6015,8h
23426,kh
34731,4c
25737,qs
7740,4h
24791,3d
12919,ks
1164,6s
37992,6h
23314,kh
7563,4h
27937,7h
33422,9s
36761,5s
27439,2c
20628,2d
144,6d
31903,8s
37578,6h
6490,8h
18293,10c
7510,4h
22139,qc
36982,5s
25544,qs
7576,4h
28544,4s
18168,10c
21420,jh
15045,2h
215,6d
354,6d
2735,9h
32523,8d
15357,2h
15798,js
17550,kc
6317,8h
4792,ad
12825,ks
16105,js
2693,9h
6874,7d
21883,qc
18231,10c
25652,qs
2708,9h
9318,ac
19032,3c
16783,jd
12283,10s
16550,jd
19092,3c
20710,2d
37728,6h
19172,3c
1772,5h
15483,2h
10037,qh
6053,8h
31050,5c
20647,2d
2623,9h
7059,7d
21798,qc
3285,7c
32691,8d
27144,2c
27155,2c
36272,8c
19256,3c
35251,ah
10150,qh
25252,3d
37888,6h
34152,9d
7679,4h
24156,3s
31043,5c
13256,ks
3313,7c
10634,jc
2448,9h
6315,8h
31854,8s
31154,5c
15185,2h
35616,ah
32751,8d
22731,10h
36226,8c
31831,8s
7788,4h
5711,6c
6902,7d
9374,ac
10604,jc
20469,2d
964,6s
12183,10s
33137,9s
8524,7s
14614,3h
3121,7c
18949,3c
9349,ac
11418,10d
31004,5c
6896,7d
26320,qd
17354,kc
26582,qd
35018,4c
16623,jd
5006,ad
7023,7d
30145,9c
14466,3h
10576,jc
11569,10d
14505,3h
31870,8s
22135,qc
2475,9h
33028,9s
25236,3d
7644,4h
6192,8h
16816,jd
25502,qs
16003,js
9244,ac
769,6s
36131,8c
21100,jh
15393,2h
37206,5s
6001,8h
13548,kd
37817,6h
19606,2s
18343,10c
22630,10h
20422,2d
991,6s
14525,3h
35429,ah
13858,kd
25649,qs
31088,5c
15493,2h
30024,9c
4838,ad
10612,jc
4597,ad
34914,4c
16049,js
10712,jc
16009,js
15350,2h
30144,9c
16258,js
4051,as
4587,ad
9219,ac
18161,10c
24863,3d
25071,3d
21344,jh
15051,2h
6938,7d
7063,7d
36807,5s
31987,8s
32467,8d
3188,7c
329,6d
1079,6s
7835,4h
36777,5s
2601,9h
23472,kh
23341,kh
1000,6s
24762,3d
15953,js
33894,9d
5622,6c
26770,qd
3852,as
197,6d
25212,3d
30927,5c
7022,7d
19707,2s
21369,jh
5732,6c
17626,kc
38763,5d
13988,kd
35725,ah
37647,6h
6406,8h
18991,3c
30413,9c
11698,10d
7629,4h
22124,qc
34998,4c
25037,3d
14545,3h
19081,3c
2550,9h
13671,kd
2255,9h
28040,7h
27450,2c
21259,jh
17318,kc
17440,kc
22041,qc
27395,2c
36488,8c
3454,7c
33522,9s
28209,7h
11748,10d
14431,3h
37646,6h
35391,ah
15464,2h
18880,3c
18946,3c
341,6d
35021,4c
13726,kd
968,6s
31166,5c
7077,7d
21305,jh
22593,10h
28229,7h
2469,9h
1589,5h
22808,10h
4063,as
1130,6s
1750,5h
5388,6c
9226,ac
13581,kd
24021,3s
30792,5c
34612,4c
12191,10s
12763,ks
30197,9c
3927,as
9752,qh
13179,ks
21916,qc
3873,as
19225,3c
293,6d
38017,6h
19511,2s
31725,8s
13038,ks
38621,5d
9439,ac
25235,3d
7095,7d
32568,8d
132,6d
14557,3h
14288,3h
36438,8c
4872,ad
36395,8c
17519,kc
15284,2h
8262,7s
3281,7c
13828,kd
27896,7h
13232,ks
11603,10d
3259,7c
17529,kc
24750,3d
12021,10s
33938,9d
15345,2h
3791,as
3204,7c
5287,6c
35320,ah
22770,10h
38378,5d
7916,4h
32575,8d
35341,ah
4867,ad
11436,10d
34196,9d
9770,qh
30455,9c
38364,5d
28894,4s
27161,2c
9150,ac
3410,7c
25554,qs
10644,jc
8016,4h
3338,7c
7523,4h
1184,6s
32463,8d
28674,4s
8363,7s
28240,7h
15013,2h
463,6d
16558,jd
33175,9s
6986,7d
18803,3c
27293,2c
3519,7c
33901,9d
29524,4d
31944,8s
37878,6h
19066,3c
9870,qh
17454,kc
5659,6c
10008,qh
33238,9s
8370,7s
27821,7h
11591,10d
1122,6s
21022,jh
25043,3d
24864,3d
35336,ah
33401,9s
15516,2h
22996,10h
10059,qh
18121,10c
31939,8s
5344,6c
11549,10d
11364,10d
24903,3d
14634,3h
17692,kc
3176,7c
21459,jh
18184,10c
9225,ac
14313,3h
18441,10c
21806,qc
33136,9s
3065,7c
19071,3c
33151,9s
37854,6h
36468,8c
27887,7h
14361,3h
7556,4h
26553,qd
7954,4h
22230,qc
5516,6c
38551,5d
4104,as
8023,4h
7569,4h
22897,10h
3445,7c
21181,jh
3782,as
6074,8h
11506,10d
5506,6c
35770,ah
28573,4s
21226,jh
4250,as
25234,3d
14721,3h
14261,3h
24838,3d
15980,js
2366,9h
25165,3d
40,6d
1018,6s
18023,10c
22655,10h
10131,qh
3772,as
30127,9c
25080,3d
22533,10h
32471,8d
15077,2h
37698,6h
5681,6c
27524,2c
20761,2d
30103,9c
26718,qd
11635,10d
30943,5c
6795,7d
33975,9d
12119,10s
25943,qs
32640,8d
26258,qd
15943,js
23545,kh
2555,9h
22011,qc
5327,6c
18447,10c
10911,jc
15803,js
26443,qd
6855,7d
24027,3s
11424,10d
469,6d
11583,10d
19867,2s
15005,2h
37668,6h
27000,2c
10069,qh
24467,3s
31005,5c
36167,8c
11730,10d
24145,3s
7132,7d
36164,8c
33064,9s
36924,5s
17005,jd
29007,4s
12862,ks
35620,ah
4871,ad
37581,6h
8516,7s
12194,10s
7001,7d
27436,2c
37677,6h
14510,3h
17459,kc
13226,ks
4750,ad
12136,10s
3163,7c
36974,5s
16074,js
12457,10s
10648,jc
7185,7d
22896,10h
34535,4c
4980,ad
10078,qh
11354,10d
19924,2s
13918,kd
24208,3s
11469,10d
37158,5s
19010,3c
19719,2s
4134,as
37813,6h
32015,8s
1063,6s
5753,6c
36097,8c
10148,qh
519,6d
4982,ad
28115,7h
15257,2h
27521,2c
21940,qc
18080,10c
226,6d
30163,9c
20325,2d
34232,9d
12298,10s
2616,9h
21831,qc
32638,8d
18969,3c
10969,jc
5683,6c
17399,kc
25247,3d
30313,9c
25607,qs
7972,4h
25983,qs
36260,8c
10746,jc
34520,4c
27247,2c
26710,qd
12903,ks
22557,10h
32009,8s
10522,jc
24023,3s
9285,ac
4002,as
22714,10h
25032,3d
2511,9h
36007,8c
12869,ks
25110,3d
36257,8c
30155,9c
25696,qs
28944,4s
17371,kc
16125,js
5495,6c
30901,5c
26604,qd
31052,5c
14715,3h
25988,qs
25724,qs
20338,2d
9298,ac
270,6d
24130,3s
3089,7c
3958,as
16024,js
23484,kh
15823,js
2584,9h
22874,10h
30226,9c
13789,kd
22980,10h
13585,kd
13111,ks
17620,kc
10533,jc
17261,kc
6007,8h
18939,3c
19933,2s
14338,3h
12386,10s
31985,8s
36805,5s
6869,7d
24857,3d
4593,ad
19207,3c
16958,jd
6942,7d
38338,5d
4101,as
13133,ks
19929,2s
3266,7c
37090,5s
11556,10d
37081,5s
22862,10h
32462,8d
34140,9d
16975,jd
15481,2h
17654,kc
24476,3s
27173,2c
18147,10c
37779,6h
359,6d
33169,9s
20295,2d
22812,10h
18984,3c
30294,9c
32548,8d
3444,7c
11521,10d
5501,6c
38445,5d
17431,kc
33119,9s
19980,2s
33263,9s
9909,qh
32272,8d
9193,ac
22708,10h
16017,js
3155,7c
21005,jh
3776,as
4094,as
21959,qc
8349,7s
3068,7c
3438,7c
13055,ks
34844,4c
28835,4s
13061,ks
18359,10c
6388,8h
10006,qh
36835,5s
20594,2d
5490,6c
35278,ah
37620,6h
21895,qc
12904,ks
8401,7s
28905,4s
31258,5c
3334,7c
4074,as
28083,7h
27037,2c
8509,7s
14389,3h
24394,3s
15140,2h
17251,kc
31900,8s
36034,8c
17540,kc
23480,kh
7907,4h
8760,7s
33405,9s
9923,qh
27861,7h
12915,ks
24291,3s
38318,5d
28557,4s
33353,9s
28790,4s
13967,kd
13825,kd
11352,10d
31510,8s
25889,qs
26382,qd
37565,6h
3948,as
34573,4c
21240,jh
25219,3d
33762,9d
9959,qh
18514,10c
7631,4h
12986,ks
35423,ah
4137,as
7113,7d
33027,9s
22641,10h
36508,8c
37777,6h
26722,qd
33082,9s
22159,qc
16158,js
16638,jd
25114,3d
31980,8s
23677,kh
18194,10c
19193,3c
28245,7h
10222,qh
24450,3s
190,6d
37192,5s
2571,9h
30477,9c
34049,9d
30810,5c
38514,5d
17674,kc
22060,qc
28147,7h
18446,10c
38662,5d
36978,5s
31058,5c
8317,7s
25662,qs
26510,qd
4901,ad
34231,9d
9753,qh
31737,8s
15456,2h
25882,qs
25182,3d
4226,as
16564,jd
12498,10s
14565,3h
33776,9d
14696,3h
38457,5d
27989,7h
2385,9h
27201,2c
24374,3s
35360,ah
23586,kh
30791,5c
22063,qc
16694,jd
16739,jd
32767,8d
13521,kd
18305,10c
160,6d
19948,2s
8554,7s
22878,10h
33256,9s
19162,3c
18033,10c
14571,3h
28223,7h
4758,ad
6852,7d
22200,qc
6465,8h
5334,6c
25573,qs
3778,as
1591,5h
37851,6h
266,6d
25142,3d
33134,9s
12104,10s
9267,ac
18297,10c
23590,kh
5585,6c
25040,3d
14326,3h
37528,6h
21275,jh
33883,9d
17745,kc
21031,jh
9306,ac
28576,4s
5545,6c
10023,qh
19625,2s
29272,4d
28837,4s
3050,7c
125,6d
30116,9c
33768,9d
13063,ks
34986,4c
13046,ks
21432,jh
1545,5h
21975,qc
16201,js
9171,ac
21245,jh
21256,jh
28945,4s
22573,10h
23346,kh
38272,5d
11402,10d
12101,10s
6503,8h
332,6d
6856,7d
19757,2s
13513,kd
3345,7c
36239,8c
22705,10h
21456,jh
30949,5c
2491,9h
33319,9s
33850,9d
21876,qc
22594,10h
32390,8d
2437,9h
38769,5d
33803,9d
36958,5s
18484,10c
3264,7c
6382,8h
31192,5c
38,6d
6886,7d
23773,kh
13975,kd
14317,3h
37609,6h
31852,8s
7888,4h
36311,8c
24966,3d
16983,jd
1642,5h
37692,6h
20561,2d
6514,8h
22640,10h
3780,as
11618,10d
1012,6s
13884,kd
23283,kh
124,6d
28898,4s
22762,10h
10122,qh
35450,ah
24942,3d
17418,kc
36291,8c
26486,qd
35632,ah
15246,2h
4666,ad
28097,7h
27471,2c
17670,kc
14515,3h
25690,qs
21352,jh
23440,kh
14532,3h
26384,qd
28711,4s
24001,3s
7928,4h
5565,6c
27509,2c
24880,3d
25545,qs
13875,kd
30040,9c
16666,jd
35676,ah
19079,3c
31627,8s
18101,10c
14613,3h
3189,7c
7024,7d
19842,2s
33130,9s
22824,10h
12948,ks
36460,8c
16274,js
21450,jh
13980,kd
33835,9d
33913,9d
30992,5c
7036,7d
18315,10c
1214,6s
7015,7d
23587,kh
26257,qd
13732,kd
5524,6c
10768,jc
24022,3s
36997,5s
26012,qs
19204,3c
8336,7s
36011,8c
29520,4d
19001,3c
27949,7h
16732,jd
277,6d
12469,10s
27080,2c
5454,6c
10926,jc
7548,4h
25752,qs
22923,10h
28537,4s
11529,10d
12434,10s
3847,as
6342,8h
11445,10d
37530,6h
24980,3d
3933,as
13871,kd
12331,10s
34103,9d
33420,9s
37627,6h
11281,10d
36766,5s
14319,3h
16981,jd
252,6d
30873,5c
7552,4h
16530,jd
16594,jd
13657,kd
16878,jd
8532,7s
219,6d
28804,4s
23580,kh
13679,kd
37102,5s
22704,10h
29262,4d
12364,10s
1260,6s
1609,5h
26259,qd
37143,5s
25953,qs
16224,js
6792,7d
4876,ad
19053,3c
30842,5c
27481,2c
16251,js
37062,5s
2292,9h
6008,8h
23262,kh
6460,8h
16629,jd
14342,3h
10889,jc
2603,9h
29636,4d
18414,10c
36890,5s
36229,8c
6280,8h
37701,6h
4608,ad
30450,9c
11577,10d
35485,ah
15389,2h
31558,8s
3885,as
18893,3c
9466,ac
5014,ad
37532,6h
3002,7c
12977,ks
7807,4h
18879,3c
13879,kd
7860,4h
26621,qd
15971,js
13216,ks
33286,9s
31502,8s
21938,qc
22156,qc
34966,4c
13143,ks
18992,3c
27405,2c
31952,8s
24017,3s
25112,3d
3362,7c
18804,3c
11553,10d
4076,as
9283,ac
37975,6h
5494,6c
31767,8s
2524,9h
18507,10c
19048,3c
14615,3h
9172,ac
38723,5d
32762,8d
3870,as
903,6s
7804,4h
5475,6c
21056,jh
36851,5s
30178,9c
27022,2c
25742,qs
23344,kh
29685,4d
38571,5d
16621,jd
2312,9h
16226,js
17629,kc
21064,jh
7672,4h
37710,6h
33128,9s
23259,kh
19699,2s
38253,5d
10641,jc
3005,7c
19815,2s
12055,10s
28133,7h
30084,9c
33973,9d
23411,kh
18211,10c
16589,jd
13994,kd
38649,5d
29570,4d
28776,4s
7212,7d
13890,kd
14654,3h
15090,2h
17477,kc
22223,qc
35448,ah
19715,2s
11267,10d
7745,4h
38255,5d
30902,5c
4061,as
33994,9d
36441,8c
4888,ad
30043,9c
8551,7s
10087,qh
1770,5h
17450,kc
34792,4c
26380,qd
34154,9d
35291,ah
38680,5d
2653,9h
15365,2h
8323,7s
37247,5s
512,6d
38467,5d
20022,2s
29635,4d
6306,8h
28808,4s
24135,3s
22739,10h
3326,7c
12809,ks
2717,9h
28089,7h
27427,2c
35378,ah
8513,7s
29419,4d
7191,7d
25064,3d
13156,ks
15085,2h
28526,4s
20294,2d
26622,qd
19695,2s
8496,7s
36390,8c
25961,qs
7129,7d
23005,10h
8433,7s
13618,kd
6480,8h
36403,8c
18301,10c
27270,2c
2487,9h
36795,5s
22908,10h
8013,4h
17496,kc
245,6d
6046,8h
28969,4s
3004,7c
30137,9c
37006,5s
1923,5h
13979,kd
13763,kd
25783,qs
28858,4s
34806,4c
24378,3s
304,6d
30387,9c
29292,4d
20250,2d
756,6s
24455,3s
22903,10h
30304,9c
11669,10d
28997,4s
5404,6c
36233,8c
33985,9d
5331,6c
37228,5s
26568,qd
20430,2d
4944,ad
15203,2h
5008,ad
99,6d
34519,4c
36166,8c
29665,4d
2676,9h
3392,7c
5018,ad
29704,4d
21248,jh
28116,7h
26302,qd
12511,10s
19150,3c
18233,10c
10950,jc
25516,qs
18126,10c
437,6d
14336,3h
12147,10s
22885,10h
22833,10h
31062,5c
24,6d
29483,4d
32611,8d
16247,js
28972,4s
6312,8h
36196,8c
9136,ac
28210,7h
13940,kd
2330,9h
10750,jc
16786,jd
30112,9c
16007,js
3980,as
12192,10s
36317,8c
7106,7d
37519,6h
21828,qc
38645,5d
23724,kh
32006,8s
16273,js
20463,2d
35370,ah
1799,5h
35314,ah
7787,4h
14681,3h
21150,jh
4183,as
23451,kh
12292,10s
37864,6h
24344,3s
25527,qs
4022,as
7818,4h
22540,10h
3125,7c
12056,10s
17415,kc
9319,ac
34893,4c
8469,7s
34628,4c
26594,qd
29639,4d
13788,kd
3164,7c
6370,8h
28101,7h
3142,7c
26390,qd
416,6d
8628,7s
24346,3s
29269,4d
18784,3c
37132,5s
30375,9c
24858,3d
17376,kc
8731,7s
24875,3d
8337,7s
21477,jh
10733,jc
9873,qh
5586,6c
14513,3h
1262,6s
25990,qs
17623,kc
36402,8c
8296,7s
15305,2h
24490,3s
38759,5d
33396,9s
23728,kh
19159,3c
7578,4h
13700,kd
1635,5h
16102,js
4258,as
31208,5c
18122,10c
35644,ah
19631,2s
22799,10h
37788,6h
18210,10c
3347,7c
16897,jd
23412,kh
21438,jh
20291,2d
21458,jh
27077,2c
30463,9c
18331,10c
3211,7c
32476,8d
37595,6h
11562,10d
29493,4d
35653,ah
12142,10s
6487,8h
23519,kh
19229,3c
1886,5h
8623,7s
12398,10s
10866,jc
6395,8h
10220,qh
31660,8s
15938,js
6268,8h
32646,8d
29568,4d
7227,7d
23425,kh
32513,8d
3988,as
37551,6h
1846,5h
16872,jd
2737,9h
19122,3c
32358,8d
9467,ac
6772,7d
1173,6s
19774,2s
16015,js
19865,2s
25171,3d
19065,3c
3879,as
33244,9s
858,6s
8570,7s
1626,5h
38454,5d
26351,qd
22061,qc
23395,kh
6844,7d
34236,9d
4069,as
7086,7d
10096,qh
33837,9d
29315,4d
3825,as
25565,qs
33433,9s
18954,3c
30233,9c
38590,5d
1542,5h
7218,7d
27131,2c
14359,3h
9831,qh
28785,4s
33798,9d
19697,2s
112,6d
33911,9d
36789,5s
30951,5c
26485,qd
27208,2c
22611,10h
20418,2d
4585,ad
34623,4c
17013,jd
12822,ks
38611,5d
37544,6h
28902,4s
23562,kh
15193,2h
8643,7s
3383,7c
17414,kc
9158,ac
30439,9c
3455,7c
30757,5c
18008,10c
22778,10h
16880,jd
31199,5c
19784,2s
25824,qs
3986,as
38502,5d
6906,7d
13044,ks
34242,9d
7764,4h
12981,ks
31532,8s
21172,jh
20657,2d
32472,8d
23720,kh
17293,kc
28000,7h
25144,3d
35260,ah
2265,9h
1918,5h
3883,as
13261,ks
19575,2s
1833,5h
29592,4d
18254,10c
36439,8c
35574,ah
36015,8c
16079,js
18060,10c
1707,5h
34872,4c
12815,ks
6086,8h
20459,2d
4158,as
3968,as
36453,8c
37594,6h
19221,3c
30349,9c
128,6d
36158,8c
28750,4s
14725,3h
28246,7h
27918,7h
13229,ks
24299,3s
3467,7c
8694,7s
16197,js
26597,qd
25067,3d
21500,jh
4917,ad
2690,9h
19500,2s
38400,5d
15409,2h
26625,qd
24302,3s
20608,2d
10106,qh
1661,5h
851,6s
34884,4c
8535,7s
5257,6c
13736,kd
27771,7h
18276,10c
7014,7d
1009,6s
12320,10s
33766,9d
4149,as
774,6s
4009,as
8650,7s
28753,4s
20395,2d
37568,6h
4147,as
1815,5h
27934,7h
9468,ac
19212,3c
23377,kh
27756,7h
2447,9h
1860,5h
27870,7h
18876,3c
27298,2c
16183,js
27453,2c
25519,qs
11398,10d
4775,ad
18883,3c
22965,10h
16706,jd
27855,7h
25604,qs
1587,5h
24252,3s
12810,ks
7904,4h
28582,4s
31882,8s
37126,5s
29726,4d
9858,qh
19928,2s
24839,3d
1015,6s
25150,3d
36859,5s
9133,ac
33897,9d
15211,2h
20272,2d
4507,ad
24255,3s
5464,6c
4112,as
2527,9h
1760,5h
1638,5h
32536,8d
5727,6c
37819,6h
35019,4c
11640,10d
18815,3c
30811,5c
17332,kc
261,6d
32645,8d
19507,2s
36178,8c
24352,3s
19199,3c
7780,4h
4894,ad
11532,10d
15767,js
770,6s
1659,5h
18235,10c
23609,kh
19861,2s
13864,kd
21027,jh
16569,jd
34910,4c
18105,10c
35015,4c
19245,3c
4624,ad
27210,2c
37936,6h
7702,4h
18326,10c
24054,3s
374,6d
294,6d
11687,10d
15843,js
37722,6h
19802,2s
27204,2c
37500,6h
27473,2c
28901,4s
13551,kd
5383,6c
6523,8h
11712,10d
27764,7h
21442,jh
28225,7h
8713,7s
26455,qd
11731,10d
13935,kd
25141,3d
21906,qc
7229,7d
15100,2h
12486,10s
7244,7d
10245,qh
20378,2d
27929,7h
33172,9s
28058,7h
24798,3d
19542,2s
36779,5s
31841,8s
27866,7h
30360,9c
16063,js
10181,qh
25586,qs
3834,as
21989,qc
20688,2d
7675,4h
29502,4d
33361,9s
33278,9s
16815,jd
30241,9c
11598,10d
28993,4s
6180,8h
22760,10h
22912,10h
27368,2c
3984,as
26397,qd
37633,6h
36224,8c
24466,3s
12867,ks
850,6s
8642,7s
3245,7c
22178,qc
22701,10h
24422,3s
26263,qd
25517,qs
19808,2s
10050,qh
21265,jh
23537,kh
1677,5h
26717,qd
3102,7c
19990,2s
26364,qd
1761,5h
35682,ah
17533,kc
21315,jh
25548,qs
10814,jc
46,6d
3994,as
35430,ah
32333,8d
16139,js
25738,qs
12396,10s
15487,2h
6316,8h
22025,qc
21991,qc
22221,qc
1238,6s
34588,4c
334,6d
10766,jc
2394,9h
16115,js
15300,2h
5363,6c
3917,as
18898,3c
35530,ah
4680,ad
22513,10h
11387,10d
10117,qh
22048,qc
32455,8d
25809,qs
22991,10h
36336,8c
3070,7c
32304,8d
35346,ah
22602,10h
7097,7d
37509,6h
10051,qh
24985,3d
16069,js
21020,jh
20299,2d
17650,kc
4800,ad
6366,8h
19167,3c
27792,7h
6022,8h
22627,10h
12244,10s
5695,6c
13777,kd
38732,5d
7979,4h
19997,2s
10503,jc
14367,3h
25975,qs
1247,6s
10043,qh
1263,6s
6996,7d
21862,qc
1972,5h
30935,5c
6421,8h
27050,2c
5651,6c
28963,4s
33311,9s
31833,8s
1960,5h
24187,3s
23372,kh
18007,10c
16503,jd
11396,10d
26675,qd
7803,4h
9314,ac
4979,ad
3132,7c
26445,qd
6051,8h
27791,7h
4690,ad
33969,9d
1541,5h
34953,4c
12802,ks
28071,7h
23576,kh
27402,2c
4740,ad
12908,ks
30173,9c
9881,qh
26547,qd
21185,jh
20595,2d
25843,qs
22551,10h
31688,8s
33785,9d
1199,6s
31772,8s
842,6s
36397,8c
10998,jc
24901,3d
26760,qd
14265,3h
5582,6c
8774,7s
12942,ks
18500,10c
1895,5h
22781,10h
25672,qs
7525,4h
10204,qh
22741,10h
30125,9c
20398,2d
26737,qd
27074,2c
32440,8d
9945,qh
17296,kc
25821,qs
1696,5h
9202,ac
1094,6s
25133,3d
22245,qc
4820,ad
30767,5c
24886,3d
30406,9c
22612,10h
5295,6c
37203,5s
23578,kh
17270,kc
123,6d
18318,10c
25846,qs
35280,ah
34211,9d
34818,4c
16931,jd
4084,as
31564,8s
31557,8s
5316,6c
25510,qs
6483,8h
30279,9c
27968,7h
21229,jh
4192,as
6925,7d
33103,9s
24887,3d
6237,8h
4612,ad
15282,2h
24983,3d
2304,9h
37800,6h
1062,6s
36321,8c
34687,4c
15278,2h
25848,qs
35728,ah
29499,4d
26655,qd
22829,10h
10504,jc
34990,4c
25636,qs
3440,7c
31513,8s
25655,qs
34808,4c
21131,jh
23755,kh
36098,8c
30429,9c
11630,10d
16178,js
12517,10s
19593,2s
37697,6h
24514,3s
28230,7h
14458,3h
22014,qc
9276,ac
30899,5c
29638,4d
38019,6h
20366,2d
27962,7h
29543,4d
21209,jh
17559,kc
9265,ac
26355,qd
6261,8h
8772,7s
1546,5h
30206,9c
2634,9h
3304,7c
15063,2h
18257,10c
3009,7c
12428,10s
29668,4d
23671,kh
34689,4c
20399,2d
9969,qh
27057,2c
20473,2d
4209,as
9914,qh
25600,qs
33122,9s
3812,as
14457,3h
25125,3d
21465,jh
13951,kd
5729,6c
1942,5h
22689,10h
28076,7h
31534,8s
16099,js
19626,2s
32723,8d
19898,2s
235,6d
10118,qh
26669,qd
20,6d
32557,8d
6017,8h
33002,9s
15107,2h
15410,2h
7214,7d
1855,5h
5514,6c
6836,7d
1967,5h
27222,2c
13751,kd
30339,9c
24109,3s
36863,5s
12006,10s
8004,4h
13812,kd
32690,8d
19589,2s
1664,5h
18798,3c
2372,9h
3336,7c
37776,6h
1537,5h
9218,ac
24921,3d
14369,3h
31184,5c
22800,10h
22618,10h
35633,ah
22089,qc
58,6d
20695,2d
17693,kc
37982,6h
26399,qd
34,6d
5675,6c
31242,5c
24973,3d
19086,3c
18291,10c
1586,5h
9338,ac
981,6s
35010,4c
24067,3s
34051,9d
879,6s
8343,7s
4251,as
36329,8c
10607,jc
17492,kc
6453,8h
10974,jc
4984,ad
16156,js
23647,kh
22826,10h
25705,qs
37972,6h
37087,5s
2696,9h
30858,5c
21264,jh
34941,4c
22782,10h
22836,10h
11333,10d
38447,5d
25085,3d
19596,2s
347,6d
10633,jc
10824,jc
25505,qs
30267,9c
10916,jc
18921,3c
30754,5c
19618,2s
26488,qd
26733,qd
36143,8c
38326,5d
11440,10d
20290,2d
3841,as
3398,7c
32609,8d
15132,2h
24196,3s
21512,jh
38499,5d
1959,5h
34704,4c
10775,jc
5009,ad
19721,2s
24465,3s
15054,2h
35356,ah
30512,9c
21093,jh
18077,10c
12806,ks
17655,kc
18468,10c
29421,4d
18111,10c
37135,5s
27780,7h
21183,jh
6791,7d
18482,10c
18826,3c
13649,kd
20360,2d
4020,as
2375,9h
24385,3s
7228,7d
10121,qh
10010,qh
12058,10s
32324,8d
37000,5s
5430,6c
6456,8h
22725,10h
18002,10c
12830,ks
4866,ad
33021,9s
6216,8h
30487,9c
8701,7s
25192,3d
16162,js
30844,5c
12518,10s
8668,7s
14428,3h
22982,10h
17382,kc
16673,jd
21852,qc
27804,7h
33219,9s
16172,js
6806,7d
11758,10d
25726,qs
33242,9s
21028,jh
17426,kc
1082,6s
8759,7s
4161,as
29735,4d
7995,4h
25270,3d
5707,6c
16066,js
34501,4c
4558,ad
18049,10c
20270,2d
10826,jc
7204,7d
23626,kh
3114,7c
36942,5s
17599,kc
18886,3c
35651,ah
4041,as
9442,ac
37720,6h
21016,jh
38758,5d
35292,ah
516,6d
6038,8h
13049,ks
8018,4h
18968,3c
38528,5d
34261,9d
22947,10h
23316,kh
5757,6c
27491,2c
23399,kh
36306,8c
18407,10c
15811,js
2769,9h
25052,3d
28847,4s
16523,jd
3135,7c
37653,6h
10764,jc
36980,5s
31890,8s
33273,9s
7056,7d
21274,jh
32479,8d
18432,10c
14728,3h
16785,jd
8568,7s
4630,ad
19665,2s
28839,4s
33774,9d
191,6d
14306,3h
25209,3d
21107,jh
26367,qd
12327,10s
13219,ks
34865,4c
17016,jd
16037,js
14551,3h
33295,9s
32433,8d
13848,kd
37699,6h
30874,5c
34732,4c
25894,qs
25897,qs
15156,2h
4620,ad
22740,10h
32331,8d
31728,8s
12425,10s
24133,3s
8364,7s
453,6d
1915,5h
10698,jc
27258,2c
29661,4d
27193,2c
30867,5c
15175,2h
35635,ah
28046,7h
34258,9d
11471,10d
21210,jh
12426,10s
26763,qd
13702,kd
29325,4d
32728,8d
19884,2s
17681,kc
24286,3s
34576,4c
11433,10d
4916,ad
22642,10h
19627,2s
803,6s
20624,2d
3219,7c
19747,2s
33497,9s
4943,ad
24402,3s
4082,as
19902,2s
11599,10d
27324,2c
21251,jh
4806,ad
33929,9d
4056,as
33429,9s
25500,qs
22932,10h
29593,4d
16036,js
24820,3d
22211,qc
15146,2h
12462,10s
10235,qh
28063,7h
5646,6c
14586,3h
26561,qd
866,6s
29649,4d
17262,kc
19663,2s
31231,5c
13844,kd
11256,10d
28588,4s
24463,3s
5736,6c
3923,as
9337,ac
6189,8h
19604,2s
25909,qs
5377,6c
20324,2d
37660,6h
26520,qd
16119,js
10510,jc
16609,jd
6393,8h
36064,8c
38343,5d
9095,ac
27843,7h
25767,qs
9426,ac
21215,jh
29476,4d
7866,4h
10095,qh
30298,9c
38356,5d
30389,9c
17260,kc
3221,7c
21346,jh
34139,9d
16090,js
20254,2d
22716,10h
24925,3d
18817,3c
12900,ks
21190,jh
20568,2d
27163,2c
32639,8d
30871,5c
11017,jc
35379,ah
22530,10h
24343,3s
25642,qs
24430,3s
24250,3s
1563,5h
28558,4s
33487,9s
37163,5s
3012,7c
26671,qd
4614,ad
20627,2d
8656,7s
38750,5d
9355,ac
2331,9h
4840,ad
26720,qd
34858,4c
34129,9d
10188,qh
5653,6c
2338,9h
19914,2s
17302,kc
1588,5h
2463,9h
1927,5h
15423,2h
6282,8h
31869,8s
37262,5s
20261,2d
20613,2d
8754,7s
34217,9d
9818,qh
19219,3c
9824,qh
7968,4h
29689,4d
33221,9s
24485,3s
12488,10s
16231,js
5406,6c
13804,kd
28617,4s
5666,6c
25858,qs
6423,8h
35350,ah
18037,10c
3763,as
16869,jd
22274,qc
25753,qs
17423,kc
3468,7c
17733,kc
20681,2d
18460,10c
2379,9h
9879,qh
12465,10s
30885,5c
30283,9c
8581,7s
32655,8d
2505,9h
34900,4c
4260,as
35317,ah
37136,5s
8301,7s
37543,6h
15149,2h
2743,9h
32496,8d
5569,6c
21362,jh
27316,2c
13790,kd
15086,2h
36937,5s
24840,3d
4798,ad
10049,qh
17257,kc
33876,9d
28833,4s
26719,qd
35562,ah
20732,2d
12841,ks
19129,3c
38560,5d
19113,3c
31762,8s
29582,4d
9216,ac
37682,6h
32642,8d
1988,5h
25917,qs
22233,qc
6893,7d
6172,8h
31978,8s
30834,5c
22776,10h
27881,7h
12911,ks
3023,7c
