card_1,card_2,card_3,result
15268,10063,2748,140
10743,15871,13642,74
7927,24187,30180,94
20547,7164,22864,58
34648,35731,19664,98
13009,9383,16862,77
24967,35646,30215,78
36524,2326,26372,81
3460,30785,3228,58
24780,6138,2547,98
26505,35643,37273,96
1839,15751,38391,86
22656,10083,3209,120
4832,23354,27196,81
28590,16096,8634,100
9456,25501,208,71
21012,11423,1169,92
33405,2450,10891,107
27970,9978,14680,139
30462,3514,31725,76
6774,13158,9355,73
38392,2386,34225,62
2606,30990,19732,94
7086,37140,36243,59
21857,14582,31129,85
21792,27024,31147,58
35359,18420,38003,121
24836,36172,23730,76
14709,33012,25817,115
21815,11361,18323,58
21185,36352,14695,113
27189,34892,32290,40
12057,31530,14312,112
2564,24055,5349,96
28792,3855,4954,84
11644,23258,7836,105
15845,27093,15227,93
7594,38339,33796,57
33364,15290,9412,103
5676,25235,10812,46
21304,29405,15234,95
16233,26493,10567,73
14695,24265,13152,110
21283,34809,23761,119
9222,13162,29633,70
5022,28707,24095,73
1775,19061,13630,73
25860,31230,36373,77
15179,13684,24428,83
8446,22954,37046,113
8517,28165,21885,104
34997,1081,1588,93
33352,23350,28218,133
21196,3281,28059,116
4543,19183,24897,33
20334,15975,16001,76
14613,13697,19795,83
9340,6217,17020,85
36267,11402,9517,58
22976,25608,12194,123
26444,7645,27440,70
18089,24197,9156,79
25826,17012,9519,76
11741,25881,24799,51
13995,23000,1668,106
29644,25951,28904,72
25979,27123,22190,78
38741,36293,10217,77
23370,27364,25839,105
25103,27799,22019,74
10937,16014,8596,94
17575,37979,21905,96
5516,15772,31947,90
21114,26507,14628,104
32711,10875,22860,81
7508,14301,27333,100
11325,29750,19255,30
34960,36360,34797,55
17608,1073,11383,68
21021,2412,34119,107
32771,26405,21871,45
38670,33395,16620,51
19570,28793,20361,60
3925,341,26685,58
33478,10028,22507,135
15090,30847,24503,88
22014,9357,10967,76
17302,28590,30897,74
37988,22589,28878,124
10235,15977,10623,112
12765,1164,35718,124
28209,8535,2591,127
4085,14433,10762,106
33778,10705,34698,50
2490,25868,16843,97
28997,5589,4699,63
9339,13226,14591,108
24296,18779,22010,70
19632,32655,8013,79
1718,13989,35577,110
11549,9190,10691,61
28989,37074,21953,86
26368,22947,16920,72
2339,12832,6944,94
3318,24958,18124,46
17567,1678,4689,84
22690,26550,25944,99
4689,32279,28010,68
26451,26484,9376,51
38346,36448,20440,28
10864,6505,36339,92
31025,27425,22587,82
30801,2477,31667,100
32392,38555,26331,25
14558,10992,11408,76
19604,4574,29328,46
22124,16801,12860,75
27483,1584,7010,66
5619,10274,7964,113
5758,5003,32605,41
18923,29284,5495,39
18844,19076,28828,62
26592,17698,30049,60
15226,16165,23619,130
18759,15119,7235,64
37965,34567,9101,89
2769,10738,18810,88
30248,35322,9798,126
15013,18001,10091,115
22706,15004,26767,102
17387,14737,4577,82
33410,34951,20293,54
14444,13100,6195,128
33059,21259,5383,104
10577,38548,6107,76
11647,7010,28130,63
15754,33829,26517,58
19613,4619,36802,73
38475,6176,4218,92
37517,10219,1241,128
31741,36153,35371,108
28606,22107,3832,95
18108,32512,25964,69
13228,32326,32397,55
4041,38353,37130,76
2771,28922,26271,90
16135,37273,24404,97
34235,24985,23736,64
16979,5616,36358,51
30357,32409,33750,39
1081,38336,28574,67
11540,33101,27173,60
927,37000,15879,100
10547,25817,32397,70
2305,37103,24209,108
19806,5628,24784,50
32424,4569,4802,36
105,30463,10823,52
2518,11432,19758,86
3130,7639,26743,75
2681,34211,20554,59
26326,25503,30162,72
32018,27308,1656,93
28170,13594,13156,98
18858,27518,32697,39
26562,13513,26759,37
11686,7729,3353,73
27142,25970,34130,62
15817,6024,7103,91
21108,37693,8596,128
25595,5648,28685,87
10573,31092,7203,49
30931,28996,10780,72
3788,4875,35705,107
4013,16232,31979,111
20771,17534,12784,67
27829,1543,7081,97
10888,22985,37238,104
6220,26524,8019,102
36888,27287,18447,69
33025,19134,31612,85
6874,7740,14668,92
18396,23583,33254,110
30373,38423,32741,35
1898,34700,215,67
30233,19183,28721,68
17717,36365,7871,90
2728,18914,10977,88
20490,16756,14440,55
1778,30032,28835,96
27513,9336,38444,47
37519,33445,7563,123
31705,6425,20396,83
30363,32524,36344,51
7162,38711,15055,53
16677,24965,33974,23
3304,23696,26319,84
10648,33920,31235,51
12986,21040,6322,136
34611,1156,26444,61
20318,6914,17275,35
16223,13620,34057,59
21475,24845,33507,88
22827,4585,36775,94
24487,441,11544,45
28616,1263,34153,71
10721,455,23750,82
3878,5581,457,65
12509,21944,19651,89
19990,25691,22717,115
3382,22766,6057,116
16906,871,18366,66
31944,34971,33435,86
3450,21345,22033,95
27182,7746,20602,60
48,23348,35006,75
8015,20250,4959,59
37914,6384,6247,139
17618,34061,25523,73
4967,29258,21063,68
26492,17659,21935,63
28262,30468,9767,119
25618,28858,6823,75
10107,27757,26347,109
4177,16269,18271,100
25967,21254,30148,110
35686,18845,27166,84
32438,15118,6366,96
9102,6042,32760,82
7703,1793,20622,89
18991,14521,14754,100
19541,17719,12867,93
24103,27404,2614,92
38344,37120,6336,83
4016,14417,15443,123
8008,17528,12384,105
38315,33938,12472,50
37967,28974,4146,115
13793,9312,29604,44
7851,36004,12806,103
34069,35479,25733,100
16008,33164,24880,75
34060,7779,35629,105
19092,29396,38707,25
20000,6815,29436,39
15510,1960,18993,101
14385,16092,2443,127
22167,30223,1511,91
38390,31931,1961,83
2250,5533,10694,91
28170,1144,20394,80
36064,28651,4691,65
1179,33123,22595,116
895,26639,4199,84
10841,16610,34775,52
21796,20680,24497,56
10873,30998,4708,56
19696,37156,24389,88
36355,10796,795,77
4723,5389,36175,54
5640,3341,38737,44
16691,17315,7795,80
35427,22560,16705,113
7901,18051,30891,84
6318,3964,27311,102
12391,1176,35431,121
778,31201,14257,92
7626,15420,27509,99
17399,205,18017,55
34204,34793,15056,67
37505,13060,3320,104
10145,20709,21929,78
2715,38299,27152,68
24387,30496,12252,87
987,16566,29305,47
16160,20541,38773,44
3166,21914,22862,94
1800,9881,114,101
6164,37780,36336,113
10597,1036,10715,80
13094,1803,18402,106
16508,14311,34003,62
25772,15822,4154,115
11755,27962,13998,69
23014,19525,24505,106
9118,34835,3396,64
9809,36852,32445,90
37909,21923,13054,109
6468,7661,23507,142
12806,21079,17024,100
18449,27318,5569,57
6430,22773,11268,106
15478,10860,24017,94
5307,11509,28111,75
5337,15494,24445,89
5356,27795,29607,69
22841,17372,236,81
4220,28879,21374,120
20557,21874,5514,46
38024,1715,1526,133
10264,20324,7048,60
18442,24438,15154,93
29597,35632,6178,104
32774,22968,3006,77
13203,13785,18849,68
1570,25708,38461,87
7051,12103,17753,69
7993,8723,27287,91
38335,21188,35444,108
10998,10763,9879,99
24898,22899,19273,68
13218,34198,16031,85
28884,25834,2517,116
25970,900,12887,109
9412,7700,28723,100
27294,27933,34847,78
32450,422,10644,38
21024,29577,16088,91
1859,23510,15191,137
1617,30094,37742,111
34687,4562,33278,66
379,3098,6352,73
24466,11342,19068,55
12251,2492,28717,114
31647,21220,35305,137
22573,18146,31100,90
18874,10153,15988,104
24413,26676,10850,65
33327,24025,38731,69
15966,24974,5261,59
29263,13590,9299,44
15973,8283,5426,89
7636,1096,28928,105
37175,32456,27289,54
25003,10973,7862,70
32493,1670,8,58
2605,15367,8545,122
30071,21765,28998,77
15195,21490,426,97
6432,3937,30805,105
35387,26611,15101,106
15407,19518,27398,84
38495,35670,13272,97
19620,6962,26333,47
15514,34869,15305,99
9296,6475,10917,98
17282,37087,6081,104
12027,13111,3298,95
34824,24797,24205,49
9124,181,26719,45
17382,13885,14464,81
15105,5639,34952,77
17656,20691,1052,60
18277,24489,2696,100
6045,18782,22519,112
5478,933,4206,91
38597,31723,34237,48
27366,21366,1526,109
23252,10166,395,109
15962,14559,27092,94
33041,38413,7957,83
16818,34724,8588,61
19004,9909,34000,76
23344,25572,31541,124
6287,16803,12057,94
5403,35383,9929,123
32502,6998,18325,38
3491,3331,29332,44
24898,15857,32471,48
14562,340,12207,84
4606,24217,26701,55
22686,27757,37722,140
22912,16613,16524,71
10776,6463,19715,99
6423,31828,19829,109
13143,6250,33983,95
19524,9456,1643,99
25557,37569,28085,129
23490,6209,25093,102
7104,35527,14638,102
9492,18764,11319,53
31217,4639,34588,49
2748,12169,15283,125
26370,20457,24189,43
10911,36003,38574,50
19734,22815,16149,114
3165,34002,10174,80
8644,8354,38596,71
17382,16790,3071,57
19879,2494,1597,120
33849,25946,20604,49
27500,35458,31245,86
4102,15294,31558,115
9268,28913,15111,98
34577,13898,20021,58
11259,37067,3925,81
10020,7756,3288,114
18354,12205,7610,102
36832,23323,1163,115
2277,12129,32417,92
15195,30366,25113,66
12368,30063,15130,99
38540,30140,11651,37
37102,37861,22780,125
14495,2757,21927,115
1766,13057,34872,100
11448,18492,29298,37
34581,19131,35491,86
27461,20389,15965,54
25217,34903,18464,43
23256,11298,28517,92
26465,7021,7124,26
26484,36319,13961,46
32534,3393,6919,35
2479,11479,33973,67
6109,9111,31667,108
30065,20521,14439,66
1773,17620,37837,115
34580,2407,31934,99
35387,5,31706,93
18498,289,17323,55
35411,17290,3196,99
199,33806,13508,28
27283,27474,38533,35
3891,10126,10215,142
34613,33836,31935,60
8495,9946,15019,125
11420,13555,17624,49
6226,18469,18343,93
30365,15321,10949,87
17439,19989,7128,61
35543,30300,24061,104
33133,37828,31793,114
10733,12300,37809,105
15378,14457,34550,100
15796,14742,6185,126
19220,34034,1981,69
7842,11326,31257,71
31037,33759,37565,72
32512,31940,22662,91
18771,16001,37559,98
28778,13714,9289,70
13588,20448,9762,66
30193,13695,24786,38
34540,27851,36880,94
16791,5303,17700,56
21397,28177,8294,129
35348,22016,35397,131
31979,3920,31817,108
7174,17758,36118,54
9769,31797,18831,101
25033,3837,12501,79
26773,13167,9315,78
214,13123,30202,67
20725,3771,9189,69
16663,15851,21061,98
12013,25984,858,106
6046,30750,23590,117
15318,27097,9845,107
22203,20291,33254,62
19533,27162,35343,96
33164,8001,30179,100
38334,20390,18434,30
14012,27986,37153,90
26542,22860,20454,63
26017,25579,29723,80
22118,20023,35503,106
32292,18022,29626,35
5639,2714,7122,74
31514,7020,30315,63
5500,15062,37514,105
404,25637,9822,95
1093,23389,26402,96
12015,30867,17620,80
28507,1,31214,54
3214,30967,22225,63
27001,25135,30752,36
1155,35442,6762,92
4096,24478,7264,76
29679,38504,7067,16
26754,1197,37954,89
4944,210,15937,57
4697,16935,36909,56
38350,1009,36360,58
11408,16176,22894,96
13668,30367,34110,44
22837,12151,36783,116
35345,2641,27218,116
9886,34589,8278,101
20328,8372,24847,38
10026,30886,24963,72
19978,26639,26613,52
24938,18108,2272,74
15147,70,24824,50
20613,36126,25091,26
4229,9250,383,73
18845,35704,27329,84
28836,10795,12328,90
13654,6291,4671,74
14338,1668,16588,97
31553,25998,30436,94
17388,24376,29560,59
29357,29508,1203,40
34090,23271,22179,86
26736,15181,23682,105
13939,27285,9520,55
10858,7654,28601,97
12056,33933,25670,83
6044,12510,35718,136
9951,129,5731,76
11455,968,15794,79
26558,24942,35359,68
29279,11715,22735,63
27155,25917,13812,66
7106,11630,15462,58
9231,34770,7141,51
30365,29014,22982,101
31937,7907,3475,97
14501,6197,36875,120
38670,22769,5285,73
12065,17591,5485,81
4208,18946,33432,91
4807,24097,12888,82
14567,21102,14267,134
6501,9509,24233,103
2001,3009,31854,98
27794,38587,30489,73
30281,33877,31848,65
24045,32467,29587,41
10790,1117,33396,91
31049,36044,26269,51
29651,1178,33431,71
34631,35550,13527,83
32667,17456,7025,41
24132,13525,6415,89
4204,15273,12140,117
34792,25747,35586,108
3500,16760,33423,66
9263,13629,5725,59
5549,10778,4199,83
25073,17575,28927,59
34722,24522,13799,59
21239,10978,8427,107
21976,8734,9514,85
31860,21279,36150,105
22998,9215,302,82
24162,12971,10679,92
38600,15520,19061,62
32467,38281,29742,17
4034,13126,9980,130
1081,34011,29625,45
30026,2371,33512,105
26405,17580,24351,67
19736,28501,31194,76
24322,34156,20535,40
4144,30048,7244,69
4913,10931,338,44
25772,5370,11333,67
22952,963,22125,106
16695,32333,30487,41
16940,20327,21020,63
29463,12061,7063,47
25672,25079,18019,64
20574,33403,2461,85
32542,810,3337,60
27308,4862,11553,39
2753,28145,3001,114
2477,8722,9282,108
27500,7539,22523,107
12068,20698,22873,87
29412,12805,22951,92
12326,6327,5304,102
3284,31160,28882,68
14436,2290,9486,117
15149,247,16095,84
14331,3385,38597,67
28984,32409,22985,87
25738,33225,20575,75
14479,6783,12436,85
38296,10260,28519,86
16795,25101,3034,34
36834,2533,36921,110
129,22751,9292,82
31135,21772,13917,56
22859,34052,25657,96
4010,24371,10075,120
28857,21186,29752,84
33812,36782,4804,54
7255,13987,34820,37
12176,21377,25585,124
14747,31748,1732,120
8020,31016,2549,109
4203,6352,23544,139
8305,24819,6094,83
7548,8361,6507,123
16641,7003,24821,21
7688,1750,1716,131
22125,31681,10950,83
22845,30250,27079,86
34515,1156,13027,88
5280,36484,25703,78
35768,16532,192,70
12320,12097,21319,122
36840,30806,17752,75
16778,35613,14759,106
12764,19947,30139,89
34731,36389,36337,59
35406,15160,35447,147
404,27482,363,27
22102,4530,37213,70
33752,5609,8552,61
1266,20006,19227,76
4023,2430,9856,139
5371,11565,18953,45
33198,37691,9181,107
28632,23589,26388,94
4612,1136,9132,73
34215,14701,17302,77
23361,30350,3113,94
7172,1263,16763,50
988,6988,19912,67
1918,15876,22145,106
25825,1073,31778,104
19888,22608,3223,97
17700,12778,38538,70
11476,32576,3254,38
9132,1052,9523,86
21276,13866,18419,86
3371,13180,9921,110
36350,20273,93,29
10842,6218,15304,112
3850,3297,31137,78
10208,13759,37625,109
30048,5024,23409,88
33068,16262,4883,86
19779,33444,36479,84
12955,3917,17371,105
21052,19751,31212,96
22710,6476,29610,100
31623,36152,12913,94
20435,31972,26603,48
14426,14423,34562,101
1870,1598,37994,133
2467,30008,29700,74
4788,15121,775,87
24078,6940,5290,55
7659,18102,26481,78
36883,19911,13824,72
21129,10883,31845,108
5409,37514,21186,114
14582,27453,1740,101
20390,35267,20532,57
22537,12220,19871,113
1781,14004,5550,76
27805,9513,15906,110
32444,29010,31915,72
32697,34596,3969,65
13213,18477,19516,90
27486,38457,4619,34
30276,27471,27279,52
26487,12215,35326,101
29509,25797,6805,49
37579,36082,1760,110
19744,15764,30924,83
13916,19237,4501,43
32548,32307,19830,44
8378,11704,3957,83
38753,15059,29542,50
22529,15012,12480,126
24516,36319,34149,59
10104,25561,3483,109
6494,10620,30513,93
38485,4829,19949,47
37238,24769,29464,38
3809,9151,9827,118
4003,30833,4211,98
33250,29627,27101,54
24983,8739,14512,78
27427,36091,35406,89
21215,27204,25700,103
29748,2430,35482,105
33132,22862,18445,107
22021,34747,1885,86
8457,9317,1258,92
3124,28094,7268,73
14310,7005,11746,59
18492,1114,32706,63
876,30341,38389,59
32682,12029,3863,84
14391,7831,493,91
27161,1029,25506,85
12810,34094,37723,93
29365,30994,22197,47
33351,19796,16110,100
2320,5513,34683,84
23397,38402,17653,83
29650,12138,21908,65
30942,13641,28810,61
30359,14568,23665,116
38563,5456,899,56
19201,14657,4681,72
36017,15997,22727,107
15319,4168,11555,91
14613,17453,38519,73
8296,14489,24333,104
21258,8379,6102,130
5453,7162,28074,72
37147,28150,33020,112
20690,5700,15897,58
29273,446,22731,59
19194,8417,33486,84
30881,21872,9166,70
27153,10088,14746,108
14367,22571,210,97
12302,10913,1844,104
4072,1268,20341,74
8757,25921,12919,110
7639,11758,7815,96
22749,34034,6003,105
1916,30900,26424,74
3095,18480,7644,86
31145,25707,23509,108
36852,8369,5705,83
11276,12988,24488,78
12910,37565,25063,87
31776,38489,35589,92
31954,23338,37170,117
12968,24762,35561,95
8448,10680,8660,90
25604,13239,14532,119
15924,24297,29653,70
29,18518,30990,47
27209,34924,36085,53
33789,6522,37817,101
15187,35435,9878,145
7046,20264,29769,13
26312,15079,17462,79
16666,22720,35615,113
21413,20023,20565,80
21290,4763,21344,114
38478,14367,19707,75
6993,3813,22072,72
31589,34896,14581,93
8447,26595,21520,95
9107,4715,8273,74
18132,18137,9267,73
31612,9979,20750,87
32628,23020,12490,93
22659,25908,27337,102
15855,11318,22804,96
25098,35,27427,24
10873,31075,30850,60
19870,23350,32551,88
37743,16274,13862,95
2312,26740,33909,69
14569,8540,21315,125
4117,20646,27837,88
886,27050,9043,74
10811,18461,34656,64
9832,1965,22179,120
1772,31792,4252,118
35362,19667,5739,100
8594,33754,30162,64
20332,19890,38015,75
25752,6893,15760,82
27897,26645,4146,98
22242,24123,34926,71
13768,8460,24407,75
4658,21777,7007,46
28978,35273,3126,103
29553,35531,8674,90
34844,34129,20745,28
28216,32353,36813,85
11261,19616,31183,56
13870,5675,435,38
14642,37064,16507,84
7771,9793,25906,132
32743,7840,11557,61
12453,25781,18488,97
23500,27460,28662,97
27023,22151,21507,90
11392,23533,34994,79
6935,30997,4231,65
31125,7168,5715,44
12231,18925,21492,102
4232,33795,10576,73
25731,33429,25101,76
20323,27352,21821,42
6938,7862,27314,65
35581,22710,26402,114
25868,34882,4746,69
4174,35390,27254,108
11286,15828,3361,67
10871,36407,33380,80
3261,4974,13864,47
3802,11284,33482,85
34614,36149,31853,72
15114,1092,32749,81
26725,15278,34231,62
17391,13898,37718,84
5731,32010,37263,84
801,18913,35554,101
11503,35575,9436,90
10965,33454,12399,95
7006,15455,55,54
21413,15981,20698,89
17699,27920,1069,104
1143,38570,3384,57
15334,6262,30917,106
1258,28856,17458,88
6372,38519,36941,83
12393,31979,18509,93
4267,2611,10552,112
16873,266,22544,66
9812,12006,20573,89
15877,48,479,49
34824,1981,18906,77
10685,12382,19260,76
22736,2016,25976,131
19660,31842,26667,74
29703,24810,33831,16
6952,360,35625,66
36498,14530,7959,106
1609,20466,114,52
27322,16776,2518,74
24925,15377,18879,60
28822,8342,21169,113
4254,31018,36363,79
18294,19170,8013,82
15397,35491,6241,141
3850,11629,2465,98
3773,2461,15301,129
26700,18915,12834,67
22264,8588,12503,94
24474,5541,38656,53
23398,15311,25105,96
7810,4759,9984,108
8381,5717,38369,57
12843,30856,4109,97
34095,35593,7053,69
20429,4003,3267,62
3789,18941,15901,93
4184,16545,18243,74
9279,16718,28030,84
2562,21396,10255,149
35512,16169,7217,97
3254,13011,14370,101
34036,18050,9370,59
10991,26429,18041,59
18914,24999,8007,62
23556,31912,33462,121
18415,13061,36035,83
3836,14501,23534,134
31063,34195,17542,53
9786,30258,18138,96
2349,29712,1126,84
33002,10227,36286,107
346,12475,35604,95
25261,7896,25143,49
34774,28628,30162,69
37591,1867,37957,134
833,12849,24209,100
34593,16647,32323,36
16171,19507,11499,75
29429,4871,36251,39
30047,12524,19128,74
24284,3505,4899,63
22688,3957,30125,111
24799,17504,32386,37
23316,5433,15329,112
13165,21454,12871,128
23489,18259,15301,116
25148,15091,4157,84
16917,3085,15160,72
10742,11748,9336,61
19775,20683,239,36
12367,1757,24487,109
18845,28759,14717,88
6261,10588,5498,90
8549,31680,13899,80
20496,21998,2571,75
8289,4510,12496,83
27104,18518,23546,90
1884,36031,32263,73
23273,28007,15055,139
24070,15314,26307,82
12816,21024,37812,134
35416,35513,22760,155
27868,1758,25674,128
774,19662,1212,92
26741,18226,10540,59
27876,9145,37085,104
24890,18130,5534,45
2567,25130,3859,91
26671,37044,10972,67
15810,12311,33813,82
19736,33429,30508,85
34155,25589,3931,87
1135,4694,37637,91
10609,19741,24418,81
3829,19219,30386,78
32738,18414,34054,40
11447,2295,15476,99
19862,18901,12373,80
5633,27754,27078,80
13025,6001,15796,123
30162,38492,30044,49
29702,10736,24464,57
2766,36814,8761,112
10118,16056,33403,123
12014,17577,23560,114
10731,16684,9488,62
4586,5559,33103,68
23289,33273,25272,90
16615,20360,24510,42
10600,37584,29505,73
14724,153,35264,101
22587,10002,4109,140
34018,5650,17452,54
23276,38508,13624,70
36364,31521,7716,98
4764,34219,35704,76
3800,11307,17466,76
25558,20512,30810,58
34684,28764,23767,99
21439,31003,16708,79
13871,28525,34912,60
36285,29273,34077,34
28263,430,27775,98
9319,38459,21780,57
15786,33100,31172,90
12139,37088,6818,74
36764,18387,26383,66
34228,30515,36173,52
3392,939,27807,98
3206,2686,30939,86
11414,32702,15795,55
8574,4889,2430,95
35735,27955,33050,134
38539,5295,5495,43
23379,22545,6801,108
16195,29750,24223,70
21498,25080,25677,91
32598,23551,14589,102
23349,16022,35646,142
33426,31703,269,75
10207,5265,22580,119
4684,33515,404,55
1640,22267,8291,102
35431,3316,26328,85
34861,28553,16520,58
14337,11372,12218,88
499,37207,15973,74
28076,32332,18835,70
2628,8514,3440,101
5676,19949,29597,51
37960,12414,13594,94
18891,16508,31136,45
15759,37136,17553,94
33849,18825,10590,49
8007,32019,13777,90
8318,1895,106,83
5585,4798,22900,82
2705,12848,15173,128
13139,26657,3066,71
12347,26707,11341,58
26728,25092,11488,25
37873,18928,7066,68
31725,170,4195,80
12829,31599,12263,109
14460,7671,3975,125
21100,10245,5687,120
14520,7784,1916,129
20301,18159,7957,68
36778,24157,364,66
7582,17499,9433,96
26269,3869,27061,67
7677,27236,29680,62
6103,4554,5546,80
26656,21071,7131,69
4876,22640,16782,74
28270,24240,13689,88
20299,27286,16655,28
1861,14557,2349,134
989,15766,13038,108
30819,10895,3919,82
21440,19172,1044,98
6508,17661,7924,116
27193,787,37961,92
27957,35315,12975,138
4,5587,37827,70
17518,37800,3131,91
13888,3909,6766,60
37007,29593,31267,53
6022,352,27760,99
5627,25687,15369,98
7987,38595,18314,71
34805,28762,34954,64
20343,7181,37011,40
36896,37177,28871,92
3292,12062,14271,98
1902,27297,2396,107
3820,25183,30163,65
16744,15397,28797,82
8671,34041,36319,63
33423,17380,10270,112
37140,38409,37181,67
14440,18980,9021,85
20739,9411,19529,57
10022,23647,35698,156
21169,13799,23360,115
33279,37018,20469,68
22931,7148,19236,72
24360,23567,30155,103
1639,17686,19869,98
34968,22759,3289,86
7143,10933,32375,39
13252,21786,11009,88
7594,15,4924,63
37532,6065,294,98
13907,9905,22061,89
28197,12208,26767,94
35651,19830,19739,109
21057,4703,27271,79
12444,12105,19778,100
24343,1892,28085,119
15754,37030,33480,103
30192,24331,25550,89
329,4855,7077,27
1699,8671,12191,113
28949,36010,29613,55
38724,34867,30023,44
12493,6801,9411,70
21037,16744,23597,113
9102,1158,3931,99
9909,34845,31772,102
8774,25951,23747,123
17699,8431,36112,80
23703,923,17520,110
21853,5540,7098,51
29735,34149,15387,54
22027,18887,35472,94
11299,34684,3298,47
35389,17377,7595,122
33101,1706,11499,89
37546,9275,8592,105
33236,2769,17526,109
35593,37975,23004,147
4870,34017,1191,55
21982,12768,32271,72
37094,33478,30940,84
33109,9343,22613,111
6164,3929,12937,126
24301,14748,35394,124
2331,12310,12207,120
6447,21928,26586,84
15809,28018,27406,98
28740,25097,11432,43
24467,35417,5636,101
4813,19840,6161,89
402,31679,7056,47
29400,25636,27056,57
30862,4516,31912,66
27286,16073,31673,86
23001,28578,21262,129
26601,22671,21362,111
35586,24285,19885,110
3461,1274,36994,83
27205,830,20406,49
24222,17702,24928,58
2266,6884,2625,103
2430,15373,32327,97
32348,10772,9011,59
11020,10567,7857,91
21313,13637,22188,88
24523,31065,34599,64
20500,2744,12135,86
27884,19136,28840,92
14613,32338,933,82
30024,200,19668,56
9968,24018,9090,107
17366,16663,4664,51
4960,5764,37990,78
37963,30113,50,73
271,2577,33913,63
28742,1516,34935,91
18131,12814,8760,95
26306,8344,10645,69
25618,12847,3397,97
31851,28625,3303,84
16003,26299,21523,99
15433,3056,13513,74
20291,37044,27102,48
24963,12879,38363,47
11353,8696,30440,65
3766,4823,22585,103
22141,19140,37232,72
17614,35674,24986,82
8768,25016,25552,74
23010,18272,33138,107
12970,8450,10823,96
32734,27822,19521,82
14757,6338,34910,106
13262,2301,17285,113
26615,30313,4850,48
27155,1914,15198,100
34115,36186,29728,34
29487,30500,16253,63
14491,30021,36163,85
20738,36026,483,29
31896,7243,6207,88
26712,18223,16840,46
21492,13147,13550,102
13096,3909,10941,103
29017,110,37108,67
9498,38603,27864,78
13559,6844,15521,61
18014,36415,25065,47
8285,29615,16781,48
1641,7904,19709,115
6427,74,13833,66
28256,11509,17469,82
7639,28797,21140,123
17440,15163,6017,114
10600,2729,19655,100
33049,4899,30831,67
4100,32260,28581,78
7843,35406,15059,137
29416,11771,31120,32
258,24335,14504,77
35633,12795,19060,108
2306,30013,12106,106
2606,11672,16111,95
9797,20005,13538,92
35463,16051,10100,141
15429,37556,20500,88
943,5686,2604,99
20744,25866,18879,56
24875,420,8371,42
34178,34623,16139,63
29634,33395,7264,46
26404,15868,28180,95
28955,27063,21130,95
26378,21099,17584,88
17737,13579,10071,90
5269,13835,31968,66
32253,6948,34061,24
22924,37151,30807,98
15888,34256,16709,57
24092,35673,18917,98
36086,12971,36354,81
25803,21380,32322,96
13525,17434,11666,49
30355,29526,17322,52
4030,4514,21165,104
19602,25053,35490,84
30288,1582,20591,68
20631,30325,37013,55
11514,6789,24103,46
364,12301,14023,55
35358,9170,5557,99
1524,14667,36080,107
28591,2393,19995,106
6815,6095,15266,95
4582,15824,30094,73
10035,33299,13748,99
19147,33897,12780,64
4666,31747,16515,59
5589,27169,12370,70
31573,15242,29673,79
4205,25543,3448,98
23735,19258,7110,75
29388,25144,2263,55
30929,36834,3156,69
27981,18385,19256,85
22040,20399,9770,78
4534,28922,15426,85
22095,22819,12002,110
14697,28033,8405,121
13547,27996,35335,112
12436,27039,15445,92
4148,5428,17268,85
7767,4179,36445,104
23572,5288,32468,79
25740,1524,31635,116
8444,1659,27834,123
10595,8610,16830,68
34567,8437,1774,94
37101,37518,31253,94
26366,19205,10769,52
36385,24900,7946,67
28870,17263,9154,83
27439,12333,12262,87
3249,15503,28794,91
37706,27977,8472,124
409,5516,27484,40
363,35391,1856,103
4041,21291,30116,112
6950,10564,1011,63
4999,31731,31030,66
8459,4080,4683,87
3204,15142,15276,102
6294,197,12791,92
7234,23380,25789,97
33511,18493,36778,89
29596,37647,30085,71
38336,3210,6844,32
28832,11710,1580,84
38363,18152,9296,55
16260,8455,8720,103
37717,22928,29735,98
16732,9297,17353,64
20732,6210,31643,83
9937,14562,6234,140
6755,21197,35389,110
4852,30067,30409,58
13993,21330,33377,98
5717,10501,34193,52
8252,33988,25238,45
1246,9180,36221,80
13951,4546,28560,57
27129,25568,36083,74
336,37192,19990,65
18181,30861,20442,43
1228,31994,9940,117
25148,7045,36265,31
18162,30239,6143,92
6762,5365,28232,72
4071,15911,9219,104
8459,24468,36915,93
30844,3957,1956,102
12345,17002,18402,70
8487,18832,38302,54
821,29390,19731,64
23523,32023,6006,133
12212,15116,19888,105
6037,18391,12958,109
30816,30843,4638,50
32337,13578,30029,43
4535,6373,5006,75
1609,6768,10881,75
224,9839,757,89
33234,28033,38476,86
6150,6456,31085,112
32420,17322,28682,64
15956,29506,1843,85
13752,26749,15908,62
15264,17255,20713,69
28782,37993,31060,93
26353,3,19080,34
30517,37,22130,53
10106,31986,32258,93
37543,10834,1218,101
23594,27851,23644,150
34247,9410,17338,62
31912,12821,34917,90
3973,13126,4007,119
28719,29415,18478,57
9368,24986,33010,65
25166,28940,7755,76
6792,38500,8379,45
23758,34876,25522,107
21460,3249,3988,110
6159,34607,27921,110
16708,8294,7671,87
10070,10220,24381,131
31653,21894,3028,79
18391,14558,32349,73
34631,25709,36054,76
28892,26691,15024,83
33860,327,28163,61
9135,24929,9157,57
12881,35279,15868,129
22748,26436,27289,76
9989,14544,12162,129
8255,28712,19265,79
833,31801,32484,74
11443,9435,6246,84
1797,32268,3459,72
38253,31073,10551,47
27964,16272,6372,130
37597,27345,3332,80
15427,27522,23383,108
33483,4261,5757,94
21856,11504,20525,37
27986,18033,4019,109
6030,11719,27847,103
17566,18478,6294,96
8269,17022,6794,51
5001,31670,17504,74
2429,37836,19123,109
1631,25875,32533,90
38258,32269,14644,55
5312,1209,31928,85
18039,27835,31049,87
36280,36138,21430,92
26347,4956,35750,79
37566,21788,33377,105
10618,20537,8430,59
18007,10194,12396,110
33149,34244,19517,72
20302,27850,3284,68
13867,15333,28783,84
23269,28101,894,130
146,29005,17339,62
4053,24442,33299,104
7929,36268,35460,117
22042,3246,21424,95
4763,10002,7145,72
19651,2022,34162,81
13025,33125,11288,84
33941,7545,3843,92
16899,3139,10071,82
8688,30008,16563,66
32416,3797,36419,69
2446,17447,32484,82
6269,15821,30427,106
26701,3988,17405,78
9522,34848,9490,71
4844,24756,34846,34
4558,28606,7013,51
31543,37157,33445,100
31878,29773,19868,66
849,12134,7783,111
24053,12803,20424,70
13716,11012,24811,40
17306,31068,2529,92
29637,7083,38610,16
27332,3232,22508,84
36334,13238,32629,68
27202,18115,6065,85
36440,12420,31589,91
29418,34021,13809,26
9150,929,30014,81
11306,33881,2606,67
35751,2372,33787,110
29757,19547,5601,51
24037,5611,11755,58
19792,22958,34546,94
25213,25951,252,47
10155,31169,3076,89
7722,24126,36385,93
7811,30858,11433,71
3502,35385,9373,100
13562,37550,22757,107
32344,26619,9868,71
15208,15868,26597,90
9503,7042,10765,58
31234,9883,27894,115
35749,6960,5587,79
38616,35393,3006,78
8645,3907,24103,102
12754,36965,19617,98
27449,34098,29735,28
21837,21917,20299,52
4558,23344,33208,101
16129,35715,35459,143
8769,9385,3302,80
8665,31767,37913,112
13867,30996,9044,58
36211,37113,22986,101
6286,33333,1228,114
16954,387,34841,34
33287,5404,21091,104
25791,35540,18755,107
15463,28953,15793,108
198,38705,27490,26
16155,9277,16887,75
20325,2664,17585,76
11483,962,12523,78
8464,8564,15312,107
30214,2403,21900,95
27074,27912,26604,73
35283,11272,31682,97
31635,7040,15386,82
7250,26433,3424,39
11500,24932,20001,41
30347,38684,12776,66
12893,23275,30033,113
33256,3040,31502,89
19989,30894,972,78
23395,20732,4223,94
30199,21945,1789,91
28701,10056,11273,91
8658,20484,21301,85
1122,22685,18042,104
1895,16650,10604,79
3503,374,3266,46
27112,34619,27144,47
2020,33012,2448,127
12017,8476,15924,106
35293,24956,23515,108
10518,27103,13255,78
24263,16953,28225,86
25955,1558,25755,120
801,19256,27955,94
3949,16097,412,83
27297,38436,5369,39
33255,24909,35299,91
13554,28192,31793,93
4790,2671,7754,105
3045,15849,7140,64
4880,19213,33198,65
31587,29567,25871,76
28236,38555,6866,58
34548,391,38693,28
16042,37516,16030,119
2757,18271,9442,98
3084,21109,6867,77
11753,9791,5344,80
34123,26463,7048,28
31657,31098,33130,87
29687,16057,37860,86
13619,27750,10025,110
27110,8377,14725,90
14643,20539,17384,70
16010,20373,3364,59
18105,20251,38256,30
6782,6518,34271,63
9954,4144,7988,134
16574,6466,38672,63
27775,2279,11541,104
21847,29470,22925,78
4742,19543,9123,69
16090,9009,30292,86
25178,5439,11748,32
38475,6185,2349,100
20628,21143,16727,63
17591,19080,34121,51
35554,30136,21100,125
12444,15822,36033,94
30358,13071,9074,88
27970,24002,19996,103
30325,27913,13590,81
2709,19930,15375,117
14261,14751,1635,128
8626,32533,15316,82
10052,15942,34832,105
8419,18885,262,55
7764,17452,24805,72
6754,23649,32570,67
35344,9145,24443,109
930,13665,9268,72
35391,30479,18847,91
19616,20389,36062,51
7519,27322,15311,99
25100,26591,26586,27
16127,12336,17642,99
32266,12271,34992,61
14287,20571,29438,48
27178,7146,12337,58
36796,32317,24368,68
20500,22760,25740,89
33807,11730,3850,59
28937,25687,8606,101
14631,19002,29531,62
31132,28927,25955,86
25551,6362,24942,88
27949,30081,38020,113
3406,14667,26429,74
6817,36862,29690,42
29568,27082,18362,42
21803,8771,6068,105
29430,34675,29673,25
22543,22619,20343,100
32609,13068,36787,78
31049,29577,31911,56
3036,37253,8330,84
25144,17769,34502,46
12226,37167,31739,101
20423,13615,2495,63
8017,37690,8620,121
8707,18197,26356,68
21486,33264,15385,126
23607,27021,1136,99
24837,22866,27267,67
25116,11301,38576,18
100,10592,9090,57
6775,22843,30437,78
854,3223,12951,91
35356,22120,3933,118
6458,21477,14348,139
28697,10098,17674,107
1742,480,12816,89
3899,12112,1081,108
25217,31268,24799,24
31747,30897,6471,99
8710,33086,22028,93
37959,34231,24286,83
9023,25520,25188,68
29326,8575,17260,63
10027,6154,33432,133
31031,21058,16564,79
30092,33380,29729,61
35537,9267,21084,130
113,21894,32710,39
16608,13758,24801,27
21799,38599,35021,47
28928,33069,174,71
26643,10923,25221,39
16892,15405,3201,72
33260,33252,10864,94
28903,26372,17385,68
33468,21963,9888,111
9181,1204,9807,110
24442,16599,31207,58
26342,35578,25793,103
16626,8448,6961,51
16125,29365,30919,59
15261,22012,15353,107
34077,32675,286,23
37201,31936,16715,76
16925,6246,16702,69
7691,30425,15346,106
9407,26517,518,45
9380,27143,27955,88
37794,35512,19829,126
21855,10501,2700,97
19118,13941,32610,37
21519,38744,32561,63
25211,950,26684,47
18779,32022,24466,79
32711,38448,31524,47
28213,34657,18980,79
10669,15044,28984,95
22190,6755,1906,76
25742,18289,25100,64
25662,20373,10704,64
26445,24821,22676,64
5491,8672,33322,87
19743,36295,30495,71
438,33,15360,53
18013,4240,4951,77
28951,13652,20506,45
6861,28673,112,43
23527,3836,11639,102
6883,22908,9080,83
10706,24480,1138,85
34602,923,12507,85
19750,7683,11621,81
1037,31929,31561,100
11751,22036,11302,45
38347,30855,2251,71
27792,11426,20472,58
35413,33087,17003,99
6966,37159,21194,88
26543,37003,3891,83
2651,30433,18303,93
22838,28526,30782,97
38633,27463,33065,55
25003,11,16706,20
4761,10847,25655,76
36060,15012,21515,112
9202,34899,6487,91
5733,32003,187,59
17590,25043,33355,64
7609,34765,22927,109
1174,4682,19119,62
32567,6470,36152,76
32495,4035,28945,78
1525,15809,139,87
23616,1922,29705,100
5007,15002,37164,86
5367,5263,26663,50
26367,20321,37208,45
12304,18986,34657,69
7137,18992,10886,47
29558,33223,28114,85
17297,2428,24097,103
10780,29545,24255,57
4800,14590,4840,70
23574,25796,2660,138
200,12454,4577,56
36343,22002,34530,63
10635,28011,35751,123
7077,9245,19823,62
12017,30999,9060,81
13215,33955,4517,62
26628,28635,22210,67
756,34060,27861,87
293,27432,19707,49
18436,3885,34903,80
25842,3817,18352,101
13072,10736,435,69
37043,26605,24960,46
1014,34518,21855,74
5341,3046,20662,41
1013,22968,25723,119
35724,1679,38473,102
37252,1533,24907,78
7794,4182,13532,96
28519,20002,21024,108
16208,24971,36207,61
14426,1185,3516,94
21950,13161,31206,82
30975,4017,14333,100
36457,1265,34818,70
25802,34621,16893,66
96,37607,20583,53
13966,21417,26449,75
2293,36959,27940,125
22024,28644,30381,77
33895,14597,2728,99
15346,24804,22586,93
11733,10269,30055,83
26744,6517,5750,78
16741,5700,12328,66
33813,34023,19919,46
21443,20535,25794,90
18080,29708,5482,46
32664,34189,15402,58
33367,487,32407,49
17712,14448,1023,100
13770,24373,32019,76
21891,18329,16966,59
3314,38614,14628,67
10778,18867,22831,89
16068,17721,2647,111
18113,10557,18970,63
10594,22770,11665,83
14738,25745,12484,116
19889,36010,6056,96
37877,36966,27054,91
24118,31860,23323,115
4895,7987,37564,102
7054,17396,37532,78
7804,1109,38447,80
4107,21911,31018,83
27845,25643,21309,134
20549,30846,4106,60
28183,28010,22970,141
20542,37074,17333,59
11014,22042,16527,60
18194,6403,12269,106
19133,30928,16748,45
16613,18007,3821,74
31877,31663,8523,101
36025,19220,25954,75
26352,37842,3764,97
8422,37202,35714,117
15761,34785,6485,101
13013,25097,23321,94
27884,30004,13181,107
23476,36009,15947,110
21494,37707,18914,111
16631,30213,33358,68
10718,19173,15928,77
10537,19261,5638,59
17263,16633,6912,44
23439,3169,20739,74
23270,24359,26357,93
17251,18199,3845,89
19943,12343,4070,104
36879,30855,3047,69
2537,1598,27871,138
13520,7018,30166,42
20766,942,9800,85
11484,38295,10956,39
16084,19028,58,59
20320,26453,10126,65
9346,26668,25825,77
14605,33038,24089,106
27516,36065,28752,66
36285,15186,6367,109
38287,35738,226,64
162,37006,205,43
30791,25853,11706,66
20326,11591,30023,34
38731,21795,36060,51
34783,31154,22983,84
17371,28890,4219,96
2301,23572,9372,127
36834,38697,9126,63
30095,34529,23477,91
21223,22551,33234,134
27409,25935,34794,70
23597,23022,0,107
16643,32528,6331,66
34022,16720,25767,58
28256,33096,31178,99
36079,30920,6457,86
31186,10813,32499,50
4846,405,13028,59
15488,26719,30954,71
29741,28572,36295,55
10866,16081,3015,81
37679,14719,16844,98
9109,25181,25840,68
34862,25256,4034,60
22073,3762,34613,82
30472,14694,13170,103
7271,7585,32766,58
36144,26738,29369,37
11502,7839,1996,97
37963,4517,6101,106
19777,25702,36961,97
11349,17678,32253,44
34508,4143,19230,73
6251,5345,35649,119
27966,9264,10699,97
23502,24375,21334,131
21473,37684,29392,99
37614,36478,15414,107
29636,1024,18294,59
335,22816,23414,107
16731,23352,30103,85
25766,29283,10112,93
10911,21403,30352,96
19820,19231,7969,87
22845,35642,15170,143
7652,11282,33919,62
24145,7649,6977,79
16686,27261,1736,70
25166,2547,8698,84
2445,8266,7600,124
4,14516,36243,69
24319,11302,15206,80
33913,10710,36057,54
27315,15450,33298,91
11530,1948,19961,82
19229,29599,21239,70
32688,32451,8522,49
26319,5432,38760,36
14679,28504,13963,85
37944,16514,19243,72
8582,19124,11269,59
19614,1880,14391,114
14475,23006,9462,118
3845,12860,19044,95
402,11274,37833,61
17626,34979,2732,91
37662,5642,31918,98
18858,15953,417,59
9381,28514,2691,105
22672,21473,23561,151
16501,10502,14628,77
23464,6808,21240,109
15353,34087,21221,100
26401,14362,23744,106
24951,20264,9066,32
1973,30815,8459,95
32416,29610,11656,22
4536,20551,36879,47
15374,264,37207,78
3804,23416,9258,119
32525,18887,15179,65
30248,13057,8655,94
27084,22010,10936,64
5468,2427,24383,96
6883,20381,19722,37
32719,37836,15326,94
12228,12068,10554,96
37781,3201,13127,104
37237,18143,36822,85
21944,2329,34079,82
12393,37038,27802,113
30980,15258,19968,87
21972,27504,10704,64
7785,30452,34826,82
10601,8752,15264,98
7849,7713,7862,129
19113,21381,14539,108
29563,21234,23757,106
16824,22705,16224,97
18322,2368,15814,108
12281,2008,21433,130
1601,23020,22560,142
34576,7227,13548,37
31610,37721,24417,108
3765,23688,17311,118
33888,11290,14655,61
3869,3009,15787,97
14376,4979,19592,84
16540,11379,23517,73
29315,15876,13617,54
14480,12156,8452,111
5647,10820,31515,77
7753,28739,23019,122
16127,37651,36769,113
366,28824,12196,72
27357,16253,9189,79
31679,26566,31729,80
7576,3285,1207,95
12084,38534,3756,81
12019,22523,7569,128
4947,7722,31608,91
38669,27118,27208,35
31572,28929,21940,89
18017,17724,36103,70
15083,25561,12335,115
33887,38373,1855,58
22643,28871,22608,128
1069,14330,10225,125
38561,7146,25053,15
32709,21911,14298,75
29596,23010,851,85
17252,3341,13272,85
33066,35693,12768,127
164,9487,11415,43
31715,2526,16524,93
29743,28967,30294,56
1159,26307,18064,67
13210,18805,12846,94
23285,33854,14408,103
36967,17717,10573,81
19811,19620,270,62
234,20250,20333,10
3283,16037,31861,91
7160,13011,30882,64
33833,23453,14373,103
34173,19075,25813,63
12518,22515,26631,97
2596,37818,23511,145
18760,38314,24350,50
13565,8297,20371,48
6824,33135,27994,88
17643,35469,4037,119
12225,32607,18176,67
1181,10811,24336,85
4678,17699,38300,45
4584,22698,8390,96
37903,27149,973,92
19505,18431,30333,73
28823,776,37980,107
38320,7783,1670,92
24484,10572,31210,71
393,20626,24405,37
11658,16267,4792,61
28914,29646,22234,59
28204,30340,37035,99
37514,18330,1977,112
25808,12482,34804,91
16011,34129,14024,59
31155,37516,25082,66
10807,18334,2524,95
15851,1115,35430,122
7247,14510,6205,96
35472,28520,18803,99
8366,20534,24806,38
35610,7619,3935,136
920,26546,31011,62
29732,21262,11447,64
35255,6915,7728,103
1554,4780,2601,106
9896,25040,17625,80
37906,13754,35012,75
182,33902,34700,32
14528,31865,14302,118
15863,33895,25199,49
21913,37684,28547,100
6195,16013,1061,116
15161,34061,2736,98
27080,3894,32451,63
17258,31186,34975,61
20588,12288,20711,40
12393,27298,11385,61
8257,21313,11312,93
26696,23616,35690,117
36888,19227,33944,56
28215,2006,14288,132
31568,14630,16217,113
16839,15285,18332,75
5676,1739,35500,116
31994,17398,3821,100
29624,26418,22140,41
4257,37923,15162,126
24401,27122,18978,60
8306,6031,12224,116
15057,29503,9851,96
5393,3931,20694,61
4851,38377,7730,62
24858,13545,20273,18
32290,13191,164,53
15429,32637,17022,60
2436,2581,142,102
33408,25081,1213,70
22522,34720,29012,96
8612,14420,15107,116
18832,13683,4005,69
37249,3436,25744,89
30290,29558,26331,38
14770,13911,14500,97
31092,2640,36186,87
28166,27405,25608,99
28988,36933,5456,80
21855,11368,37810,80
37181,16862,17501,68
24061,20402,30484,53
11442,36925,15168,82
28983,9943,24903,84
34168,20453,12249,47
37850,11753,16168,92
37902,12802,3863,124
26379,23626,12195,100
8475,846,19605,93
12860,21284,18891,105
37689,29510,20302,51
12957,19936,85,73
38542,36369,23747,78
15052,11771,18510,74
7640,16754,1177,86
27472,31178,409,39
22993,26361,8633,94
36177,26391,23548,85
35363,2617,26499,113
23524,4162,19095,108
11270,6349,20488,59
215,16028,34703,60
14752,34047,31927,85
24893,6108,31845,84
1267,31854,12788,105
37957,22612,13787,107
38592,30478,38350,32
18145,5385,5522,61
14461,20554,35000,61
34907,26701,19165,45
35639,35348,2350,154
7237,11485,24026,46
842,1757,34901,93
1520,27367,15892,96
11731,6811,27302,32
18878,15424,10140,108
30466,1846,7876,109
18156,8433,5306,75
23291,1861,13258,135
24172,32385,1911,81
3957,20714,19668,70
15894,14374,36977,110
32510,28026,427,60
20705,10732,6996,33
3196,37983,30005,87
159,13682,10238,70
11588,25823,23658,100
6372,18754,28613,93
19173,16503,6451,74
7912,17627,3144,89
11358,17667,12878,75
38329,26435,18030,40
5607,14379,2426,109
31574,1585,2019,122
1623,421,16771,61
7996,2574,15409,132
24014,20006,26724,69
27973,1958,23502,142
12778,35471,31660,126
12487,14274,37525,123
9520,13819,22601,89
21111,31220,30094,90
4989,117,179,26
31120,1037,28143,96
13781,28230,3340,79
30033,27234,2655,85
37064,13578,4716,58
37012,15075,3838,112
5768,9319,31593,80
19229,29264,26526,32
33940,27424,37000,55
36785,6981,30509,60
4975,19503,14426,84
26314,12269,22132,73
33496,17525,341,67
37509,23759,23275,149
19969,3175,6956,55
30312,3176,13255,81
1975,9488,3316,91
2559,24475,21083,127
4992,33011,30983,67
26414,33785,946,53
21078,33167,1222,117
15076,25870,20021,107
23663,14646,32466,102
34572,34815,27403,49
13542,23476,5760,84
30327,11722,3467,52
13850,5333,8278,65
16759,15287,26323,64
17358,30824,36425,65
31565,19062,19262,66
27149,7767,30091,80
24916,10129,37077,85
10790,12107,16178,97
37,37873,28700,81
35442,20556,26377,67
27362,29300,29022,49
19540,28694,15072,99
34840,34266,24363,55
19267,17694,4210,82
9159,38505,6436,79
11373,24430,16584,50
26552,21197,13021,101
22672,26586,26746,73
22164,21022,19569,103
34842,35487,15117,111
21927,34584,33059,77
2525,2687,31967,130
5746,21142,10972,93
19215,6221,9916,114
13761,23729,24153,94
12362,22640,5013,99
30448,33959,36813,62
10075,6415,31142,116
5548,7064,23586,78
7956,37655,5396,107
19175,5624,27143,50
13132,31644,14331,115
16701,21457,35272,114
11337,1921,16115,91
17723,31642,11010,84
38583,30157,16524,38
24197,35615,34629,99
313,35282,15358,100
16988,18266,31883,68
24949,36424,6320,71
17634,2438,17602,100
35560,10663,37895,122
31728,31967,38444,73
17002,25073,15896,51
29669,23357,30199,78
6868,5749,9312,53
16600,15434,34892,69
4828,24254,32743,51
24904,34246,18137,35
8486,18206,423,62
11338,24977,13505,26
23467,31160,25195,73
4886,18035,7081,44
16601,30300,8614,66
11530,24126,3418,59
19574,12447,9097,91
12843,19893,6373,114
16197,15117,14662,120
15876,16782,19196,64
10144,15144,13694,105
24297,33919,32250,46
21112,26671,6290,109
25213,15196,19576,72
33760,33857,13779,31
5277,11307,3789,69
26734,10885,2399,84
37044,6272,32442,86
5608,35701,17671,98
1594,27088,37064,90
19755,31684,21278,112
23453,28822,31653,116
36960,13521,14684,86
19823,3761,29607,72
31599,36230,26020,93
16626,16126,10517,72
2251,12450,6256,131
24401,17287,1787,99
3991,30451,8773,95
33136,29464,30155,61
20612,5337,38427,26
30052,18247,36077,66
25850,36358,9946,110
3121,33188,3495,75
23283,12428,1161,120
31208,12878,19503,85
24454,18337,6010,99
36455,31075,29410,43
31582,24280,19169,79
9942,24189,15261,121
32646,32020,11305,52
17398,24957,33808,38
485,3075,14711,68
34844,30417,38615,44
13995,4705,30024,49
3871,10643,15350,105
16106,15074,13005,117
11512,33432,35323,98
28813,7699,15357,114
36134,18305,2334,92
10728,32395,29490,36
23268,5007,1948,110
15781,27834,32291,91
3758,3421,3483,80
18305,25732,17309,87
33193,6253,19589,110
6824,1598,36098,72
31597,30168,21168,106
17523,11525,11718,46
29450,26379,8346,49
28219,26589,2308,106
7951,7891,33962,95
5315,32403,16658,38
25840,21058,21210,138
32549,11012,28272,78
25928,11471,27474,63
24135,6442,19875,104
11017,1167,15863,93
1986,31992,36826,109
8609,4983,21000,97
24990,38703,26345,20
7651,26392,36295,76
13178,14321,28520,111
9969,10930,2657,123
13928,219,21241,69
16894,31725,1847,89
23019,28260,7191,102
20651,30376,15761,61
20331,10925,420,32
29311,18853,22051,45
27312,15315,22631,105
30235,11271,11551,42
20671,7232,20478,11
34548,10157,33300,103
30879,4985,36152,53
25072,30783,36171,42
18421,13841,22089,61
12252,14747,28519,108
23701,17553,9776,129
20497,6865,21366,59
11704,15071,32722,59
6177,33930,19020,72
10997,2742,9376,99
29297,32547,17307,38
9436,8471,8431,93
2472,19690,11456,86
37198,2471,31126,97
16910,26521,18932,39
36964,15956,31945,102
16914,11595,22167,46
5337,27815,34860,82
35620,22879,328,108
14690,12179,26582,90
7053,34957,38716,29
35303,17317,23702,131
28706,22154,30937,73
37120,1679,28960,105
17377,33773,22912,84
18282,30450,31548,79
16272,1006,20380,71
14612,17504,3413,88
15234,36888,23472,124
18916,34634,18262,56
27763,37877,320,97
29589,26014,29581,46
8747,22758,10546,106
32528,33288,2364,91
22927,10841,31083,91
11352,14644,8729,85
14703,32595,32524,58
7601,4270,30002,105
15412,18887,26388,69
1905,31248,18794,78
30261,30292,2581,92
7195,31738,22838,90
33882,22161,16512,45
3933,36752,9230,98
26743,11330,14748,64
6876,9103,1175,66
5573,22225,8011,87
17542,16031,9518,90
22627,23010,27004,113
28022,30925,989,96
8510,431,8698,72
1856,1732,22836,137
33262,4601,14466,91
10984,13653,5376,56
936,36857,6916,70
32650,27813,10133,105
31663,13944,21937,72
2736,37807,4038,133
17617,4822,16578,51
38316,22560,19630,82
6782,24849,3471,30
16919,4946,25720,63
15293,34925,17585,84
11456,12411,9457,73
37602,16673,13599,69
12221,27346,8251,84
33429,2627,9153,110
13675,13625,21078,76
28742,9227,22069,82
36987,12225,22930,116
33321,28556,7113,72
25892,3992,29442,82
1951,13949,857,89
29594,35455,24814,60
9367,22233,3988,92
21180,9177,18788,93
6116,31851,17525,107
19754,28671,21078,108
12459,28920,7890,109
18517,14530,26492,77
19764,17023,27289,54
22739,34721,19796,94
37006,17565,17456,83
7101,31538,1641,85
24459,27097,36350,65
4193,3853,11518,90
8482,37919,19753,106
12835,31545,32570,81
3179,13106,37539,104
8595,24312,1104,94
19987,8444,38660,66
4601,14527,6280,103
34852,38434,7863,65
27351,8747,10778,72
10098,11353,36209,82
25892,4,18493,67
12076,16548,4743,61
2418,17532,11280,84
19000,7242,30508,45
19257,20373,11406,28
29607,9243,38564,36
32399,22909,37649,102
18458,34018,28180,78
30406,23518,22948,123
1012,37067,33289,98
26346,16019,31241,67
32383,3907,4549,62
29518,15001,9440,72
9162,11589,7563,80
10057,24029,17342,106
15404,20476,6095,90
14706,14401,16019,121
1196,15204,29364,77
17621,3158,33437,81
24768,4077,34256,52
24106,15336,4711,84
5462,33116,15753,91
6005,37111,24899,81
36811,23597,25139,86
37125,24090,27482,75
1774,30380,1939,110
2456,35344,38269,106
759,31680,12501,102
11713,20271,23573,64
5721,18103,315,48
36854,8429,1213,96
22826,30332,17719,97
18774,3059,20479,38
38253,2282,37772,98
24258,4599,14720,85
2308,34854,24049,94
15991,27265,30794,70
4186,17680,36195,87
24463,1641,7226,80
21798,25938,18301,86
3874,26618,35351,105
22003,23545,21887,102
33227,19542,15045,104
14413,34730,10542,83
26510,7627,6861,62
38461,12843,327,50
25961,34987,25655,93
2362,21522,32771,106
3759,446,23741,98
3455,10789,15384,85
7135,23616,8427,92
23712,1017,33776,93
13257,27935,16556,96
35478,37799,12055,134
20537,11715,23279,64
9501,30080,7526,92
395,26016,27109,59
20488,27299,3305,37
15245,29500,36389,66
31780,18195,22180,82
16766,28761,26432,53
5292,9226,33044,81
9084,15005,12863,107
37837,12952,28945,114
3865,21350,6888,97
9368,34249,23013,85
34126,4155,11521,59
12179,32729,12101,80
29287,4734,20368,20
32251,37022,37060,70
6245,5005,26529,73
16610,23627,22591,112
6844,29660,6377,58
16968,16995,4914,36
6365,32753,3029,75
4699,8618,13940,60
4884,15985,38404,56
18031,12472,13158,98
9504,322,17421,59
38690,19152,31858,55
9768,23579,38761,108
30882,35403,24800,74
1567,32518,4502,66
13951,4142,38373,58
36420,3092,34149,50
37749,17609,7566,114
14364,34229,19540,79
31845,36048,15198,96
37256,25624,7755,112
35,30986,31828,58
10149,33343,17717,112
34185,34896,16554,37
27834,31544,36124,101
38713,12291,29700,45
21414,5018,6942,71
11415,25880,9302,75
28088,23434,4072,138
4904,15466,31035,73
35653,6982,38527,65
12098,33927,3750,85
3983,28048,36080,107
14393,32719,35556,103
1755,35271,11590,107
1070,33185,24327,96
21298,35501,5009,117
21402,30452,30265,94
16033,28787,21520,117
29769,31121,10076,73
30309,13853,8280,68
4923,4241,37509,99
25559,37088,29528,73
25561,8579,19910,99
30946,36802,21926,74
6797,28809,3384,57
8505,19530,19605,89
31585,23532,9249,113
13153,36969,23704,122
13260,30973,8648,90
10610,27920,6063,117
4833,189,36265,41
28552,7014,20756,39
14527,34839,4124,99
35342,10056,15300,145
14484,33446,18488,100
33812,19009,20710,27
35748,15094,7605,137
19022,10722,6203,87
5251,1243,26433,63
4837,33871,15439,64
9141,31708,14406,103
22580,23742,13951,114
27883,1101,17537,104
8533,9882,22271,109
37117,833,7104,70
2273,38626,16958,64
3320,24470,4154,89
38625,32353,34840,30
10127,3404,18354,94
14393,7801,11585,95
14269,7087,23507,101
18904,37225,32302,55
287,6205,15252,94
18957,22106,30072,63
28010,18522,10117,120
23685,22105,33448,112
4140,30002,18487,85
6135,9972,28208,144
27905,1996,33951,99
30911,90,17736,50
15410,10063,21209,142
28831,27960,19183,92
35342,35763,18402,129
27013,20473,25722,55
28549,10915,13135,93
22072,28987,6067,102
29605,1993,22243,73
397,13546,274,25
4504,38486,20707,21
21095,3932,16805,101
2269,15099,34717,106
11339,10249,269,67
24281,27360,22711,93
10528,5354,21273,93
27799,35632,17536,125
12423,16088,32298,81
13501,17698,7838,82
6994,33896,20393,18
29640,6777,7080,18
23341,16792,4549,77
38308,3096,13675,38
28934,17351,33413,91
28140,23333,32359,106
1841,8019,315,93
15815,31164,6149,102
15831,10207,3077,108
34587,10641,12370,77
402,1068,3349,58
36769,9245,17396,84
9772,22865,27148,115
20284,2765,35584,103
4681,14405,38767,61
17568,28161,31956,106
33236,15222,34730,93
22078,3958,20513,67
23483,20258,6481,101
33264,4142,24401,104
28519,12278,7945,109
34643,969,36796,80
33891,21887,1003,66
171,13541,18955,35
11017,12485,38337,65
13532,18374,15986,73
30989,1888,36337,83
1511,1150,24508,105
38327,22234,33215,65
17597,12869,29381,69
22950,10205,32403,108
26292,12511,34119,57
12231,29767,13773,53
11301,35343,30028,85
17681,10597,11398,60
35263,27484,24817,71
417,28677,4123,76
13957,38267,1767,62
34655,5304,2511,84
38618,21518,34108,64
30786,6108,12923,104
12841,21906,5539,83
30126,21168,4011,112
25853,9109,11575,75
24908,7139,33178,45
89,33175,18095,64
10035,15154,9346,119
146,31683,1152,72
28215,19730,29702,78
6220,30310,21294,119
6242,34764,19809,92
16224,5405,23565,108
25195,7108,25600,48
21954,18823,2564,89
19625,15923,1959,109
31758,23321,21823,111
11387,8708,7181,50
4989,22903,7862,106
13612,34098,3995,62
12147,36911,34740,84
10647,25628,29489,66
26255,12982,7693,94
36082,2622,27764,115
34052,13531,28109,68
12021,30014,14378,100
2342,21816,2709,121
28246,16091,28826,113
36510,18267,30205,66
14392,18330,14729,107
17441,6824,7715,76
5688,37967,23535,116
29342,12238,25913,78
28801,18076,35759,106
32,27816,31820,86
9479,5609,13822,59
325,20661,5569,27
18840,1234,28976,78
4830,25684,19758,80
24970,13980,6916,23
2459,7589,38289,96
35440,25600,22593,140
1775,6393,4845,105
38336,30854,26329,35
19092,3967,33946,65
24876,26296,22672,64
27347,18120,17690,64
26711,36320,9889,84
11529,10921,11314,44
38472,16688,36125,37
30405,27169,13809,50
28804,23265,25999,120
20670,23297,15248,95
2352,8700,2445,129
13735,3068,21327,83
27460,36354,17552,62
28812,9108,24841,60
15422,7515,24876,87
22804,22660,25247,101
18111,15180,9340,91
37581,16061,506,88
31060,1690,26463,74
10202,34721,5723,87
22603,26448,28810,91
36306,11706,15269,72
6198,18764,6483,110
16234,13923,7540,93
805,25152,19745,63
33061,1562,296,85
7147,10237,16500,69
24328,19722,17627,83
864,8655,4675,79
6307,25591,24780,88
30394,1071,11410,64
7099,8442,9260,67
17560,37200,15129,98
35738,24273,32657,90
34052,21265,25741,97
18195,17274,37263,80
28555,35382,38600,88
19737,34005,13238,76
4677,3332,7965,77
34060,12073,27260,60
18842,11472,3095,46
1984,16924,4920,69
11623,22752,6205,106
23710,28069,38298,103
28591,27434,7904,88
13221,26392,7507,94
23501,17303,2355,126
21281,35489,503,109
21143,2538,28104,144
3424,12129,3492,76
37842,37008,20596,78
22587,32282,7604,100
3127,14473,10195,113
19674,26279,13948,53
33064,7184,460,48
22854,37267,13742,93
9495,20488,32614,37
24119,4854,10166,94
8646,20404,5342,54
32747,10097,38454,64
13807,27152,2720,76
21919,1165,22876,106
30894,34710,9143,62
15793,25591,36520,96
346,5625,32283,33
23444,2255,12465,136
28602,30073,9501,79
33441,5689,26428,66
12756,28822,13049,108
4717,6461,14317,103
22981,28965,8392,112
22854,8574,11747,92
2502,190,16627,65
27876,36269,15778,104
17584,18839,13695,55
21359,7196,13627,70
8020,12987,10711,106
35539,35538,33167,141
34923,29738,2770,69
1803,18240,25946,105
13568,19005,10544,53
4635,2282,26445,74
771,19823,15513,101
22652,22651,1911,142
1847,13611,16081,94
18852,111,19635,50
35456,7122,28536,90
7694,36046,16049,101
26306,38585,34224,26
10650,1566,16865,79
23325,28624,14401,124
18800,3172,6885,43
23589,3076,33414,107
25129,27429,33439,53
12316,35352,16723,100
2408,31009,6466,113
11436,14398,31642,86
12926,14679,19083,97
15050,36237,13209,101
18012,7094,21951,55
8553,1846,12887,116
37671,3287,4262,105
1226,12025,32501,76
10852,15216,15394,106
21782,9436,27385,67
3233,486,11703,36
30129,24221,9091,78
3876,29597,7707,87
18279,16872,35359,87
18784,22214,31746,75
5615,26003,16113,94
12511,35543,29515,93
16561,31007,25227,32
19774,24405,38585,62
24863,24152,19525,60
15035,34234,19264,66
1139,18325,37221,86
24254,7988,11387,82
31851,9062,29340,65
38500,7816,25593,86
38012,31268,14670,105
20426,2686,14655,92
16690,273,38286,22
15069,33271,28544,106
10505,35019,33430,76
7785,16027,34155,89
34809,3177,2357,85
6945,36023,11332,38
13845,2349,31118,79
17569,2396,13882,87
14506,18970,34065,67
20396,9946,25800,91
34124,33153,26017,82
4165,2593,22134,113
23329,31042,286,76
19635,9496,2649,103
18364,27429,1191,70
30141,13912,19976,63
19708,18197,26718,63
11372,31581,4640,58
18926,34630,12017,69
11722,6087,2020,101
23499,34011,22098,86
32645,28055,15816,91
37839,2364,498,99
38356,38304,15439,51
7127,10127,6755,65
12756,28882,311,75
27405,18171,35649,91
3963,1262,19731,100
36405,4663,35648,88
23526,27089,15852,104
14359,20313,21247,94
26728,16633,18993,39
17305,10825,15395,91
15797,27366,24327,81
32576,36448,20489,31
12197,6845,3058,63
38620,22813,23728,106
23706,17708,31214,96
18509,34554,35389,93
1978,1088,12055,112
28616,28844,17615,86
32011,3854,1554,118
35465,6827,35720,113
3872,22680,4077,129
4797,25716,10607,76
31120,11379,9252,55
7571,20318,9246,72
34752,27159,29434,36
11274,23399,793,94
9338,10106,3417,98
16984,31917,31738,79
20476,7106,9812,60
10582,15266,34925,82
3288,20417,9039,49
28552,35761,10858,107
4773,25563,17660,78
28853,4914,23659,96
13610,22274,24972,41
17725,34113,22025,60
35567,2270,12035,137
13703,6399,12975,99
25748,37515,22179,108
28964,22973,23558,131
37761,7708,31694,122
27026,38715,22038,45
15173,27501,24915,59
4828,36472,8696,68
20300,29273,34098,15
32298,18292,11439,41
14387,24789,6499,92
9908,16001,24454,117
10821,27272,29383,43
24226,2520,25943,115
53,9805,28521,87
14373,7143,37042,80
30800,13117,38508,62
14296,6337,72,95
31786,1825,5724,97
31150,33170,10985,77
17419,23637,30446,100
22248,1897,25141,72
26689,1616,12082,92
5577,3169,28144,85
16924,22599,12978,99
13906,12320,38553,54
25758,1778,29462,86
1547,30,37269,81
21874,31897,36825,90
4180,9004,1259,99
33368,11657,26534,57
3312,37750,23716,117
3291,33939,36902,60
3075,28215,35731,119
7890,33815,27790,98
15924,34543,29607,58
33357,34193,31806,78
31087,30169,11601,50
5611,36245,29014,70
26613,19195,19831,56
20395,21438,4999,66
7814,34090,4743,66
5398,8554,3213,72
19075,15963,26657,65
1965,29717,27976,94
2328,24488,38300,82
5703,15770,36143,77
28905,37021,1784,105
21940,16971,5742,55
31697,29500,33430,73
4624,19704,11654,52
21835,21894,34738,67
27283,5320,8433,67
15942,6269,31977,118
1637,6752,37515,96
22207,26411,29291,41
17352,15264,21103,117
32409,393,24419,43
36275,10852,21920,70
29575,37884,16736,60
13979,38727,31917,52
835,30437,32339,62
25971,33907,34125,56
20620,1765,2330,94
38620,8014,3393,68
5299,21453,20608,71
26316,16770,36258,44
32313,28050,14544,96
35298,4847,9277,94
35462,37883,3129,118
16957,27943,6806,64
5701,33847,404,34
28076,21879,17754,97
11645,25018,28504,43
2481,24366,17620,103
28654,25056,6297,80
3952,25051,37957,88
15816,33016,17452,98
12107,6755,30462,65
15038,26530,16045,90
3479,31207,13183,77
27443,37500,31821,94
6315,5560,23612,118
21945,9097,23607,104
22158,12369,5582,80
1964,34099,5559,72
8589,28677,24760,66
7213,16230,7036,51
25609,24077,16845,78
38748,23654,28237,103
248,27752,17421,78
11709,18161,2611,81
2484,25813,17460,112
2629,23531,20303,102
1083,25816,3872,110
30290,22634,28141,117
8608,30093,8465,88
15458,13763,4259,94
25039,10271,3382,74
19013,12037,18004,75
6138,4815,25116,64
22043,37138,890,88
23418,37803,6381,144
10980,32646,24190,61
22043,33291,6260,107
32638,3361,19524,56
15258,12074,37147,108
2385,32689,33350,91
38022,37121,24406,105
34840,35002,37850,79
16540,13504,17492,50
6829,30969,36343,46
25948,13832,22846,100
5548,16974,19927,58
16737,17511,2680,85
18502,30437,18386,68
34914,24800,17533,46
38609,20609,2540,55
30197,1614,11303,76
22769,37961,28080,140
20342,29310,33429,41
22609,19958,31741,111
31648,30291,3252,76
19201,19846,28567,74
26469,2348,19995,88
32718,29737,36046,33
9366,20254,7957,72
37841,26586,17375,83
21161,33417,21008,135
14560,11602,10012,103
37175,24167,15017,101
26653,9772,14412,105
2660,18291,18416,94
37584,13523,456,64
13165,25159,19261,58
12891,28184,36895,116
13917,37711,33787,67
6053,25122,22957,99
957,34657,1702,93
19935,5453,38475,52
1652,17415,24081,99
20473,33051,33366,72
33041,31692,15923,106
26461,3314,4816,46
17326,2710,15119,115
28096,30389,19851,96
6138,35672,20376,102
33018,299,15787,78
11583,12275,30436,68
31600,25852,1878,116
12011,19573,7521,107
1879,21184,17695,120
22515,22622,19076,114
16595,5547,22524,79
6252,3214,10259,118
33483,9782,3327,106
22048,4832,23448,91
3352,6398,15180,108
20733,6771,10990,33
11623,31145,13163,67
25183,21421,11687,63
22633,36211,22259,95
20470,20356,15830,41
5671,33338,33400,89
11462,38020,2256,103
19086,12802,22019,80
12386,21506,31508,120
7225,36423,42,34
25585,16960,24299,78
15795,10800,4870,75
35562,6196,31737,134
23740,21517,803,134
30099,33888,4590,45
750,16840,31578,77
27299,2006,38561,64
24863,22031,14504,70
31068,18006,19973,69
7073,14299,10167,100
6162,34764,32632,72
21962,363,3150,51
28033,22683,19987,123
35574,16859,7837,107
30211,20005,28815,80
338,6058,26687,65
893,29269,35503,89
19031,13793,2687,77
33913,28090,21805,80
17596,13781,31792,73
9025,28092,32336,81
32277,22001,25051,36
11670,7711,33961,62
24364,6044,14370,118
19018,27522,37107,62
33292,5646,6474,101
4944,7178,1596,65
21232,7106,12152,93
37878,36765,14004,89
8698,8600,11660,76
16968,12890,23753,102
10026,35591,34022,113
35463,30231,15325,116
13591,6872,29367,24
29015,30258,9923,103
17443,17679,15978,89
21227,15784,36780,118
1502,17759,28880,100
6332,24098,36054,97
945,26496,26667,56
23488,37738,7988,140
31500,29352,26435,50
33845,12377,37133,76
6948,9041,38613,39
32306,27009,31519,57
33199,8010,6865,85
30029,12872,6498,108
25127,14664,38281,50
17672,12887,12399,101
15327,4991,26522,67
1939,33923,38588,58
11490,1779,2653,102
8529,12008,37524,114
12368,7657,22745,128
33811,19706,34082,46
12984,28670,20742,71
6778,36279,1634,72
36116,38427,32365,34
26643,12194,27788,94
26568,33013,21213,97
5697,2282,15357,108
21233,28742,3962,120
31737,8461,10050,118
38362,4635,1738,63
12772,32403,25792,85
24370,33880,2751,86
15928,10515,22597,110
7842,2375,30922,109
6257,13871,31599,94
37030,13774,16860,55
37853,25965,28000,129
18400,6385,26485,82
30291,21970,37783,92
26383,3453,22900,81
14675,6880,8582,82
22863,33368,33780,93
18517,35019,13125,79
33964,24263,15458,79
20590,18362,30953,43
19019,32613,12813,63
21504,10539,27132,89
20672,29732,22571,55
30849,30331,8568,73
19954,19513,1881,100
32357,7121,10865,39
12281,32702,20259,46
37200,35011,27826,94
32726,15503,10916,73
10986,5698,4998,57
414,7732,29337,53
29280,9479,20689,33
31927,5746,27432,68
7914,4195,12105,119
36812,32370,8568,72
24274,3776,30301,91
6512,38393,8769,85
35253,21213,13566,116
6201,16151,35468,137
38365,10122,37160,87
14654,13045,14455,123
9939,9985,10563,126
37926,26726,835,89
13514,26619,22057,50
37019,4982,34175,54
4073,16164,25120,80
12108,3226,10024,107
36782,24342,8436,93
10177,19815,13247,118
6858,25047,5752,29
24786,1698,10804,71
4513,12516,10678,74
32634,33468,34042,52
12503,22680,31709,119
11770,32401,27431,33
10564,21960,43,55
20330,20425,22592,53
22808,37030,5398,99
36145,37548,17265,92
13252,29772,18090,66
34014,24291,9273,65
38773,6343,24490,81
24769,821,12764,74
23489,1159,27915,130
4786,26574,13835,39
1789,28560,20589,76
32657,13069,19641,75
16627,19693,31547,73
35741,7866,15302,137
26543,38341,26424,29
12182,37753,4246,121
11356,29688,15215,55
9031,8655,19120,76
20376,22623,4885,65
7132,4170,9931,98
25774,12434,29621,78
21412,28146,2279,144
33865,13812,35015,39
10252,15346,33090,127
5423,37900,28529,94
32285,22745,30840,75
8558,20008,30759,79
11586,10561,18960,50
13158,26339,7116,58
6111,7747,25242,93
22111,18771,993,73
15890,20404,6479,86
24254,37908,20357,76
21010,12213,15452,127
18507,25640,1048,93
23311,7207,33926,68
10208,1545,16829,106
13947,8323,33015,81
27796,6127,30874,111
10693,7182,37895,76
19557,6436,22809,124
9133,24818,13634,43
34250,31500,20536,45
20312,10925,18381,49
31216,34777,24267,64
13743,26446,1851,69
14531,6073,37946,134
3140,3052,35445,93
55,37058,16602,48
24401,26745,33093,76
21243,23282,7616,145
12181,10274,21420,137
21468,24125,19606,107
25811,18924,18502,77
4092,21263,15123,131
19507,11753,21796,63
18432,2543,22182,96
19641,34713,3038,65
3278,37592,18029,88
198,36521,36227,48
4713,1613,29631,62
26567,33828,13794,34
25147,4138,6793,50
12767,36971,37824,115
30848,3017,18987,54
4128,24211,15999,106
24957,26726,18308,38
27163,23688,13891,80
21188,12972,16258,126
27214,11717,26438,37
2631,30890,16162,103
33424,5693,32408,62
36065,31019,31755,73
4675,3400,24012,63
26579,31142,16506,41
31594,32273,36407,63
26405,35733,24235,94
22133,35375,32417,86
30846,9270,13018,84
5479,28008,33262,100
1772,3499,27424,79
25769,23353,22906,139
28780,13097,18899,85
35474,30098,32521,83
4091,27027,30838,73
17485,12521,35346,115
36505,13214,13619,73
22035,2433,13206,112
34774,4718,18405,54
21504,3470,13127,109
21292,30143,8493,105
5691,38552,34665,41
32768,19072,12938,63
24011,30967,17322,73
30210,2299,14500,112
30023,6370,9908,120
36063,24420,19716,78
13867,35688,28577,96
32402,30456,4624,44
37750,959,29375,81
25702,32262,35554,99
5022,34089,12509,59
12369,35411,24080,118
34977,25195,2478,68
35306,6994,4198,100
5414,25598,29554,61
23423,5389,26003,109
11418,15093,34201,60
32253,2507,38746,61
17494,1061,36255,79
7209,27829,11393,63
6789,20623,30159,31
9868,7141,25934,96
27315,2582,10987,87
33923,3084,12875,68
24838,38451,9308,35
10729,8438,17355,83
30093,10184,22009,98
28706,35654,7723,126
32576,4863,30255,44
26581,32544,22913,69
3031,7045,4236,67
24310,446,34872,52
5656,38585,29382,28
30262,22526,16148,108
33184,12369,35607,124
5625,5408,24183,67
6947,8349,11024,64
5437,6001,16140,103
3973,13084,1174,111
21390,11359,9793,111
25956,15072,2641,127
1648,28034,27392,105
17369,32560,33222,69
25174,4793,37901,62
18853,25913,9418,81
1163,10240,11720,93
920,2622,4043,120
18191,7990,18488,89
35333,12230,4178,129
30168,29017,5611,71
28006,10814,1805,114
31745,37731,7170,86
23476,26255,10873,88
19202,32370,28743,54
29444,18009,27458,42
22651,9205,7590,119
6837,26550,36519,40
23353,11617,11771,72
5749,10804,23522,95
987,29356,27102,51
31691,22712,425,89
29513,33237,136,45
2389,46,8347,87
10980,32252,15427,73
2267,22072,12910,112
234,9054,27303,48
31080,3268,19894,66
5642,5311,34707,55
26393,14504,19262,70
13143,31930,16846,84
19903,36046,20597,51
24394,34791,34607,63
7905,5697,18457,85
22698,19997,38285,82
30366,35774,27505,90
19624,25519,1024,98
30896,6917,28176,71
6783,38444,1952,56
14773,1055,7797,117
37940,36954,19997,104
29630,23530,27123,71
25762,21902,25588,101
11760,25105,36456,34
13501,22790,36003,83
4017,19545,5471,87
12031,20566,20460,40
9190,26669,12298,75
10968,72,25637,68
20644,11359,38580,17
28816,9394,3371,77
6051,19593,9459,102
37268,37918,13083,115
37835,3892,27234,100
31892,10674,16514,69
26687,22153,27124,52
38277,3221,19777,53
38461,24064,27923,80
15893,5659,18976,72
26017,35471,3365,111
9039,23662,35304,132
12954,30017,9397,88
35738,7111,28060,106
26370,3122,37271,63
31887,19937,10730,86
14433,21933,7925,110
33466,8265,34182,77
37582,25792,37860,128
9245,24250,27467,71
24150,12521,31674,99
16076,28775,22783,116
2742,38755,9316,80
15376,21330,22773,140
25942,24300,9460,94
12522,25145,3328,59
27962,21757,16069,108
22004,36252,6498,93
2024,2386,2720,140
19042,7007,3320,43
18429,36033,19915,72
10801,7714,18167,90
37710,19624,9174,100
34606,28551,11323,57
29441,21438,25821,92
19804,27865,17764,100
7143,20489,22880,58
14533,8577,16558,86
10751,1690,2015,112
24061,24423,7228,65
25846,28805,18291,91
2293,14348,9884,141
38625,13223,38323,49
24250,34529,4135,86
2621,33276,18472,106
25223,27006,1803,62
3006,7842,29547,67
28866,1006,10140,113
21136,27251,1861,109
13698,15156,30496,76
30212,5014,17763,62
24217,35449,35390,135
38539,23710,3821,97
29501,14571,33164,81
38385,33030,37607,85
23427,2622,5561,119
347,3523,23397,78
24454,30212,5675,70
13005,34935,26486,68
28559,22560,29518,83
36887,36403,25063,55
11527,36936,22055,66
36293,20535,32540,31
28536,28053,19632,104
16095,19991,27031,80
19164,10143,8411,100
22542,19592,20011,105
19819,13241,16737,78
25736,36217,29403,63
23774,16254,7668,132
9491,15053,33132,103
36953,22741,15130,121
31248,15388,27473,74
34028,26607,10761,45
66,24461,26663,47
7184,23409,16662,70
22863,23505,38430,106
22143,21274,16027,112
32586,18911,25931,62
5265,17502,11641,55
2656,30074,13978,83
10784,22195,2407,97
37061,1049,34720,80
15418,34757,11302,68
13662,14259,22027,80
29567,23671,18445,79
25561,5542,15513,98
12398,30479,9191,85
28609,9932,30286,103
358,37207,20344,39
4243,30421,13009,101
26570,19213,26613,40
9283,31532,35351,114
33373,192,35560,94
37028,38458,25795,74
30075,37864,23426,119
17747,24188,11319,65
19253,22577,8383,98
10128,18506,15162,115
7544,4219,17286,109
4815,38671,9458,46
21055,22070,27201,90
11504,22924,30161,81
4091,18266,10218,114
15988,30288,1888,103
6287,5706,1843,110
32552,29358,33244,47
30971,25161,27336,36
4911,37948,22014,84
21429,36457,6197,118
18482,10706,16869,58
32635,8484,3948,81
438,34099,11677,25
23356,3258,12196,108
35735,25899,19186,107
31131,30231,34563,57
34727,871,19201,65
21000,13606,4592,77
5679,18214,10702,66
28160,13698,1913,103
5021,6065,29755,65
34707,27497,15064,73
26719,10970,12284,72
5263,9810,24288,99
29390,7704,34836,64
5345,3433,21487,89
12227,21170,17635,112
26746,23586,31704,98
17523,15297,15214,108
37227,29469,23670,87
26253,33078,6254,94
27458,25217,22165,43
70,5380,6298,72
25975,24079,23663,119
4018,27486,37505,100
25996,2437,10217,137
26681,2399,36928,91
29278,29285,2468,56
22055,25897,12245,99
38444,30764,5560,42
26303,30874,7742,73
23769,3439,5354,91
19750,36864,37711,104
27367,25864,32538,61
15391,1632,7616,128
31258,30891,30765,54
19992,21799,4038,93
36963,3953,19785,99
19103,24165,36448,66
1231,24895,34193,44
4829,28136,514,66
34919,777,20637,51
34695,38399,24892,25
11001,20253,33863,35
37027,10605,27983,101
36221,25821,980,91
20691,21977,12042,63
36226,1870,36314,86
34744,29510,13250,60
10169,9942,38378,107
38431,31093,31899,57
14680,31024,6074,107
36190,784,35362,106
20021,1720,31868,106
34914,16972,3495,48
6807,38670,34098,21
34766,3015,38534,42
37628,7697,14318,130
7858,20762,22969,94
28703,7864,29561,77
5478,32507,15396,68
10215,12100,7927,130
24773,20017,16689,42
31623,36912,18055,88
33470,36222,824,88
1259,36174,201,59
3376,30415,26617,54
193,1792,10824,74
21916,8531,16526,69
7980,6945,7862,93
1613,6942,30350,73
36500,12773,34039,69
29301,4804,24882,21
30795,26522,3507,50
34802,13063,33047,91
15002,8613,15048,115
22671,9089,15978,113
1967,22987,20523,95
12132,9870,20006,115
3911,13904,1004,85
18315,4769,30083,59
10504,36399,389,51
10903,19868,30091,74
38385,1925,28555,79
33288,35636,35268,141
980,9017,22059,84
36510,27299,4694,50
18247,7128,9091,57
20669,33836,21407,61
7177,12175,15105,84
9940,38584,24221,85
25907,28215,15190,125
19770,9162,34239,64
38023,19166,3417,81
19160,8564,1811,93
4653,10153,17482,91
13120,13810,12348,88
6771,10031,36781,89
2427,18349,7993,114
38015,3901,23474,137
35673,1232,2394,133
6789,30223,9926,80
16558,6784,36896,49
35694,5394,1027,104
14774,11423,27502,67
7837,32655,19701,79
27080,18252,12411,74
4938,25827,37570,97
16671,9070,22559,87
21467,26556,16083,99
4184,35441,19832,121
27137,31662,12766,88
8455,28771,1003,95
1618,29742,14713,90
31858,10023,42,91
28882,15933,33064,102
37039,18512,18019,77
30078,37126,28658,83
36408,11722,31941,65
34150,18205,12040,68
32682,30828,1633,70
6396,1873,30059,113
28080,31567,12855,119
27265,14330,12286,93
24888,1898,27422,62
11385,15181,28920,81
15219,1215,15335,114
10800,8624,11362,67
30809,6883,477,31
38702,12126,1149,73
35709,22150,16790,89
6211,9090,16527,85
10159,25192,3757,94
21430,2721,15049,139
28540,8554,15814,100
20486,27088,9830,68
33929,31832,37985,88
33128,1743,4888,93
26347,6174,20330,61
22122,5754,5568,63
10586,28925,36126,75
27304,18045,10748,62
6932,27018,27937,68
36481,4208,11300,71
25716,37757,18352,106
12121,19794,31043,82
30872,13239,33026,92
11454,31033,1784,72
19029,13515,16957,40
29573,9509,8399,64
4561,22590,1571,107
29599,29373,14478,50
1239,4209,13643,85
25974,16,34842,61
24516,2019,36948,104
30170,22543,1796,115
3050,31817,8345,87
11695,34853,1175,59
6866,37103,3151,58
18337,1664,7571,110
17569,35299,28256,125
7519,30271,8284,98
27432,33337,7816,93
28793,4024,13984,83
10786,14769,1795,110
28127,7143,15261,94
31563,30341,38653,61
3322,32704,38287,33
31633,27379,34190,58
807,35285,6485,132
3066,18181,5677,62
3819,18334,9294,90
5277,16672,28853,60
5514,13537,13618,45
17496,36860,12360,93
37906,12985,1921,128
24236,19198,22840,94
24416,13022,28208,114
31764,37975,31741,113
3336,7751,13521,76
24784,32483,22877,60
8419,4213,14737,115
13909,16212,25905,88
25241,16551,32355,22
38476,33827,7985,57
9341,18271,27516,65
27870,11387,24770,59
13821,36243,4074,74
3338,13779,12407,69
20326,16531,36904,44
187,5377,6925,32
23569,34191,12500,97
32470,10792,15996,69
12831,18151,18087,85
36895,13010,20654,72
29356,24033,37534,78
3960,37174,1541,115
34156,29515,25797,51
37574,11282,31572,89
13601,21906,9081,65
6962,35619,36893,91
30978,28947,30807,66
29000,29504,4860,48
8310,3389,4054,93
28253,17282,10744,96
3252,22715,18267,92
5273,15391,34837,77
7567,15341,17258,110
9107,21143,19237,93
16728,3440,20518,33
28231,31952,30212,102
3122,1790,35012,81
15434,38704,5369,65
25954,34870,30380,77
20689,16112,5482,58
9393,30363,15327,90
2473,29410,23555,104
22626,31047,36188,88
29448,38690,28588,39
21389,2769,16000,135
11436,30178,5321,51
21351,36438,27813,117
18831,7801,6472,106
33194,37501,38436,85
28972,18504,12010,89
22900,14736,12326,127
36096,37904,35652,119
7693,6373,9453,117
7543,16115,27787,126
10549,9452,19153,67
12950,6771,25910,84
27829,28987,21277,126
30472,35570,21137,125
17576,37642,17377,97
12892,14594,11436,91
34185,25569,16581,58
24848,37213,409,40
24489,25953,16245,104
32526,25860,3137,66
24495,8569,4188,102
3207,10544,28517,74
17301,22875,20282,77
23709,19060,4876,82
28147,15072,4188,127
9204,21443,6866,84
25842,26262,1519,94
30925,20523,21322,70
27183,38573,31591,54
20544,7889,13615,58
33124,2657,25229,86
12197,27457,22230,76
19968,30814,31507,80
37967,12110,26529,93
15092,8359,31825,108
19990,16792,20418,41
25741,28262,37587,129
8012,24052,3980,112
30169,14722,30014,86
22031,22034,11691,60
22129,10732,34993,66
20665,28911,31940,66
23625,24987,9823,106
36361,7607,7254,71
15365,12229,18428,100
4769,36911,33944,54
16546,2362,20622,61
26715,27761,500,64
4262,27250,25635,93
1094,3403,27131,67
28242,32528,7959,97
10756,19601,37129,83
29513,24252,36472,54
10600,16516,21909,60
29376,32486,10677,36
33204,32445,297,49
1784,13707,9862,108
4051,35647,23517,145
1858,4731,18061,81
25080,6858,31812,44
23544,5306,3872,111
3946,7026,6074,94
6524,19553,14574,117
28607,24357,37103,90
4101,28021,23660,138
25255,33393,6977,45
26747,1832,36277,77
10173,6066,19893,126
31592,3821,7766,117
31032,19078,9294,61
4778,37858,9945,110
32446,13006,35567,100
16529,24941,32560,22
10553,28585,4653,68
2323,18493,35721,124
38581,9470,24347,61
17356,25609,25973,102
1661,23470,25504,134
15098,9182,19737,96
29684,30819,9300,49
27159,23394,31526,101
23472,30778,16542,81
16552,12366,7845,90
4929,25100,11588,27
37035,29554,3894,75
24010,8365,28784,92
10248,12877,4940,104
18438,14364,9394,92
27295,36787,27122,61
38479,3328,23376,77
20665,38304,10909,31
36990,5013,16634,56
9247,29295,9073,58
25581,14253,21203,130
3940,32555,25548,86
5598,36054,1646,84
17341,30366,35417,101
35407,34018,4189,102
28203,33938,17514,81
19591,38568,10166,84
19231,13126,18806,71
35291,5015,163,73
28630,32602,34194,47
24370,23334,15866,118
4620,18256,32262,45
33993,9268,36237,57
24299,37687,11583,84
1908,19840,24391,101
27977,27240,34135,70
28844,22930,19837,107
27265,26548,9840,78
19745,280,36434,55
7948,30899,35572,114
3103,34682,1533,81
19828,30854,14389,88
13789,5767,12892,71
35006,30955,36289,56
13854,4821,27013,42
15114,3201,21226,111
36154,7204,35575,81
7596,9034,3285,90
10234,35306,23006,153
26441,14518,24037,83
25883,38489,28528,73
25845,461,29010,74
10081,9880,17605,128
36235,10752,26639,57
22120,21446,7625,118
24524,28236,7919,118
28187,6219,19150,109
15145,38385,25694,84
34812,24997,33294,55
19221,8756,17600,75
8012,37080,34669,91
18065,25766,3380,81
32578,37949,27279,68
37908,24858,5344,67
35402,16993,8405,97
6894,19529,11628,45
20005,22182,18241,76
27257,15069,25520,94
7774,37642,29589,92
33505,6818,21114,92
14516,4068,35740,135
3762,10196,34019,100
22510,14645,30343,113
19547,26261,3009,60
18519,34813,1266,72
9758,3802,10200,142
24980,37787,9322,75
12490,27979,18930,98
9147,32470,15269,76
36167,1874,19583,93
7757,22233,3,74
7504,9932,2317,142
27882,35635,21289,149
20687,23752,22213,79
16253,2393,6150,132
19253,1091,29384,52
11675,16861,38538,26
32682,38474,30106,35
5334,15488,8355,93
28925,24365,24007,88
131,20337,13270,47
29279,35401,9265,84
11391,37110,1924,85
26338,14259,3279,74
38632,37988,36173,71
16172,5320,7008,63
19566,10216,37897,124
26317,30466,27968,80
22189,30843,6891,50
34123,13725,35658,75
18782,31817,17479,76
7845,29476,38284,52
3442,37765,15967,102
33235,31706,17371,95
18444,27755,20332,71
22250,28935,21439,105
25528,19655,16576,77
19553,37968,31089,91
2325,16098,26557,97
29440,32557,8363,45
23757,25073,16685,66
8432,7834,9037,103
34033,20739,15129,52
33111,8739,16052,105
8528,30490,19088,71
31526,29538,20748,40
6841,31133,36857,56
28986,24154,33908,68
33220,24830,8358,71
9175,20567,1724,73
34994,1112,6823,56
23763,1128,29007,114
11495,3169,32726,38
31199,22210,4598,57
30897,3155,14537,80
37274,13785,19249,60
15321,23533,38607,98
21009,11379,1679,104
18076,24926,283,32
3034,3837,3064,80
19975,8286,28053,107
27375,16195,7932,95
37102,33164,16208,103
4800,32292,34224,31
28983,7172,10869,61
6210,15107,19651,116
4812,11739,18867,40
18364,36021,6442,91
37518,19642,37509,118
17730,5702,31627,79
30866,3460,31190,56
13963,26251,10939,49
16720,30290,1013,65
6523,32771,25847,93
10602,6838,1931,75
1743,16156,25649,119
1251,18504,9315,82
6394,33424,22606,131
21901,16581,24795,39
16240,4140,8464,110
17499,23758,2290,126
37942,18036,10666,92
6101,6402,36964,125
8526,13522,25110,49
13510,2640,13608,74
23489,32336,13988,73
9236,6519,37629,119
29573,22604,3450,73
16690,31890,7563,88
13262,29476,10543,67
4631,12217,7908,93
68,9230,3860,73
18358,20303,10069,76
19266,22517,7690,108
26274,15959,13524,62
7609,146,35557,102
31743,4022,31002,92
19515,5623,26645,59
23471,30905,18900,86
17534,182,17528,58
15927,4021,13899,90
37100,34123,12289,76
2273,37895,17449,119
18174,16727,7196,41
15354,15476,8332,115
30241,14457,18059,87
26579,12034,14436,90
9193,24506,33855,65
36026,27953,30149,89
8546,35413,15154,127
17588,16868,22123,62
22554,11762,194,65
28606,13087,32256,77
33206,12833,16939,85
4031,12783,19639,107
36814,37513,28550,106
26628,19991,8766,73
7994,25885,1269,113
28523,1888,16812,85
15034,31550,9002,102
28091,37176,3896,117
1890,36822,3913,115
31751,32019,15476,109
29552,227,32607,18
11541,27476,34788,42
31921,38620,23343,91
7524,4138,9222,110
18301,5688,33464,77
1807,1907,34928,105
26614,24985,37620,60
28741,1093,25826,100
27087,28570,16737,56
3879,18767,10043,107
35294,13565,22078,91
33229,35692,23517,140
38475,27414,16242,57
9169,16082,17712,90
21172,25631,38540,93
14421,18856,10888,82
3438,37215,23313,103
36243,25651,2558,107
6816,938,17290,65
22945,14612,1231,123
37100,21845,31550,90
8591,37768,12183,114
3431,8699,27926,99
25714,22868,18029,110
31011,35309,22757,120
267,26701,19984,46
30073,37000,15099,94
6020,33970,10905,80
10652,4859,18813,54
11771,30109,27007,47
3872,18784,27848,102
13596,31268,25683,69
19069,37067,19675,75
33126,9009,32280,70
25019,26580,23346,67
37743,6877,36484,73
6904,7579,16077,87
502,11644,5582,35
27262,30181,30293,59
37946,27495,22883,109
18062,25628,18830,77
25983,7894,28055,127
35516,10881,11623,87
36098,19662,12848,88
15014,4574,10808,79
30992,35618,29645,75
2650,37975,4846,107
18019,22859,15864,109
7946,27273,21052,108
3358,16912,19990,59
7185,3336,32592,35
25069,28558,4148,73
35350,2633,8284,134
11762,37194,3508,61
18388,36908,23720,106
31938,23000,34788,100
19251,1256,16577,59
32654,21909,9230,60
130,19691,27949,80
22511,11291,38402,64
2338,10132,18351,122
31645,26593,35616,99
15087,33872,12449,86
5551,10727,2296,91
29737,27293,36303,40
3875,32336,23368,100
16743,36316,18379,55
24464,7171,23422,88
4067,37639,34849,102
30785,2521,37619,111
34784,4636,14628,73
24059,28634,30146,81
10858,803,7692,99
36896,20768,16116,70
7724,18343,35441,119
13096,30382,7901,104
909,28949,27003,77
23314,21897,3887,117
2614,28919,8556,111
27287,35328,27770,114
13704,4824,31676,61
9071,28995,14458,99
16114,7833,24431,109
2575,21802,7566,116
4795,31659,8604,81
7970,1036,288,81
23329,27398,22755,116
4105,6010,9820,138
36005,24164,10252,101
6515,21784,3025,92
2462,14396,11279,100
5288,6403,38753,71
18512,7570,23723,118
33890,10038,14641,102
2652,22737,9354,124
30133,33205,38631,62
36438,21274,7914,114
13204,20573,34569,58
27043,27867,19123,77
28908,28625,25939,98
20549,22012,12813,66
18219,24369,18751,68
38461,21959,30299,52
31777,357,9869,91
23694,5472,11653,81
29581,10936,26607,40
30058,19160,33493,73
2394,29543,33786,61
37774,30910,34752,80
15852,30085,33897,68
8502,28584,22645,112
33942,21940,4926,48
38679,38478,3895,50
21973,20688,13544,40
15239,775,37178,104
11635,7942,7083,60
37173,27984,37876,122
19941,27968,32734,82
24514,28048,4070,115
7209,18145,34065,39
13064,31091,27912,103
27338,34976,1256,64
8541,22799,34671,99
23408,36493,777,105
36760,30501,25060,56
34975,27920,8412,96
3801,23253,5735,111
28972,7218,36798,68
13998,13118,16604,63
38315,36307,7794,69
28776,2285,11255,88
30801,9051,2290,93
33965,13602,36289,43
8443,27469,34078,57
23256,15983,23006,138
25594,20495,25581,78
19559,16680,14600,81
9010,38458,29563,36
14577,8639,12421,111
1741,38585,29604,53
16205,25594,34218,84
16524,2655,32292,67
20705,31153,21357,70
9394,5389,7728,89
8289,4835,9761,98
37655,29405,18002,72
14509,6461,21909,114
30851,31519,12842,91
21963,22676,13628,87
14605,22531,13827,104
5521,28092,28707,95
274,13269,18780,61
35414,36126,34097,83
25520,13587,37162,82
6317,28515,37802,122
13513,9910,25514,102
35774,10143,22758,153
31972,25821,8767,105
5603,27423,22794,83
28927,26610,27206,57
9454,11425,30508,59
13858,23494,18814,81
13030,2673,25970,125
29474,2629,6851,59
35625,28639,30202,105
21333,31527,5023,98
35015,20608,7880,62
23364,10578,16112,113
32277,34144,18002,40
15997,25572,27956,121
13008,30281,13923,74
24137,18329,33309,87
7923,31097,6798,68
24396,22034,30796,72
23022,15164,6878,97
5293,29705,30140,45
12969,21965,37532,109
15907,16203,20429,76
26398,32479,33105,55
35338,31693,13126,126
6478,11392,17428,83
24067,13608,24276,71
18295,21108,16706,84
33233,38292,854,72
18850,28112,21459,112
8392,17308,7538,102
38671,14409,2672,95
7903,24220,34902,89
35268,1252,27938,131
3287,22214,1149,77
20007,28684,16135,95
33431,27287,18323,73
31683,37183,25905,103
38670,9131,27237,47
18783,36339,32630,45
7959,1956,31141,105
16668,34081,25711,58
8393,3021,23668,105
840,26493,22503,93
7726,12477,15901,116
9383,34605,17664,70
22995,4094,21997,114
14754,3430,19527,90
21495,2479,32403,106
16504,9341,14415,80
33068,36470,7000,63
3120,16792,35481,84
27227,1169,16903,58
37167,27505,30930,64
17477,34991,37522,88
11761,34859,32316,35
37742,22197,2489,118
24424,3144,18921,65
33005,31077,11402,63
24797,15315,7060,51
7032,26309,16261,56
9168,30143,4971,63
52,16267,27960,89
2270,4897,1251,94
34213,20566,19050,27
34035,31006,4751,41
12486,25726,15939,111
27170,32266,4671,37
24491,4115,1245,101
31687,4845,29723,52
25552,1923,2440,130
1181,23727,9336,111
21044,9375,20397,79
16078,23255,29381,93
24326,30920,9130,74
33958,11516,38253,24
15088,1174,33755,82
10910,32670,13735,45
9355,12409,23485,115
5318,15888,27240,71
26629,31656,28017,92
21810,30762,36829,74
36079,26309,24216,62
24484,23751,1054,113
22086,8579,2632,106
16130,10070,37921,133
28019,30347,3066,88
12195,16012,23338,125
7553,37158,11399,84
12520,4516,33958,59
20373,37058,3907,73
30775,7525,34580,78
33077,28572,27948,111
38428,4071,38497,50
12873,21517,17507,115
3521,19982,13053,87
25976,14272,9502,107
38019,24809,37524,93
17769,23682,12132,114
16545,14659,37563,98
34182,7146,13667,29
14283,22970,19714,119
8416,26018,33832,80
32646,22090,12971,72
5685,27231,20532,36
13259,29353,8345,76
35012,4602,38743,36
2021,22671,6092,140
14450,27431,35576,110
21851,20738,26624,39
6921,37035,22195,63
20525,34155,13868,24
10231,29312,21300,105
14544,31045,7173,67
32752,4268,33464,83
38671,19182,32515,29
5644,24377,32413,56
12762,21114,1171,121
4962,5332,29530,37
5767,18810,11560,45
25519,16164,6329,122
3350,34748,14645,79
8342,20605,6261,82
7019,2487,31666,89
33936,27069,27991,70
26529,8756,38433,50
805,6301,31051,97
9132,2480,32376,83
20729,35635,19056,71
35700,24161,11251,92
30013,19921,9794,101
2421,6391,32283,103
25558,2575,19033,102
25874,17275,8401,97
923,32403,34790,57
20468,37014,32682,41
8695,2440,16185,118
15822,26480,6930,56
6257,6802,16701,65
23408,13258,28782,121
20680,34507,33918,28
20425,12971,34068,50
38586,19696,14401,75
30258,27463,34059,46
29536,12098,34020,49
24505,4227,37804,114
11459,517,6089,63
22270,12810,20421,66
5514,30017,4905,55
17350,22102,17399,77
10712,3247,11620,54
37,6351,18783,69
353,25626,37860,89
3836,9388,22171,92
2707,19580,37940,121
15348,23708,9155,120
7186,12191,25648,81
13068,19094,9794,106
25063,37858,23000,97
22658,15012,25637,128
11339,32019,14664,86
28661,15225,34879,88
5638,7649,22036,87
14300,10186,8702,126
18090,12465,10009,110
18901,3280,14443,78
34555,33987,15438,67
4115,19797,4670,82
30522,13529,25905,73
4085,7866,12466,119
26365,37690,17636,83
25018,36834,10738,58
27288,12386,30483,73
16634,10957,9877,86
32420,11554,3374,38
28985,30793,33787,57
3990,218,24023,75
17531,13880,27517,54
10916,126,12181,66
14547,8731,6152,122
34790,16795,1639,72
18333,1087,33270,90
12933,34923,16022,93
1682,16185,14290,123
34895,26655,2613,77
11290,21000,3504,80
38483,15886,37233,73
35527,12211,12497,125
30363,20453,25947,62
38708,10131,18101,79
38324,17655,5758,50
20766,10131,27857,99
7762,24360,4983,86
35715,6406,13094,139
28506,24182,7848,102
2610,20720,21815,75
37046,31115,5653,68
20270,23262,13178,93
10766,2655,24132,101
927,10586,31248,74
2749,19604,10947,100
37825,5328,15108,105
5598,26673,15351,72
18292,21094,17373,99
20695,33809,16934,22
14321,16939,36953,84
5373,25215,25720,60
37844,29252,37546,94
13596,34858,28555,60
22599,36790,2021,124
32333,7580,7097,58
36309,3982,16516,72
1260,21796,12979,96
17259,12849,13514,78
3292,10685,16657,55
15812,33863,36146,67
15371,1161,27030,88
7217,5700,31801,60
22890,19863,36411,98
31078,1525,15971,99
27302,20644,21905,42
29268,2548,29302,56
4130,23745,28262,138
24499,13197,3019,88
31995,38621,28721,69
7047,22057,18518,55
33220,19775,3813,103
19854,38410,19089,49
192,37147,25668,75
16759,38490,23010,65
38721,2287,31611,87
19690,28990,27426,73
33996,9035,403,42
20506,36445,11647,33
32376,30396,12203,66
17451,12235,21051,112
36819,7932,28738,104
20566,2598,4842,64
28776,10685,19856,82
19848,21826,34943,70
8298,38774,8306,71
17761,27924,23747,124
12898,5435,22968,107
24915,12187,22619,88
11524,321,16120,53
31099,33435,16711,64
4778,16646,17376,51
3001,34740,24440,66
1567,806,8300,109
35637,37967,6883,105
12022,17698,26714,74
37216,29614,3431,55
4217,19624,30930,86
33454,20388,20596,39
16690,9192,21014,88
28208,5721,7747,108
8552,27274,26723,60
36919,6854,5306,57
4688,37025,31931,79
25936,16690,37009,80
20256,24974,26697,17
36108,2728,36119,90
37263,3361,513,57
7991,13514,1907,100
18288,3813,29402,67
36498,11317,6019,78
31911,29455,15341,79
31147,12010,32321,62
2276,22672,35654,150
7602,28699,1564,117
11262,14499,22075,77
21173,10875,25937,112
35650,2426,21029,151
2492,28810,30120,100
30926,16555,12281,65
29014,15046,25694,109
38610,25242,12197,44
14283,6197,17640,115
21137,14692,24858,95
5606,36277,36997,71
999,20007,9134,87
9071,242,4038,73
33892,6192,25241,59
24490,7761,23390,124
28964,36367,6295,98
25235,36068,35262,77
27762,29416,4916,64
26429,22650,15029,102
925,19683,31648,94
5254,4072,13148,98
27209,28268,29722,65
3925,13885,27303,68
34609,30855,26670,47
23264,30787,23757,122
3107,13767,20741,35
30345,9459,6161,96
21083,12482,15776,123
38758,33846,21481,64
12260,25596,34760,91
10579,11706,7507,77
27020,25005,5743,37
18763,27521,33033,66
32537,22148,28909,63
5313,16512,35579,83
38554,1855,9111,76
5465,31827,10560,77
1270,19664,17596,86
4120,348,30365,68
33448,23707,27428,102
30958,19897,7257,53
20306,21976,17764,53
23502,1087,25754,122
23332,9503,10663,103
10132,22965,6033,147
36028,10178,37917,117
3317,10111,34998,88
27151,21947,15155,81
12346,13011,21523,125
8363,28222,3501,99
27932,24955,27891,95
3521,19099,31182,54
30464,14422,32672,72
14405,22749,19165,107
34617,19638,13692,58
20008,11549,8295,71
37152,26417,16712,54
27781,19008,31672,96
21973,34645,28971,72
10948,28055,29627,74
9812,17646,24885,80
35262,24037,37863,127
13048,9853,2018,134
24041,13570,5730,61
7908,4588,35460,110
19671,13922,5457,60
7774,25260,19750,74
1202,16911,27020,58
10084,29254,20772,57
22087,27946,20697,73
19046,18350,9444,66
1943,22243,20755,71
9954,26707,1193,95
24962,16087,17563,66
7823,31794,3868,117
27066,33125,28994,80
34882,3899,13716,70
13600,12458,19779,77
25547,446,12987,83
31101,32697,17598,52
13220,1775,13879,96
37898,22097,19016,86
15840,6993,4622,58
11727,35011,1566,71
30248,25056,34551,42
11627,10015,13973,74
34829,5564,29454,40
15452,12890,5489,99
15104,36775,4138,112
181,6247,36496,74
12409,13552,6029,96
16122,14318,15332,120
31866,23449,25134,89
16892,27859,8623,90
4653,5329,5369,52
26463,31685,30220,68
23347,1665,33859,105
12194,29300,31025,58
19207,35358,30126,91
11709,20563,18090,35
32598,14389,15468,91
28802,30300,14516,94
32415,20538,37274,41
14721,8424,10845,99
22975,37822,36512,115
23455,25908,36890,121
9373,1005,31525,93
12364,30433,3474,78
1896,1591,20377,90
987,28708,18988,78
30928,30518,4570,54
20528,6261,24843,52
24229,21929,805,86
12784,38255,22774,93
4266,317,6019,93
15345,30298,19598,91
32387,5399,7878,70
15324,18014,22152,89
27386,5307,2560,82
26266,6986,33149,54
19691,36851,23624,111
32642,27504,36406,44
7843,28566,20624,75
25868,1268,3291,90
29574,12465,2002,84
28092,7552,33366,124
26447,12319,28631,78
4176,3919,28242,126
10682,12246,22939,109
10643,14667,38,72
31936,9371,7717,104
29480,37172,26531,47
37640,18348,17662,94
2348,12239,16965,95
7541,22081,17284,94
38595,4602,15907,56
28822,35350,6423,130
19829,19921,4143,96
21427,27010,7802,108
8547,16717,31674,78
32532,19832,6818,43
1038,38346,14433,79
27158,36423,18846,52
10998,6240,28844,101
10807,12327,20693,62
30312,22826,14540,113
31227,34714,13793,48
31890,28727,33206,99
34635,38513,37522,67
34813,37770,32001,96
10538,5617,36786,74
35332,29290,35577,110
29565,23577,19771,84
29582,16629,20544,17
24309,23684,38663,86
24031,31639,16053,100
33946,7992,34899,69
34927,36512,5647,57
32449,17630,28257,80
24836,12483,3501,59
19232,4753,12337,66
24926,27807,4066,89
1895,9794,22625,144
6230,3273,30313,89
25885,30234,38622,65
4944,4973,37672,73
34114,19160,30153,47
19947,6404,28613,105
36261,28786,37825,96
4828,20745,15468,57
5299,15257,19809,88
30079,15324,15750,100
364,3891,16960,57
4800,25503,12272,88
22231,7997,18512,91
7057,36174,13541,41
35256,23744,24265,134
15374,15168,17559,108
11013,24862,26422,39
12778,28753,22864,118
7967,11344,21381,103
6506,31760,1592,125
34902,16228,12876,93
27023,9839,3989,106
17669,37676,322,77
1996,22964,25794,131
6234,26484,29663,63
12795,20363,30116,63
10269,33350,31903,120
21773,8632,37538,103
7918,15869,27094,95
15973,34518,37059,85
3246,12919,1781,103
28664,31514,20447,66
19569,15495,26559,81
28821,20590,19218,48
13948,19024,9443,56
5611,30185,31108,59
36057,23510,1214,105
16582,13242,5701,69
3948,24755,5253,62
19626,15911,10072,116
34934,22607,20013,94
3944,5331,13026,98
38654,27220,7113,27
36103,24999,5414,43
36258,7181,33753,37
10841,20473,38766,31
37259,14271,31665,107
1099,36913,31743,97
9224,24972,29269,34
18900,27984,27897,108
23468,6522,28879,129
12833,18901,28814,85
21491,29657,1725,98
14478,13239,15496,122
4222,17642,18788,82
23723,6766,7902,102
16570,29552,14298,57
7702,34890,6022,107
10524,22608,25948,111
22582,2673,13161,136
38286,1136,38595,42
26710,6382,12089,95
23303,5588,26410,83
37006,37938,16696,87
16727,6995,33138,53
24340,22188,7612,97
35011,17493,27503,58
35386,27103,24134,97
6486,27807,3258,113
3765,13685,3424,73
32603,6420,19834,83
6043,22538,27327,111
3021,11527,36162,51
11375,12833,36307,70
5540,5003,30391,55
10157,6771,35761,111
5681,8003,3196,82
6290,9405,7979,117
8764,7633,5423,95
27320,22912,23287,116
28635,15022,2751,119
38765,21998,33824,39
33792,30824,22531,76
9401,379,37061,64
7582,36519,37528,109
4677,32608,19122,38
29545,14762,6258,93
32464,6054,17313,81
32441,4612,6320,69
1548,9067,33158,106
38754,15373,19877,74
17284,12073,16582,73
2337,12768,26537,99
11264,505,22055,41
22911,21064,30773,117
19168,24915,26350,31
30523,14757,26602,76
162,9080,7166,40
1202,32473,19807,68
12034,31803,31009,88
196,6845,36096,34
21029,1670,1096,126
36063,34883,6964,45
24143,4716,34969,60
20672,14648,21283,94
10114,5413,22169,95
7500,36182,17278,90
26687,18143,16036,72
10635,4731,14566,80
31017,21371,36936,99
16617,31535,18354,68
2666,20267,22688,99
27870,34014,7607,98
23759,2438,30945,118
37830,16962,5566,75
30096,37762,34266,76
25989,31986,35251,125
23744,25797,16633,101
37137,26369,14681,85
8649,6817,32766,48
7834,30411,18241,88
1861,12456,27432,95
18094,13875,18881,52
9846,8726,34923,101
1996,33309,9019,106
3320,5267,32555,47
28827,3753,6152,117
31217,21422,22984,117
30397,32767,6136,77
2755,29466,32354,60
23563,9466,37799,124
10974,21119,18197,97
28633,7997,12271,109
31819,24504,29585,67
12859,22032,19989,92
3103,38620,4670,39
29501,37016,22964,84
19264,29601,36896,51
15466,37743,1022,118
37850,34003,6991,61
20773,27940,34027,57
6767,22940,17338,82
37174,5259,3791,90
10628,15048,32507,73
32696,3352,15441,69
3850,29603,34564,61
32630,37010,36512,60
3811,17442,38466,71
8492,23633,28664,115
26615,36043,6327,80
24934,6448,27512,65
26772,8337,37917,90
471,15906,23323,95
11740,16256,1929,91
36859,31818,5615,84
13111,24449,32511,76
30,29482,36970,41
28150,10682,26397,82
15286,31574,19867,103
16611,12257,13727,60
108,33277,26678,53
33786,30067,12398,67
19095,10749,15494,81
17309,31816,33306,95
18953,2256,6814,71
9266,33829,11500,46
28257,31742,1235,112
32671,30470,21372,80
19859,3013,20659,50
30463,24838,1770,69
38664,25846,4716,57
34238,21484,5480,78
34778,9966,25850,106
11665,6159,9523,84
25939,25973,9962,127
33271,37197,19893,94
28577,22045,19831,83
31758,22532,7172,90
15443,18353,29617,68
22823,13560,13069,101
14531,15800,20491,81
7170,28517,31064,55
19086,29281,31915,54
390,6026,6341,100
25727,11586,10133,99
34827,4533,35253,84
14459,23721,1208,126
20449,1121,30329,56
7846,31663,10849,101
16904,6,11656,27
23419,13038,17575,117
36028,4138,30050,83
37610,17733,31659,105
6516,16,5661,72
6974,7098,33223,49
11351,11593,9169,47
15812,33033,18107,95
24189,28143,476,81
37906,12210,28551,111
22974,30135,36790,102
1587,7676,11677,97
6519,1954,10864,115
4151,13662,34666,70
16801,12210,12500,83
23439,34808,37503,114
4500,36892,20424,47
21157,13912,8315,96
25741,15466,28848,109
24081,21971,33990,63
18423,31939,13884,70
25825,29717,6122,89
15477,35416,283,100
13572,33497,9115,75
16236,36268,34100,67
34980,22595,36813,97
26265,25502,359,56
6386,2574,30147,117
37669,9856,20469,98
29329,35317,25609,95
11601,14756,38336,57
36956,34584,19668,76
5745,5271,22115,63
24297,5343,31860,82
28147,24455,10120,126
31624,5298,9064,80
31536,21104,28519,114
28826,16945,29000,71
25552,17527,7856,107
19080,5633,35745,88
2684,8596,15182,122
31161,9484,36784,76
31228,18290,28710,71
5304,35427,36044,93
31076,37799,2441,111
28779,28644,10913,84
36786,29258,13676,48
24753,18210,12090,62
919,19989,30374,82
34624,37220,23765,100
27501,14745,36800,88
5421,4185,11384,69
1191,34616,23487,101
35004,37803,34145,71
30292,7804,35410,118
2622,8475,15796,118
34863,28891,6283,94
7919,25168,38542,51
15080,16117,21276,128
10521,24046,16104,90
25695,7671,38503,86
8579,31527,31091,85
27924,10821,910,102
914,6395,15434,120
30370,14001,21469,85
21347,9363,2562,125
6066,9826,19622,126
36829,13752,12305,80
19616,29589,35012,49
15257,7740,29478,88
36468,11505,36923,62
33211,1877,34126,88
2385,28193,19270,110
1888,5311,10013,114
4555,21213,34702,81
34695,9515,29480,48
358,7990,10567,73
13601,3388,3991,73
2738,21153,12294,134
10881,1614,37743,113
28574,34274,10863,63
12117,34686,38646,58
126,11509,28001,62
22638,31173,12882,106
21419,10234,14381,143
1266,27386,37120,78
3252,25737,30170,80
28575,22028,8283,88
2682,28510,3191,98
4884,9297,12478,77
27755,27951,20452,94
8010,24353,11320,82
37523,17344,30983,89
1813,25832,6915,89
10677,37932,17601,95
29715,34781,4850,35
7679,1734,4130,127
24072,6856,8557,69
489,9036,31923,67
10510,6465,34162,80
24406,5653,13662,61
23427,34787,26392,81
37613,32728,1165,85
34996,2751,8285,98
4551,25572,25585,90
29680,28741,13755,47
13544,25918,11713,61
2283,22817,29300,101
25202,11706,33304,48
979,26490,38023,89
22947,9334,3235,96
28186,24939,20677,51
7768,17709,11697,79
11549,33355,30,51
37812,38741,14734,92
3315,4809,17626,60
24482,6972,18823,52
7857,30199,12871,104
19916,24013,16734,68
36336,15366,32668,70
24194,7107,28635,66
3233,3500,11747,50
37662,16936,36913,87
18938,18451,36993,70
36448,30006,38356,48
7247,24034,16076,73
36073,33363,28010,102
33066,30514,17003,68
6225,9939,22975,147
19762,12848,3140,87
15197,30390,13611,76
28193,6125,27329,108
36155,36131,1993,86
24828,35293,32580,64
35590,26461,2448,113
17493,10700,20715,52
29343,9220,22264,56
7681,12432,30755,97
28274,37238,36987,108
9019,24439,4908,70
27366,32612,16119,60
13187,19825,7625,110
34916,13142,15898,93
24836,5691,6180,69
33496,11766,9050,72
28833,21387,10617,104
8736,25610,14288,113
37957,23260,22577,146
1950,33985,37942,98
13875,13081,33154,87
19836,37765,21151,123
451,36871,13829,50
34701,12387,15281,94
34062,38508,13589,27
9862,1172,6501,130
36489,20763,36428,44
11612,37259,26365,53
26264,9073,36432,60
10960,8670,36789,88
32378,23477,20378,62
25033,29630,6012,54
35283,15209,23303,146
31032,26628,29277,34
32559,10668,21385,82
21271,17754,9053,103
27896,35406,9153,126
34957,894,1229,81
16569,3319,26648,43
9451,13571,7,46
26274,6866,10156,70
2511,26399,19663,88
2333,33894,2611,105
22739,33089,13182,123
7863,1149,14387,117
26653,6178,18031,82
27956,8411,11568,89
15409,27258,8335,89
13111,36033,18323,83
27102,25845,18194,76
19528,27893,9024,101
28567,16933,31570,75
20451,429,29000,38
36358,37874,19662,94
34969,27130,26447,44
36372,3304,32443,49
22955,18788,412,71
14742,15204,32445,91
28694,25773,10198,119
27132,3160,27439,50
19835,22545,26516,89
13140,18304,10858,86
31577,25215,9483,64
18381,33834,3361,52
35265,37640,30916,116
19086,21924,28225,87
24492,7703,30499,94
13127,34662,11266,66
24473,27461,16508,55
37507,11267,4886,69
17504,13890,21833,64
18917,27163,37592,76
37870,27834,20739,93
5598,31526,4642,67
19107,31689,26718,62
12810,31959,2695,121
30356,4247,1720,106
31892,10188,3930,125
18490,28125,33094,104
1872,31184,36436,83
5347,12092,16839,66
3980,12930,4683,93
16582,22633,22142,85
21796,27021,36369,61
18210,3165,10935,67
22589,10113,5456,119
12773,31009,11274,67
12519,25708,15401,115
18440,11010,15417,88
32750,31996,30279,64
37204,15235,28049,118
34632,31594,2686,99
31740,30354,12404,92
27254,10666,7584,82
21775,35269,10113,129
28113,14374,36848,119
33486,8590,36456,89
18760,19235,17285,58
8319,29471,29459,41
35317,4603,25854,105
17639,15901,13710,76
35505,21071,5653,122
419,16991,7577,60
18112,36502,7983,87
7941,14425,480,91
15921,35436,10511,114
24318,20669,28915,61
12341,19599,26377,76
6200,25729,48,91
17652,36882,17368,83
13665,9077,31527,74
10864,32346,8670,65
3057,16747,20452,33
25572,12298,26557,86
27268,3435,1503,79
17672,35496,8595,112
16552,9964,4158,102
35343,18353,32357,84
15324,19693,35752,122
6333,34235,35535,109
36000,4734,26652,47
21881,15870,38531,67
16983,33159,5330,65
22851,28274,2287,143
29410,11285,33873,23
34880,4229,20416,59
30813,30437,14336,82
31853,169,12470,76
11756,29724,38664,19
13035,3084,38521,64
22692,12005,1929,129
36949,10729,6124,102
10060,9408,24519,107
8558,35368,33243,121
12465,33857,7183,52
17613,38345,8389,64
24766,10669,2322,75
2300,15875,18447,108
6802,36375,24135,57
29365,21215,22579,103
453,23614,22709,107
33064,1965,35428,132
1604,28873,25684,112
13604,7088,24086,49
13608,33356,8290,81
33871,6294,988,88
1643,1610,33765,97
6880,33152,25740,80
36449,16668,28637,62
3306,11561,17758,56
34700,33921,36346,47
23733,11536,5691,81
35682,8581,10002,137
24865,253,10987,33
21817,16115,961,94
9966,18266,30944,92
8284,28804,7877,106
7879,29563,19654,75
15149,31573,35021,92
21313,16585,32451,69
21006,13839,33809,72
12231,24447,30360,87
28941,8622,37669,108
445,32691,8507,47
24169,31707,31042,81
23383,13034,31647,125
37786,32688,25088,56
26328,35531,32607,73
7963,26678,27450,70
9926,17360,38256,82
18751,15937,27211,68
28690,9349,27308,72
19229,33136,10049,102
10237,8574,31919,118
19062,13828,24977,32
32385,31692,9122,69
35396,23502,13082,144
18992,26332,28741,58
8412,19578,30252,83
36293,2301,24854,72
28228,18370,27211,84
20602,18932,7960,61
23315,13519,3444,85
18893,16218,17617,79
21932,10533,10096,100
33795,30065,2611,79
2467,10944,20723,74
27757,20456,24800,51
22983,9951,21045,150
165,27955,36137,73
31813,16505,14411,87
27036,23327,37252,98
6846,6495,24153,83
32636,28103,12908,93
26545,22630,19721,89
33809,33487,24935,47
30432,36894,24281,82
34910,17491,17579,69
1778,71,30950,68
24060,35377,16987,93
36033,12207,17746,83
39,27465,4909,35
12781,32704,5720,66
30330,12800,24181,90
24762,4125,29430,47
28001,24022,4056,115
29766,19157,12163,56
12778,25880,9964,128
13185,34516,9472,83
6277,6905,13917,67
7179,38350,22062,37
18767,25059,20256,21
26458,33507,36875,78
21270,1902,38012,139
1010,15806,24890,72
10644,25932,4916,76
22656,37055,25707,118
2008,27013,1604,103
10561,36211,18785,61
18972,33249,24418,80
2582,22145,38418,78
14424,33132,10517,101
4837,12367,24198,79
6010,35645,4678,114
31766,12335,21149,120
21127,9486,32673,85
34979,16934,34042,37
11334,12386,33154,81
20012,19806,27026,71
13721,38316,35287,71
4563,3455,17004,45
9483,1001,22268,84
30034,22574,19992,99
28165,11755,34069,65
33121,10978,33384,94
3864,20439,37827,87
6980,36865,4197,78
29519,25064,10504,31
16164,30053,38754,64
36193,23515,22755,122
14419,28753,8523,105
22769,30291,21150,121
183,31938,404,46
38279,16013,21292,92
29266,38347,27066,24
37580,15229,12085,122
24299,25887,8315,100
10949,33424,8421,92
28227,16953,2640,105
14659,18103,16968,76
28781,28578,37573,105
17580,3969,23761,118
19651,37685,24439,102
25720,33772,2344,95
3008,22905,16502,80
1802,8268,14757,119
7843,319,912,81
28889,10599,21487,104
1190,19947,33190,95
5517,27936,5686,84
12253,5010,9353,77
5517,12371,36236,76
29565,34844,17289,47
37724,17596,12010,107
12989,31092,1117,89
30114,20720,2681,72
34525,22504,9029,93
17673,27196,7739,84
22072,27979,18992,87
6318,10607,31599,105
12459,27155,14624,93
37141,2533,11453,89
4156,30306,11330,72
26711,36332,36313,54
20457,20629,10570,28
15337,6272,31520,122
37553,96,24128,80
21368,31574,30889,102
33448,27375,35632,103
30754,30098,37146,71
9311,7173,3377,54
29572,5299,37266,54
18077,35328,33347,111
35624,24795,28170,102
29479,4640,34821,35
30990,23334,25840,108
26479,13242,34903,68
29654,36896,4988,49
17324,38003,14412,113
2370,28814,25804,116
14580,34869,30960,77
2342,2402,23576,148
9000,21018,20694,79
33104,19573,20256,65
12181,5749,20502,57
15865,5553,4861,70
33427,34104,12878,83
2614,31647,28863,112
18909,15405,18140,80
25655,5254,6456,104
14627,2328,2402,138
22194,3382,12157,81
23426,13680,16255,102
8351,28752,21911,88
31867,35612,13713,100
30092,27793,14723,110
32459,3821,15316,89
18024,36333,14565,86
21973,28051,21147,121
26452,7931,32290,63
4007,8707,22750,122
6454,36175,17294,94
15800,37018,30885,86
32554,19503,16897,47
23334,14338,5699,113
37531,18900,34911,78
6367,33407,32514,90
37805,3166,16656,76
5359,11637,7056,36
29723,23572,36038,77
25073,21018,12793,92
15776,6952,378,50
6300,34238,11635,66
24379,38306,21229,84
18866,12283,891,84
18961,21057,21256,116
21768,37768,38587,75
17647,31850,32506,68
37151,33057,36123,87
29321,11688,24108,43
3403,34023,18281,52
17439,16140,15,69
34699,29644,18141,44
38702,290,27423,26
16773,11405,15755,58
34669,6106,10027,115
34943,15227,9161,85
31178,30448,3386,60
21273,15949,23471,139
33339,35732,29636,92
31624,755,1821,110
6494,14004,26484,72
307,14681,28272,94
28996,37563,9859,126
11764,12353,32756,54
18445,21288,21796,98
23586,16238,11571,99
4590,34198,6889,30
4508,4560,14688,70
9975,18978,37820,112
33187,1234,3398,87
420,35317,29448,63
2677,5257,27170,82
31737,27273,30209,71
12220,27304,19184,67
26433,25803,12313,86
25200,4100,26635,55
10809,22268,4728,63
37640,2471,16719,104
26433,180,37582,63
3153,2388,25715,106
34180,2431,7635,100
4928,5470,30945,51
7787,35600,21473,146
10105,24080,32731,88
7789,21502,37243,124
37026,7174,9453,65
10646,3301,18161,67
19022,30427,26451,50
38683,3214,35563,78
25117,10208,22694,103
18361,15328,4870,78
22090,21419,6356,122
9839,31241,12242,105
32483,30136,16047,67
19264,37199,15432,88
25125,2394,11330,61
30107,38659,2435,75
11711,66,15196,57
28938,21493,26760,92
5449,29647,4716,37
21477,21126,32748,108
24974,21498,22618,102
29303,35615,16897,68
5629,33004,27930,100
27426,28134,12134,97
4768,34553,15805,68
26603,65,22771,67
11722,31933,15098,85
7269,34091,17379,42
29427,21075,12097,90
27494,24122,37780,89
20529,3380,6360,69
31662,2403,8275,115
35392,26435,10823,89
1801,6969,26309,63
36177,1798,2258,113
36334,14321,34816,80
30499,35748,31653,109
36261,18447,17564,70
34725,18334,10553,64
6330,29655,3432,71
33998,28198,33117,90
30496,2302,12419,106
17322,23340,36108,99
15187,30966,26457,71
12916,13248,30459,100
28796,7095,31542,71
34576,34731,25871,72
6173,15287,38767,93
295,30934,38300,29
31634,34004,22227,68
15282,516,34786,64
34661,23703,38331,74
16811,27349,9359,53
21167,5407,18009,92
15752,34263,23335,98
34923,34936,14666,76
31721,14563,6501,123
21180,13782,5487,82
37972,18024,2252,116
4077,38354,10780,69
35741,15263,6848,101
36813,20745,5408,52
24874,3914,17388,69
28765,5258,10517,73
30495,35430,3112,95
15247,13951,35512,107
1780,21281,13628,107
31190,11005,4890,56
909,25824,17263,96
18872,32327,6184,71
15082,16946,10933,76
36394,38744,29617,30
31512,24406,20341,65
36796,23765,24227,112
6098,10102,12324,134
40,34831,31936,57
9351,34052,7728,79
8581,24141,1635,106
27327,27846,8711,94
26015,30863,33493,91
25879,30036,32766,68
21217,6143,4813,111
20374,11369,19962,40
34183,38527,9106,41
349,37025,12370,73
25582,16529,23429,101
32385,31248,12255,62
28089,7148,2673,101
33523,36805,1952,110
8010,10920,13560,80
1168,10049,20732,85
16221,37031,22590,117
24338,4207,1598,113
8621,7710,21143,126
23463,29763,6123,103
28076,352,33915,61
11580,1591,10213,105
22956,1783,13747,106
33019,36976,10763,90
16982,28947,22161,66
22050,10585,19770,77
32731,186,14517,56
37612,18,35724,104
1848,20571,36192,67
35571,18153,11561,86
35716,15818,36012,111
8642,7178,1031,72
8717,30160,7594,98
22681,21963,37654,119
31755,10156,38430,90
3137,25738,20723,60
1786,18415,21004,117
30787,18813,15931,71
27059,7735,27829,104
32578,29255,1788,56
28070,31654,22203,105
7904,6258,187,96
38629,3337,6161,72
23393,16859,34083,72
17696,21925,61,57
16265,37148,26413,80
34695,28549,27335,62
21004,5371,27190,84
33397,15180,28996,106
16111,32680,22640,94
5589,521,25691,63
17436,16747,28128,83
2713,32645,32764,64
11751,34184,11619,29
16945,6993,21155,68
2603,31557,19116,98
12115,25041,9440,66
11769,10560,23403,86
12500,2588,188,90
18280,13101,37929,107
28193,19217,10970,86
5489,27196,26523,46
6750,23270,12196,95
36813,15949,7245,75
6107,24523,14250,118
31609,21475,27235,99
20393,18976,21151,68
29767,362,19069,26
20291,19262,12473,54
35444,34565,24493,99
26466,31734,27487,61
29594,6753,31783,45
14420,6027,14022,102
23521,27984,20548,100
33843,16811,21014,70
26381,5354,37718,76
25775,9040,24836,68
15013,7045,13917,61
15236,8499,25624,112
23603,33452,34911,104
4239,10616,6394,111
21487,36838,9833,132
1576,25243,28872,77
18132,6451,16625,81
28150,24788,1036,81
37270,28089,18964,93
26638,9495,3871,79
31101,14693,6351,107
31639,2328,3963,122
25037,22724,27979,98
36007,6350,4590,82
94,18448,9322,56
4790,18886,12757,69
12057,4897,33488,85
16542,24350,28181,86
9777,29593,22844,104
2618,18264,3305,91
6960,33091,13202,81
30999,7727,10961,85
22721,23668,6291,148
3940,26693,19867,80
21968,30049,30148,69
36157,31142,34556,56
20378,33442,1169,69
128,31572,37902,85
7265,20674,18272,32
22930,19134,36866,96
19100,15050,34259,66
22239,34154,28181,80
7090,17023,30495,40
18874,17405,6131,89
19867,11734,9902,89
21816,37586,36003,91
30035,37164,3234,73
13945,15860,19895,78
22877,18389,29658,76
15171,34837,6028,105
23275,37696,11457,107
25742,7533,24036,110
29758,16849,29475,19
17276,25049,38474,34
26339,25504,15156,91
8692,36399,4578,68
12089,24264,18210,88
12031,15329,1600,121
13206,32682,34652,64
16199,12951,27194,91
33356,23493,7028,94
36457,7587,25238,67
13535,5264,18279,55
4843,20405,2361,64
5485,21157,7246,76
24780,18865,5408,38
19152,30403,16667,49
36502,31063,12892,78
22516,13544,26685,74
23646,29296,2728,104
14009,18352,3359,56
8558,27136,3954,88
36423,36459,15773,79
24160,6245,37130,107
18924,26284,19765,56
19959,31640,36447,83
28981,15941,36061,88
34817,34831,18187,57
30335,975,13806,67
38011,37226,30234,98
10658,21053,28971,104
19131,14276,36162,79
27961,21056,18986,112
11018,16811,26363,47
28624,34185,33501,74
4062,34580,13541,70
29569,34582,19068,37
11511,31508,22948,93
30383,34529,24414,68
33312,23294,18873,103
8736,1222,5012,79
3333,3762,27465,75
21485,20562,30131,74
13944,22228,16748,49
32541,12884,10846,71
16793,14303,1866,97
12343,28851,30890,84
30184,22742,20578,73
1191,22879,13810,94
19203,37717,37711,106
6175,36021,18913,84
36857,36836,33317,97
18113,9043,18343,73
10695,37122,6398,102
22882,16130,6932,93
24182,17661,18284,78
16661,33762,13094,59
19722,20504,3239,50
7237,7716,35572,103
35761,215,16872,70
5650,38451,22195,49
36445,9275,21128,98
25013,34521,21217,70
25179,24029,32348,40
6202,24208,27129,91
34034,18113,28642,62
9813,25807,18907,105
12954,8531,17311,98
32535,7597,35393,104
28199,17596,22920,121
16677,26757,6287,70
16045,26510,25996,87
12867,28967,24513,98
21061,16140,28855,117
9352,27267,31692,76
13504,26752,38439,30
21036,22726,6870,106
17259,14292,15052,109
18334,16595,10984,58
17519,12332,12308,98
32654,18504,25864,69
19968,30448,23329,102
1561,21478,34521,111
2392,19671,9765,127
5635,29639,35403,76
3935,342,7182,53
6934,2346,6046,102
21901,35309,8299,111
25907,30301,34795,77
32605,1681,32529,60
16265,32770,35527,98
21845,2365,16749,84
3178,4960,25121,37
30054,29286,9209,53
11376,21049,7675,103
2613,21905,9501,100
27086,14748,8545,90
36186,12241,36420,78
31987,23463,14386,128
37606,15398,15146,127
119,4240,34585,63
33372,13105,24443,103
37512,34838,21397,112
32582,22625,29522,61
9942,4167,198,97
36861,24295,25713,98
4228,16579,29751,55
21820,28146,4681,85
2770,28965,27032,93
28255,12171,33116,117
37770,17361,27862,117
38479,36318,35701,79
765,7632,5453,94
22563,28064,28259,141
33040,4741,23363,101
1008,11666,17741,68
143,22790,7640,98
19122,200,35634,75
26534,19788,2593,88
28622,15766,6470,114
33221,7270,2700,90
25163,15847,1909,84
18330,37971,14511,110
17317,24495,32633,63
6314,9833,35737,151
15523,29430,26487,57
12418,16140,2505,121
25769,28645,34575,85
29304,267,27488,25
34624,17717,38730,48
27996,21871,36251,92
21171,3183,31786,104
38330,38623,7688,53
27794,19942,1223,106
1703,32731,22786,101
22045,27850,13827,84
31915,9755,12253,121
14583,10864,7006,73
18757,4864,13882,43
249,35615,7668,102
23350,36488,13999,86
23714,340,23322,110
27828,26618,30801,76
29529,8722,6366,84
20261,30439,33228,59
21993,13500,31235,56
26581,14360,29329,58
771,24754,7941,78
38297,33870,16982,25
31642,4948,37018,79
35306,37240,20724,86
8741,18480,25635,94
20706,32473,13653,23
34908,2750,2513,113
28672,15041,23284,123
89,29402,27501,25
34656,6292,20727,66
27876,4077,30179,108
37553,37798,18854,106
2525,21225,1004,130
4514,10057,10266,116
9434,8567,27902,106
11368,19,11251,26
10629,1140,38494,61
13970,29358,18973,33
31993,13200,9311,100
27497,21053,36441,86
24758,32021,24035,66
28932,28051,38644,81
9069,145,14444,75
34766,21849,16179,79
15057,32449,34652,66
5500,12440,10182,106
18933,805,4620,62
25783,19658,7989,109
33773,36091,15813,67
8291,37223,14314,106
30362,21502,33760,81
30979,28914,15827,85
20463,24055,957,63
15405,35289,18305,117
20449,20456,26333,16
22034,34043,38763,39
2565,19022,7793,107
15519,4668,30361,77
32262,33155,511,49
6998,4897,34965,38
28212,27047,8435,94
1617,15925,12176,117
14445,15174,371,89
6471,13202,32274,94
19746,16208,12165,101
38253,24039,29549,38
20694,10501,15817,63
9439,32699,19807,63
16841,170,8587,50
28137,13795,28063,105
18167,5457,14692,84
14442,6103,25692,127
19555,25797,28881,96
19518,8756,6338,108
27807,13819,26584,71
23373,5397,23509,123
18206,10969,21964,72
28997,25799,37727,113
1602,10918,17650,94
30850,38264,36888,54
10186,34941,30182,90
479,9375,16565,44
10022,23605,20508,105
34889,28927,13538,60
31688,13920,22904,96
1895,18891,23517,112
20384,34610,23547,71
35590,37192,22921,133
12761,37809,19641,112
12401,16640,20264,49
10122,22845,13504,113
13950,29649,3071,37
29731,29542,28510,38
18374,13529,13741,49
19199,4599,20561,32
22142,28018,28683,101
18198,1518,3007,87
13760,7892,22550,105
36493,10012,28571,102
12364,3991,31125,94
19164,6835,16987,34
36009,35542,33114,109
6785,20608,7670,52
8017,30806,16641,72
33893,25627,26624,59
30015,12846,27431,76
3203,36791,10629,75
10535,5521,19904,71
21020,15877,34705,104
24002,31536,10245,114
18048,30392,10656,69
18899,12938,29254,59
33752,3367,4955,43
36395,38396,5019,40
3901,36178,36471,82
37645,24485,14421,116
1015,9088,31854,93
4961,38740,8297,52
3792,12455,31633,110
28883,5291,27751,95
19728,15140,17529,95
19831,7021,16500,46
22891,16902,19034,76
23536,25145,3787,95
9362,23430,15104,120
31576,34523,22702,100
22616,19975,37502,122
22595,10761,976,105
17689,24324,36985,86
16084,38370,25917,80
8484,17673,8478,92
36161,3122,29311,45
34765,36063,28253,84
26322,37138,24015,72
6448,24524,9363,103
22683,29687,24770,56
31587,14706,22729,125
10196,6511,35675,151
26768,15405,24890,56
32276,33284,31730,77
2730,36862,15260,120
1981,13051,37203,114
331,33752,22899,64
28022,26653,34857,75
347,10503,5611,49
36046,23703,3114,93
32757,38306,8514,46
5377,13225,3366,78
13683,19647,26457,53
17627,20017,17674,80
7199,35770,37573,105
8616,11357,26368,55
27977,29767,14422,92
36931,15058,26648,84
7648,37827,21294,138
28697,38311,27955,81
29023,4255,34589,87
8447,24901,5466,55
6155,25059,19722,78
35337,15398,30024,116
15803,2381,34915,102
31647,6480,14720,123
3933,24764,29360,47
13943,18138,8345,69
17262,20737,30491,50
34014,6438,9360,83
37673,34591,4908,76
37705,28207,31926,125
9778,25557,7834,132
3469,17404,27154,61
6335,16064,11738,94
17367,10969,12320,86
10953,34809,37911,86
5401,31245,36083,58
6968,13638,9852,71
14356,7889,32650,93
33213,34731,33931,61
12163,9355,36293,84
26733,37054,12308,79
33278,18134,35316,111
32542,36415,23513,81
9291,421,16570,44
36295,31802,16157,92
37802,7092,173,58
32386,20705,28026,56
13966,14372,410,61
13064,10695,26382,75
19954,35377,13510,94
22896,36785,8347,113
25161,8316,33898,45
1190,24928,13901,48
10972,18874,6780,47
3827,7053,18781,63
30320,4546,3768,76
37825,35539,32684,106
25129,4731,6846,24
38701,26549,6333,64
12978,25041,38688,47
25880,33381,16605,84
9265,32305,23410,87
10154,13676,28759,94
6205,3116,18005,90
28732,2763,12056,114
10995,3909,34225,73
38369,16852,2320,64
18382,37250,6501,101
21503,2255,37946,143
16519,1924,5395,74
35482,3228,46,79
16142,26516,20691,51
3858,13571,21215,103
120,17008,31943,51
33892,10538,38341,38
25637,22788,23748,139
20596,9341,11452,39
27021,36916,33939,55
5024,18875,28651,60
35329,36255,31651,108
31941,17599,30452,82
31067,19585,21513,96
32771,9331,19771,63
2713,12833,34647,104
17352,23329,17522,104
10674,12323,34249,69
38397,13741,11260,28
23469,8328,33173,120
21112,35356,14301,145
26439,33285,345,53
13944,18836,33254,64
24862,18851,27314,34
6465,12512,18462,106
36002,27316,15524,77
18779,23514,5668,87
37661,33210,22060,105
17710,34098,32690,43
27128,27389,24407,59
34534,31590,22720,100
12420,37679,12409,117
14436,24315,20648,73
16065,32378,29530,49
24414,1532,6506,120
31799,5413,8007,96
28656,21996,26556,67
14563,26279,9782,105
10751,7785,15034,108
16542,5369,13021,69
24135,18475,25594,90
36185,27449,8274,69
5394,37070,37135,81
22693,15862,17678,112
28687,25133,5680,52
7876,1908,36511,108
16738,33313,38446,51
31616,29685,37679,83
14521,3765,444,88
8335,6346,36349,101
3255,34983,8703,70
9299,31942,31929,95
15164,36917,24468,101
34842,18964,20740,35
36853,20374,25936,71
29514,3885,13271,83
18305,21797,24299,77
10947,18524,28617,77
12245,25898,3206,94
20256,18792,9115,45
415,10256,23289,109
19028,28564,10256,97
21106,10031,7734,144
17404,28598,10227,107
5739,26389,20668,33
9955,10234,19238,118
24807,36514,30398,46
22029,31045,10182,94
11666,7210,420,23
12157,36805,8348,100
15961,168,29633,47
21823,34563,30519,64
29463,1590,27074,63
28768,35000,4595,61
23495,21826,20435,79
16570,31519,17482,71
30799,21278,5643,87
23010,20384,37794,96
23494,9250,19999,107
19695,28793,17697,84
16052,33404,13102,111
16550,23013,10545,84
12511,17546,3356,82
7786,24898,9197,73
6386,7032,29331,58
29648,37045,13019,74
8600,7695,787,108
28625,6964,18102,60
28644,12057,3101,86
9840,16525,402,68
4738,30922,10129,83
33298,19217,34048,60
21484,11735,5757,79
38353,14341,30479,69
36247,16919,93,38
11571,17698,815,68
9779,12791,10031,141
6754,30505,37720,74
19998,24310,34571,74
10825,2510,37731,117
18316,38262,5533,47
21910,8592,990,90
18214,18963,815,71
31826,31881,10556,92
23408,22976,32696,109
2455,15515,21991,114
6499,20634,37895,94
38552,957,18956,53
19221,34934,34798,50
7109,27430,37711,67
23342,19707,27888,126
18412,21956,16809,59
32498,350,5340,33
8703,2645,3813,121
9015,12752,30855,84
33233,301,13726,54
16179,34954,36240,75
12009,29628,10220,91
26312,15363,16037,90
34064,17652,6060,82
21974,9832,2003,120
37643,10653,31174,87
25511,24956,11668,51
13595,22863,35474,115
5388,31843,16676,64
15132,14257,17540,109
20691,13788,10871,39
16155,31542,18940,87
30992,24788,22090,46
4214,25773,13257,117
18155,31802,34974,74
9484,5714,3833,86
11398,16860,2605,69
4782,20007,38720,47
12820,29633,910,75
38751,38489,16260,47
5719,14276,3144,81
16020,21047,8504,120
1531,33258,6250,126
8610,2638,17432,107
22659,35277,36890,133
33463,33073,1161,102
31805,12498,7107,77
445,13077,14576,87
33016,31740,12758,108
37018,947,7866,106
10532,7604,12480,103
19930,37799,13868,86
30057,16543,29767,37
5275,17604,19575,73
12113,12063,27305,87
20367,7207,2571,57
15822,21884,16605,73
23334,11663,22252,87
11444,5411,1214,61
15425,25787,18887,95
5368,19534,33353,82
28208,11691,16081,93
4068,36017,34057,70
17334,12459,22917,111
5391,4635,14448,75
1830,4266,4799,98
15436,35317,11389,104
28547,20002,9808,109
36853,25784,30117,91
5344,8694,1792,96
15069,22075,14457,108
14308,27306,9131,84
20566,19782,3865,70
24821,19929,4701,45
16705,34942,10205,79
6887,4640,18028,44
25194,15369,9393,71
5015,12332,15237,91
31767,22766,31002,101
34724,34631,26563,46
33760,1030,25732,79
32308,6469,38278,60
29415,34048,441,19
8006,4608,9339,84
7926,34842,24504,89
37721,3897,32283,93
26331,32535,36870,51
1037,5647,30027,73
22652,12281,15286,126
22015,20451,11672,37
28812,20694,32556,40
35599,13516,26687,78
1840,19130,15214,101
3193,29449,12095,60
35285,28135,23628,151
19742,6911,24899,38
23350,18194,34846,92
26383,37576,33030,92
1635,25847,412,88
2749,16008,12853,124
31553,17449,6313,107
23294,9010,35439,132
29645,31627,21371,88
36917,17513,22531,106
10794,34895,31542,75
10997,10610,8596,81
18786,4924,27019,45
33144,33181,36009,91
31525,16610,28272,91
29011,6345,7715,120
20603,32307,24165,39
6984,19940,8420,68
26705,24357,3820,81
35289,10791,16656,88
25614,6966,4819,59
34987,36974,10131,99
38450,7712,33767,57
22092,16690,37220,67
4065,32651,37192,79
3400,2340,15777,105
38346,25019,21452,58
12286,23418,22677,137
26382,17326,26580,50
33874,9,10128,66
13919,17474,27926,85
28071,9145,23719,125
34577,2435,29680,69
38420,32009,25179,42
17369,15269,23260,119
32610,14436,10746,74
10627,9437,36359,72
13808,34642,21326,80
33810,33945,7257,25
13764,35430,26544,78
3951,19041,36304,77
3346,29588,32540,32
36122,7207,32521,36
18283,28973,27755,99
20475,30940,30298,42
32309,967,23353,92
4968,3397,28812,64
34837,12757,2443,104
32376,37760,32015,87
10881,38406,28633,59
7795,22758,3445,112
23579,11719,15034,103
21397,36349,2739,119
2714,22042,38011,118
11422,33306,18796,61
18179,25703,13204,100
18493,36346,3287,64
8555,35601,16947,97
12141,16995,23264,99
38535,15918,10069,93
34908,10561,28989,71
31523,30413,20497,58
9501,20298,13191,68
37947,14433,36187,108
9478,25181,37603,75
11698,4688,13876,37
26428,2546,513,66
26720,16260,18274,72
8317,14720,6052,122
21115,1162,32268,90
1567,20313,17546,72
29726,33363,25874,77
26645,38636,14690,59
11524,13964,27896,69
6463,35546,28091,146
26284,13525,20443,27
24136,31693,30042,85
33898,20257,17702,37
36048,23325,29430,77
30155,30990,778,72
30859,3469,36919,69
37220,8496,38648,69
25937,14010,4860,65
12348,21476,20774,88
34159,24819,32732,20
4553,4607,38286,33
26544,4502,32400,34
189,26459,7160,25
36787,1219,2651,111
9453,16557,15048,79
473,27753,26355,64
38324,34589,12981,61
12751,24480,31077,86
183,34520,30960,41
12782,20439,36969,72
6867,6302,16790,65
23013,29552,38506,58
21844,36182,13710,59
7619,37958,25160,91
31046,3375,17488,64
23601,33781,19125,77
13617,19899,35653,94
5406,16110,29481,60
18339,4168,18786,79
14455,17304,36436,89
21262,36822,3134,101
31662,28517,25274,67
13580,15272,7919,97
30415,11342,22578,81
25198,17647,26018,67
30863,10070,19218,85
34731,2748,3403,85
35430,24988,31657,90
19568,30161,25650,88
904,31799,27087,81
9161,243,25942,71
22064,4838,35647,92
16993,21080,10875,85
36328,23615,18293,96
15485,22798,31762,124
19074,22806,19660,93
21027,15072,5437,110
24364,28137,29399,79
38478,16164,11349,52
7770,34225,25597,90
16634,31711,10579,69
21014,25996,22012,113
34060,31828,35339,96
20747,3026,19084,38
6449,36211,33780,77
15839,2562,21984,110
10873,839,28721,86
18828,22698,19018,81
19176,31119,2445,82
2510,30845,26345,78
24128,38723,7140,41
10903,12152,15108,101
8461,23567,21163,135
18004,37947,5772,87
219,8651,21338,89
12435,18865,3929,92
6325,20327,1202,81
18783,21302,23604,118
35555,33399,1821,132
10817,8516,1921,101
22175,18148,30916,66
7944,3994,2706,131
1693,18269,7186,74
35341,2542,30015,123
10068,20342,10218,104
15094,10026,10844,116
979,4878,31556,80
8613,20592,7941,78
29443,34987,25196,24
11260,14657,25898,90
8633,30272,14327,97
280,7704,3019,69
34995,6221,19503,92
17605,6926,26391,45
6259,15005,16228,125
22179,30965,27389,58
36832,14314,7215,80
9319,22922,971,108
37108,34130,23719,92
35401,17004,4257,104
34884,22785,30887,84
34767,32589,20470,27
7703,27877,36005,110
3262,6315,34625,84
15196,36829,13688,85
25715,21366,6965,95
14622,24261,16913,82
6013,30225,8461,102
15929,21791,6160,109
6852,15470,36892,79
6867,31048,849,57
11674,10743,31984,68
9764,35748,1972,148
9,27882,16888,63
28209,36506,28036,113
425,15416,22177,72
17577,8764,17295,85
30166,27974,12458,104
31759,28069,896,112
38771,32650,25258,16
30091,12472,28906,88
34769,11315,10034,78
25829,14407,1906,124
8419,17325,37912,104
10820,34865,21802,66
7914,30893,5746,80
7048,6976,23406,66
37134,1133,16952,74
19913,38438,34098,42
13669,15851,21379,100
4227,10969,26762,76
21170,35637,21262,153
2736,38570,26524,65
15761,20659,2705,87
19167,37510,19677,89
15137,19254,30134,79
10706,4191,3523,84
32537,34746,3390,45
7015,20317,1644,53
15956,9206,36481,85
11740,28079,32533,64
10702,28645,28141,100
5648,20387,2664,69
18211,15387,29703,68
10518,3220,13788,57
31090,4889,1142,64
30770,7538,15105,102
4516,6191,9890,112
37098,29637,22524,84
34903,24428,23512,98
14734,10257,24999,96
4942,13780,19128,43
27853,37789,19024,107
2011,3974,28501,114
27062,15360,12867,95
23659,17287,13242,117
13675,33046,16894,59
2266,3997,11474,98
5773,8717,3827,92
36102,34810,17281,64
15476,19805,6237,116
30274,16900,33768,42
25997,24127,14459,109
862,3071,17006,63
27410,12407,3848,91
12354,24070,22266,90
30471,7252,17415,55
16032,4637,7719,94
31801,16184,27955,117
38616,33781,25020,17
32408,27051,160,29
23518,30225,38494,79
12890,22879,18109,111
23455,21175,19669,130
22865,18215,9473,99
8445,29496,27380,52
36391,7632,2451,112
36266,8641,7581,97
22208,23423,38392,82
28547,25691,31531,102
22816,21275,29444,103
9930,37642,16088,133
10517,4000,3817,104
14638,19,14597,90
36788,9095,35611,111
33755,36305,30256,52
37067,14656,473,79
37061,19794,16582,70
20759,19540,33811,39
27302,3175,33074,70
37127,7122,12907,77
28647,29602,16814,45
36136,15755,7947,101
25162,19930,453,37
16070,28943,10559,91
36230,2269,35259,122
31633,8659,26516,79
16957,12934,17553,76
36062,8714,11562,64
31152,37183,7687,92
522,31911,15371,81
20531,23338,8658,87
3097,37036,19699,79
9007,32437,11416,45
9852,31697,10940,109
24295,5011,17458,69
12242,30069,6384,105
31985,2759,35259,135
15206,2500,23343,141
10660,16997,941,67
18999,16888,3837,67
34189,27423,11308,34
27315,419,22165,46
242,13057,34118,54
3041,35349,33075,108
12826,24836,2021,86
29534,10547,32740,36
22591,15219,15925,127
37766,7697,30396,110
26622,24953,8307,48
4050,13898,323,59
220,18860,29596,26
12892,15777,4833,90
4089,6282,36069,108
3277,21127,4266,110
10004,236,2413,105
5487,7272,2732,74
6780,29400,8261,44
5303,36900,15955,87
12181,15481,10549,101
15966,7097,8688,77
6805,26769,4585,33
24972,466,28977,39
34034,13043,37128,79
22993,38372,9494,81
1612,5429,20010,91
27786,7926,10976,113
35495,12896,6138,139
7749,4560,34926,74
14658,25038,38734,50
32495,12361,27036,59
8615,25187,9426,63
1225,24298,20009,89
28828,34689,16251,84
38753,29556,15931,46
993,1239,11632,74
27838,10236,19829,125
18088,24792,31007,44
4178,33998,6218,96
15480,22261,18422,89
10128,21235,1236,133
423,10639,36278,51
10878,38550,31237,47
22575,14268,18232,114
21167,37973,27932,141
27924,24797,345,55
33787,3905,15990,86
2693,22624,34163,106
20560,8003,27255,60
8002,22141,2320,116
8521,36161,12364,90
24318,37080,9329,87
9267,15948,4996,78
10521,19515,7604,95
29347,7129,16577,22
32457,1873,2500,100
7871,23477,34797,112
21955,31617,6941,66
34988,25138,27853,66
2730,7730,1781,135
14009,6860,35746,73
12205,22775,16954,96
2369,351,32682,62
30960,13974,21371,81
36025,19550,34732,66
17550,6318,35268,126
12959,14518,9015,108
1769,18179,1526,111
15263,37699,25712,124
214,9877,14373,99
15260,1675,28501,115
1871,10582,19889,96
30364,14361,16972,75
17662,3945,35496,119
2447,9484,19937,103
33843,25800,38518,52
38404,11479,32659,23
19971,17449,10809,78
31268,22158,24904,46
30765,20322,25604,58
27865,12829,20343,87
13770,446,17768,45
2673,29563,2477,100
15871,7264,31605,78
12818,31687,4054,113
5706,27893,30177,87
14720,28768,4706,86
30282,19218,1905,82
33416,21752,33433,95
27776,27469,21999,86
20679,17601,16085,65
2642,23343,236,106
15511,22133,27095,81
17675,13039,21390,115
11286,4189,11748,60
27129,19543,24936,46
20380,4111,18203,65
17491,374,5630,51
20476,7200,38477,14
21510,20308,9000,79
19203,24101,20428,47
32698,1600,19899,80
28148,9272,31929,107
2739,5492,8272,100
34927,24398,24433,75
17396,7678,22857,118
9778,26644,34261,72
36000,34787,15096,79
16176,938,27750,115
31133,7989,9892,112
7538,35740,37777,141
33767,25137,10661,36
13249,27502,30376,76
27807,34759,36887,94
18501,14272,21918,90
35615,26412,36120,86
6274,33897,12453,92
9164,18136,29597,54
3212,19620,33280,83
36229,1760,3102,85
38615,8544,30337,60
21856,19039,1806,85
18214,4092,21,69
7584,21807,27255,83
4810,9402,32576,49
2451,13160,4735,101
19581,15401,29455,73
15030,34536,15943,95
29257,20556,26330,18
24442,10947,3493,73
30142,10252,5647,92
6316,27478,10163,113
6052,15381,18885,104
2566,10925,13956,85
24824,4695,26757,29
920,9038,19845,87
21450,3111,20328,72
2390,31834,19921,110
37842,5589,208,70
333,12811,9827,96
28546,4735,9282,71
30235,5447,37667,86
10641,3815,13242,103
6881,7864,8692,83
19799,20676,34856,47
25203,152,5259,28
35302,3965,33288,128
2713,15177,16737,100
32338,38703,28033,59
1698,28840,18167,97
28879,34594,38003,92
27096,19788,36018,64
23395,22051,25242,80
12016,30863,23265,106
6119,23603,7047,106
12309,7743,20435,81
24188,5023,36875,74
18198,9114,2375,98
28088,15041,24222,116
20385,28863,21357,82
34791,1585,22147,86
12422,11698,26289,58
23343,1517,11401,106
12753,10721,35431,116
3305,28778,11513,60
1543,27763,6139,137
19804,7585,22795,120
4862,25080,19869,45
18318,1046,17458,81
30314,17567,9387,75
2516,8306,34996,98
6108,12466,30227,105
5433,15295,12150,96
1618,28547,1564,118
20658,38298,29522,11
17334,35692,32677,87
36105,38457,3839,66
24254,11580,3420,59
24376,13748,1974,86
2268,23583,2251,148
22746,32587,5774,76
22747,14354,16262,128
15896,33471,21989,97
37844,3221,18068,88
37204,7133,21041,88
33960,2510,18910,73
30141,18370,26643,57
4744,2674,10795,86
15270,23563,27128,108
24384,2703,27131,92
1890,19786,1225,104
7005,7711,1804,94
33315,18381,4072,98
15185,38024,35532,139
24522,32394,4196,77
19507,16941,17520,65
4750,32441,24837,25
37700,18857,36054,82
30335,9049,29340,53
1056,5286,13579,64
27825,30317,31694,102
4063,22878,36456,110
29693,27993,21037,100
31059,5272,5572,56
36183,4139,12778,100
1948,32619,12489,88
20619,34130,794,43
36353,36205,11546,52
8737,17327,13823,72
16198,19837,33515,100
8651,4841,22095,72
25685,11507,30062,70
34834,32660,28860,55
22001,36866,6380,103
17515,9484,32745,61
6088,14254,7863,132
25650,15931,18000,98
13220,1106,31586,105
37941,12958,26513,96
4543,20307,6815,23
10978,24198,25556,91
38751,5349,29281,28
8707,32742,1852,85
28689,37029,21473,111
1943,5015,27288,73
12150,19061,22257,77
31208,34579,2510,83
38451,27901,22807,100
7065,13820,19102,36
11679,4092,14296,92
3097,32387,19043,44
36087,35729,11683,84
15126,36100,31937,96
11324,33084,915,77
31213,26692,10939,54
30900,26510,24127,59
34915,12881,4118,96
421,25766,24466,73
37661,2709,10918,117
22785,20702,1965,95
35705,11555,12371,99
22648,6917,30335,78
37645,21055,18225,118
6096,34824,12391,100
10801,20306,35311,79
27148,38579,37552,65
15121,37200,10045,123
17391,29583,1977,74
13987,20747,7618,58
35319,1052,15765,122
23688,35676,7129,112
22502,18404,17456,98
5366,8736,35737,105
4072,37752,7053,92
1938,20452,27424,61
10536,37860,16089,106
187,942,32397,46
8575,10262,4217,124
11666,7026,12787,56
38669,8674,24371,67
11668,4246,13983,63
1515,37222,13559,88
37512,30000,22508,116
14308,13054,34596,98
28990,12011,33840,75
3996,15984,13744,90
7995,22120,28945,98
5468,22802,33381,103
27417,11423,10224,76
21073,17013,9902,112
9063,33037,36189,83
21444,24499,11771,89
4257,8391,30845,91
25954,22138,20539,65
14299,24217,517,77
4032,25238,1855,87
27939,17488,13117,111
18763,6962,14614,65
337,18450,34248,38
7212,19557,21132,85
27754,4840,14328,102
34844,30059,12317,75
29457,18308,30836,45
31202,24141,27792,93
37178,35406,380,90
3762,7562,10995,107
10513,32343,28572,62
14474,10610,18173,89
25845,16788,18205,72
18432,28673,25055,56
13618,17,34528,36
25212,22544,14619,94
34547,13537,3876,70
33450,27805,33812,90
37613,37677,33390,125
33076,33341,26652,82
4939,36417,7255,42
21907,19811,7808,96
9870,5759,9750,121
16568,27827,6449,104
27978,19532,31133,92
25029,20385,16066,42
27819,7792,20633,91
25040,35409,28619,86
1701,27305,12316,95
15789,36895,16208,105
122,34149,10227,66
9159,38356,13902,45
14422,13000,8399,114
27047,9040,24227,71
37738,24318,5016,88
4021,16194,21169,127
1628,2303,37753,137
898,29642,13651,49
31895,8268,10864,91
19231,797,24013,77
7706,28004,22197,114
9340,3384,30135,69
4019,25862,9852,129
31897,26513,33813,55
30786,18876,7619,77
16791,32589,21128,69
36910,13160,4728,84
28934,23390,4573,96
10253,3199,24207,100
5631,22084,29694,48
9965,28231,1047,129
16552,3866,33090,86
13018,9227,37169,97
6100,4994,29014,91
23009,56,28633,85
21512,3786,9858,141
15980,19076,36102,74
10743,32756,27898,78
18781,20503,9452,45
8680,26325,33521,80
31133,15953,36151,76
18408,8407,31974,90
34978,31211,27852,81
24879,30169,6291,72
27466,16756,9249,53
24761,22587,381,58
7682,14737,26713,97
28129,4730,20463,62
11560,28897,23353,92
25937,31536,24866,75
3428,27181,18243,58
3805,6903,29414,51
13934,25092,2362,64
17643,18445,20497,51
809,15962,14548,111
37645,14250,10944,111
16760,12971,16778,61
22764,32761,22068,82
11404,34844,15132,68
28549,9120,36334,78
2291,13094,19761,115
146,23380,32297,66
6122,8272,5010,94
10866,5260,13676,56
37884,27412,29316,64
32725,9434,1158,67
3219,3483,1985,84
9465,1206,35506,112
25614,23613,7215,97
7897,27918,10273,140
21130,7960,27475,108
8018,31982,24018,106
25550,27353,22641,102
139,14652,22132,73
11732,37853,5648,74
8618,29506,25527,75
4922,23317,4908,80
4162,18425,32660,71
38257,28592,30313,57
11503,3491,16208,67
27006,14008,19936,56
15813,31739,17645,97
30233,55,5490,47
13707,21498,31012,81
33506,10630,24947,62
32463,22242,15826,70
32409,18162,6224,78
371,9056,34760,50
12040,3902,3398,96
20456,38654,27197,22
30800,15358,4554,73
10558,28601,8770,87
23575,32431,35341,113
29301,6151,29678,55
374,20667,2603,56
15773,3396,37232,88
18914,35291,20685,71
19648,33089,31874,97
23762,25954,23457,142
24883,16621,38749,19
3963,6269,27125,102
14476,30929,25,66
10182,4084,20463,93
34013,25757,14501,89
38632,31620,31722,73
17282,4531,7635,83
22797,28187,9339,122
27157,7203,21870,47
19041,11368,16694,37
21186,18114,19980,101
20264,9310,22878,78
23611,35482,25648,143
17378,27447,16916,52
18995,8254,18097,72
36017,37848,32606,74
16537,28772,4009,81
19832,21433,27011,93
937,15510,10062,124
27419,36078,24114,65
15274,27919,23384,139
4115,9790,31606,125
38636,21973,9198,57
37111,38732,8451,69
7785,433,16730,60
38309,20688,11555,17
20762,8449,21037,85
6825,8287,16515,51
9214,18138,12802,89
3087,28087,34187,75
31836,18917,1851,94
33005,18188,5511,77
4769,24338,13596,56
31815,28639,15805,101
3250,20012,27448,63
18194,8485,285,62
26663,12447,37975,93
15366,3855,20271,83
9913,11250,34978,78
23684,13123,24479,120
14415,36789,2567,121
8518,402,27267,54
32573,35401,25833,99
6083,8315,300,86
2283,36013,26566,81
9990,10738,27980,121
27099,10708,29451,43
27921,26278,20748,60
3997,11429,1762,94
22010,13742,24937,41
10895,33256,2762,107
14512,15275,33277,118
31126,27876,13876,77
1828,6808,6198,98
29542,3925,28247,90
1122,24443,16171,98
16714,34683,15858,65
17516,33175,3286,81
38557,10080,16667,67
11542,4547,18498,47
11621,4980,288,30
21265,16176,4794,101
6976,34610,8633,57
33153,9825,34882,103
20434,34109,11759,21
400,37604,27495,66
5364,1524,13556,76
29514,14610,32519,54
36921,13532,32287,52
36978,31938,19799,93
9755,38257,25639,94
33270,25948,1053,105
2269,31732,16715,93
23637,13238,18422,114
36060,6285,7150,75
4952,31233,8471,65
36971,3398,36180,72
24807,35256,27432,71
33129,38577,24975,43
24240,24940,33824,41
31904,36800,14500,107
9328,20383,33447,64
13564,3089,19022,49
33887,12405,3394,65
12229,15333,14758,119
19882,19162,19118,60
27807,16729,18179,80
21071,27213,12825,104
6365,17592,28949,103
21304,4502,33882,73
24355,1687,10589,97
19974,16225,35537,118
1866,15480,18159,108
37033,6820,19713,66
12782,28726,35342,122
9286,16816,12179,74
6122,11272,100,63
17580,3060,4695,60
8431,15064,38343,79
12508,29639,31521,74
18341,25239,30457,48
25673,8540,30763,89
7190,5450,25564,64
32433,22529,14711,99
35303,33813,19115,78
7826,24896,12347,82
18134,37156,28579,84
34922,25868,23296,107
5632,1040,4680,65
15758,22964,32418,94
12887,1032,21070,121
11540,20669,24468,41
6366,4897,6214,108
24272,28783,1258,91
23733,18478,17618,101
17266,909,19039,74
11344,9842,10802,85
17550,3903,33518,101
12129,923,28608,98
34715,29347,24185,50
22758,17471,16032,112
6448,13598,27109,75
11651,30054,36785,63
25043,30287,19892,53
10919,38338,13252,68
25258,33078,1764,82
5009,16743,21915,50
29479,35337,18781,73
17541,14689,34991,85
16634,333,31972,51
34253,27152,13228,63
19922,6011,19548,103
33829,4771,12021,59
6762,1715,34849,68
5704,19526,30821,65
11430,34785,34782,44
21346,27522,19783,93
11348,13853,19642,51
11648,28631,4839,54
21384,15013,31574,125
27901,36249,21864,92
3056,13680,1879,77
9106,31101,15972,82
33067,38377,355,46
22173,36118,36883,77
16090,5529,26020,94
30899,16042,8287,88
33482,34705,10637,76
21944,6237,21318,122
17324,26734,2544,86
4155,3113,32325,68
3366,25998,25185,61
33839,14595,1596,95
10050,9097,13058,117
14348,7121,27305,64
24470,28201,16818,86
27909,11648,33013,91
4669,16668,33112,60
19545,15016,12848,108
2600,8665,30229,103
23383,34889,14492,111
35697,13028,32695,100
22551,14388,1505,135
35308,18464,29551,80
36946,28042,27408,92
25932,31758,27199,87
17010,13749,4789,38
15076,32021,10274,126
36447,35409,17361,100
16153,20418,16685,50
15783,24093,23376,118
5271,37709,26739,76
34182,28834,23511,91
27197,27128,29478,34
2504,22943,25104,100
12113,10831,17260,86
9235,17334,25836,91
34132,21331,38493,64
16767,1040,12511,79
995,18055,2399,103
35393,20650,12353,91
10149,2373,33325,134
10256,37913,25079,99
24835,19607,33764,40
9352,22651,23660,128
25215,30062,21061,75
14575,3392,33929,71
31025,3835,16892,69
20353,18430,1755,69
18142,8684,10967,80
16525,35507,19255,80
7537,12305,19507,107
28184,21466,10859,120
29723,767,9807,87
24092,25739,34511,84
10903,31984,18776,74
14406,36936,23663,125
7121,30177,4997,43
20564,14475,13167,83
28049,19093,18365,85
10956,16061,24430,90
32698,18991,38380,29
1910,11565,33785,63
14485,22713,31968,125
16910,28129,3006,77
28935,9080,19200,73
2683,26259,36005,81
36508,4822,34901,52
34249,16269,7022,53
22902,21120,1906,143
5503,34702,22989,85
34944,23658,8743,102
27891,10209,6843,104
28818,37030,11387,71
24441,26446,830,73
18942,32647,19680,52
22648,5580,12831,107
4234,33414,26686,87
31815,21278,21019,134
17664,9010,21403,103
38636,16962,862,48
6287,27372,18209,85
35356,35440,4944,120
33926,5021,34826,40
4653,4205,23707,106
10081,5325,26580,82
21960,22814,27289,89
33874,9887,37954,105
36836,36232,5443,71
21137,12482,9787,137
32689,10804,23757,84
9829,6417,10189,149
14291,15940,15870,116
26680,5436,32537,39
10656,14,21216,80
37110,11733,4084,81
33850,16525,4632,34
36192,33103,4817,70
12476,24087,35270,118
32757,5479,13205,66
20270,30436,20590,26
27457,3954,27966,101
36114,12064,35705,110
37748,13258,814,116
30360,32698,1274,62
22091,18960,10826,65
28792,31234,37728,93
16106,24108,24340,95
21351,24964,21853,78
21897,6020,31179,90
3816,27898,18922,102
4095,34271,13691,62
12045,10184,37844,132
15907,21236,13923,100
32533,4759,37893,67
24101,13944,9995,93
22972,5584,24996,71
4913,13939,16824,38
29749,23761,1715,100
36947,33251,33117,101
22618,15229,28620,120
19959,6822,10860,59
316,31886,26480,52
30256,35452,17594,101
13000,18279,36814,93
1119,12489,11757,78
6287,34865,22203,89
19128,18288,6866,46
358,11691,36386,37
14614,27040,3416,77
35305,29340,21233,107
4856,37723,33443,94
24480,22672,32325,86
26387,15831,33937,58
20278,7715,14368,87
27962,10076,25716,135
14547,21843,16737,78
7171,29600,29737,15
21388,10808,4055,114
21476,7805,13619,106
27988,27478,14725,103
38400,34204,24500,43
18376,6822,20740,32
28941,9189,6991,64
1742,38362,33298,84
13223,32547,25094,50
38665,36910,17497,62
4023,24029,34248,78
1978,7503,2747,135
9201,31055,20018,73
35756,21183,17434,129
8706,1781,4003,117
18145,15790,1813,104
19230,9042,13936,56
33296,29311,13136,78
23659,2001,38763,101
18798,33447,2448,99
27512,37613,35410,113
3452,30056,36471,63
21196,3089,36983,101
15261,28036,9097,114
4552,24866,23467,69
19742,16232,38431,70
28545,15932,27258,82
34665,17311,7103,50
2613,11491,2255,106
17416,26254,30305,60
17408,13785,34727,56
12861,17576,36174,86
22735,9152,9433,103
15407,23279,1508,137
21969,24844,82,34
34075,15053,3936,90
9500,11355,36301,58
19660,19040,19511,72
4639,29342,7171,25
16672,37510,14388,98
11485,20320,20494,14
36221,37098,22262,77
24392,2317,8756,110
278,7119,31119,31
14748,38729,30431,69
36865,12156,30429,89
9420,36028,21410,98
33991,6085,9921,107
12017,8646,36497,90
6523,12791,29270,90
15037,6847,9947,99
17474,9501,37664,98
8583,29763,27914,83
6340,1792,16584,102
23344,30766,4091,110
15805,190,14420,85
17770,20410,30966,46
21,6335,9025,80
2470,25816,10967,110
35514,14277,37239,126
9320,270,29351,37
34155,27042,22204,49
1644,19241,28180,106
38369,30243,15341,68
35283,33982,33206,97
32324,13944,1880,65
28743,37108,4900,75
2325,29571,19150,68
24454,33998,22625,87
11286,32554,23607,70
19706,34837,1676,89
25931,33964,16083,84
27093,19651,3221,63
25870,8722,10865,95
16519,37265,32759,50
26731,34224,6989,28
2686,31156,14365,108
9876,32665,19827,87
31671,18932,21185,100
35595,33002,11269,98
7636,38508,32417,56
6407,16927,3819,98
14448,31212,8569,93
10991,27060,19150,55
24385,12024,7612,108
8639,18957,10088,100
23004,12477,33909,94
30958,28212,29654,68
13184,8424,1219,104
29359,22923,28230,99
21033,29495,31705,88
35668,9361,31837,114
10628,25268,12806,66
37870,11354,20469,57
12215,1642,36046,101
6763,37081,12766,77
58,29259,28805,40
6144,9919,23746,150
18240,791,35023,72
15955,37913,24863,85
6375,8313,23413,132
27176,7732,33990,67
36392,24108,18408,73
16770,36789,3995,82
37971,31875,26549,91
20002,1181,36407,81
4267,9031,6118,114
7728,10784,5498,86
12154,19203,30893,70
21899,12128,25253,64
30430,26613,38007,79
30470,8749,21911,80
31639,1637,12407,114
25122,22946,11674,62
15829,23585,23726,141
22537,28539,37779,124
34093,32646,31535,51
3270,6931,38597,32
22872,6177,2537,144
30457,29330,33466,61
16090,11678,26351,59
38493,16882,5299,35
6516,20024,34193,84
25581,33427,33754,82
36962,7766,36470,95
37602,11651,11490,65
27993,3859,27799,132
36510,11667,21904,56
24176,2013,17449,99
38683,31576,11387,49
17475,25508,8639,97
16988,16844,7783,65
33493,32509,20500,45
10977,14691,23288,118
9787,10780,18351,98
21217,27094,29442,69
6842,5364,19771,54
28188,29543,1988,94
27278,32256,37218,54
37582,4878,21406,109
1190,31162,16112,87
6300,36900,14370,120
24496,22087,16580,65
8757,11324,31098,61
23731,19574,33436,115
15301,28089,2676,135
29592,2448,15133,93
7706,32768,31818,85
3089,36984,1599,95
2352,8410,18354,104
36989,17270,7602,100
8706,38460,29296,42
4087,33057,34925,92
15905,10591,17367,87
11312,12438,6965,53
24362,4545,20616,45
5534,24249,37892,93
24260,33891,9266,65
16837,23369,38536,68
30513,27419,37258,68
12764,18447,1064,94
18316,31738,2759,105
3165,15400,21278,111
4065,17633,18520,89
30075,30251,34725,61
30362,11595,20594,34
19830,37958,15321,114
8463,27767,32520,87
21027,1106,21226,132
19943,29488,14574,74
38721,17439,20480,33
6089,9410,37883,119
25219,6060,12078,86
33143,26428,12447,83
37677,30974,27802,109
1070,22908,9139,108
23540,38727,30983,75
37684,9880,31570,130
21515,897,27773,128
13558,6925,18063,43
14686,15332,29337,87
33228,13840,31647,82
10107,35428,6029,151
2774,32467,38276,61
15270,3231,847,93
24372,3138,28790,79
183,34611,11318,33
21118,23407,11541,112
7088,8643,13660,53
23664,8710,2492,133
6863,12113,6054,90
22183,19243,30815,59
26494,4928,18363,49
12406,25941,9220,101
18070,11769,11544,43
22561,25184,28238,98
35616,26771,6479,112
36137,10992,20453,47
9477,3389,37902,92
3153,36094,10056,92
31947,26496,29310,50
37081,348,32508,45
27908,36317,33147,102
7709,17599,32400,77
27453,9231,19091,58
12048,33439,8584,104
4935,34134,38364,28
33399,31692,28144,115
25633,13621,26439,63
3871,29398,33873,53
2479,27173,10219,114
25189,15176,26482,56
25989,10543,23663,114
2690,12333,467,90
24245,14700,25539,109
27086,18476,28011,84
495,29529,3278,30
22539,23573,32652,109
37902,24311,15780,111
22938,13037,7141,95
34152,30100,3498,51
8007,16874,17730,80
27264,24061,14520,86
2349,2625,1863,140
24438,32534,33811,46
30323,24106,19080,67
27194,24351,26511,56
2266,2476,6141,143
28782,8335,7240,70
25985,24762,37096,72
30804,16222,30258,77
38350,17298,1669,75
17417,19120,2360,90
1135,21220,10646,106
9229,28604,34723,74
330,30499,20683,30
19019,16204,38488,58
7923,25795,27842,127
21498,25985,32757,96
25576,24790,21088,91
27787,22832,36147,116
25857,6364,19236,101
15013,33204,11563,86
37931,30182,20647,69
5481,17477,23447,97
22,1642,35357,103
6159,10004,33098,133
37655,24385,15041,115
34060,6424,3496,76
35752,22068,34022,87
19607,25547,16050,103
22232,20642,1229,59
5551,31671,21929,78
16226,9384,8595,97
22856,11582,19942,87
319,2380,5641,73
6861,38292,6967,19
26689,15857,789,81
30409,33105,17728,83
13126,212,29713,49
36279,27372,7724,79
18904,3940,19095,72
13893,7054,11688,30
30935,34253,2552,75
9457,12754,27039,81
16706,32572,33470,54
11507,38308,15322,56
5620,35747,2582,120
34743,22594,26714,78
3870,23301,7158,99
14297,32456,3423,70
15138,7051,23654,100
10137,3780,26514,103
28554,31759,8674,97
12264,9969,7780,130
28868,29499,27497,49
37525,10801,25688,107
30277,22677,11555,81
30331,33941,22102,56
148,38603,37054,42
14379,18419,1502,109
515,328,34575,29
3831,20388,25079,45
37988,1829,11669,99
12389,22959,17326,111
9803,6196,24020,127
21832,6232,10184,123
20274,21462,17365,78
33841,25672,21382,97
12868,9436,12201,102
37178,34067,34018,49
507,3029,10847,50
16891,38760,33116,51
3116,8492,21044,103
10071,5519,37171,101
191,36507,12766,66
37541,18315,36194,89
18358,1961,22149,92
28743,31681,30310,86
13716,8008,28570,86
9269,15938,22885,113
6774,8591,26408,52
30089,28238,2430,116
32424,10154,6752,66
23437,17584,22713,127
3204,18055,19520,71
35382,18290,24903,79
31694,10118,34954,102
17534,24070,10048,106
36116,31224,33885,48
22042,21803,21132,100
19162,29329,19675,48
30298,1817,35349,119
20741,37990,26619,59
10650,32690,31090,50
33220,10551,15126,100
14568,10980,37622,111
3384,11400,13841,43
8693,25914,10040,122
29434,37527,33482,84
21082,14363,12464,128
34159,37541,23003,103
27382,5634,37861,79
30004,30468,18345,67
7104,24215,23659,88
9051,21263,34656,94
31268,22921,1627,111
31224,16674,34737,46
13544,19022,34136,38
21088,4263,38257,95
13241,27043,2592,102
30141,19669,24383,79
25776,2273,39,92
3228,17677,29463,50
19907,28553,5594,77
19996,29442,7757,75
4784,1243,13179,85
30246,31767,7720,99
30411,25068,2561,73
25717,10584,15208,103
28178,9317,7233,80
27235,7038,12956,61
4521,37923,11380,69
32597,10216,18188,82
18896,5587,4934,49
22056,33391,3516,80
3878,13123,32271,87
21083,31608,9488,111
4607,1961,2520,106
29375,17341,24351,59
12985,17648,20648,67
29488,16719,11272,25
37184,21894,75,62
29328,7076,10682,35
485,25977,11762,54
34139,25673,30140,69
33117,15269,29686,80
3313,22886,11659,79
38733,31512,38623,44
23509,32688,19132,76
34257,1132,38521,46
385,7264,9805,64
36379,28783,832,83
26522,28513,3225,62
36306,28504,19109,67
31136,19839,4703,60
22233,34719,9218,69
27099,8440,21310,98
3465,3334,25168,43
5606,34025,1990,72
28866,12773,30128,91
15471,2551,22924,138
18800,36897,24090,76
24012,28258,30401,97
32591,27033,38348,28
1196,20315,8612,67
27285,19170,34973,48
14320,18178,36458,86
25156,31943,37940,82
21363,28965,25111,83
4536,28521,17397,70
13662,11532,10990,47
9379,11435,24929,40
34648,31248,34064,44
30182,19180,7967,81
31035,20517,7645,63
34245,25986,19988,75
17506,2479,880,106
11668,146,12483,52
26326,6299,25561,97
28919,32586,23527,90
17291,29731,35362,83
29546,28993,12427,70
8009,10250,27842,140
21384,38546,23424,107
10742,15480,36143,86
20629,1573,21814,71
17440,2468,27320,89
9493,35666,30,86
9805,25734,22247,114
28820,31576,32563,72
3268,17366,13075,85
289,1626,25717,88
37882,6902,1033,84
11482,24052,24496,68
12848,31067,6280,104
2278,6880,30990,73
25230,21484,19758,81
13933,23592,18301,88
775,26282,35714,97
25043,7934,17717,72
36288,34800,32654,46
5611,3466,11265,49
38362,18520,7194,35
15863,31170,9884,106
13881,10502,36963,68
10608,19533,19575,80
18063,21776,11521,58
15078,6176,29598,92
10069,3040,4247,111
25756,20332,26745,52
36403,26526,27457,48
8310,10668,20005,85
15762,12161,8018,116
939,18836,13535,61
28513,22963,36287,100
37810,5660,10213,115
35698,37752,19877,126
8604,19058,25091,52
15778,5518,11661,66
12979,15106,38518,85
21460,10708,29536,78
899,10632,15276,97
14303,13226,72,87
13528,35014,26296,42
11723,7751,28578,83
14317,15872,12848,118
10028,6420,37171,129
28029,35438,1723,143
2648,12417,27466,99
16591,37541,10679,80
36285,11715,26017,69
5332,1929,24442,92
17565,27758,9319,99
20751,18020,3251,45
14735,25143,33260,80
28756,15947,4231,107
1869,22682,16677,104
15826,10699,14374,103
38539,24476,13151,73
23704,3231,26715,84
25958,7726,3082,101
24318,37608,10849,98
15056,21942,32269,74
2770,23771,18054,123
7208,29316,24894,14
11002,11466,17481,60
27505,6433,33429,97
18272,27147,16536,49
15800,2456,11430,95
16531,505,35347,70
28827,7757,36039,94
32425,29346,37759,57
4528,1228,34930,63
7163,29634,246,17
27859,20479,3752,88
19160,28956,27785,92
21943,10240,24893,79
33398,30938,34605,70
10016,16604,3319,82
36833,6818,29281,42
35653,12797,36049,113
32021,30873,31864,86
16639,32556,10790,43
23267,34580,21833,94
4725,15208,4963,69
37934,15444,35571,139
32673,23642,23444,112
29001,12505,6477,113
21344,22953,34519,116
34675,24825,30845,38
12306,21507,11452,96
38656,10186,6139,103
28150,8486,10540,103
18374,5315,28169,88
11488,4611,4829,38
16082,28016,16803,94
25991,4236,34773,95
20332,7786,15058,86
38722,6474,1201,84
31001,2644,26285,78
26714,38377,817,49
7020,34195,19673,44
8332,12277,3825,109
14502,37765,17491,113
27388,30121,5625,56
28230,21957,5692,90
75,4823,10274,71
9923,6344,11729,108
6125,35620,22712,149
22522,3275,24500,98
22149,15951,5002,76
22731,25133,18990,68
19062,4776,30125,52
33513,16957,3491,66
26344,28695,23661,94
7660,27804,9089,116
31045,17682,26680,56
19985,5571,19535,75
1931,7796,1836,131
33280,32701,27817,89
38362,37125,22688,85
33393,18836,6140,98
11659,18904,3115,46
14390,28055,29584,92
34169,9405,3896,76
37066,33892,25143,43
26537,36280,31665,67
23500,36066,32014,107
22081,21261,27520,90
38289,14633,26438,59
32354,23315,27029,75
36791,3286,4866,65
18462,11510,32287,41
5574,23409,2745,119
10081,15063,24756,95
1143,27985,13804,91
16813,447,6487,64
7174,19945,6107,82
4085,36510,5503,80
37895,36158,4705,80
983,7916,26531,87
28254,18889,12308,98
16646,32351,1591,63
24226,34936,23265,98
37626,34182,22903,103
8628,29311,6327,84
13044,36751,86,76
16838,5589,31663,64
32523,22081,842,65
15489,30183,13166,102
23481,14302,19964,122
29694,1000,2376,84
1737,37748,2446,137
22257,36020,19578,74
19096,4958,6178,77
26451,9283,37115,70
26623,14611,28909,84
5692,22162,4166,84
18362,16273,26277,72
16744,7508,30025,76
27472,10177,4535,80
509,11395,27133,31
5514,19764,10237,98
19272,10155,33153,102
860,31098,26591,62
13795,27029,16069,65
10985,12831,3153,83
12385,30341,1946,102
7538,11005,10778,91
36448,33356,31923,90
23499,37091,29687,87
31961,3468,19647,82
21267,24517,16742,90
7852,11623,35704,106
17611,1214,26519,70
8668,16559,16970,55
29574,27285,5283,38
11512,24274,1001,71
34187,200,6098,62
34877,34004,12813,65
23502,30095,27114,89
25632,16923,7523,92
36220,810,5658,72
28846,18171,27853,99
6302,6807,3094,74
32443,35289,14348,103
28569,21209,1007,112
37948,34538,11672,72
5359,28822,12154,85
19535,28579,13068,97
28672,21953,38400,60
11668,36225,37652,76
8448,7596,22123,101
28703,9064,6446,104
35330,37098,462,90
21429,24864,14724,95
6062,6467,6778,101
1236,19918,9995,111
31871,36373,20348,57
37087,16564,8311,75
13961,23756,37003,96
11625,16755,28641,51
34818,32275,15106,66
7769,6886,25048,53
21908,8421,3311,78
32308,38575,25747,51
11451,29645,13217,53
18175,20529,10844,49
4662,34153,3167,43
5609,7985,30768,80
22160,23460,11393,87
2302,28991,8006,121
3025,12160,15478,97
406,18351,3406,49
386,6043,16844,64
13521,12791,20710,54
34844,20520,34682,36
13040,4737,17281,79
37102,24880,36940,65
3184,15374,13244,100
37764,24004,3910,114
22120,38007,28119,116
13072,13957,21799,77
31051,33823,16943,38
34151,31108,27005,42
2250,24385,35487,130
33281,31546,33488,104
25543,35427,20555,93
38373,1059,21355,87
14714,21751,24367,96
9000,37147,28683,88
13934,18027,6510,83
28245,34147,5410,74
7226,19519,34117,44
11476,12841,7132,56
24152,1582,14390,115
1621,36361,25180,68
3334,21979,1733,89
30265,31520,25787,94
5003,10038,10680,89
27332,10732,28710,69
13159,26455,15801,88
36524,36097,782,74
16232,17256,19171,79
16717,29697,38476,20
18019,25247,7509,69
33790,29443,22758,62
5509,380,35529,78
33485,33284,4728,84
27839,25159,15883,86
23387,5273,3201,91
14447,8278,24868,78
25099,14001,3377,36
17549,28180,30824,90
14696,22785,10757,115
5661,30961,1906,81
25091,23396,13552,68
12484,30869,16573,65
30161,21854,4578,61
11531,18454,31522,67
37500,8327,37580,123
7728,6249,18947,106
8381,16914,10628,68
28631,27511,23313,97
6118,17593,8630,106
29419,1191,9354,63
1890,18408,3046,87
33244,10169,33805,95
995,119,1967,82
31892,25063,7660,80
6910,13170,7984,89
6811,5759,4048,66
5437,34966,33442,71
16069,22211,36788,93
7815,18836,1838,103
35297,19658,28785,111
22678,31875,25108,86
23743,23265,15876,141
24799,2484,34830,68
13731,38679,27482,33
30337,35655,11334,85
25044,29376,21169,57
5432,28183,23647,117
38477,114,25094,14
32364,25247,10561,35
17587,28528,4827,70
1079,9439,32564,67
2514,38554,4547,67
26586,30821,32774,38
27392,24926,14692,60
7646,18280,22107,91
16936,24211,13729,53
12464,1530,1888,124
14431,10257,18992,109
15165,13885,38707,59
25008,34197,22226,37
30309,2293,34171,79
21392,25149,36832,84
21051,34906,30382,89
23278,30118,29510,78
36293,27331,13226,75
35725,38023,21089,148
19683,12879,23594,119
32498,28170,6483,101
1919,35603,5400,116
15382,11400,21006,101
18249,23266,1994,119
33764,38766,19151,30
1672,28643,37837,119
32683,13946,12373,57
11559,32528,13579,31
14378,15850,6971,86
16703,6825,13928,31
7210,27980,1113,85
33874,24409,37117,69
23296,32011,2736,134
33879,29761,1210,45
7174,23633,13198,98
15204,23700,4928,107
22553,4568,15236,104
16236,14024,28549,80
30783,4543,26646,44
28185,34907,20597,65
15838,16882,7956,91
28114,21281,27334,111
23585,15242,36035,114
27408,36116,3383,56
34202,27366,2345,72
23542,31911,28698,116
7208,25189,10661,34
308,5487,34211,34
15309,19841,25582,107
9294,33113,7510,105
17462,90,3191,52
19172,25655,35665,107
4681,32340,27461,37
5298,28585,6430,96
34552,3492,37038,68
17440,38311,11709,41
8700,13062,9258,99
17410,12266,34772,79
37190,37256,3254,82
7224,38556,14712,54
34060,24974,15387,53
10958,9139,35425,104
15257,25199,6826,51
22922,21213,3013,119
11713,27435,21149,75
30859,13970,27864,77
4181,9408,1896,111
19153,38693,35474,74
19585,33414,22197,88
2270,1604,21265,142
31197,3416,1225,70
36387,16109,25268,61
6185,23545,7572,142
11255,29283,32466,22
4763,37810,31586,93
28515,34969,9215,74
3375,28792,32751,58
17736,23013,24325,104
19784,8504,22184,86
30291,812,35611,107
22883,13507,871,94
31665,19229,32713,58
10025,7665,26409,106
18265,17709,27979,95
24064,18793,5585,64
15002,37221,33397,107
17497,27226,20496,43
25223,18971,15866,56
3097,30865,17576,64
24467,9058,8427,89
10913,19229,21089,90
22197,22986,26503,86
19934,24396,10541,81
3180,29690,27212,39
11256,33296,33783,54
13731,21239,24997,66
27431,6904,4208,62
4989,8019,20620,59
7944,34158,3961,92
21393,341,20763,58
19890,10034,16220,116
15942,10200,6994,95
30280,9255,5617,68
8703,29280,14685,79
22256,27260,12028,76
4247,36366,31613,95
24329,6227,31047,94
15928,8392,19965,98
21933,13254,35529,117
7574,19537,16539,82
28740,31202,3183,68
5262,9818,17693,96
15812,33404,33467,107
21221,7507,33203,128
1922,10843,21911,93
31155,26401,11601,40
27101,31662,26368,61
22958,10696,37594,118
3995,4967,20470,56
15985,7020,26486,56
25860,31931,10077,123
38630,16522,15211,57
33456,33123,20706,72
2010,34048,31108,71
14302,26310,30352,76
34062,30345,31575,65
35551,11023,33411,112
27435,401,10013,72
22589,7871,27978,138
1006,36481,8530,86
14256,6032,25240,92
17537,13564,15180,80
6258,27308,16869,73
14654,5306,30083,83
10506,20373,6122,73
27778,22609,3238,115
12847,19167,23616,107
12308,13094,7531,118
18988,31864,27389,65
31080,24800,23610,73
430,4791,23467,72
32693,10556,29347,36
19231,15432,24953,60
2348,36792,22573,128
13212,30067,34777,78
24937,16818,37706,59
30827,14494,33160,95
32633,36426,14403,71
30098,9172,17257,75
22883,28738,14360,121
13772,28541,15015,84
9999,12941,24126,119
17280,19769,27974,100
26022,15792,9023,102
10209,36149,9119,99
10878,16602,13637,48
19709,4128,31111,86
3247,35356,31842,107
33339,38720,1851,84
36500,33112,1031,88
10877,8285,10830,81
14480,13899,3344,75
30934,21217,20640,70
19086,36782,1982,91
5615,35484,27893,118
18288,10672,4615,61
11647,18020,37074,64
19529,21814,521,59
29730,25583,21951,67
22266,30460,32470,55
7218,9252,31183,52
3927,37210,22542,120
29459,20444,31847,40
2552,16139,4170,125
15188,21518,33909,100
8536,10532,24235,86
6069,21771,33800,81
25825,11764,31049,66
16778,35299,4538,78
24054,26017,14688,109
21478,4013,27825,136
5408,1033,16172,88
25595,21101,14380,130
8264,19697,17516,87
34016,131,1685,59
8730,6456,21913,105
10685,15176,37782,110
30854,3502,36393,59
14612,8659,428,81
7808,21377,34617,110
29344,19169,22735,69
18891,21412,3226,86
9150,14625,29633,73
33062,25003,28035,84
32610,37505,28501,83
7095,31076,21388,75
23253,12171,33754,97
4131,21348,13574,103
35011,37200,25705,86
25236,351,3194,29
34252,4151,24378,78
37515,28080,34690,108
37196,34536,24214,77
19709,24891,3179,51
11374,22953,20418,61
19129,31916,10643,74
37108,33462,179,72
4039,6241,32414,95
14662,5389,19822,89
25689,18360,37524,106
30995,16904,31269,47
10869,19820,8472,85
37609,22580,22640,143
25987,268,6894,51
34176,18471,10147,83
21020,6347,7113,104
14433,12122,24306,107
12515,25765,24902,77
26767,4660,1727,70
6174,3435,9058,94
22017,15100,15781,103
12947,12937,18335,101
29006,36313,14392,93
18180,28839,30344,75
4981,7991,19692,85
31234,4124,36133,79
33320,37748,5394,99
7583,29548,35548,100
25025,14497,8691,78
314,13580,21098,69
3364,28272,23350,118
18883,24160,16979,56
21862,37667,22155,95
30958,5283,359,43
23019,10965,18036,96
2503,28082,32336,102
28568,9287,1180,89
30148,10562,19080,62
8001,17723,24265,98
10876,34922,5508,60
4744,22556,31540,97
19964,23362,17319,106
26502,31542,15220,87
34888,33797,34799,43
16657,4760,34250,34
21397,25649,13163,127
10022,19181,16702,78
10124,34237,12923,99
7119,15113,28832,78
1889,15146,6871,92
30446,13760,10079,86
16586,11688,33470,56
1954,5361,11446,73
1809,35707,36277,118
34744,5421,753,68
4970,34987,32596,39
3777,23596,26398,104
14014,26293,21009,75
3808,13051,2374,127
22676,1902,29318,97
20755,31757,30340,58
30066,13873,2692,83
33055,25539,23649,125
4909,18428,24769,40
38295,10806,11383,39
33111,37063,34573,83
33992,26286,30113,43
9403,36753,18151,81
4540,14530,2570,104
25981,11284,20511,50
15075,1106,16899,84
14578,28642,22040,97
5414,27897,22718,114
6218,11636,16902,68
7920,33046,3015,98
3990,33262,11568,85
29295,18144,23561,79
7148,3143,19522,55
36206,13526,32005,68
9446,29669,28184,77
26576,9063,37958,84
30293,14311,8741,97
26586,9474,35550,92
18887,33380,38598,56
23013,1072,20021,109
85,7504,12049,85
33481,38630,13621,53
3041,2533,12779,107
5481,24476,16784,59
35695,3890,1648,137
16730,1066,15098,84
10104,4653,21477,115
10642,17757,10915,74
4668,28980,25084,47
307,21321,29262,60
7509,16744,6281,101
17375,37541,26602,83
1792,8548,33267,112
18482,17353,19794,77
25114,22257,28944,58
34228,29319,24855,16
34123,15025,15287,91
8537,5355,16539,63
34193,10518,33067,68
27430,13943,16510,39
35555,25145,7963,99
9510,23554,3363,99
33337,32441,17710,69
3450,28880,29371,54
22955,36909,13048,119
15341,27132,28514,86
26422,1139,17745,70
27122,31667,28187,95
34840,38627,36446,43
18138,21254,14555,115
25996,1224,35555,123
28881,29640,1564,78
17306,16082,4850,77
19030,214,2319,70
36039,13788,966,66
13771,30043,30054,57
27261,12882,37058,85
23471,22084,36392,98
35485,27876,16055,136
24375,32635,36360,58
21387,20310,37543,97
4870,10610,21155,88
20674,24089,16831,42
17393,335,36941,63
182,33227,20767,43
4112,19093,20622,58
13596,36900,27070,59
26431,15982,25825,87
20634,27082,1170,49
17353,26486,10153,89
11259,36386,1241,63
17719,18830,18883,58
13904,29550,27414,32
12276,31131,10191,105
2022,34098,28917,83
3410,10661,38773,49
28850,9197,11383,67
35681,20359,2762,103
13778,9303,5618,59
23440,9436,23292,131
18329,32397,30085,53
20495,22631,30287,73
35652,34108,16091,99
8719,26743,823,77
30827,28658,14460,90
15072,2392,15368,130
32667,11325,21863,43
16944,25062,5732,33
17754,6259,15393,114
1111,19167,14561,90
15768,31176,25043,58
22853,20531,10563,75
6790,37009,33134,73
15956,10671,15895,98
14539,17648,19936,96
14328,10937,26721,78
33238,35002,31001,70
6302,12799,467,92
25734,15895,29369,79
29013,9016,29389,61
15750,1656,12431,117
13013,431,6864,52
5747,7035,12241,62
1177,178,22726,87
13830,9781,29564,68
17728,29669,34206,39
34579,36524,21976,63
33954,24143,14387,80
12232,9295,33479,98
33230,25754,3019,93
19052,36103,5340,56
28183,20573,35535,101
34145,8603,23774,94
6844,6816,36076,35
15845,25660,15811,112
20534,12019,30199,60
15289,9923,12991,131
32282,13748,4099,61
17543,38538,21843,56
24395,23748,6914,88
10216,8554,18151,107
2492,35363,23757,153
22807,25880,36964,118
9262,21427,10641,101
1090,7122,3874,79
36487,11510,4947,45
14532,9939,12308,129
20489,20258,15450,45
9185,24454,35596,109
26434,3789,16611,63
13706,19078,19274,45
30433,13535,37532,80
11429,30485,13862,45
27751,15182,3335,107
38608,18021,3888,68
16897,22177,19727,64
38625,17460,17352,57
13181,7903,17732,108
4771,17256,33066,75
17288,28270,25522,110
1861,6887,21056,101
21053,8585,13832,96
13907,10264,10517,88
7683,1074,12813,114
20342,22241,23421,79
14316,6785,3763,89
4021,33369,14277,117
19034,24784,3066,39
28617,7532,38714,78
23471,27335,8756,100
32266,7014,15280,56
20669,9926,18847,69
34569,20447,23398,71
33927,30250,4577,45
455,18514,8325,62
2006,33294,284,85
9478,20441,27469,44
34737,11321,23299,79
29532,16739,30493,37
34556,21106,26364,79
3330,14643,3381,82
21491,25770,10959,112
16878,25090,30980,32
19844,16905,131,45
25543,16057,2322,123
3274,17417,30840,64
14023,21943,9913,89
4610,10836,23298,90
17637,8693,18799,75
23553,24340,4697,95
37776,12123,18182,104
16,17553,15072,73
33877,31515,4906,57
20724,776,1169,66
30094,361,14251,70
21223,19232,6456,113
20517,5547,12451,57
16264,1959,8639,114
32545,17533,4019,74
34666,34250,7119,33
13975,31222,12391,67
34258,33517,5396,63
1870,18139,24317,96
4116,19254,14429,98
27767,16023,24120,112
32330,22264,18469,56
16588,6026,11303,68
32600,14622,27164,65
9497,13746,7245,47
1049,9111,12351,95
6871,18494,8452,63
36250,28196,13685,80
3832,2488,32617,96
18160,32747,34172,40
38366,33918,6388,61
6037,19636,28029,121
23745,863,32407,92
19541,33144,5331,82
3343,27170,22693,84
24048,6409,25272,79
36933,34038,14379,82
37008,4755,29687,49
15907,28147,11704,93
18127,13871,10598,60
10998,3321,37215,75
23473,12489,19675,116
29543,9779,10681,79
17477,8014,13646,82
14438,21321,26358,104
32383,30416,18211,53
8447,36785,27981,110
3504,17280,28860,76
30477,22712,21432,121
1608,3765,36171,105
3064,15424,11381,71
12839,14352,24197,110
18380,1076,7753,98
33388,3298,22087,80
15996,15051,37843,123
33757,18256,33139,67
5275,12434,15947,92
12866,29582,11326,53
26492,17000,28857,53
30030,7791,11685,75
30190,486,759,60
10743,7801,22083,92
18317,5560,8,48
19952,482,5300,53
1908,11335,38498,59
26338,28697,25824,80
36478,15977,28099,104
31674,13220,15029,114
34194,33790,2564,66
12003,2603,24891,87
29011,21516,16258,117
25923,19675,32263,74
3119,13190,3161,79
37090,1982,38672,80
31502,17000,16872,56
15391,34226,30765,68
38706,9508,26694,44
13591,3850,27753,99
16001,10628,30126,83
27486,8486,24169,77
35394,21979,19550,106
20410,28559,28671,62
36871,35398,12906,123
7272,13033,31578,80
2500,23522,26745,112
36892,31784,1776,109
31047,2276,25200,69
8527,1529,6415,124
6480,9310,17517,100
37979,30859,19811,91
216,20007,13812,47
12004,12951,37089,106
466,23484,38456,63
34088,4237,31671,83
16546,13690,30283,46
26747,13255,37928,96
9439,4681,34659,58
36120,32542,28534,59
21002,33231,35717,138
19834,1076,4008,100
15929,3180,9920,108
29490,29509,10236,59
17419,31711,17295,86
28258,14332,4947,102
37564,1613,3927,129
16556,7126,29596,22
7226,10796,23528,83
10012,27804,19760,125
3039,14329,30755,80
38439,15335,28097,92
1049,19004,5613,67
15205,29565,884,77
30180,25698,24224,89
3235,21465,17735,96
7963,27235,7666,101
27812,35625,8772,132
36822,34184,2622,88
26612,28892,790,74
25942,7811,31848,115
11467,29534,25926,52
6497,383,34691,70
33128,35263,33081,123
16540,5367,19922,58
9916,27969,13760,110
26353,36105,29470,37
20695,13654,34144,24
9350,31145,28672,75
38694,21889,28267,76
32445,25508,9491,73
38762,4125,22701,94
10057,3797,9493,118
15454,22010,20685,68
13,21809,17698,57
11412,33943,21175,69
9978,30167,9794,124
37654,16243,13131,121
26644,2525,15949,97
32753,9396,4604,49
37779,29302,13058,88
6880,18796,20301,25
9972,29023,13503,94
13174,4186,13691,92
13932,6183,26550,72
9771,10526,423,81
14455,13962,31527,89
5567,11340,31895,63
12110,5435,38356,60
27516,12203,20349,53
24891,25838,37720,86
18513,480,19864,57
20447,26387,36195,35
33399,28959,10193,116
7158,23639,5383,78
21894,36470,8347,79
2752,9799,30755,117
36259,16261,18086,81
3199,23615,7853,115
6757,21518,4641,71
28957,11700,32018,74
38414,5012,20255,21
6329,9493,24826,77
23491,31682,17531,112
23434,3868,14489,134
23554,13880,1893,109
37239,1024,37828,108
30478,7636,24122,94
7660,787,19049,91
26396,3390,15242,73
35569,30389,38016,120
16265,36434,23540,110
24329,19894,16198,94
27861,13814,21311,109
32701,15329,19556,77
4073,7526,28981,113
8303,26505,19799,73
27342,16012,14713,94
8321,175,24045,68
9029,2409,6882,82
30791,2294,18437,89
19514,32580,27483,51
27867,18230,20468,71
3272,10615,28047,90
36524,6781,13995,41
10822,38372,3274,49
16672,10527,9187,62
15187,13139,13725,93
18770,27308,19995,59
34058,10135,235,66
7148,26546,23737,71
4501,6958,12045,57
14373,3450,37518,107
14373,25871,29440,84
6347,18133,27901,116
17437,7794,34046,78
4750,35494,10642,91
26440,34896,18436,52
15891,12182,28516,103
20435,3961,13012,81
33291,37646,21082,130
19764,27344,1020,75
19653,16260,16785,76
27413,9432,3482,62
6470,34942,36204,85
182,5290,22056,50
30048,34737,33524,74
24895,25626,11308,51
24335,24187,511,64
4893,34907,34888,48
8568,22610,17357,108
16088,5563,12025,92
13188,34688,4997,70
25172,19219,34174,28
25967,8385,823,103
5754,13231,16504,69
37556,33523,10852,104
2562,3155,1109,100
36033,27226,20257,38
17537,35561,36921,110
19780,1764,2380,120
34129,4149,32556,57
35268,16155,10742,114
5543,35291,12992,111
29515,29586,17477,34
28805,21919,6912,62
35339,35254,9167,133
33010,9015,5511,81
8265,3315,25111,56
34118,33859,25160,21
13063,34960,1890,100
15127,19109,31114,75
33475,21485,28164,131
3011,6104,4675,81
31925,18124,19686,85
12950,38345,9116,71
17671,4612,20384,42
34152,7555,16811,63
2428,33998,37783,102
30845,35373,30954,89
17257,38633,22950,80
1151,36818,10579,87
258,9273,26636,45
22259,35008,36120,63
14476,19681,4953,84
21407,12409,24200,115
35688,10187,9889,155
9914,12808,21091,140
13557,31736,4167,87
20372,25681,32530,48
18386,33022,30237,80
34201,25138,26561,24
26410,31524,4901,60
13251,8284,25835,110
9370,28526,10107,108
5257,7028,36243,47
4165,30252,13981,75
28638,12973,13535,82
7041,22270,33520,67
28651,28905,36995,91
10105,9184,18912,94
31783,1602,4022,118
18513,6888,13625,43
36417,18060,29268,48
25172,12147,24140,68
38756,11391,16273,52
13579,16143,18914,66
23547,36134,4540,87
2414,4961,23403,114
34149,7784,26371,64
16703,24770,11417,24
4505,4601,24130,57
3111,1820,3034,84
8310,31107,10271,102
27774,31886,29013,110
14737,19975,34665,87
27957,932,14273,120
35620,13765,30127,88
29460,17521,18502,53
10757,7228,19916,59
6838,18805,24951,26
20019,1595,7831,115
2418,24984,6458,98
37685,13711,20647,60
31107,21889,27158,58
28607,12844,15989,106
34806,4927,27939,77
36363,13765,29363,38
27953,37262,10953,101
13061,34116,18317,71
16264,27940,23317,135
22926,2383,3911,137
21044,30957,13122,107
31947,29414,8601,71
6960,773,27061,54
6391,10679,1017,103
16254,15003,25655,116
27155,24343,1128,76
1909,21408,38390,99
37107,38633,36494,57
4576,20407,6188,63
16913,13917,33763,33
32684,6210,6816,62
13239,33786,8,54
28177,34688,11513,73
6492,14283,30237,111
34831,16993,6870,35
31776,10885,26373,70
15091,9207,8005,111
17313,33775,6062,82
2685,20619,36398,71
1048,34942,13001,88
4770,36487,22982,84
29567,8018,11735,57
25007,19256,4658,33
10565,14005,33109,72
13128,29413,20376,45
12471,1239,37562,113
34580,36316,22747,87
7831,11,9328,76
18892,7750,10502,83
16145,10157,19719,116
32560,30485,5488,49
4836,7570,33256,92
29458,31543,22114,63
19713,31530,18886,78
4149,28519,31017,88
6796,37884,29454,56
34737,25226,9073,47
13570,26348,30175,47
12885,3291,11596,69
21954,16227,35750,115
16234,12129,22143,98
1055,9849,5679,102
26624,38579,2330,65
38610,22560,37566,99
14253,31006,23632,112
16693,6496,4103,98
28530,33240,27250,80
4222,38706,16600,56
11321,29010,5368,59
14672,11321,25178,55
23252,35539,16034,142
24134,10633,16600,64
24191,30360,10984,75
32298,7897,12296,87
8538,14261,9523,102
919,16783,38007,88
31745,4795,37611,93
5757,6882,32492,34
27791,36502,19031,83
10955,27119,36233,60
38583,23585,25558,95
3389,10809,24875,47
35632,22624,24280,131
15837,30025,1119,91
28201,27944,6460,139
8709,27019,10888,72
6942,34665,9354,51
36809,28119,34144,86
36854,19157,1149,79
4661,37151,37146,76
24492,33835,33390,73
37141,1931,5606,94
23761,10021,4147,143
33145,27082,5000,64
12997,9853,5627,109
2395,11252,8391,91
449,15844,9106,70
22520,36523,3890,110
28831,3427,3391,70
34938,10013,4842,82
16725,7956,36229,75
4928,19869,21240,92
34226,36823,32617,48
5737,26322,4520,45
4184,7844,9294,110
16529,32431,11648,29
12515,1101,3299,88
21324,8258,6861,90
9502,36984,27076,73
12277,8677,10944,93
35449,7900,24777,99
35471,9418,6754,87
2401,14443,36441,111
7593,3773,11324,93
16819,21318,8397,94
31693,8261,20674,69
34847,32633,35395,78
21841,25044,15922,65
28530,6470,16944,88
19545,28771,26275,70
25885,36206,13881,72
38598,10705,38552,34
1775,22268,38283,74
18784,15825,13796,66
1715,34256,12419,89
11404,1192,31244,60
1619,943,32274,84
26529,18396,3068,55
22915,10703,22118,98
29486,16660,37999,60
10924,9869,12780,114
29712,34984,19581,49
13899,13228,24750,55
15934,15911,34633,91
35519,28824,15339,124
1226,34625,37618,94
35251,19766,8479,114
13145,9803,20698,92
18823,18333,22026,64
16240,11681,38581,52
22909,1829,37200,124
14638,2705,33367,125
37702,9752,8650,129
946,8654,3136,85
33465,26261,3317,67
27304,4573,27066,44
10529,10090,16256,112
34902,3765,22149,82
16868,2400,34193,68
29627,28112,8680,83
7994,15882,9464,107
16795,6994,12492,54
25788,20508,24133,69
27972,218,2740,100
34214,31118,18885,43
21912,23530,21494,127
31744,37019,19974,93
34949,34872,31942,68
33918,21886,34220,43
2455,30008,21888,95
3269,2018,32392,72
16851,12362,33046,82
5762,7599,35388,115
31992,24132,26411,75
20562,3167,12340,58
19647,31528,32671,70
19682,35714,25787,119
15153,31114,19848,87
37207,9418,37170,89
19027,2277,22876,113
32773,4699,36078,43
21845,13840,16252,75
20444,15930,241,45
13783,31847,19714,75
38696,24939,285,14
3501,18104,17344,69
27798,19863,34143,83
12444,16223,29429,77
3212,5768,7777,82
33808,9830,28908,90
9049,37516,23290,124
1260,1199,26454,76
36878,30946,4945,63
30475,10813,31082,64
27492,10763,12061,75
14733,21925,2571,115
36235,2517,18473,92
35554,18833,20273,71
38707,7050,7765,55
26317,18096,26720,47
10153,18845,1070,99
38525,38559,10161,61
14458,24837,34690,62
16791,24431,1588,84
20727,15774,19217,55
24389,34652,36265,67
11604,3427,1113,62
17437,35443,5391,98
26473,16858,23367,75
34022,19625,911,69
18094,16138,7944,103
5677,30454,14473,83
6836,14390,14251,91
13697,4166,25525,91
24157,3172,19587,77
6815,21421,36353,78
35362,2018,35738,150
25141,13573,30271,38
15033,12234,21258,127
13966,18759,12795,68
12811,12218,10621,99
7246,33363,15142,83
19726,9461,17417,81
29766,34647,12268,57
28840,9261,32501,65
30824,20313,14361,62
11626,7977,27985,99
2354,17619,3986,114
12362,11442,1511,90
36394,13001,24471,89
21916,33958,26700,46
4625,33272,35332,102
23395,10543,37911,121
26023,33515,11563,83
13620,23661,25646,103
32640,8750,13148,80
24450,5441,24077,77
26294,25655,38757,55
818,16754,22881,92
38020,35401,16743,109
6795,24004,38758,41
2323,130,30136,76
4578,32628,16851,33
20378,4031,22815,91
3207,6928,19167,43
3165,14661,2422,110
28647,22692,37218,110
18492,18517,2622,94
17443,5327,9032,72
423,919,24278,67
27073,26510,27449,42
1894,16916,23708,107
35575,2314,10885,125
3078,13637,13669,46
33370,21493,21262,135
25779,14483,6498,127
15211,1512,35680,138
6252,22884,1115,128
21384,13027,14360,131
6800,13521,35647,73
3927,26664,16825,63
9489,12153,26421,75
20571,37147,28166,79
24937,20258,32638,13
38344,31115,11281,33
36044,5462,30843,58
34268,24268,35597,91
31007,8440,34145,60
3224,24804,33194,58
26406,37208,3093,63
13017,33385,10238,125
3064,12782,13997,72
7915,6959,6882,57
18891,32258,20378,26
28143,38697,32553,59
26473,17457,2540,86
26312,1760,16824,67
10832,30463,36515,67
12157,7710,8594,112
5532,3389,28522,69
5475,7549,34246,71
32278,2735,6826,63
16139,31994,31736,105
17772,335,29607,36
12145,34045,8631,78
6512,13857,6044,107
23527,13867,26324,77
20324,35459,6162,102
9007,19008,28557,73
149,34174,25859,53
9835,34044,10220,111
7635,13236,11359,92
17465,2386,25606,112
37911,38500,27801,96
20689,29005,29592,36
18182,12878,7773,105
17270,35285,1842,123
3149,15129,36140,82
7506,21155,17343,119
30904,37104,17300,75
14018,27235,32680,36
28993,18087,17603,79
29333,21773,14018,42
33001,16032,15242,113
25618,33039,7859,116
5461,31682,29571,57
2339,7768,4981,105
26267,22620,1983,105
4602,38409,31716,53
2492,11684,979,90
4817,30279,33286,71
34189,23717,12089,97
13878,37952,24852,61
15919,28947,32443,75
16801,9756,25638,100
17651,16884,27253,52
6234,34983,22916,113
5360,29706,2492,71
11538,21008,29463,64
9209,30116,10182,100
35439,31852,5438,106
2738,2643,18155,119
27253,10182,16117,103
21335,16813,38016,106
8603,37642,5300,97
7707,9402,25830,108
13570,7871,8483,89
19558,20668,14436,72
33130,22024,30372,82
25567,3004,21205,108
6227,17565,16721,84
38633,1583,16101,86
23692,7991,7802,138
22599,15365,16565,101
7026,37615,25913,90
33487,8635,20436,70
9227,12012,32442,71
2769,35626,5568,120
27203,146,5690,40
16159,37079,1230,100
28519,16252,6827,74
3434,15756,11646,67
31664,22731,15964,120
15389,21368,36486,112
15286,38600,11298,56
1233,110,33141,73
23685,36030,21947,98
9481,833,19675,87
28039,12310,15245,123
38413,21175,32656,63
15816,30810,19912,83
484,31129,6385,71
32521,24846,11323,21
17338,32597,37510,79
13772,13213,16081,89
9146,13755,13248,79
37516,30415,33243,102
28184,35625,3276,119
13059,14653,25050,84
7839,11565,20332,55
9859,26547,32437,71
38726,34004,5533,33
4022,26398,36866,83
33775,8569,16038,79
5289,2640,34501,84
6255,38713,28906,82
16041,20499,13734,52
28633,26753,33831,51
4209,2763,18242,111
29658,22198,33399,64
14288,30901,21849,85
10128,11342,2619,109
830,5715,11760,61
9835,18057,12959,113
28537,10513,23629,106
32018,34633,6422,98
27253,11634,14290,67
25060,17581,7010,36
33407,31788,7860,112
10188,31957,16501,96
4792,36521,1064,67
24880,19990,29572,35
34032,8767,9293,69
17002,36092,27117,47
37628,31540,22006,104
7857,33155,11741,88
217,36189,7215,34
24838,12516,5715,58
4833,1257,26292,58
18467,11745,14658,75
24995,10068,24218,83
21154,19741,28950,108
12223,15160,24246,106
5401,26421,14686,73
3407,28113,24813,69
4100,33446,1038,107
31235,17706,13988,57
28807,11575,18798,56
21263,378,38774,61
1674,6381,35698,144
21430,6241,18462,120
10514,9168,28673,81
26505,8406,6278,92
23640,22909,9967,152
10157,4988,10542,89
27340,22651,24902,67
4812,15114,23019,104
22088,36259,24153,75
35626,38536,19645,86
35462,28990,25107,86
11335,23396,2606,110
29724,6983,33925,20
8467,36445,6889,61
3128,7270,21788,52
37838,14535,14738,129
5421,32705,33501,62
23769,26664,38272,69
1527,31701,18360,101
30790,29754,32354,30
30791,20503,8558,53
28156,12109,1626,126
14501,13568,10180,106
19539,7864,19601,99
37869,23603,3040,117
19689,9979,25840,117
3275,15500,9019,88
17632,20404,6932,35
26620,35486,28107,111
7698,28526,38368,78
7713,9162,27495,85
16082,10023,23000,137
10809,29577,38353,33
9757,32555,4014,99
21018,2473,1601,142
21160,35631,9805,154
25070,15988,38323,45
22507,515,12021,91
10242,2687,13625,112
27026,13887,20724,30
26017,8508,18283,94
1197,24936,38529,40
11447,30862,2728,76
17364,4929,12291,76
1205,33015,15379,108
25504,24229,25730,105
9996,19874,15007,120
12455,12837,37983,120
20561,22255,7872,70
12263,22131,28872,91
5587,22974,19177,84
29312,35554,6816,64
1768,37787,20706,91
24290,31645,15163,104
26274,21932,28779,67
17697,36788,37903,102
33176,27331,1273,82
18078,29597,16005,64
32487,36522,9312,56
9989,37130,12224,118
20615,6468,28516,79
25724,36517,16060,96
37506,16672,28590,86
30347,24144,19900,79
29613,13765,25152,20
27776,3845,21388,136
19162,13790,443,35
21389,31689,13856,97
6382,22074,6841,79
27225,9236,7762,85
30326,393,11734,38
18376,12972,10254,113
28232,17599,7215,79
986,19791,14595,102
28657,12251,16763,77
31600,36188,33865,64
38427,4578,37739,64
20253,8327,23436,87
21847,30255,6889,54
34037,14656,30327,73
11355,34042,10256,70
33513,38591,6274,87
25997,34059,797,79
17263,38637,21426,81
16942,26375,34213,32
18843,33127,3158,71
35419,13794,33985,75
24815,15876,5470,59
15492,33100,6992,83
29348,31830,18906,54
19732,12180,36347,85
4237,29531,19580,72
17261,34764,16926,54
19557,21277,25912,116
23508,4572,36058,87
26284,7886,1904,99
25844,18245,36060,82
4770,17442,32767,48
6838,27398,25874,60
37696,24395,11656,84
38398,26018,21294,93
3431,8358,7645,96
28809,5372,15154,90
4133,29773,2693,92
29443,14259,31088,64
16955,20333,25155,16
14542,38564,3921,87
11018,13051,11675,73
20271,2308,34575,67
22502,6324,21231,146
11734,32453,14714,60
14617,25786,14268,122
33908,2692,38676,62
25205,294,2625,57
16731,24396,7548,83
19056,966,11723,58
11692,5434,4572,43
3234,7519,36358,84
5299,30967,18097,60
7136,23361,23603,111
33250,2645,26389,95
23495,21836,19145,93
15080,11657,24252,80
34236,17720,35682,88
6891,3888,34676,64
29602,13583,9807,68
21163,25047,19603,81
28739,33134,10152,116
21073,16794,37171,92
19974,28901,919,90
3516,28251,26528,78
38681,9059,10714,56
37551,1737,27451,104
19210,9779,30984,85
15302,13060,21352,130
14609,38284,22591,96
11650,28269,36380,77
1008,18346,12793,94
2584,7876,34955,108
23545,8452,4987,99
1257,32429,16744,51
15153,21860,34884,83
38570,36519,2707,74
28061,14376,6800,95
10244,28781,11755,91
29719,26552,13523,29
22956,24266,22510,127
34952,12521,12009,89
34807,30005,4078,79
13591,32583,37767,66
8366,29380,17644,63
23010,18036,10977,96
7128,17540,31899,67
12435,24808,5698,58
23594,6494,12411,135
9897,25770,35409,142
23404,11668,4802,76
25545,36263,27972,105
31966,15500,35633,128
27416,24226,29483,48
7780,37186,5368,93
21228,33439,16623,96
21220,34225,38344,64
3127,24335,21938,74
8763,36227,32407,62
795,7941,6890,82
1547,3456,4663,78
11771,36875,5608,60
15938,11277,18837,63
37195,12175,30803,85
33486,13867,7910,91
6108,1607,19885,119
7197,15048,35399,101
16883,35502,34719,81
12873,7787,21480,132
29344,5347,14266,65
8250,24825,27114,51
8545,16663,24384,73
32338,16591,34005,28
2555,34136,23612,109
17531,23544,9818,129
8592,29525,12236,73
22017,10503,17599,75
35294,15331,38513,99
34266,38604,12249,50
24259,7967,19555,100
38350,31789,3336,59
15975,22929,8440,119
18939,34152,11650,35
21356,2575,26524,110
32372,22042,10260,84
34961,17573,28900,73
4640,25023,30326,39
24878,27019,793,50
10501,7845,16778,78
3762,22676,16031,126
35600,782,30202,107
6819,192,31201,31
10849,89,35717,83
26652,29727,33243,51
23593,8379,3082,105
7573,18375,28066,112
18418,11638,30373,55
17764,8705,2646,107
8673,29504,875,69
30886,12009,107,60
34930,25020,35472,73
39,2555,9371,81
3307,13597,27898,79
22506,36332,36156,91
13574,32610,33192,56
38621,27270,26653,32
17397,12497,9767,113
21437,8613,18341,106
17512,36224,4239,87
119,20655,33385,43
7934,7874,1974,130
26548,16093,12057,85
20634,12920,14401,83
14351,16751,8326,86
10812,26491,37606,81
14701,20442,32479,52
2660,31211,24108,95
8636,7193,13096,79
30077,15478,36129,84
26482,37586,30300,79
8535,14274,4644,89
401,22257,7718,74
18165,5703,7660,85
25594,10608,7137,69
25182,9467,37837,75
1124,35353,21342,135
15263,18477,22942,113
2529,11315,15331,99
22600,4208,4920,103
16793,29396,24821,18
6196,20575,33940,58
5431,27052,33039,69
22538,8015,36815,123
372,1530,7634,93
10647,14257,16606,77
34091,25897,17576,73
11710,20749,12138,48
16811,27234,7166,33
27509,25518,1691,97
22124,12903,16804,75
15143,16864,21143,102
34815,22851,8643,99
19768,16943,29373,43
14551,21429,7940,135
27945,16265,4620,97
36217,11340,3382,51
34860,37860,20612,64
18909,13251,16940,66
2427,30291,10249,121
33309,20292,15220,78
13101,25813,26399,89
38446,109,25921,49
10844,36402,16020,82
30310,37688,32369,75
9372,33476,30385,84
10866,23641,20643,78
8301,32749,5619,60
37505,8359,20544,80
28909,12420,22511,115
1586,9518,16985,82
8419,26409,29735,49
34663,1955,28696,91
28180,30344,4046,108
28085,34924,37801,108
15408,14002,29762,58
393,30944,4071,64
34733,6829,9399,51
13548,27490,9827,79
12438,15123,38582,82
10735,37788,4172,109
33370,31641,5606,88
7032,12779,28185,92
33345,4153,34202,84
2344,32356,13269,95
6218,3081,2509,115
27310,16240,10010,103
13566,23301,34027,74
1012,31563,34891,83
21831,32438,9949,84
2452,11587,24205,87
37949,33288,2460,128
11476,7141,3395,37
6225,5759,15136,107
1175,19903,24822,63
37809,33091,21247,130
24106,17735,19250,71
21874,27244,38579,45
21293,6849,18914,73
28670,21358,20386,82
1632,15975,28727,111
27912,11253,4753,70
15307,31046,18507,82
19002,21810,11490,51
24881,30472,12454,61
4080,27189,12881,94
11764,36157,29505,35
13930,15974,3265,70
37545,8495,8328,111
34124,36436,23370,82
4870,20608,29301,20
1697,8001,13933,100
20717,16560,3058,33
1212,21233,7812,125
20455,14250,33853,53
12827,25028,20657,44
13505,36014,7923,77
3254,21263,239,76
16846,33833,1724,64
28075,25977,38530,89
1763,2594,10711,116
795,29416,7608,79
21167,25227,32496,61
11761,34562,30883,45
4577,23757,26535,78
33015,2508,21045,133
34006,23006,8323,91
6449,9847,34002,107
33893,7839,38330,57
18517,11620,18935,49
21163,1965,23455,146
37923,19873,38480,78
8690,18801,15769,86
26563,389,37255,49
37035,6876,10206,89
30778,28089,2477,112
27202,18221,22793,87
29264,15138,29674,49
36038,36454,31839,76
9051,32459,33391,70
18473,59,521,35
8699,37914,12929,117
22968,4053,25769,127
25236,20562,13608,18
38744,21098,38691,60
13955,23486,20353,67
10079,22910,36466,121
15403,25756,1818,123
513,28670,38585,41
24788,3485,4659,37
16029,30085,25651,97
30141,16052,4760,73
13882,25178,34231,25
928,6475,26024,117
15893,4214,3328,97
11695,6918,32706,25
13957,21195,12177,99
12177,22814,36859,116
32456,23260,10569,84
382,8750,18897,55
31906,10847,19696,86
19239,10195,20672,69
28027,13982,24019,88
25770,32364,3041,66
444,2477,38700,59
8648,1024,18119,88
21328,34712,21891,92
37534,34584,8610,95
14312,21992,32681,75
20600,23722,38013,99
23626,26692,18416,87
26744,27283,30189,49
22949,37249,12419,116
19743,28225,7581,117
25516,34734,34648,72
28064,35724,37161,130
478,36837,12964,76
21159,14394,21338,142
10068,19763,31207,97
2644,22623,15235,138
9261,21483,1190,109
37763,22781,16997,105
3900,7610,27387,98
37632,33169,33184,115
13036,16811,169,56
21298,35619,1903,147
21081,6463,10665,121
33300,20454,8328,70
38388,3813,13178,84
4701,5526,27399,48
1030,19692,37777,105
8345,6841,33771,49
31738,16919,10938,69
28531,19197,17315,72
16792,18080,19770,62
32338,34215,28215,63
7018,38383,29547,16
34862,37623,29341,66
26700,23577,4513,78
14379,23465,24199,123
9166,33845,17632,62
13018,25519,15220,118
36424,36783,18173,75
6888,15250,23562,100
21860,31938,10250,110
24864,13949,36313,37
35628,20377,21518,105
149,32588,22678,63
19979,15921,16140,102
19214,22790,9439,92
31211,2413,761,98
1510,9968,7588,138
18034,19521,10859,75
6138,30060,1260,101
35434,6054,16766,111
5705,33869,29654,32
24891,30282,11286,35
5507,23760,19143,87
9980,2495,12272,135
36001,971,6178,100
15517,12266,11323,87
22171,18468,1553,92
30341,31912,4133,96
35674,11443,7264,70
10252,43,4112,97
35357,19084,24906,72
20324,34739,7749,62
32499,16771,15278,60
36990,20443,7605,76
36895,2008,36186,96
28730,28008,9222,103
910,25507,6811,77
7136,8359,7266,47
8690,9255,25026,63
10898,8530,28993,87
4977,31762,25729,86
8696,24212,29297,66
21040,4128,5330,109
35553,6159,21241,150
56,10040,27081,72
2615,97,33880,63
6492,38693,17347,78
18980,32638,15814,61
12425,37556,20417,83
22050,10866,7040,56
1948,1578,21877,113
24288,135,14418,77
3886,19043,2412,104
23011,32571,16790,68
9861,13680,33250,99
21770,33019,34926,77
37044,33483,25211,69
22160,36055,36287,67
35523,29255,991,89
6030,12077,38627,88
2573,16096,15350,126
20382,22693,22636,100
37847,21386,160,101
22580,15180,1970,134
5600,13961,8446,65
15374,18254,6023,111
4098,36451,14382,103
24904,9257,27500,45
2520,13741,22230,86
9308,3374,8491,80
1931,18223,7809,110
508,35291,15900,96
11014,21470,21214,124
38489,19617,16094,70
30292,12257,22084,83
8346,9862,17507,110
26016,32613,11632,56
24776,31250,37672,66
29529,21464,13063,93
29676,18804,37049,51
3766,27234,9367,82
12767,26770,10724,75
22158,9415,16077,89
35413,315,31091,77
36270,6917,6419,75
13949,10587,23678,89
1030,2020,20458,78
34817,24342,4578,60
3251,37032,22043,76
36479,31121,37095,70
28116,3358,12477,102
23518,12096,36045,109
31683,30108,6248,103
18080,32546,8002,74
20312,10644,32694,34
14370,21385,32682,100
21814,17684,8599,84
10583,21958,33388,84
30754,36902,15845,86
30373,12452,35561,111
9446,23431,31998,113
30940,6512,31506,99
17771,288,22581,81
32636,14300,96,56
28914,19251,15523,87
19737,30924,30808,64
8554,29491,21868,62
31726,31264,28938,82
12397,1898,11353,90
23280,7994,17594,121
36504,26749,11254,43
9794,16005,4997,102
32489,15906,19009,61
22827,30808,4794,81
38773,34591,3967,62
22068,11647,9132,62
26509,10084,16796,74
21952,15794,3984,102
28219,18155,6096,116
26680,6264,24760,62
7103,17661,22884,82
27005,38681,25973,58
1765,34586,19004,77
10070,21117,2338,149
1801,13677,12339,93
24275,23264,3514,101
14675,25064,9189,72
29601,34889,23314,73
25882,33084,21990,98
240,18014,25707,67
10955,18808,11438,50
17546,6372,25537,111
3227,10873,37229,75
28019,16591,36852,88
7241,13858,36941,51
9146,3780,19115,83
31152,7003,24507,54
21390,27201,15070,106
6089,7802,38720,95
32724,7694,28225,97
7165,27789,28034,99
15016,31647,36268,96
20568,13072,20581,43
26342,34849,8579,62
7984,32257,2661,99
26620,13862,15345,66
15295,20578,1195,75
25156,27930,24918,52
3190,20503,9920,73
11617,29461,36256,35
37670,27488,8627,93
31045,29524,29565,26
12451,3835,4708,90
11738,4104,4595,64
19567,37202,4668,73
28780,18276,37030,84
28791,25159,24315,62
2355,26258,33205,95
13054,35391,13753,105
11504,13857,30429,45
1648,32546,28526,82
21992,13987,25981,76
10951,5714,6859,50
1935,37736,23262,141
3021,29659,21266,74
9135,19200,36821,74
2539,18287,38650,76
36441,15280,29296,66
31935,13911,10793,71
12217,30830,24464,83
24267,31172,8552,80
17430,25139,34624,46
16821,8496,32268,52
12508,3167,10771,80
28554,21247,13227,119
5540,415,26480,37
1972,89,35317,103
1889,28981,21107,124
3405,31642,5670,73
28794,27772,16696,87
36092,26616,28996,63
17532,20614,17257,54
34900,32678,13955,38
14325,19956,24329,99
21754,37883,19560,98
38437,36382,33402,61
35280,16611,13004,103
16847,11572,26559,33
3176,16556,27428,46
7956,37008,2438,122
26259,2701,15312,101
17457,10112,20546,79
18207,5423,11596,52
9466,19598,20298,57
25793,19251,15999,91
7998,13035,9393,109
27989,12257,38591,87
16086,36415,18956,74
31755,6005,12881,120
18100,15864,23269,112
26534,31203,24299,59
36344,27441,28985,66
17715,19137,1177,74
37936,12767,17333,110
6224,7058,26267,66
16130,8271,24971,73
29577,24079,33776,42
5376,22688,27372,83
2661,21976,1854,117
25748,24295,1586,111
13230,29408,21974,68
16812,24380,25874,78
4538,2584,28152,108
31586,31554,138,74
22719,5588,36332,89
27925,2256,27842,140
37242,27415,12449,82
10620,23020,24096,102
32019,10112,3459,105
26002,36751,16508,80
37810,33352,36077,101
9503,28876,23756,109
33187,38696,12411,76
229,13974,27960,65
30263,28225,31612,102
29254,37756,27883,95
28099,13169,13595,98
24037,32530,23716,89
29430,24469,18252,56
13524,14651,13135,94
4517,15436,11612,65
24799,7544,38314,51
31062,25182,25594,59
5271,38684,14638,66
35576,37123,24902,87
19956,5743,22081,72
22908,32467,28134,103
8644,1752,3461,97
5364,5499,1008,70
37701,7725,22800,137
33841,1004,31129,59
820,10047,40,89
10061,31581,10256,136
15347,36268,14639,104
16154,13539,20549,52
27519,7553,2566,106
20580,27446,11475,27
10930,15014,26640,77
26658,3913,11557,62
15790,32424,13233,84
2723,2447,26395,108
34865,8423,16866,61
33443,20440,38550,42
34712,15140,29744,62
1237,8626,12841,104
3470,25003,34206,32
1532,31861,33266,113
23265,34657,15338,110
13119,13034,27377,93
26437,9973,37088,94
18029,9506,192,56
17773,25202,6956,36
13562,15137,34226,63
27828,32544,36488,75
21088,3857,2715,138
37619,31533,12449,115
32398,15848,22836,94
8525,25559,22640,120
12855,30173,18415,84
20632,24809,22694,54
9967,9897,11256,112
28797,20513,27454,47
9326,10194,7730,121
34908,34602,30213,56
6938,16030,9356,71
26330,28622,19946,70
26553,38707,21228,67
20542,36178,34892,40
30163,34747,9100,66
36140,28943,12134,87
19506,27445,8516,76
157,19124,37948,67
2479,9158,23260,127
25031,34853,9344,47
34082,315,346,21
25773,26673,30509,72
7506,15804,31083,98
4639,13043,7706,96
6108,7666,24492,119
24127,6802,15790,73
4753,27227,3115,49
22716,6972,18416,79
9246,13782,14273,82
3011,22058,24155,74
17600,10786,17252,76
28862,6787,393,43
27417,28585,3252,65
16618,32561,3947,59
13877,34609,24832,33
9379,1749,14336,113
27284,37051,5343,65
36155,34601,7947,81
7955,4562,18286,80
38464,18449,5406,47
15475,15425,28227,128
29613,37860,35370,102
21104,22172,12081,111
25128,28661,7270,40
2560,9964,20406,101
26646,3438,3917,72
5435,22907,2345,116
21060,1849,37022,125
28018,4530,1699,104
28887,13877,30864,61
9487,23525,28592,109
36214,6133,18207,91
23770,7714,29576,99
19039,7990,21315,109
360,27484,12122,57
2533,13113,8377,120
36506,11341,24168,60
27352,36939,35455,99
29642,20610,5742,25
37512,26540,1724,101
2640,6170,7987,138
26536,30233,38717,39
4888,24500,37877,88
25888,38398,37688,88
13832,6523,7845,103
2539,16958,19030,75
2286,30505,32473,78
17348,36779,18158,80
8398,32297,27872,87
33145,15953,3139,92
28517,14556,13242,111
8678,5601,275,58
13051,38252,16149,81
22058,28840,363,61
27289,33171,15985,87
33835,6893,21958,41
19545,14429,4248,110
37883,12509,2367,129
18966,38371,23708,73
18813,3004,34614,53
30249,17432,1793,92
30051,2577,20389,72
15168,33946,6108,97
11671,7102,37541,62
6346,3913,25512,125
27402,23597,2745,115
367,26722,318,24
22030,31763,11302,69
1945,3438,34707,81
10647,6933,3818,71
17621,13139,19160,81
14361,24817,15753,82
37101,27785,34545,94
18197,6365,9750,121
36156,23712,24912,76
1244,23285,7899,127
4992,16173,37762,96
7019,15011,3217,68
31029,37577,1513,107
11362,9852,33481,96
9850,28236,4589,111
19131,33974,30157,47
34640,11745,21996,52
2660,2597,22658,145
2638,22151,27120,88
31726,4632,34036,57
11555,8273,37686,88
5472,32298,10067,78
19215,21174,26260,78
13581,31246,37766,76
30406,37146,13793,66
34541,7533,27901,106
16711,34641,27130,43
32302,15287,30372,71
6175,30027,32393,77
11583,6966,6822,24
21278,29653,10980,78
11305,14376,28118,98
13262,18048,16023,99
12041,24402,38588,70
13986,37647,36473,79
25639,24516,29678,71
14587,31026,9193,87
21327,30312,10757,96
34124,28144,23706,107
33128,500,27935,87
10102,6155,21245,148
22719,10591,22842,122
31189,18892,18090,57
13765,8365,9096,73
18851,12139,24767,55
5306,6436,27051,81
19683,5648,33933,56
24282,11465,17556,65
34673,3868,32669,65
26401,17760,18926,54
5471,26338,30269,53
27929,35397,32718,107
13105,967,34130,80
34254,22964,27956,104
23416,33141,10257,138
3301,10087,32605,79
4807,23452,38697,71
13758,18124,26253,48
163,20388,26708,20
24412,19545,25967,95
29383,25851,25514,80
25933,21158,13835,101
28146,20379,19931,76
24485,16861,23252,92
30228,30907,8324,73
5599,5459,30823,56
26488,9478,1869,83
38394,18759,35410,74
20456,9183,26398,41
19816,17263,31201,72
36916,31654,30022,87
958,13618,22773,94
17717,16939,24484,66
21381,5364,28012,115
7687,21753,20511,70
32629,25673,38022,91
37554,30321,28777,97
4558,31771,35375,101
13573,8478,29655,50
9426,24944,18068,53
18512,929,31918,89
16718,17574,12961,76
4844,31511,2360,96
3025,3255,24135,69
35563,31603,886,119
22850,18947,37716,110
33864,6833,7237,23
8317,31001,29645,55
4790,6289,21467,111
18050,32572,29596,35
33453,20544,987,69
30478,10864,28096,92
7715,38357,25239,51
12312,7191,34675,60
12322,3885,32569,84
9761,9205,9373,105
6445,25596,1595,129
6767,21422,14582,99
9243,26652,33908,48
818,29424,2633,84
19970,3039,9990,99
29532,22615,26557,65
26296,21477,25589,100
32018,30883,36772,83
6008,229,1696,97
22007,26274,34163,46
1817,13100,9970,134
38389,22838,4648,68
6265,28660,11589,87
22913,6367,38567,101
19859,15918,18079,88
28814,1218,24806,65
29546,33396,1622,83
23378,30515,2021,118
9401,29358,23644,83
33290,27466,19013,66
29570,18123,24202,56
35292,33286,2693,136
35571,58,29570,63
4107,9978,34578,108
28627,11483,22925,89
30499,31662,3514,76
22784,28827,9829,130
34928,19625,19906,73
6203,31792,15193,122
26661,19621,32515,48
11747,9199,10166,88
25822,14563,27948,126
24904,27877,2738,97
18343,8444,8251,89
34543,10551,6207,88
6752,31019,330,31
36470,3907,28993,91
16894,28151,7764,100
32394,38550,19960,41
30868,24998,34849,38
1947,15922,3997,121
22055,9171,30897,70
37989,33859,15989,91
3753,33804,25179,52
18337,18494,38753,51
29754,31601,20280,40
24862,3017,4191,63
21453,903,34070,91
10711,37885,31697,103
21763,13063,8711,97
33171,36992,21226,116
28609,22704,25562,117
38762,7948,37976,93
3523,14736,34726,79
9024,4522,4258,81
9446,9460,13927,67
26486,20323,26623,26
19927,11334,38741,43
17770,12434,19979,90
25659,10124,16538,100
4080,16566,1582,95
1131,37043,4149,103
15173,17308,18910,83
6917,1564,10582,75
38536,2717,17706,79
16228,1015,22712,118
164,17330,20720,34
31160,3028,10160,89
27493,7952,14005,71
33111,1240,14456,109
34105,34079,36341,39
4638,19703,31827,76
12984,9044,32343,74
2312,5362,3255,87
28517,6139,5360,96
38723,35395,13846,71
23701,16074,28506,119
28515,3459,20648,52
26510,23412,11736,74
18865,35290,33186,104
4543,26725,335,32
8301,20654,26663,47
13205,27978,8444,118
14747,7545,26435,97
30092,28167,7687,111
21228,15410,25098,94
9230,32290,34514,52
27781,33245,3401,101
25182,20687,6815,12
32690,4220,23472,100
12794,17471,25075,68
1583,6120,16214,128
7872,4142,15431,124
10585,2591,34621,89
13636,21762,27202,53
7842,16505,26476,66
15174,37150,1787,116
4646,21294,28966,94
36000,17609,29742,51
34917,29625,15015,62
33457,11511,13211,84
6941,14658,19036,65
31881,30864,4148,92
1780,15312,11687,95
37551,22806,24908,97
24882,36977,13968,47
8750,7667,37877,121
25767,31732,8678,105
18280,8719,20484,58
20728,23477,9276,81
36150,37886,14569,108
183,9436,16024,70
20390,11381,3333,32
21787,15975,16830,73
25826,3322,12387,94
23750,15899,37022,120
16021,27399,25507,90
12998,36762,14772,112
18494,33933,10019,83
1195,6947,1144,71
1837,20641,31954,80
12364,12450,9805,123
11686,34951,25852,65
29256,30755,18850,38
7726,38614,3023,68
27453,37719,36022,81
9129,27864,22871,122
18105,31211,24380,70
22102,10153,25998,114
19028,37505,10138,112
15181,38289,38508,51
4121,16904,31803,85
24406,31062,31963,81
26715,25852,37826,95
10816,30350,33891,55
26326,4155,26554,64
38764,33272,12073,76
27222,13940,15483,69
26370,22878,33286,96
24255,30893,21100,97
18459,13221,22006,87
38758,24289,32254,42
14746,19725,10247,121
6890,21487,31011,75
11362,28083,5274,75
2748,9952,7887,142
20508,22787,28841,81
3227,28619,35382,103
36159,23391,5433,92
33001,19115,5734,70
38342,3105,22554,74
25673,13706,3212,71
29473,19563,19547,60
29761,36339,9103,52
11387,21089,15040,101
25816,24352,18166,90
21289,2715,38681,103
3153,6006,33055,102
19253,12318,8733,85
27864,24491,22547,124
25708,19720,28112,112
169,13017,32647,53
31038,30226,28588,70
10782,24979,7695,70
35569,11314,18956,79
38454,23008,4153,94
6004,9454,12936,113
33105,24874,9405,65
19937,3110,24844,51
7955,7849,15338,127
10616,35364,426,83
12165,9416,10701,87
38292,31239,27124,38
33336,28952,33786,74
8301,26482,38601,50
9454,20380,23619,81
15836,37247,2351,116
19697,31795,25155,65
38290,12786,5740,63
21419,29689,19186,70
35287,16658,21271,114
29523,38681,212,15
4065,33255,7100,82
17509,2345,22642,123
27320,30867,24170,62
25039,33386,848,70
22681,30473,18021,94
15170,25055,35673,97
25027,397,34520,26
31087,3051,8437,71
2586,3042,15016,109
1813,26524,25820,94
3261,17003,36200,52
3349,6489,10768,91
2640,33426,4797,97
27026,5388,35548,87
37646,5646,4549,78
6809,13801,22689,69
460,17539,222,38
35591,34692,25138,73
20758,7990,8505,78
12925,19638,32517,75
25930,32429,30048,68
12391,1257,18134,91
30510,21009,28255,118
37737,33022,27769,126
31255,12321,15186,95
26630,15089,379,59
1229,4841,24252,75
34664,14313,11655,69
6482,7031,5325,73
15511,25997,8738,112
32597,4066,28072,94
16878,35755,20575,66
18442,16508,15854,71
28616,7848,1920,117
22087,36237,31728,80
37877,19589,14023,86
28032,37521,24884,94
2443,23747,14366,142
11353,9041,18044,60
13100,28226,29474,89
30253,23482,35264,127
34225,32338,37712,62
4765,34150,9075,50
2345,27868,2452,142
36814,16864,30238,64
17632,14692,13537,81
36241,16728,8610,65
17563,25841,265,70
5608,32743,21152,77
36524,37968,27507,81
13900,10186,9291,91
13879,11315,7011,30
34831,17752,15045,84
31863,13902,3057,67
12976,7596,3894,122
18036,37722,35565,121
38010,25765,24348,112
8401,17577,872,91
32571,3966,22977,97
24347,15820,13830,79
20312,34195,18436,34
37581,23306,26452,109
31168,2381,509,72
25766,30015,21151,110
21819,25204,10892,52
13608,37878,474,64
4209,31952,37036,105
24105,25224,23761,84
21863,12877,28935,94
13976,34557,29700,34
15952,16708,2305,96
24921,25592,27332,56
29707,7174,9359,38
20706,34109,24344,40
13851,18483,16901,47
36936,14507,3016,93
35449,30376,12275,111
20458,27191,24801,20
33863,12288,7640,88
8406,22117,24886,61
34671,19924,27410,60
4589,14695,24084,85
35719,12332,18069,112
11671,8019,19641,81
13906,19817,19264,57
2708,11411,6335,105
3831,24123,38480,74
1584,34595,27460,76
284,14551,7206,55
30870,14473,10883,84
15283,25135,13727,57
37903,12833,9362,111
27412,27764,35456,114
28821,6006,19782,105
33121,19727,36894,94
33825,18968,24114,54
33436,34078,1222,76
24183,38699,6498,81
33767,11496,29463,23
23407,19250,31601,102
18114,37971,27448,83
9113,16650,1243,70
4708,6866,29515,25
31247,37909,10871,87
28865,16120,22172,92
17378,34159,3861,75
10053,4090,29592,95
22935,14620,22745,140
14433,6000,24420,118
6450,38565,25572,90
3953,13266,20442,81
37979,18375,15089,109
24761,24047,38345,37
24128,27434,15328,85
212,29758,36000,31
14470,20327,7067,51
3415,28917,9415,77
36241,3893,22006,86
20518,19868,12453,66
33336,25853,22785,122
25707,19746,14250,108
23767,11334,322,68
26290,18472,4914,49
11271,38706,37249,46
9774,2614,36204,120
4153,31171,22629,107
10087,29349,6153,102
21324,11688,38022,105
10251,24300,31943,114
31001,10997,30909,60
6408,341,20418,55
12421,35471,1262,121
16586,19116,9762,78
31722,19596,6521,109
18499,3416,19062,59
24936,12186,22107,64
24961,37059,30914,52
31554,31024,15362,93
7667,33921,10097,103
3776,25833,22584,127
24332,7829,38015,117
15037,30410,24278,92
13562,1994,36413,78
22584,7530,13120,131
35553,98,27287,74
18766,36922,3300,67
16875,10521,4227,75
38588,6950,31114,30
842,26345,499,50
37896,20506,28568,77
13796,12972,26468,64
21925,8349,10607,82
4822,25707,31923,86
11666,25060,33077,48
9214,10150,8383,111
12788,33373,9382,101
20568,37242,24201,62
31264,1546,260,68
12779,28902,21006,119
1872,1581,23646,140
12524,5546,24758,58
1678,30312,18077,89
29693,9518,4996,45
24988,28191,3007,69
28943,14444,2593,120
11252,15767,20381,49
31625,17412,24382,89
35471,34800,29413,74
100,33432,19678,69
20469,23533,35668,107
4982,170,5733,39
13955,15436,35454,107
7679,28706,18992,89
1772,28038,24182,119
2683,31610,2380,130
15009,28759,23593,123
38534,22872,3503,74
38342,11682,10651,39
4096,10848,11615,74
8584,18785,18127,72
34689,29733,14325,63
16269,24471,33330,101
12090,34,35363,95
16958,38334,34743,33
22009,18146,6052,95
28887,30950,16907,59
1188,26316,20697,46
8250,19983,1535,105
1840,5567,1627,107
18314,6007,21518,120
1704,1768,4788,102
3977,23576,24184,121
30323,13065,23423,113
30836,18191,28178,87
34228,35468,1722,106
6014,29001,29741,81
27868,7722,29311,93
31783,37146,19014,81
37923,21846,18398,93
22780,19502,7565,120
23574,19959,21046,130
3888,26616,22145,77
17411,29291,36065,51
33888,12414,29656,49
26429,13622,3319,45
6166,20573,30888,67
31131,4716,18173,55
15513,15063,36429,103
6830,26638,22845,68
31749,34849,16095,88
13163,29653,14399,85
29385,18397,1531,71
17618,37736,36270,92
30478,12331,22585,107
34137,9221,2566,84
38519,17496,37100,62
29475,20682,30034,28
12770,11651,348,55
1954,35294,38519,102
3112,34180,7995,72
12445,27011,32579,59
12352,36875,33890,76
18913,12499,36476,73
17436,6095,33320,108
34113,36949,30455,62
2586,7667,804,123
22684,21067,14642,141
22116,23668,9183,104
16848,35697,2011,108
24990,25144,17499,32
37909,32677,31756,87
2344,23402,37627,145
455,4822,17750,46
9883,20723,19547,81
7218,26304,5269,38
37045,36432,26748,64
2661,9376,36414,96
30989,30816,22930,85
36848,13831,9433,71
6297,974,63,85
5647,10566,28940,73
29398,34714,20614,23
19964,18765,24383,73
3875,9978,2659,139
24919,38651,5330,27
30064,22859,33507,106
21834,7568,2661,116
6441,1151,36330,100
34580,3392,21844,62
20619,8588,3112,55
4127,34725,35285,110
21359,15302,31212,109
16630,469,4227,57
17022,20694,25979,51
19806,31623,25546,100
37803,33822,19567,82
12754,4544,776,85
14720,1876,24297,115
8669,35675,4988,100
19980,5476,25520,85
34571,5425,38483,41
28744,27029,12307,81
37176,31541,23415,117
32551,30179,34859,47
4763,32468,6379,69
34034,4986,10108,74
18250,34895,15509,81
7544,4861,28917,87
19921,36057,4683,63
22099,2588,18019,96
31233,13679,5350,50
7688,36838,10543,98
12916,38743,19930,72
7140,38575,34736,29
12916,34049,27128,63
13746,14345,31566,89
18050,16699,23768,86
32307,28983,29748,42
36991,35680,21444,134
6906,3487,5003,41
35358,7970,22588,145
16512,36407,24021,61
17730,27981,24253,101
10945,34702,15924,78
7976,7990,10197,137
6059,35653,33993,109
37005,419,22800,86
23733,6406,2275,147
25082,18078,3998,66
29519,247,31208,28
35260,34920,7523,113
38475,24978,19034,24
26762,9389,22225,64
15279,1260,24117,102
23665,18782,31183,86
24154,33988,37518,83
18211,7006,36993,61
33102,12014,6373,118
12430,24370,28060,111
13718,9279,28067,86
275,38485,7878,54
33308,4164,15074,116
20650,16678,13244,52
6097,16680,31968,92
8399,29312,4925,51
6331,10739,10579,95
16519,13846,11401,34
35447,33272,3295,108
24512,13996,3224,62
33806,35341,17506,88
23376,34736,32408,77
18402,38531,18499,51
7977,27326,37671,103
4566,14354,19851,84
15123,28722,36765,102
13596,1703,1749,101
15222,18450,9297,91
25823,30461,31726,94
36761,3413,31570,85
30194,8386,16538,66
30800,4092,26446,70
6313,2372,2574,143
326,32537,7032,21
20012,2649,35319,129
19536,16596,4962,53
6170,6420,15355,135
3761,3470,10648,84
3920,27787,34853,103
36375,30796,17657,65
36192,1640,25693,103
476,14617,18752,64
38696,11455,28260,61
12966,12957,46,84
35753,3913,12956,132
36415,34051,27501,45
17365,12501,32526,70
1852,8634,2501,125
2635,38539,33956,62
18338,24046,33493,87
179,23659,25125,61
18382,1071,31141,73
20605,1727,15344,87
31563,3352,10786,78
25536,12091,13653,87
100,17723,30031,54
25218,24430,2374,80
3469,773,3758,92
16599,4837,12808,64
3208,10133,472,77
17251,16038,2705,111
40,1645,2739,98
2629,6006,35691,148
28735,36408,1177,83
16150,37733,35626,135
26333,33867,6153,68
9840,27498,25768,104
37742,21324,5489,114
36071,1232,10271,104
14300,38431,16681,58
33250,27778,14754,123
18963,13207,34530,72
25689,7848,21318,131
38627,1974,21751,74
1653,19083,24397,89
10698,29427,37146,59
13558,37143,8324,77
24963,13254,18761,58
27314,34731,38494,37
22940,22593,36882,129
14658,327,25538,86
37755,34594,21986,87
2618,3872,32391,96
31547,17631,936,92
15224,25680,23299,131
4624,31646,11522,58
24988,10050,9845,105
32375,28826,4771,52
16859,38320,10262,67
1570,27751,17257,116
17013,9051,36434,59
21793,181,9228,58
33059,8380,31944,102
30237,33350,4037,97
19676,2264,28016,122
17428,27431,20021,69
18439,1271,37654,100
2602,8601,26705,93
31174,3179,34816,55
16172,21512,4060,127
21776,1259,18289,80
9770,9911,21105,152
19763,28641,24427,87
34048,28972,17594,65
34270,6171,24297,85
33141,20674,22567,86
5624,4759,26002,71
15926,9999,8491,121
8663,3445,29714,57
38445,38303,4684,24
19898,32353,38688,41
13907,11599,1689,67
12361,33190,28613,101
18880,1096,33236,83
19979,31832,34717,79
19199,12994,18163,78
22208,15294,31682,100
37026,9373,21521,108
31125,10714,13669,55
6775,24838,12864,49
17766,19602,4189,94
34856,24810,27030,35
6514,31689,12113,117
11531,8649,35323,96
12969,38267,38665,49
22567,24375,37738,123
36979,24877,13969,47
7117,29559,15917,48
15365,16557,858,84
34190,18426,37043,63
2325,28564,22895,127
15335,11406,36341,72
28175,19176,3134,82
284,37635,1253,83
13250,35588,14759,134
1994,15861,32502,89
17600,8272,1124,91
37213,31146,16012,86
36461,16114,14254,100
14002,18093,445,42
37702,26436,26597,69
22001,28726,15476,96
27962,2670,5742,113
3052,1162,21117,102
20319,11551,33773,21
27107,28988,9807,96
8348,8570,7056,73
6423,6999,20584,56
15358,26532,15140,94
26264,35597,12973,104
28832,37149,13997,74
24810,37007,23535,86
37618,3175,5388,84
29370,37227,8561,68
10662,23543,29540,80
38436,12194,2378,89
37512,37925,36761,121
30290,10007,20008,101
24286,14380,32278,79
22046,28150,15151,112
1241,5636,3966,91
1952,13970,1994,101
8533,24789,14412,78
24219,11722,8365,72
4923,36087,35399,88
25721,12915,28937,107
36005,1155,25518,91
33935,26551,15060,62
33980,33042,22134,69
21060,7861,25567,131
25257,31741,33858,46
28734,22259,32611,63
3007,38470,13035,64
18502,8004,19785,94
5631,5535,25633,76
27469,22129,17295,66
38613,16678,36780,47
37743,21145,22139,120
11497,16143,27045,62
10017,25787,821,121
28126,16200,38526,88
33802,1676,4168,93
34196,2279,24088,86
7203,37505,28251,98
19139,5342,1940,79
16170,32496,13754,58
38670,17507,22891,80
37221,23549,4108,123
3373,15315,31183,79
20629,22812,12118,87
36306,24843,22019,49
34719,24105,19726,74
35620,37253,4120,124
9787,35592,27378,119
3500,27175,13650,48
28625,1667,25820,112
19693,21511,24366,107
25605,19792,25945,104
36482,19032,19614,65
13227,7644,2586,130
7020,32260,20385,17
25990,14311,86,86
22989,37026,26685,92
37251,70,9905,88
1546,12315,34088,89
24853,13128,3887,82
366,16705,38468,22
17737,33302,2383,109
8752,9314,12103,96
20511,32329,8329,43
2252,11519,24777,61
13694,17578,22685,88
34986,24968,36122,41
16837,1976,36845,86
11635,35752,23327,115
5273,31166,32745,45
36296,3496,26736,53
7891,6263,3244,110
24208,37937,37882,119
29716,13538,7008,24
3342,28642,19162,66
25906,26009,37524,121
16719,11480,28728,51
25942,34148,26340,59
9901,7065,34619,75
19064,1192,4208,88
16504,16163,5754,67
26707,8686,3270,65
174,31180,5356,43
17338,21382,18956,92
7115,11422,2540,65
14451,25099,1011,77
28162,2394,12290,130
38357,4702,26624,31
33480,29624,13839,52
30229,25884,5731,79
1782,28550,12965,113
34171,33086,20679,46
3982,35304,15309,134
20315,9004,27358,44
2616,32659,2394,104
6773,37642,14440,94
20663,29280,34944,23
30342,27926,30841,86
24909,37092,12232,70
4001,5717,15094,100
14334,27847,14717,130
25674,2584,21062,136
13081,12492,750,107
9190,31619,16059,98
3335,17507,10623,70
32714,771,4027,80
27948,26369,4543,72
12079,29374,32675,48
23389,10769,21772,101
9213,38588,4179,72
5391,19644,12281,83
13966,20284,28985,45
11407,37061,30799,59
9014,16915,1551,82
37234,3299,7692,94
11719,10559,29684,38
29628,19985,27304,47
4109,16816,15339,92
8734,13880,34817,63
34108,8768,14613,84
21027,6985,27884,103
22208,22932,18040,97
37619,32515,29625,57
28770,22092,13184,94
33227,34924,32325,60
27881,12985,11674,95
25069,31643,11310,47
20573,17534,3129,48
3256,8483,29744,57
32415,28126,29415,58
16984,25625,20541,51
6790,11404,33268,52
16152,26536,6475,96
21394,31878,10070,135
1228,30307,4898,68
14627,9264,8635,102
30386,14629,25708,102
12765,7177,9058,73
24031,31598,19019,79
38730,37995,17716,76
12042,33977,26280,57
17452,7747,18989,85
35368,34510,20387,72
38276,19894,4744,47
18413,11358,3048,53
5429,7156,13032,65
7506,14428,6404,132
36143,30120,18164,66
9259,13641,16848,51
16057,4263,24779,80
24064,30889,27504,62
24475,30828,24317,76
3427,31888,36320,75
29550,25829,38268,47
4768,25215,33771,26
23456,9421,5440,98
37618,25787,16236,120
24204,31196,14684,89
31663,1681,57,84
2284,26507,28592,90
15362,31156,31126,77
11340,13507,21821,48
10702,23723,2581,124
18392,27008,30276,60
35471,9384,12353,116
37545,12494,6382,128
36893,10109,28071,128
36175,24193,5650,69
2402,31800,17555,108
9177,25756,34586,82
18142,8330,16585,67
458,3184,33352,61
