card_1,card_2,card_3,card_4,result
10838,22624,3978,34674,130
31874,30160,16646,16161,104
17759,37950,22519,27423,135
30992,8382,24816,3933,94
13801,26599,34153,28193,80
26762,13694,13046,33200,99
5589,36131,4585,9799,105
32514,22614,32444,6920,72
304,27304,12978,1599,104
27224,3145,7015,34744,59
18375,29321,18028,34983,67
22244,21321,1963,5476,138
24009,29486,9959,16132,121
13992,3409,24902,32480,44
6179,22532,22631,6263,192
29278,7824,18238,16218,107
31205,27868,25790,31196,120
13577,19754,8448,281,80
28099,15147,1970,31138,149
37970,27075,35580,36135,134
5556,29685,27432,13233,77
30141,8344,18384,12361,114
14612,26551,26304,16227,103
35251,20641,31050,11000,97
30146,10099,37758,9489,145
31077,7908,3822,37786,146
30921,35410,27880,23453,169
16771,18245,27763,15350,121
6833,7917,9968,31513,135
2587,782,30253,19689,130
37002,24409,6231,29371,111
36376,30302,33775,10967,76
28940,8655,13693,24487,105
36476,29303,28851,31868,89
2511,22056,27842,4813,133
19551,27136,19793,30121,93
29609,12126,27170,38724,60
18135,6206,4662,26389,96
13796,2453,6831,23553,120
25082,12212,22753,33829,97
30800,35609,25799,32562,117
909,38684,5614,19124,72
12353,10729,13995,16053,110
6482,36369,1253,36327,121
7865,21238,22153,30112,140
27012,27029,24439,27344,74
10738,27217,19123,3137,75
35009,1691,20606,5411,82
20608,26527,2258,20498,64
33436,34586,778,13842,97
21448,16787,20747,27176,78
29255,5266,19542,18033,74
37824,21083,8457,9058,155
8024,13623,9515,30434,105
36950,8716,21198,14411,156
130,24519,16055,16902,83
3362,32469,31535,442,68
18376,34849,4891,8671,87
3982,34952,1758,37264,132
320,33013,1271,10599,97
38275,36361,16003,27996,109
19780,5639,32687,9239,82
495,38728,26693,31641,57
30348,3339,19164,425,64
18351,18064,2685,25608,132
9931,4742,24089,20523,96
3759,33024,23519,18266,150
24080,23547,28081,17413,153
11773,5740,8363,14737,104
8380,4028,23460,9832,176
29379,16018,25243,18768,60
808,9348,32309,23489,119
30825,17503,12253,4819,94
969,2565,25181,6369,130
27344,28564,12512,21217,131
31085,17018,30434,30186,73
6152,29007,16749,1110,120
4876,34018,28950,31012,71
9979,16728,28972,25580,130
9288,37077,14393,22621,149
33035,38665,24271,8723,102
28835,38747,34255,6765,51
19546,6363,36237,973,128
20730,19585,16764,37786,86
32015,19636,34215,1169,103
10996,14336,3239,13542,99
2554,18420,34531,7982,131
27890,32757,24204,14675,125
15841,5641,9780,14520,149
3414,29360,23722,2506,124
31230,16886,22700,29559,82
13045,30152,22501,12298,146
11288,15033,1739,29504,99
8500,16937,38359,22702,98
24331,31687,7058,18481,93
27947,24900,25522,9870,138
2723,16502,24368,6314,135
13129,25611,37124,23267,160
23560,22822,4697,14009,128
18326,1238,13179,11650,104
37733,2714,33088,19115,144
2616,34937,34507,21932,107
37787,36252,1576,28227,156
36265,34756,18303,7178,68
9415,6769,31747,27846,114
3888,26505,37880,9798,148
24892,19201,19245,292,41
14271,2701,25777,1847,172
31157,23745,26612,19882,110
36169,10810,7825,33761,97
37803,28648,23452,37822,172
20734,26351,13032,37082,84
33076,17326,26347,16626,84
25670,1839,22008,13652,120
6192,7976,29768,8340,127
38,6245,25181,35371,109
4064,10814,12054,7999,143
32364,19099,21423,2374,122
26548,34865,21794,15814,91
17634,5641,33966,25851,92
25991,4510,1999,11667,106
13213,840,28938,22042,126
25116,16616,17599,18779,56
14553,30323,17726,36932,121
24033,15172,18488,12781,132
36131,436,30829,413,51
31587,36144,36407,18780,92
6136,13142,14544,37255,159
37924,10000,18823,9512,139
2281,28718,22163,8430,136
11763,32520,12226,10125,105
13548,3417,18916,5383,68
7082,35725,31246,34743,95
10086,12334,33483,21069,172
9298,21177,34216,16256,123
3428,19056,43,1520,86
14346,79,10080,2320,147
5338,7087,8670,12894,98
18895,36119,32417,1209,77
13050,37803,14336,6953,133
16258,12518,899,9782,156
36115,33956,6873,21183,87
31100,34549,35272,12257,124
5508,17698,9269,19584,100
13792,1692,7657,20730,102
26546,34969,9513,20008,84
22928,29712,21207,32712,111
24320,25527,35694,31763,154
6022,31729,12499,29356,121
38562,26713,12951,30392,78
16061,30920,10214,28832,136
25815,27202,26509,6427,112
34269,15417,25967,31095,106
228,14023,33471,4119,94
5372,13830,7126,30443,61
2628,15994,37076,24975,119
28676,6369,13658,24393,119
5742,34550,7167,28707,73
25994,33227,32688,12753,120
32001,28699,31221,29511,86
7720,7574,26524,785,130
25744,19259,27499,11322,79
16703,17448,20000,29342,69
34225,19570,15129,3877,118
36993,14591,3397,26662,105
23728,24997,31038,11561,83
25633,22236,27471,4711,92
3922,32642,34878,4732,79
16773,34733,5698,30900,65
22077,24451,31236,17709,98
3273,1025,1106,33350,119
31187,13021,38400,9367,89
18233,29458,24147,4969,70
6971,38532,5277,9013,58
1160,5005,11311,29558,60
28572,24015,1074,16781,102
24969,33169,8593,5602,90
13079,895,22671,19537,148
4081,25153,6173,21387,140
37888,30373,29451,33761,80
1766,7094,6291,22915,147
28097,26506,27875,16646,115
6469,36248,31177,20512,88
23018,26324,3969,19526,129
37899,21018,28971,28764,155
17271,31511,26648,7660,115
22967,24257,252,34985,101
6336,21754,15417,25086,116
17566,37679,9225,4089,138
11712,9796,17469,1563,131
38544,3914,9229,15980,109
27330,4510,29005,34136,68
7093,18215,13978,13898,56
38309,21962,33189,2630,113
26586,985,14516,28528,116
36845,2544,14419,14665,163
22205,18893,37960,31860,120
16891,13992,9324,20295,53
12332,32540,31887,20604,80
30242,18951,21454,37108,119
21425,34969,13766,4035,120
10665,24955,25591,8710,98
12184,33087,25129,21390,124
23362,32743,27756,27035,121
29766,6821,13759,27770,70
30257,25676,22521,28661,139
16218,37031,6020,33473,150
27493,12464,33410,10215,137
800,26525,4231,11284,94
4087,17749,6459,3404,133
13616,918,9504,37949,117
25751,27760,33288,36003,140
18308,30383,4171,34784,102
8294,21108,33045,13973,131
17522,36925,31558,15032,132
22004,146,18856,33262,82
5301,14544,26746,27245,88
20668,30915,5383,10204,90
9151,28055,11482,32744,91
21782,26442,33299,22549,121
20348,35753,30784,25115,76
22551,19775,19571,20017,133
6899,19071,33908,13993,45
3354,30399,9299,2599,117
4194,36987,37807,13588,129
18021,16751,1097,29509,70
31954,27052,34087,17694,84
8405,1867,25038,35453,133
31093,23340,27043,18923,101
33317,34552,1849,4052,136
3408,21251,12416,34172,115
19716,4663,31100,34674,77
29685,33206,14667,18896,97
21482,36002,5518,32633,98
14584,3436,27270,33776,86
15773,6395,14388,13976,139
24168,5501,8674,32280,89
36957,33454,28144,17021,123
18328,21354,8329,24294,135
12234,32633,6111,1775,135
1598,3144,17287,28152,136
16869,11305,36475,14418,84
29490,9365,36784,18517,85
15948,17354,10066,2634,162
9503,957,14453,27771,147
31876,9229,9888,21085,162
33880,7162,32255,3462,44
8767,29546,14277,32750,87
35661,30813,12926,16822,121
2583,22773,122,34888,120
3252,1897,33476,34685,116
5539,3232,30292,36793,92
22748,2755,36849,24163,157
31876,13777,4678,12434,97
22719,35365,30081,35597,177
18780,31749,19969,35558,131
13892,32573,20498,9945,74
18467,24838,16562,36209,58
35614,23288,27913,32419,159
33047,19088,18848,32395,75
7696,7864,33496,6007,168
13643,13852,11774,12814,75
26669,2000,21391,9826,157
34786,27986,23543,16256,152
15044,27252,17279,33204,117
16199,27085,30477,4884,88
23525,15344,20446,3799,135
13570,3774,34895,20266,72
5347,8405,25559,24296,119
22982,25139,34973,26566,81
19784,19114,9455,27806,117
31579,8390,16570,5722,97
25624,6876,5512,12449,100
516,23375,26,23547,116
25533,33214,14445,34196,124
1114,4665,37543,31772,125
16616,28776,28036,12322,123
14388,20507,20457,35679,99
7746,25963,34117,30076,112
6977,8624,13596,35736,106
12199,28157,2267,16211,167
34802,28096,36359,159,90
21281,25989,34546,34740,122
30841,35612,5743,34867,107
22071,12115,24014,37632,135
32737,30925,16218,34594,80
7984,8762,20641,7108,85
20608,455,23369,25128,63
10562,21490,7745,37926,162
34083,24850,28509,22940,91
10801,14607,284,30522,94
21783,19033,19843,20438,71
11258,28013,5411,8637,108
6463,16002,20354,3243,106
27381,25128,16224,6330,102
24941,8445,9253,29321,67
22690,22032,19825,29349,106
35502,11482,12934,37972,147
16956,36019,32369,35393,93
3244,9070,9856,9202,125
13216,16745,12946,37589,134
4869,25784,27473,13833,80
31586,26364,29764,30123,72
31820,1645,12013,24840,117
37117,25514,28897,33139,134
33464,23264,3873,33096,162
34695,29599,8586,23656,106
15240,19506,20307,8356,104
19901,10674,28897,12070,118
34218,19140,4000,28100,111
3345,19684,22780,26652,109
23661,33204,34800,35306,157
15751,32284,16902,23645,108
16737,12173,33837,31935,90
11758,11462,24243,31140,67
10090,15223,35003,25766,147
16751,34953,23430,23692,132
24804,12206,12053,7837,118
29449,7762,9868,5680,117
11673,14413,4091,6885,99
23297,34108,38570,7908,109
20621,12942,7902,16571,95
33844,16742,13012,18467,82
36435,26686,37251,27845,110
19652,23564,28044,25044,129
6966,31553,18025,15515,105
23337,7570,6760,17642,128
21190,12931,32538,12184,133
37765,10788,11431,31836,113
23652,27000,14409,17267,135
11259,16217,15354,21364,138
6322,25018,25872,21773,113
35680,12123,30919,8500,140
37549,21783,30093,10909,116
33421,5447,18838,23260,122
22780,4592,21140,11424,123
7248,988,356,18809,61
17567,4196,12184,27344,117
22001,25570,31873,15907,134
246,29324,28710,29556,44
24447,22175,23343,12319,142
24145,38328,28143,38721,85
7763,927,9327,2434,150
151,24030,6899,16638,53
35024,10223,8649,9114,128
32329,1810,16178,6309,136
5605,7010,13176,18416,88
35762,10661,3119,30302,119
30062,12476,5473,25828,115
35599,16269,11708,30006,122
6323,4808,37565,18328,129
8390,10003,34246,7155,100
20349,19853,31735,38331,69
34844,35007,28597,9896,115
30147,13199,28123,37164,138
6285,16131,30006,12374,142
21015,30975,27325,5492,102
12767,16024,33318,18983,127
3028,33906,4262,7206,76
29511,35318,21270,21291,157
33335,19265,33517,15281,127
27505,35419,12827,4668,121
30421,522,296,19105,50
37141,13810,5321,22650,112
9818,8470,27002,36767,130
15854,6111,27987,1752,174
14635,2621,1040,37809,167
31981,33179,7030,34191,85
13831,17676,17557,26597,77
28636,2432,36377,125,105
37214,14001,27277,33990,68
6469,15250,4844,22240,127
17301,13843,9231,7147,73
14644,3366,16879,13943,86
30834,1098,8763,30853,101
35583,25755,37257,3244,142
20735,36799,30130,31021,73
22978,7710,33160,20008,155
1157,22209,14293,31592,133
33096,6353,21061,2519,180
3345,7106,11703,29696,41
1981,33328,18807,35524,148
21367,29643,31045,34953,89
34797,24024,1065,3037,98
17571,27885,14607,28594,144
38338,31054,31871,25525,95
2478,34979,21331,34984,132
32529,25622,25786,4808,98
19219,30440,19870,889,98
9033,17562,15179,14398,136
825,29267,15959,1655,117
12225,10644,16252,15226,138
37941,9985,19510,21889,149
7604,8388,3103,5297,115
31999,21200,6030,22922,180
26629,220,7981,21436,111
23250,27181,4579,37560,126
29552,139,21521,30055,82
24908,4786,4247,15815,94
16689,30143,13839,14252,88
29715,6032,22745,32354,108
28003,12380,2253,31005,148
3187,4780,31524,15442,109
9928,18013,33860,22769,132
19792,32505,31502,16647,81
963,10769,33281,2770,139
14485,15497,1245,7728,158
4170,2653,26585,23695,152
24356,19619,20514,21501,109
4868,33453,21477,9051,126
28126,4033,34989,22898,152
24963,35713,10759,10168,131
4928,28577,30904,25979,100
934,38635,15035,31821,112
1951,12904,23459,26436,147
30298,11313,22034,8526,90
30365,24956,10728,35644,102
8756,32382,6753,33883,57
6270,28016,33958,20449,104
873,21,6810,34115,54
30483,3176,30947,8471,93
15110,12483,19543,37940,150
10742,4522,3388,9406,85
20467,11291,6980,19159,35
25618,22919,25959,6490,172
1789,29416,30826,4628,80
6170,18402,37223,9479,128
22024,17365,35004,32687,76
30064,30164,18843,19141,76
17572,21889,31968,6978,92
15291,18881,8455,22018,115
22149,34143,30867,27121,67
9798,32630,19609,18996,103
28687,35703,14746,26665,137
1820,6275,10213,18397,165
13736,27318,10086,28853,109
12491,36340,7723,26596,112
12960,30945,9207,26728,96
30215,4760,38259,24892,44
1561,10074,929,32718,135
17323,28242,19715,38560,105
27113,973,3878,2681,135
35308,18196,24906,34228,88
35472,23374,8676,7034,145
13617,6833,23300,3035,92
366,3754,12287,36435,103
33370,9871,29710,36376,111
9801,5632,6123,9477,144
5300,17310,4977,16822,70
6062,7954,16809,12405,137
25812,34887,24511,10546,108
33980,30171,12821,36320,91
36868,4610,29575,35428,102
21874,18390,36861,4789,93
1767,2396,31703,4161,166
24227,23626,9051,12396,144
6301,25931,27038,34869,117
461,23591,34202,24944,70
10041,31592,31990,25154,122
16098,25904,12830,33102,149
36198,18130,13228,33201,118
2574,34784,12075,12756,140
1771,31157,34897,22690,128
31078,20600,19262,19590,64
25089,3319,29502,257,33
10887,25271,36221,32397,56
11629,10178,16663,13856,85
14401,8663,9914,18769,142
18076,36372,34112,25201,56
14469,28878,26580,24926,87
1738,8747,27917,20373,125
27257,22903,14618,9060,133
29261,30111,37247,21089,107
1531,17423,11422,16946,91
36927,18818,24172,21490,126
21981,1013,28718,34854,104
14509,32627,25730,33094,123
7250,12524,7099,37963,95
24851,17619,37538,25692,112
13162,13789,36040,23293,125
12127,23345,34510,12479,141
26315,24388,14463,6392,130
346,38336,7808,33791,63
19823,19683,25071,25006,62
29770,1561,11441,17643,84
12371,37100,20593,24174,98
15290,6916,15078,9084,116
27204,36427,7078,33097,78
25511,15832,33758,425,90
25536,3923,25831,334,122
38254,31244,4244,18822,79
30760,14658,2583,9968,159
3225,32413,27199,13760,56
36383,3977,36332,25255,85
7676,30414,11012,31634,123
33042,4146,25504,23350,165
19988,11509,21518,7272,95
9224,25827,16699,20436,78
15867,2768,17368,37996,156
6346,22228,28201,32514,126
9106,31789,29424,10770,89
18775,10101,10157,13210,157
32278,7034,28116,19881,89
26656,31162,33755,7080,46
2522,6190,7837,7759,181
2607,24515,29559,977,113
311,30351,14753,29342,74
35256,7045,22082,3075,105
16967,35373,21103,24015,143
27082,11545,17470,36010,72
24210,16044,13976,15296,120
4700,29012,21507,13659,107
7006,13745,6893,19742,55
27104,22857,32737,7050,79
20672,24354,11761,19749,69
22988,25044,22075,14381,119
28009,30134,1866,33185,147
20416,5495,33302,7710,99
18364,17721,18849,28749,95
17315,15750,35016,30336,102
15951,22809,32726,34797,111
37826,4863,24772,8315,95
35571,33933,13814,5695,94
7201,12953,2744,16002,131
37582,9892,6160,20771,145
30415,37968,21153,1540,161
31848,7661,37582,4117,162
5262,7716,7159,22671,118
12263,17498,10127,6902,120
1102,8606,27861,33008,146
22116,13980,26352,4801,64
5482,34725,27375,16988,62
32419,27040,36464,5625,63
7918,15443,28565,36752,145
19766,37726,24769,19768,104
36184,5619,217,7710,89
18173,37204,34751,25589,109
9877,13138,1710,32739,142
20677,37815,18146,15794,107
4538,18874,38397,34818,52
13078,11589,5623,14339,110
38433,13802,18409,20365,43
32002,8484,38471,28501,102
15201,32306,21422,24243,128
29719,31764,9176,14451,107
3387,4084,30491,10501,106
27458,8471,5728,19198,83
5578,16816,17581,9440,83
10223,27425,36941,34560,114
29555,776,20698,13511,51
2634,12766,19789,38753,120
23755,25039,29268,11397,69
9857,33058,34631,33294,138
15074,19511,16004,2338,154
17543,32467,3840,1943,118
25763,21456,24366,37691,162
38594,16869,11557,12473,62
36070,33998,21080,15222,121
27154,19672,22956,38357,97
21763,21321,437,1062,113
25631,32411,22837,16229,132
32430,15248,5523,4121,108
21825,32721,25032,6843,43
18111,34797,17748,6820,73
19635,1197,33975,22134,94
21951,35586,5363,913,129
37092,2613,16980,15930,127
25620,20297,19845,10940,92
962,1074,480,4184,110
7641,35547,34785,5478,132
37901,6838,19251,7753,111
19143,6970,38267,12,34
1919,9916,26287,16210,144
895,18216,35772,8665,141
26370,25802,35480,21305,153
13600,6095,30332,38672,87
10601,5713,5259,29459,66
11362,10873,15238,20762,77
6369,19614,8515,16048,145
33429,27447,13892,10768,87
28708,36386,30359,19225,89
340,34673,2563,33250,106
20731,38390,17439,8310,66
35772,19067,11732,299,85
3434,33906,31963,7248,70
468,9524,10894,1003,89
35384,12071,36365,38019,155
17727,37654,35308,38024,169
37505,3130,15316,10999,130
37893,8464,1810,18789,138
28848,29554,4574,34905,65
22828,19191,2668,24303,142
9158,36097,20437,30080,72
34745,30154,14433,4877,95
22657,37192,14343,9153,149
20546,16013,29713,26265,55
2631,5318,24846,15162,111
28898,9881,28125,17276,153
29723,10810,19650,32276,64
18002,7272,35293,33387,118
12444,37193,7692,10962,134
28112,9204,17416,16634,110
19771,24310,33371,22776,141
4595,13618,4799,20447,43
14422,23264,3981,10572,158
19049,34602,33499,26715,80
15403,22937,23554,34122,151
14343,31012,33041,17717,121
20387,15817,10551,15988,100
2719,12362,22173,3247,129
31021,30450,35585,21298,143
37225,31674,6834,26627,84
6939,9328,29390,4698,52
22222,28547,28211,7730,144
31186,19632,12982,27895,131
22810,33937,37512,15882,140
19704,28673,17560,5341,103
12162,31679,33378,35756,158
37945,24210,13194,12757,152
30067,13973,18328,3890,98
24458,4904,36342,33095,99
6981,38429,26515,2256,72
1614,36244,15475,9468,133
12322,17324,6003,2729,157
2599,28079,35579,7258,154
9168,7849,213,970,108
30111,16828,37530,7919,121
7663,18432,5669,35530,138
3886,4731,11380,511,70
22830,20678,22583,10189,151
31585,7069,22505,21009,140
38342,17609,2024,15376,116
1205,87,10888,3480,82
16703,18282,19031,36908,81
33448,13131,34096,22159,108
5280,5551,36113,28241,105
16723,5456,3981,4896,84
33509,16571,19876,36831,105
26663,18302,9180,25614,100
13118,31131,19204,23705,125
9791,18370,38517,6834,86
2718,5599,15327,15946,145
25706,31706,21871,7079,104
12081,18812,6131,26658,111
2528,8353,27962,26525,139
28231,18208,34924,30296,108
26442,18457,4213,1581,119
13977,8694,12222,23741,134
2646,30776,20438,33363,103
18346,20752,7728,38452,73
24891,1841,16547,34657,75
26693,6473,2470,4023,147
31791,3338,4695,38489,73
11582,12975,34892,10820,90
20350,10241,12505,28970,119
4029,1270,29531,34211,85
15257,35427,22251,3254,139
9934,31517,12493,21141,171
31206,18446,21048,34649,108
22079,1793,17489,13624,108
17460,2715,30515,32382,104
8532,29710,24280,18888,82
6062,7632,30246,22137,137
27132,21030,17436,12407,127
5764,13732,35374,14512,127
38346,27884,17549,6040,124
14491,7057,30522,31994,105
12422,1234,32582,7254,83
14406,33966,23553,5281,122
8742,34234,9493,33351,104
15845,35267,19092,38586,111
20562,25579,37023,1511,115
24052,8642,27766,37273,139
31804,37961,2658,845,159
21379,27937,12369,19579,160
2003,1274,29755,23015,129
12482,220,17714,19650,96
6020,34552,26470,33311,111
13190,9880,3303,38369,115
37553,21481,4514,3460,129
36282,13234,31657,24252,123
29343,30194,16701,31980,71
1982,3921,7133,2501,139
37807,18236,15869,23552,157
2578,22237,7019,94,86
9504,27771,8258,30186,128
12764,18354,34731,20765,81
867,14434,893,20761,108
18041,19934,22887,10645,124
32535,37182,9069,23494,118
7845,31641,21379,9865,178
12096,32474,34699,29683,65
20622,16798,27391,33067,63
28547,38479,29610,1227,71
1244,34816,17506,26744,87
27758,15755,36066,5492,123
1720,13804,28923,36916,118
24131,1923,33281,1202,140
3310,30808,21785,17020,74
1890,21997,13833,34876,99
16924,25991,21422,250,105
26702,31945,16271,28603,113
13695,36842,36,11293,60
7556,33077,21002,455,134
15115,27291,31211,29537,78
2289,13511,19201,10893,101
9515,33301,9162,27984,135
26497,20451,26698,34892,43
36953,12892,36794,6806,108
3466,5369,3158,22847,108
35280,8005,146,36173,123
25988,21124,7790,23613,183
15766,28812,12202,11454,113
36069,28736,21479,34143,110
28972,27357,23719,22901,146
17023,31971,32739,33254,88
38609,21829,14563,27093,87
1684,19877,12927,8509,144
20447,24981,1686,28633,79
30828,36243,7892,28961,112
15925,37643,21449,22008,157
4649,3951,26014,32547,100
9275,26512,2356,9826,138
19649,5545,220,37138,84
4038,34194,34649,33196,101
25212,3211,35701,34024,85
1848,9450,16241,16525,119
8304,15347,27322,19193,105
34602,12276,3134,9318,100
5321,8635,5671,17013,82
25237,26277,24347,29684,48
1994,20279,23773,36043,119
10905,12310,32569,35680,121
37003,21010,7200,25149,91
34200,29375,38604,35527,71
3083,30045,10893,220,72
36838,16791,15948,25742,117
6274,9752,21049,28709,178
33418,175,13892,37256,85
31001,11691,18260,13085,90
23659,32425,14562,18232,125
22159,26496,36046,23394,110
12439,35314,9319,10792,140
3292,7596,34500,3518,100
33354,35662,24284,32533,125
24795,17368,15320,12283,106
23728,23519,23454,19840,184
27865,34913,15242,17387,130
19646,16810,33268,27191,89
30461,31022,12510,27983,122
36383,26554,32560,18119,64
26338,35445,28725,8457,128
26571,13932,31570,24858,62
16124,20764,2368,20468,89
7856,9061,35531,21376,173
31931,18220,15007,3893,138
15347,13007,34174,26436,101
9483,12101,3015,10663,107
4809,371,28130,28944,96
8498,20615,35442,30236,110
12249,6223,30498,30882,123
14557,488,17564,31553,108
10577,28695,19967,29251,86
33133,7897,36192,13100,138
23673,17425,7526,19113,137
4642,15320,34132,5612,83
37145,21319,27829,12939,166
32372,33201,19173,36071,80
30390,37621,9271,36410,115
36949,4168,867,22808,152
28929,25118,5354,37133,83
20461,21945,3133,25074,50
14427,23562,31615,3063,148
18431,9181,31632,16615,95
3410,11371,22075,34541,72
12438,34760,2539,21440,151
38526,26448,7948,1268,92
34529,27498,15906,37934,114
873,7733,1204,11401,117
13769,16850,27512,54,45
27879,8630,28130,15973,162
5530,27518,5301,10014,104
4111,27260,34924,29464,76
829,10797,8617,3167,109
30483,2652,17382,30148,118
22878,23640,36267,26620,134
12869,34229,24200,11652,87
18954,7542,33920,7015,75
30134,3451,6302,36964,120
6330,13920,25815,30278,120
12949,15837,4642,14526,132
16091,15464,30902,17526,122
36234,16984,36925,4733,77
36184,18779,14490,29471,83
2755,10947,1007,30890,122
19991,35639,37023,4741,126
3066,7652,60,10155,120
14756,7538,33480,34554,137
29590,27238,16779,838,62
13664,6083,19026,3500,96
20364,1106,21941,10919,83
29588,26418,4224,11740,66
23752,6346,21458,18785,165
31266,31122,24357,1826,109
4960,868,31085,987,96
14474,11397,38263,10071,108
26698,12063,513,28648,84
13061,15075,17434,17266,132
18887,23773,22889,320,123
20769,12380,21953,400,69
1565,6369,32441,18852,115
27507,26481,2708,17497,101
34150,10773,16786,25040,47
34634,459,31880,27016,72
19549,2770,16855,25738,125
12781,16692,34858,22063,92
1825,5441,516,18004,92
22959,6921,27222,2472,119
10604,35579,21454,37225,158
26494,10611,33066,26696,83
30488,20493,20705,1621,70
33908,36756,394,13724,59
17259,30000,21437,20316,100
38751,1522,32582,27830,103
21388,27921,1957,34800,157
3154,10059,33919,23434,132
25707,27752,30292,31790,140
20704,18386,34210,35459,87
26377,4178,5365,30437,93
34793,19111,38304,16942,49
4992,20447,32264,28030,70
9231,16101,7899,19081,123
11468,329,19847,2499,92
19813,16706,18148,22996,111
17379,30478,31753,20669,84
13915,21176,17564,11309,99
3408,7006,26745,6382,86
7973,38414,34821,5729,84
15063,12177,33293,8558,145
30319,10774,28573,24425,105
24976,931,16675,27105,61
32297,28613,22806,318,93
29690,14492,19550,6876,81
4729,15399,4087,3447,115
4226,30516,1751,4969,120
36219,19699,4268,15133,130
19680,26521,15351,20534,83
7791,5626,6280,2722,157
26333,2421,12824,13928,112
33498,24424,18308,4719,101
11351,9759,6469,33002,143
8689,22186,31054,9984,127
22853,14638,4955,19149,121
16046,17251,37061,23430,146
23305,11741,27058,3109,97
36982,11657,4146,8592,114
25775,31081,1549,25525,138
4689,26610,25521,31564,98
4027,10123,6125,19754,166
1701,36082,31591,9415,126
35750,38301,9174,18943,101
24359,28047,27093,3258,110
3290,36319,15283,36517,103
28968,13957,20695,22167,70
28630,6091,4504,27895,137
24772,18211,35517,37011,110
29771,33844,4865,33237,62
30472,31075,18198,14358,105
19635,23463,13692,13685,106
4578,23700,33965,12332,111
28716,10758,21818,35717,132
4543,30069,9248,18999,79
9008,17512,16825,15377,105
25244,10130,13563,7774,110
36889,9342,34131,24161,96
30388,3082,38654,1650,91
16796,17331,22515,8687,119
25135,27465,37619,33025,98
24286,18859,31808,14670,121
119,518,22898,22616,110
32262,34136,21896,16947,53
16827,1540,28008,27865,147
16084,8767,12943,31920,143
29488,26461,4515,9854,81
16274,11645,8018,21402,140
21289,5527,160,17512,101
13993,1962,10838,32498,89
31586,35744,37903,2253,180
21303,30846,14399,891,142
4797,18221,8377,15876,107
12261,19598,21857,7547,132
22231,8319,30220,26665,92
30768,38717,23732,17282,101
24995,366,37968,22523,103
10253,4567,174,29425,75
25646,21763,7962,19906,134
11377,857,21271,25652,130
16642,3344,2369,23373,131
14768,18803,18903,36314,95
18391,30318,2731,37216,124
33289,36025,36784,4660,101
6334,19910,8389,16106,145
20640,11762,20406,27816,60
205,5518,25842,36378,84
16102,15175,4971,32738,100
20548,6935,11527,18922,35
2757,31893,6888,25648,127
2404,22955,10017,25109,151
37261,36080,6973,12331,95
36409,10510,10737,18222,92
831,7729,37572,3194,140
948,32006,27435,18520,104
7015,34222,21160,32424,74
4756,35472,2613,30427,137
5474,2582,10859,17000,102
2003,31141,5421,8273,114
3125,27451,466,7207,48
6104,441,12458,32634,97
22057,9865,7965,32286,127
28506,1787,6943,34978,98
37232,8661,29348,21516,118
28149,22766,11338,8714,138
31951,36015,38647,7062,67
34625,1754,16958,20443,74
22821,5377,7942,26551,123
10775,10239,3372,32632,103
22080,25523,38447,32648,76
13174,37671,23369,14491,178
21780,1942,21052,24172,148
36255,1662,27312,18137,103
2322,15783,16076,20410,124
24344,23596,25934,27845,165
27866,12937,9269,12782,151
21079,3452,16270,22917,156
30140,30382,26424,19660,84
20278,3333,32774,24975,33
13813,23756,37957,3254,130
33352,37095,9865,16905,128
21886,29674,36289,33961,59
10573,30866,30818,11414,70
26722,11370,1074,9484,81
4674,37542,23424,30031,133
9438,23463,20711,18856,97
9375,27045,24928,28796,75
3823,26358,28674,33295,117
6357,32620,20532,16824,68
22245,16977,33305,13031,110
959,23719,12333,4112,160
1717,5676,20470,27118,80
45,4248,19639,1085,106
35633,34834,29261,14535,116
4956,873,14394,7874,131
9409,11355,4716,27917,97
9832,36290,14552,11452,124
20510,17426,16668,24946,42
32318,21007,6208,4823,119
923,22566,8509,9966,165
28812,37268,19898,19565,117
966,21113,1891,11605,136
30405,4192,13740,25110,78
29512,38773,14687,18107,74
31005,11319,38762,37587,78
12362,5676,18828,35259,124
35521,16960,524,12447,106
8741,24848,10655,24035,89
6835,25885,6332,18818,108
11441,7674,33931,16136,99
31045,5505,1804,30392,103
7689,14480,20463,27333,102
3396,10825,25167,9947,98
8681,34196,24016,20415,73
37656,34918,38540,29284,71
21446,37948,24068,1007,156
3311,2563,10919,1603,136
25587,12399,21060,17721,150
2564,31885,8016,17478,151
3372,14443,23430,38535,119
22063,4028,28212,22817,160
251,34810,3855,29630,67
38409,25825,4238,24009,112
7628,3269,5729,13513,95
12173,15347,23761,8299,162
37908,6114,29313,3095,116
6784,17004,20316,2359,68
19636,34142,2730,10689,109
27318,37080,30435,7019,75
22250,25250,20633,24201,59
16776,6470,7711,6017,148
37609,21976,37929,32644,123
18397,22243,11653,10639,82
18042,34214,13631,28223,91
3078,2696,9825,2404,167
33286,16184,7884,17462,141
7507,4508,38460,1955,106
38530,33369,1965,8564,117
21836,14410,4268,37132,138
35686,34509,29269,37174,105
16110,36136,6292,19570,133
30467,11396,34028,36930,72
37782,2666,18211,19110,132
14331,18973,3047,1999,122
12123,10074,2322,5371,154
7746,24515,12761,26278,123
35483,34747,2676,16796,129
17357,24779,24950,24064,61
12518,15007,6758,21373,134
4845,38736,1963,32267,71
33067,18914,27218,37170,97
21455,31513,19208,18123,123
34568,29709,31813,31510,89
13130,30167,3346,33423,116
818,12409,25544,31646,140
1590,25081,9228,17550,100
17595,27931,10697,27275,111
28756,36787,37854,23510,158
15905,1984,34519,7705,141
19902,12869,19011,9401,110
24833,7047,2667,36790,89
288,19217,22503,9134,98
2415,5280,27980,17346,139
7934,29502,27214,18430,85
258,37138,367,36,49
15843,37538,5400,24977,104
4071,21886,32502,12419,109
16807,22084,34874,27825,99
20427,9193,33233,36960,95
25546,3230,28505,34769,105
19088,17450,3750,30465,104
7640,32535,5471,5312,89
1154,6040,4033,10118,170
9005,34147,19956,34131,73
23638,5421,9231,34562,115
19534,34181,24350,36860,97
26354,35683,13747,9241,105
18100,31109,3476,3250,81
6392,17348,2484,21009,171
26597,12447,30020,21855,95
33133,33315,15090,28773,141
24204,12799,32287,923,108
6110,7559,8502,11560,133
36856,921,7659,3900,146
11541,33317,29381,14401,91
24364,13729,37718,3873,127
17454,6842,24248,33883,71
3073,38428,11437,25748,73
17377,2267,7774,3055,137
25213,10640,38760,23711,84
25508,36145,8729,27999,138
1554,31873,4130,33814,127
12109,24291,755,16709,108
20372,36340,37068,1587,98
18233,37193,34571,23560,123
18043,9191,4837,29628,68
13234,34559,28189,30852,120
17408,36204,37795,30219,114
276,21882,27969,36219,98
12213,28777,6791,38409,78
28228,12439,10561,15878,143
37764,15959,25236,19581,113
4662,37054,9029,15948,109
37186,3918,6877,10919,102
27333,32397,13811,16853,47
17505,14475,23553,17600,146
14480,13197,16235,24394,147
35273,32340,3080,26433,93
18452,35294,21415,15231,167
23646,13794,20469,30072,89
29411,30155,940,785,90
5617,17770,9822,7990,139
10072,35667,914,7987,179
23496,21943,14460,16650,130
30921,16787,19191,30457,67
18798,32351,3047,25044,47
6915,16585,17696,19620,72
17327,30957,31621,31514,112
2546,10906,8702,20375,107
15016,37226,8520,30041,127
7791,12129,16762,28703,120
9022,2331,34004,30794,102
18032,27767,36867,34740,117
13917,34910,5716,22812,98
7792,19886,14275,10888,137
9801,35669,38365,34981,126
8017,10032,21930,19036,135
26438,26258,9942,20024,103
6026,16135,19853,7504,155
26386,30403,15172,5341,94
11004,36790,36090,27495,91
23657,34767,25795,13734,120
16749,16705,23434,15392,115
18380,12047,4023,11375,109
324,12396,30095,12925,103
28050,5440,32605,15002,114
29441,25866,15276,29508,87
32432,13884,21266,27364,86
37959,23331,23697,13072,188
36290,4060,28908,17598,117
26017,38689,18878,11471,69
24135,34124,31997,21356,122
5267,34765,7011,20416,45
31586,35612,5533,26400,118
15469,3156,8630,1681,138
23664,33294,30022,19817,137
19826,26611,14602,27502,97
5618,14649,1810,13247,144
12051,34715,1793,13179,136
36464,12306,28881,36999,118
16096,8769,4772,28065,130
9934,4879,10574,16009,126
13654,7630,12262,33095,127
33215,28955,24435,13958,107
27099,1165,36912,18443,101
22591,20456,29403,8583,88
35772,29695,2684,34620,122
12292,15116,30123,18305,122
6201,19220,38011,19034,124
16068,23452,5361,6475,155
12156,1511,4220,13057,159
30341,22149,32762,2294,103
36089,256,28232,10925,97
16953,29590,7751,14001,71
13686,7877,23772,25967,146
37156,9858,3175,14007,115
9935,33967,12165,34804,113
38752,38001,27412,34924,82
38452,13200,11598,11642,64
13234,28627,37562,5667,133
10961,16724,1777,38563,84
1703,36391,26697,23373,129
38349,9045,29627,1112,68
5271,27242,19968,37227,93
15141,22788,15319,10925,155
33121,33350,5758,9031,116
4178,36855,32254,38644,84
7645,8448,22990,28810,155
37861,17417,27485,25138,89
18190,30508,27075,37910,105
13142,1878,5540,24973,105
36153,12316,7960,12321,136
2569,27149,2575,11660,121
31016,4780,16191,12061,105
17256,22056,16949,7241,69
10195,6980,19075,21961,99
20774,38652,5719,23369,78
9794,12286,12405,34173,132
29625,38452,16054,10511,70
38293,37816,37089,25747,119
19886,18445,26543,22820,112
17024,17364,18054,1887,104
22132,28737,3049,6094,122
15247,34265,1942,6259,141
21114,897,28078,14392,170
22244,34856,36328,4139,103
17603,21088,19513,17271,130
10681,21496,29323,30327,100
2464,24915,20395,10838,77
36343,25854,13534,33960,81
8604,29288,29357,27324,56
13068,36483,38644,29314,69
35759,18137,36264,21414,147
38260,15125,7072,977,85
23267,2371,998,26601,144
22687,26666,1503,4626,119
21047,27060,4085,12052,141
6181,11714,1819,2581,149
25886,10929,15278,3088,123
29715,16531,2535,28572,93
296,23504,12491,4839,108
9332,25807,28176,17729,137
14294,34772,15785,12424,132
20599,17753,26622,14274,82
9330,6157,37161,37770,150
23417,18384,35326,30763,146
9276,27296,27493,6879,64
21444,13223,33971,19693,126
22243,19702,28191,25995,137
17516,838,9910,4661,123
3390,31991,24866,25929,95
1782,27891,33340,35657,178
8508,33319,15815,10965,129
23742,14501,11375,23602,156
7626,32275,7786,36209,115
36889,17475,35758,980,142
27477,1933,30397,33990,90
31989,5597,25601,6479,138
10528,31214,3236,1138,94
8720,33859,10547,36427,87
27973,15899,33084,7544,161
31109,28783,10747,31149,90
2466,3156,36244,11481,99
30042,25521,10216,32663,119
7833,9102,11668,8500,113
31161,38294,13081,17342,88
35280,7691,34204,33127,140
9329,31795,9363,32474,96
13760,36128,19272,17294,76
7677,8378,30357,15041,139
9922,28072,9328,18448,147
457,13661,4119,35577,112
31267,33994,3973,18908,83
19958,21834,7776,16883,107
14014,1555,14561,7503,142
9091,24901,4815,33122,79
6074,16859,2018,13785,115
7697,6184,869,30776,140
31068,34176,23755,26571,91
31250,7169,5482,24752,47
32417,12802,28546,37134,108
29000,31802,5640,27232,98
13231,9413,10218,15972,154
852,15384,3755,2564,161
4815,29536,5613,20428,39
30942,10503,25125,14449,87
76,26488,25139,4574,35
8570,22969,30899,18029,123
32019,7902,4779,20683,93
19272,35573,36023,7011,97
16604,13759,24861,34648,44
21037,933,37040,21972,138
27768,18910,6448,20577,111
27969,6763,9478,12089,116
38022,9283,23603,3038,144
12150,7660,36915,35691,163
22791,13974,9754,27202,128
34587,8515,29449,241,60
32566,1051,34554,33138,92
18949,26636,12469,16981,75
34925,6865,5484,34905,60
9485,21145,4097,23590,169
34262,18897,5530,33038,79
35599,6833,31228,7075,85
15490,12911,31148,9151,125
3936,321,30416,33848,77
5655,4956,25020,21346,86
35275,25191,13185,29477,99
28788,402,3188,14250,98
6809,12826,14718,8723,121
13033,314,13724,12949,97
22151,21492,36141,19112,112
21983,34669,30078,31904,98
1547,6881,35014,906,100
18074,1514,27504,9848,133
36232,33515,36288,34163,86
3421,15872,29382,3079,81
11352,27344,31954,11285,69
25060,27409,2496,27968,112
14004,7583,36132,29441,81
2335,37826,1819,30365,159
24078,36040,32509,16201,95
33898,30907,26683,6311,86
9933,13239,30478,31193,130
28529,36779,31120,25971,117
15005,5699,4908,21397,124
13831,16161,34509,11554,77
7692,2314,36509,19631,140
15798,34581,29507,32301,66
13240,6046,27500,26339,113
29537,18884,2351,18914,84
18483,7075,10129,8564,114
2662,20408,6026,6919,104
18982,25712,25767,34243,101
28137,8748,18209,11619,112
5739,30512,21892,33845,75
33249,28554,26653,12366,113
24347,28798,1857,14327,145
11701,16088,4836,23361,113
8717,32596,36869,31588,106
16972,25916,33983,6078,105
36482,16178,16713,19189,85
1025,14718,35674,36313,148
30920,8312,34980,12027,104
32772,27369,13062,34866,79
23493,16595,19993,17716,117
247,33809,4173,23440,107
34060,4099,17314,9998,126
10623,26624,10911,13713,73
13882,17250,36125,27018,75
17532,37020,36052,16743,89
38024,26666,38527,20658,64
22971,37706,34027,31807,137
24472,19269,15262,17501,112
25044,25012,11658,34546,33
35355,28243,23517,33071,186
30387,25125,179,32351,39
19170,15246,11577,32408,75
7901,33033,6154,16511,136
16941,9036,35749,31029,109
21492,6895,94,28938,93
21856,34833,20512,22515,93
20534,21249,13591,13124,104
21524,28139,29385,33159,135
29345,32291,12768,7944,94
1860,16902,26522,22117,92
1948,1597,37097,26369,131
21061,25217,4705,29640,71
33485,17355,26703,31177,91
20717,36287,2457,8417,104
10016,19936,16508,38663,95
35360,20709,25842,31048,111
15117,35319,2705,11745,152
10019,9146,25616,5575,135
14408,33838,1932,8494,128
3263,857,4504,21502,116
37982,3340,35000,7265,89
4510,8266,964,30828,97
27333,33976,34924,34850,58
18518,29666,6836,25570,72
13271,13616,28556,29542,86
24088,2539,17315,15966,140
33288,15833,13117,15129,152
37081,26458,17616,5371,88
38377,11431,5007,2690,77
25980,17662,28596,24296,123
8498,11747,26677,22820,104
23454,19226,28060,1085,146
13570,7038,32008,18935,70
7816,15515,2563,13244,171
34052,18341,3057,2326,100
15186,12845,1060,16761,123
26020,3933,10612,13845,115
18274,9401,23434,30808,120
7120,9255,3315,35419,107
12323,36298,23427,9259,136
5722,8703,26536,27520,79
37927,34137,27169,22914,118
17267,33475,10091,6832,119
31899,7750,38450,7633,125
24223,19939,37171,32530,96
4697,20622,9947,34666,84
17473,29745,9321,31907,91
36491,32498,21902,18147,77
4996,3372,4654,23360,100
38363,21331,22069,22233,105
18212,229,34556,28121,92
20644,178,14490,37675,95
3439,21470,27194,2719,133
34634,28991,18393,24406,99
12345,26622,11482,20596,60
24905,30128,37871,6974,77
24359,9866,18134,26557,115
19204,38545,18873,4560,51
14457,34050,10072,1100,134
19005,32289,11658,18185,57
13167,26721,31557,29441,89
18854,26737,33442,21861,88
23624,28051,11376,16902,119
5532,35548,5709,29411,95
32367,26421,27297,36128,56
1183,15278,27470,22994,137
31244,12853,10982,28837,111
27798,29701,34894,29492,71
10617,9840,22950,5258,143
22853,4506,37802,21490,158
23578,33499,30950,885,137
31527,35593,20649,3326,109
7215,11630,27498,149,38
31855,1258,13630,34584,96
22999,24899,22735,13510,114
12859,863,22189,14333,138
31581,28526,30395,230,92
37880,13751,18999,36029,95
32400,17399,37594,13223,118
24498,23600,35267,7681,177
20541,28686,28883,211,68
15824,7832,7182,37604,132
15765,24801,7770,38333,88
21062,12390,28015,27263,147
37913,36102,365,19262,88
16899,1542,14369,35728,150
37644,38746,19134,14538,108
24276,21124,11467,13852,102
30372,19534,27828,32550,104
27306,18505,16182,38681,80
13210,30271,6408,23354,160
30760,10597,27991,10974,112
3133,2308,15088,7170,116
37039,32265,12925,18851,94
25712,23505,34817,34145,116
24470,270,36213,4953,70
5412,10184,25750,27195,123
22167,26563,1658,5634,100
6220,38626,21299,4703,116
22877,8717,15878,25875,157
3857,20748,22955,22539,140
12083,38328,36974,3117,92
19880,19937,32274,37673,109
3149,6920,23566,16053,116
5655,31666,1594,14607,139
15352,11648,25752,20675,91
11281,5,22785,28702,95
372,25625,25960,26369,94
15273,36078,15521,25949,141
7676,24874,12179,15866,119
29578,2537,5359,30995,89
34993,13560,23552,31900,116
23648,29522,7822,21479,149
15376,1862,31717,12824,158
11722,3994,6802,9888,108
19966,4586,982,12229,110
27405,27425,25720,10141,119
6883,13012,15232,19002,103
19703,29261,8419,9504,92
2653,15855,1523,21293,179
13241,12348,24238,22921,153
17454,6394,25098,8305,109
27467,31644,31813,15492,124
1028,368,4209,16553,89
15203,24310,30017,3009,112
22912,11254,29470,11301,73
8297,30314,23726,25757,145
813,23476,7562,33955,136
13647,34194,30805,31026,58
9146,31231,22098,19165,86
25621,15243,37602,825,156
416,10861,18929,6881,53
30869,6505,7507,13747,121
24013,37120,9385,28151,133
30125,19235,4892,10927,76
33870,7241,31179,38477,39
19880,288,19899,3819,102
38357,23615,22804,30247,128
14013,22921,12834,25183,104
35453,32361,3508,12062,117
10720,3219,21968,23679,121
2267,3941,3051,25599,146
11616,20686,24509,24886,44
14698,23455,36499,33427,150
18490,31188,17567,29481,71
37105,30344,4190,19671,121
22214,36908,20472,25500,96
11339,1220,30050,9065,91
7645,26439,26745,26470,79
7614,32295,36371,11534,82
37101,7106,37228,34029,78
27213,2600,14767,18950,121
14597,25767,17481,14743,148
37682,37907,8646,185,129
2335,33052,5608,10651,126
37529,15978,1828,20762,128
10149,12318,36228,15430,149
20590,4504,32500,7615,67
18924,30860,38564,32457,47
28240,12835,28544,16212,152
18345,25795,12175,37545,142
34013,24763,23511,29428,68
284,21332,22896,38434,110
1578,27783,13516,23440,155
14303,8649,25830,7543,156
1925,7969,29618,4531,105
31564,5520,26323,7559,108
2613,19787,1128,9886,159
9376,11497,29678,25561,79
20254,466,18087,4636,45
14595,31120,14713,19603,130
10653,37044,10753,10171,130
38268,19139,15240,18235,85
37213,8408,3309,23507,136
4843,38520,14567,34137,70
10943,31008,36206,29747,67
35392,20633,25712,21425,143
12278,22013,6222,21164,158
1988,26008,35013,16033,136
3777,22136,9055,8638,125
16984,24983,23633,5540,85
758,4971,34739,38601,68
29540,15130,2718,4067,133
10849,6474,33898,3324,100
3912,30239,10576,754,118
34223,36267,31766,11427,74
38299,36885,37180,33512,102
9928,27122,4530,24073,109
14733,2612,22727,31790,173
37000,17561,30152,31822,113
38334,1766,1012,8755,114
27794,13680,16522,35294,123
6171,28175,22201,3047,138
19517,25037,9211,14664,100
25085,5494,5671,19690,69
20583,19988,32633,27412,53
23473,7852,13901,26677,120
7513,36152,1601,1792,152
17358,9067,6165,17567,126
25269,25236,11376,25192,19
10967,37530,20701,12786,110
34824,24435,34748,10533,87
4050,19702,3444,38428,93
20602,4705,31103,14415,76
5703,31030,12806,19951,104
11623,19180,4964,8665,73
22624,9150,16123,29654,117
15759,8269,11571,14737,122
29729,7576,5384,32435,74
18,33375,26684,14498,95
13672,32736,20453,31940,57
30243,15320,19107,18948,95
34721,31120,27133,7570,93
14724,12406,18451,7535,144
35463,20318,27078,34818,87
3500,23285,26501,7002,91
16755,8736,12138,24018,109
7632,13924,33488,29585,95
9997,36350,38640,38251,82
26591,23618,34913,37506,126
30044,27474,25729,25126,78
15460,24286,10664,1217,126
7910,30821,909,21988,118
16559,9975,24124,870,123
12429,22644,14756,2359,175
37930,34701,21916,30318,109
34206,11554,10574,34119,52
10198,31785,12083,22817,170
32743,17759,9831,36472,106
9426,28893,27871,30949,121
28953,24981,21477,2277,131
3331,35488,19263,2663,137
25211,25669,1940,3208,105
35318,27875,24413,3058,148
9363,31906,32748,22513,118
4115,4613,36890,839,117
25559,14319,5347,22610,148
8487,12494,36431,29385,94
4186,30471,9210,3119,109
32397,13001,27811,24854,96
33096,6833,12012,35598,131
27031,27799,23595,29508,117
4598,21226,20443,24827,69
14504,15299,16983,11692,104
8603,25008,37190,12949,106
35729,8671,19270,22913,151
17563,33124,29010,24012,120
2424,27893,15257,11266,145
785,24313,27846,3834,147
931,15826,15224,38422,115
29010,16725,19170,27026,72
293,9121,1972,24141,106
19023,29732,4837,25942,72
18853,106,25075,10257,76
16931,13686,24496,8701,86
1825,28693,21348,53,130
7233,7735,3331,11669,80
15933,19625,37759,36778,141
1061,13240,9524,31995,132
5284,4251,37912,27782,150
14250,12304,37740,36888,154
754,2669,20636,3358,102
12115,33985,22175,12888,109
38633,19190,19172,12780,76
20539,26310,10120,2473,113
19141,11666,16685,8312,70
30808,7768,8712,31962,128
36020,7099,9385,36983,86
14456,16040,35653,6141,179
25036,32769,15435,12184,88
34215,31728,9068,9043,97
35517,7250,14009,37719,118
19725,34816,19746,7870,116
1652,1894,36846,32593,127
6155,3246,35718,18875,136
18932,22866,27116,24916,83
38738,32527,3257,7189,40
32660,33444,12235,21214,129
9798,29580,20284,9073,84
15296,34058,841,11356,92
3989,24941,26488,25980,93
5504,37075,3318,34687,87
22844,2477,5431,32748,124
10894,34180,28993,12084,99
8403,33299,36184,6189,136
21753,15285,13742,24201,108
30466,3927,16885,19587,101
3500,13064,7526,13174,141
21458,2394,37164,5267,148
18943,6795,10896,8294,80
17537,13584,27836,12957,124
33322,28706,33832,10085,125
37650,34727,18320,1215,117
15297,16035,27001,14531,135
4848,27327,32009,26401,75
29253,6081,21388,16140,138
28504,34198,7583,2300,130
18230,34665,2498,28874,118
33820,18009,16877,6898,50
22840,8691,26403,24788,97
6489,13534,11698,23744,122
22850,6068,18179,25816,157
9838,6848,32689,20279,68
6443,3336,25715,18507,128
13980,37149,18219,33118,102
22181,22972,23005,6065,170
36889,12810,16212,8487,140
1117,32444,26558,18324,75
21373,31507,14373,14417,168
777,24871,20620,6111,84
19089,19219,17723,9879,109
22814,4815,3935,31622,137
28898,24172,27232,7563,117
361,34563,27141,32761,46
37720,16975,7981,31126,117
25927,26743,34224,28979,89
20735,232,20752,29355,14
18101,22607,18945,7185,95
21142,30044,25611,2678,158
13692,30410,26359,20340,49
29535,4650,5713,34235,46
29591,32638,15474,4081,93
37539,13546,6829,1693,109
34734,9240,28558,3490,94
18247,19899,1182,5001,97
10547,29382,32290,1037,68
25201,27303,2745,5618,85
4920,7835,19524,28157,131
1630,1084,9933,22538,176
1727,38351,5442,4625,82
15844,17431,4700,38478,82
4571,28650,12315,23547,132
36293,31798,20454,21122,107
5633,25183,18916,24954,41
8603,17557,37556,16521,115
33389,6770,11593,16746,63
18396,21907,4958,21213,112
32677,30937,6860,31049,51
14420,8539,22870,37968,169
3850,22933,12170,36194,146
5426,19821,24991,2671,98
15405,3786,19235,13858,110
28811,3372,6819,33489,92
11739,1702,6128,31187,119
15474,10909,330,19641,99
30021,32316,7079,10239,88
34996,22192,25591,11586,90
8677,36337,12505,26523,102
3006,37227,12891,24425,119
18812,17774,3295,5666,81
38372,23521,33964,32729,74
31018,12785,22660,22725,155
11554,32463,14438,16557,71
13234,34087,37235,30891,97
14594,35403,12971,3058,154
5720,8599,36012,1866,117
8768,31226,16514,492,68
5555,101,34043,33185,69
11421,35372,1569,34037,116
33943,21323,35000,28100,122
11720,28607,7525,17518,109
30474,26434,22532,26619,95
28232,35329,31190,15996,154
13878,18485,9801,22911,136
9865,2379,31011,10128,168
18036,19837,3874,30794,109
20719,22672,35743,12990,143
317,19039,33014,11652,67
23640,8686,22841,22661,183
10672,17252,3362,28064,116
20546,15495,21444,18267,116
23384,5731,6856,14514,120
12406,15751,4827,29314,91
7872,4150,24344,2465,160
31665,21378,16271,21472,171
88,24291,27784,3434,101
32302,7115,281,15487,62
27190,30232,34755,33816,63
34507,423,1522,3755,107
30042,27887,515,10590,98
37634,16715,972,59,94
11559,33810,18766,32737,43
10986,32332,17475,37202,89
38405,29492,17437,8265,68
26626,11409,25969,24483,89
3797,13207,27215,4223,134
38394,13641,30290,29425,44
1781,25169,9430,11692,84
4662,22074,4123,4266,119
17698,3780,10516,10786,114
15798,11550,19201,3860,103
35016,24399,37262,28253,123
8365,32362,18828,37058,88
23252,27139,28562,22827,146
9076,38550,25920,33307,105
12515,3813,31791,14470,152
4620,31038,18270,30404,77
33237,347,21093,10506,115
35333,459,32359,36014,88
36853,13199,7509,33255,148
20765,12186,36281,11741,69
30344,24018,24011,27518,95
9324,22659,34769,5765,112
12470,15050,15498,4004,158
311,29277,4151,32697,58
19757,27170,31604,10629,101
31021,16050,33332,12497,126
16255,37041,17294,33040,129
7589,25953,18211,36935,135
18365,36173,15778,16921,92
759,30179,25941,38595,97
20639,26315,36988,33792,54
2315,23515,25808,1529,182
51,30888,35668,21126,127
17319,18082,31588,16841,94
37009,7555,38620,31762,113
5388,38305,27895,36075,91
11417,33126,32400,8486,86
18794,7920,13055,5300,117
8532,8401,100,19266,88
10889,2339,24775,5269,94
22244,19908,13922,10251,117
7061,4993,4242,11715,71
23254,1825,5261,16137,152
10602,30516,4551,27817,106
28719,272,24006,23648,117
27010,30911,22874,35367,135
36064,16820,1950,24027,105
12135,5627,37057,7972,129
17711,19739,13256,33234,128
1157,33168,18073,22644,139
31543,25205,785,33885,78
16597,6100,33521,10517,117
17437,10803,27053,29260,69
19805,37847,24292,34985,119
7704,2449,37939,5512,155
21190,8294,33445,24118,147
19208,2553,10532,2500,136
27495,36354,22831,28255,131
35341,15497,35278,31206,165
37500,28552,11729,25859,123
37189,37627,21432,428,132
11482,6846,12350,1941,97
11467,5424,13976,1153,74
5333,25674,13244,28014,142
31133,28806,21181,32640,106
9279,10109,2732,31864,160
28171,6835,13130,393,98
3218,10893,26743,35021,73
6859,30888,2305,16933,84
31676,6807,6021,21984,113
20428,11298,36930,8503,76
425,36966,2605,1723,129
12487,6927,29433,1570,91
3798,13611,30156,38345,80
4820,7169,9355,14384,90
2372,29708,25805,6309,137
16703,30911,20678,4916,45
14655,10688,22660,15218,156
19823,10162,6182,34539,143
23440,2016,15232,33412,172
31907,37993,6902,12115,122
36097,36055,4578,12426,92
11716,28695,21480,9499,117
18257,30156,21044,37913,140
24900,16194,6870,13542,60
23537,32409,9005,8587,120
32446,37046,15433,14352,122
31218,6198,5692,22700,133
6846,25523,1956,12800,128
28169,30366,25847,3138,126
6797,18162,30896,7543,91
9812,16693,20534,34778,81
26421,16746,4,754,61
25752,7948,34591,31791,132
26699,11633,27799,9450,95
8457,36265,21973,10985,103
13714,18418,53,5453,61
29535,4265,25616,24204,111
5711,8678,33222,7856,130
4182,19799,32304,27151,91
16131,37743,27778,1113,160
8721,28924,1047,2344,143
10986,13131,34265,16940,83
7584,4838,154,11326,73
18892,11411,20614,25200,31
7034,5409,34248,26310,47
12500,927,8756,36868,132
27432,10569,18297,7927,105
24772,28852,16555,31872,78
9496,15398,36414,2485,137
5496,30838,1040,6983,76
30793,7541,35754,18462,137
16738,34148,21884,9186,72
34810,12456,24178,18511,105
29711,8468,35382,15491,131
24991,22663,3251,766,104
17753,8345,29284,20490,65
12768,18273,2735,34639,127
148,15376,23344,1952,143
33765,25862,2613,2295,143
18752,1110,7090,32258,63
1801,30164,19084,29738,86
13954,33154,19604,31749,110
28260,11293,24926,16956,70
26339,12810,26302,2717,111
33301,35265,23439,1725,184
6800,37909,4642,37723,111
21865,29017,1024,14618,129
17619,6896,1210,35535,118
4780,36956,6892,3113,72
15486,9085,29762,8605,105
21890,24118,29749,2678,106
17279,386,27852,20578,80
4574,28247,24251,22157,114
28575,27975,36069,22622,146
20569,31870,6970,4791,57
13200,25154,29554,4656,60
28947,38493,7927,13901,91
9449,38759,27235,36194,68
5003,9366,24016,18320,93
22633,4915,15089,28692,134
34534,38345,35417,6124,122
15497,28557,253,4701,91
20250,35565,2373,1181,135
252,7534,30063,9219,98
32759,25659,7049,31991,87
6458,4000,12331,30492,145
33908,32390,32355,27880,71
25995,27246,22884,29558,106
24970,10981,20659,26322,41
33089,10960,30146,1848,125
30981,14405,9141,2557,135
36401,35397,26656,14510,128
18759,37845,24194,9209,117
19600,32359,5360,24888,58
13997,23601,8430,3867,138
24361,2444,34883,767,126
7849,22250,14345,26371,122
24914,13738,24468,11270,55
24257,9798,31837,1073,146
6179,5426,24862,16580,80
32291,21417,22032,11723,93
4847,25769,8419,10157,136
14425,12777,11431,14458,133
15838,4820,37654,10029,147
14574,32607,16036,27175,102
24269,22840,13716,36170,112
37159,34574,37086,38573,84
3212,36874,23271,15167,144
38363,6057,20372,27114,69
24233,29015,13260,16671,109
27338,15935,8675,35266,138
10669,28982,17483,6032,127
36295,18402,11280,30354,76
1991,23507,30284,785,150
354,20517,24210,27025,52
5724,7739,33392,9029,124
1586,37514,30308,35427,164
13186,26708,12825,34611,107
21485,513,15028,11682,107
7678,30933,24846,9215,91
9340,30447,5765,38728,73
10797,37150,17525,5560,100
25163,37274,142,18488,63
36212,8760,34524,11635,81
29279,7067,8485,5761,63
12499,4802,17665,30288,98
35512,16542,2688,21185,162
33448,23676,22127,16179,149
21342,7753,28662,8671,156
20311,29628,29281,3934,50
3346,36497,10267,6050,139
15276,37563,32510,20620,96
36293,31129,7239,13681,59
24762,25681,11250,15248,92
18940,1871,16086,17667,123
25107,7994,9884,26662,109
16943,33028,6283,26619,105
3330,17698,27918,31676,126
10596,7272,26527,37909,88
6144,15962,4192,33907,133
18442,33855,9838,6845,90
12522,4068,12442,16632,123
26475,23009,4859,10667,99
19654,8263,24084,19891,118
13024,26330,14757,9252,120
20662,17468,31072,27316,61
6945,3386,33894,30392,58
34098,30016,12280,3370,87
1600,7104,29682,22776,104
35349,6196,29609,1961,148
13676,12491,10082,33776,109
14735,3935,13771,10609,119
15989,27405,17607,30831,96
17270,18042,13162,15757,125
36787,20761,22693,12175,118
15039,320,31096,36513,86
14767,22716,31908,14282,167
18111,27090,17738,34242,73
19210,19877,9240,9881,122
38519,6303,19858,13221,119
36098,2590,12256,31812,139
16822,25683,14680,32529,99
25955,21082,21464,6834,145
13615,28561,38383,12103,84
26368,6414,12462,11757,105
3422,31544,441,35609,113
30760,7087,33951,5676,53
3499,4055,12319,1591,140
10248,21419,18357,30771,142
37143,22891,14459,29373,126
12342,35406,15012,9872,181
21959,32449,17649,11471,69
6758,35264,31848,22809,143
33050,2519,8709,21034,166
15776,23297,16879,1909,144
9063,29260,29425,21356,85
16753,10118,34912,32555,87
31009,23344,5384,17408,115
26626,28191,16502,7264,76
22971,3930,35773,1846,186
20414,36138,7514,30344,88
22669,27952,21809,21864,145
30865,3355,19972,27519,81
12074,6311,22820,8356,165
3926,37871,13883,27766,144
19535,11413,7754,34658,98
11424,6933,24103,34667,63
5549,3136,1849,30940,101
11484,8531,16161,12958,119
26458,23645,25792,19638,130
35361,32362,12969,21519,150
6849,13587,25727,24397,87
13071,36751,12340,31712,140
13746,33293,6301,15487,136
23266,35729,12803,34529,161
3367,1709,23278,20510,118
28912,23344,25966,21456,170
157,428,12427,9939,99
3298,16982,15273,28658,102
28180,18958,22194,25634,125
13776,28546,10138,28898,124
30777,7048,24115,35296,107
30488,28853,21163,13884,115
36955,4598,27478,15751,97
23681,27253,11745,38450,82
1680,30381,16967,33148,112
19241,9305,6272,22967,139
28210,8399,18873,18976,111
15007,12445,2007,4946,135
17354,34024,30185,4256,97
3348,32006,17413,4638,94
28051,36316,22612,21967,141
24809,38398,13932,33137,56
27109,14678,4724,1933,115
4666,6214,9311,19152,104
5277,8709,24963,16984,66
13970,12327,16642,9012,87
31216,32018,7052,6911,66
18211,30912,4658,2583,103
12911,31656,19227,370,95
37523,1099,7594,28065,166
2469,851,32448,14355,130
25604,909,16068,37159,138
26298,23448,7884,37976,152
19002,31083,347,16016,77
24283,31926,19522,6158,138
27214,34150,13953,26633,49
15957,5519,38433,33115,96
18367,1929,32746,7630,118
2678,13993,15185,7848,145
5304,3868,24295,18458,111
15819,38594,18276,34801,82
8385,30270,26279,38352,72
32659,10571,30944,5423,69
2318,36197,13542,6191,129
18005,29307,28651,6982,64
19217,37514,37125,25094,95
3119,27274,23746,239,93
24078,24480,22554,19229,123
27208,17759,18145,30316,86
13039,12332,26363,25515,125
29563,29575,31660,6426,89
32478,10000,6259,21813,131
36495,13096,12431,1820,140
326,1021,38397,20442,45
24147,26545,16781,35600,105
24167,38001,22108,7797,142
30132,26510,28130,32457,88
20295,5600,4780,21036,85
21516,6804,5527,19058,92
24331,4160,33461,16747,115
3891,24417,18455,29503,96
1996,29258,38019,12859,132
13963,5586,3,10729,62
22778,20683,15997,31677,122
28083,20701,20416,4248,90
4569,31060,7671,6401,122
35465,28270,18421,37845,167
2570,9372,2590,28074,169
6064,6995,3142,31079,92
14681,22679,17516,937,149
17630,7973,36867,36236,121
22247,16634,33490,33080,106
36002,34647,7231,23543,97
7113,2767,15006,14370,138
32427,31245,3218,32573,54
9070,4965,37925,20488,88
15978,25772,37259,34236,115
27235,175,36197,6479,89
30994,24489,8715,120,86
30755,25099,10623,3499,65
31536,26443,6054,16251,130
488,27112,30249,31822,77
19041,28250,31858,7113,103
16732,18999,10589,22809,100
32507,23390,28203,16222,143
25961,19913,10537,38511,95
8711,18482,22925,36299,126
27518,6352,22772,20508,113
10995,6408,38462,33014,111
22661,31094,23703,26676,131
37750,18353,6897,6936,82
16679,29343,34098,31227,42
32670,4236,23412,30970,118
5006,19877,9876,11461,103
5558,34681,37230,28523,97
17367,24365,35474,23481,160
32444,12814,4789,9785,112
8536,21016,32560,37915,136
19108,15066,25232,28692,90
3192,3829,9314,10041,138
25053,21793,1716,26547,84
37647,19727,19900,10856,125
31270,7014,35666,14570,120
16134,10891,4594,30761,93
26644,25540,25254,7168,60
13992,8439,8290,3776,119
28914,30071,9308,5317,98
10556,18168,37554,37682,137
9885,26600,36848,31517,128
35758,31577,10519,18789,127
26616,31646,36136,33401,102
27437,37039,37921,13193,130
30069,13913,27312,31087,68
248,19739,12965,4743,87
3799,34045,20724,6485,98
23293,24833,36161,20572,78
36811,3923,25706,15948,146
28744,26596,36778,23504,125
14698,33419,18445,36157,121
19050,8629,22752,3290,118
13617,18752,29333,35601,86
33347,27373,18181,7202,80
13583,18336,8422,13853,82
34045,27116,18502,3344,67
28653,26760,24234,34972,88
34052,35689,37011,36436,114
13511,23710,10072,34773,133
31984,25837,20578,3344,94
18176,2260,29514,12438,111
4166,16699,9030,83,84
6418,33822,15959,4589,107
25903,19818,10942,17377,116
7877,21948,36118,16677,100
29607,16534,34571,37647,77
7741,36224,26490,32700,84
29599,13104,8586,21452,126
29668,7916,35419,15186,141
30255,18169,35649,37021,129
36924,27893,23575,20395,131
7654,2687,23685,20457,145
20252,31996,22673,36228,106
34819,37663,29578,25830,104
25978,28826,17529,21276,144
12018,3850,16033,33974,122
15138,4974,35676,19737,136
29393,10765,27251,18866,59
35514,10962,35647,36509,151
31161,35646,14576,6067,160
15906,22234,30869,22807,129
13800,35334,34115,34542,92
21172,3835,28554,6831,127
20744,33291,15805,21431,124
5430,21824,19894,8687,105
29398,28833,27817,23337,132
4744,21369,15924,29001,131
5672,4805,30498,18773,71
23760,32552,12764,12254,135
12499,21861,30768,13676,92
11537,36379,31156,22878,98
30100,15389,7187,34650,87
22796,34669,29622,5276,89
13137,33138,28680,19696,132
28116,35336,27866,30887,163
7582,23685,32431,24255,132
2594,5532,307,431,79
36337,17486,32358,7917,98
15465,28566,30095,31709,127
26439,22931,22246,15291,127
160,24880,29734,17732,39
18896,32407,23451,30411,98
8537,187,3948,23654,131
5450,1127,10771,18377,98
6316,3791,13779,32761,108
29703,32422,7660,25703,93
10587,437,26289,15139,83
33138,29393,30161,2394,109
26389,13564,20687,21215,77
19633,22865,31652,4099,151
27782,16632,5333,4873,90
18262,35349,34928,25138,96
22883,18014,4978,25543,124
15335,21820,17612,38589,97
5664,13598,14382,17316,100
8689,22202,36507,1759,123
21524,10705,3312,3797,134
38389,11355,20502,239,23
29425,2744,38373,38607,62
8727,34677,37166,26607,93
9876,35280,8005,27325,162
6012,5267,23467,32474,126
11337,11373,38765,13187,64
37135,4049,26708,13545,96
16560,21426,32602,13875,82
2770,2697,12991,20285,137
12481,1865,13209,4965,133
10711,1729,9150,13752,108
5626,16101,6900,22523,112
11589,31057,12439,10245,115
6463,28506,18395,5557,119
20642,8442,34542,31120,70
1573,36910,32512,34184,92
29623,26450,36791,27273,62
25842,4562,35596,38418,110
29274,5330,22650,14314,114
13271,3886,1683,19618,151
31782,1819,25863,12234,152
36359,20607,27992,37667,114
27924,24847,23358,37970,146
26664,24510,2715,969,121
24989,21034,32550,15761,98
25648,15917,9280,15495,143
30821,18807,4843,1056,80
30869,20282,2258,22816,117
382,33210,32589,28091,95
6145,15223,11638,26750,110
8411,1166,16138,14677,144
25059,4686,930,38723,54
9291,2343,20346,17259,103
6394,23700,24134,31722,162
17460,5686,17576,19730,99
13968,13809,7648,28872,99
15075,27452,28174,24429,131
33279,12031,26611,9512,110
2617,30965,33100,15302,142
26412,30053,14435,4956,90
30027,31811,27438,21070,121
20733,14440,9830,8012,138
21141,5524,3907,38594,114
18831,11758,18832,35287,95
26623,12773,19775,37923,124
10831,36125,818,36874,108
11456,1699,7758,30215,119
1225,13185,29770,3057,95
24161,3957,24444,31787,132
35748,21751,6379,255,131
28741,6447,29253,11409,91
23583,7835,13908,19650,136
9822,21887,9494,17400,129
24778,31608,34205,32640,54
35408,29763,4071,15026,138
28645,28949,6877,28239,113
30239,37641,30449,6261,136
13729,13819,38454,16720,42
29684,33461,10827,8269,96
20645,3835,10932,10842,90
6372,34887,38544,35413,122
18372,22830,257,8516,111
16142,18471,12103,5452,115
164,24147,508,35008,58
38727,18509,2376,28117,122
14316,4508,18068,9349,106
854,17376,31683,20266,94
22546,21870,1035,18226,129
18198,34231,8727,13545,78
31575,27251,34181,1607,102
33153,33983,12318,13587,93
12065,17293,33894,34500,88
32001,25209,1539,34612,98
15127,18156,17475,38586,95
6091,6151,34644,4540,125
23562,15392,4532,30396,129
35259,16663,25900,38649,107
12165,18775,13864,31061,83
2674,21034,19639,19873,154
23022,36250,25537,12509,144
31007,25997,8766,28138,135
8707,4937,17546,23346,125
25660,27856,33887,6511,140
24191,23404,6275,5612,147
28506,1993,36054,2763,143
23735,19061,17595,17495,120
6074,19884,30153,9493,124
2644,24844,34995,30400,90
23522,8434,7094,7261,99
9440,26003,9034,18121,115
31060,18453,31704,17691,101
20261,22909,27362,28742,96
27497,23563,3875,13746,120
29728,19059,9130,799,79
25950,10531,19736,10529,114
14554,28844,9277,2373,147
4847,26478,313,454,38
17649,4115,23316,37694,163
8263,32397,22042,22653,115
36769,25580,826,30410,123
27055,28040,2480,14513,151
10689,21103,31107,10850,116
25561,12507,19274,6789,97
29393,1636,28003,10745,118
29683,13713,16220,25885,92
6966,2602,31899,12281,125
227,24755,30754,3461,47
35464,10719,14503,11703,129
10972,2763,6502,30276,141
29589,6259,4593,37272,96
23502,28558,21810,8696,140
13628,7187,18505,31812,77
29753,5598,25106,35764,79
18337,36838,17350,25059,83
22179,9388,16187,12192,125
26654,21397,33041,30764,115
6276,6933,16539,18823,81
30825,34736,1946,21436,129
13243,26766,24166,36048,101
30440,27314,31767,21161,121
8388,18462,7130,12364,99
35727,24254,9226,34858,126
21211,7230,34826,33146,109
32599,33041,37645,1128,120
17022,2650,25034,13040,101
19987,9089,13634,37754,113
28531,31203,12971,29504,91
35543,34969,25128,24494,102
36060,14475,1012,30488,117
30798,4682,36330,23397,105
36995,12886,6879,31893,111
37211,32491,29613,12943,82
31200,30090,21896,35743,118
11587,1954,23757,9405,133
3761,21766,12177,7654,144
126,32448,5392,30314,55
29498,32674,12524,15135,89
22190,4956,8272,22590,121
3305,29273,25119,28013,73
21085,29428,7540,16770,108
12370,27045,22787,10010,151
6340,10742,18353,6285,141
29760,14680,34119,1755,99
20521,3324,34648,30335,61
32298,34033,24340,28141,92
24153,24091,15110,28020,145
6462,10060,36434,30119,141
4945,2723,2750,30457,132
33415,3004,4240,36268,116
9986,36440,21402,13898,135
18389,958,37097,37172,117
14406,16630,32615,34755,78
20616,19898,4036,19920,98
29401,27313,19826,27966,93
30891,18259,27246,13226,95
27822,35444,36266,1270,152
21063,10618,33049,22906,158
16767,1749,22835,19544,132
21931,28040,20018,29715,103
22945,16618,20611,8426,95
36942,9042,23545,31900,144
27112,22012,14355,32007,116
1723,8486,29701,38390,86
783,6904,28630,15089,110
18011,37573,28668,10619,122
36431,2274,31695,9252,130
4184,21119,9353,26773,129
13760,15784,1188,37941,127
21951,16935,26630,16914,59
17592,38007,29011,21957,126
33830,30962,4655,18955,57
9236,1211,37080,11354,100
33829,36075,35742,23369,135
30461,12948,27837,15357,148
34816,36021,24911,1858,85
34821,10749,1895,36966,116
4687,33865,3136,20280,45
12192,3139,24959,11522,69
15891,18475,9168,22127,112
9205,4567,35282,27961,140
1558,15059,13701,4694,112
13264,1068,16936,33456,117
5564,9314,30083,35491,121
30322,25683,19023,34099,85
36905,22268,23531,20370,110
30474,33982,437,5683,56
33263,30876,33066,7128,95
28919,26360,3498,18934,78
29398,15458,5549,14008,77
5350,17659,1766,13069,128
4749,33489,23005,10113,149
17583,9221,12914,11259,102
23769,7223,15394,28764,130
37660,29383,30133,7621,114
21251,30267,19058,3264,108
16732,16783,7520,15135,106
27941,20719,25687,10844,110
19679,23337,147,33178,121
27881,10555,7851,7079,120
25755,6208,5579,955,136
31503,5631,34994,15160,111
17518,27945,10966,7084,103
16585,34816,21477,15278,119
27346,7630,7813,34637,118
1948,4801,21426,22003,133
31123,27885,27886,22949,159
12759,10082,16576,12334,137
17583,18177,2496,25817,135
38493,8739,36244,32558,67
25920,35725,35341,15350,185
14298,34811,37894,19695,132
6277,16186,4771,21288,148
28153,6289,21881,22931,167
4801,10721,7596,13049,120
34999,20608,36900,1128,82
13905,34830,12123,10543,90
13742,21430,24837,7893,109
22921,14425,4232,16243,168
25769,25268,38637,20711,48
25940,21097,1690,10004,183
8741,17019,12486,22766,129
16504,13764,21204,10173,125
33194,12504,22573,38572,125
17738,1674,18753,37008,117
21345,7065,21781,36490,103
8502,1802,19611,19787,133
24847,37082,228,19905,68
26701,38330,26665,29391,33
163,19712,1964,15389,119
21896,30180,7937,9796,141
6420,7861,23350,10266,193
18129,19139,18850,13614,68
1609,32654,14631,14673,136
21052,8572,7157,3034,110
14614,33369,6087,10610,148
3410,23284,33848,26594,93
27408,5346,8624,1742,111
8289,31840,3513,27518,102
28598,21974,3774,18228,118
36244,24336,24510,18195,102
30953,34709,29005,35465,118
5649,32259,3857,1668,111
27263,1972,21185,9299,136
28018,2588,10570,22094,143
3504,26493,13724,7577,88
15871,19900,4204,11600,115
951,38672,38605,3051,62
25562,29501,12844,29723,85
30216,13694,33925,4917,58
22177,11370,14625,13829,90
21142,37634,475,10765,125
31937,357,305,34231,55
12170,30852,35750,21852,132
3179,27423,2753,21234,133
11357,3829,7514,16093,130
16554,31910,21124,15263,136
15447,17694,37133,28100,144
14508,27754,12373,21754,149
17015,9886,9424,21303,139
19201,12134,28241,2615,146
21873,5005,18355,30902,80
29538,4072,12502,1851,124
24386,3177,31500,18788,99
17632,9517,30255,14571,117
21830,33298,30051,25129,85
15857,1998,17516,3006,127
16140,14521,19650,33087,142
14566,20287,29271,36030,69
22791,22653,5366,19239,133
19811,1245,22090,19134,101
21883,24219,31813,32370,96
19867,20324,30351,2620,100
25734,30426,33838,20513,71
23569,28613,36784,3785,153
18831,5329,21188,33041,120
10095,28150,31869,22611,180
23504,17400,36763,996,141
1055,8574,18383,3113,108
4008,29355,35462,33449,132
5303,16114,21305,23638,158
1550,1139,17561,12071,138
6118,30861,30491,7006,94
36448,399,17398,20569,55
4024,9026,24772,13140,109
9759,21939,15293,15840,154
4050,18137,15090,21431,154
10960,4840,6022,11388,95
22958,20678,3505,25846,109
7711,24108,14669,29461,118
7867,16868,35411,7968,150
2695,11332,24766,30108,83
30151,37913,4578,26327,93
38689,3901,29771,15910,86
28135,18871,3137,5488,101
11773,14301,29643,13214,95
22760,20698,21441,292,107
5514,19200,31729,16164,106
27984,32007,29284,916,116
31893,21341,35552,28650,167
26388,25181,17715,28645,71
27339,964,31009,38769,70
22884,25018,33925,18056,84
17337,36840,34890,18348,97
9075,6763,7638,3429,97
11461,18000,15147,14707,116
9326,30508,28020,12335,131
28596,17386,38676,13202,100
30255,28881,28824,20021,110
23511,10945,3038,37135,127
7074,22235,9067,26257,71
30935,4111,24345,32645,95
2327,36520,6427,1935,160
15826,26484,4823,20513,65
19072,10935,18246,30518,85
18495,31602,10580,18837,97
17612,7629,4067,1762,153
13661,16703,13251,21505,113
3102,9206,9045,3085,94
30190,17437,19206,28858,94
12946,13610,3375,4247,112
19257,5506,14312,2557,125
524,25928,6835,15220,92
20569,41,31749,23556,94
33790,27050,18329,29654,51
7209,38628,3208,9276,59
15360,10211,33891,34500,118
2332,3047,489,7948,117
24792,7642,32675,33200,89
28192,38363,3225,33831,80
15138,13787,34921,34912,88
18316,27465,27342,10022,104
31916,24025,33368,31133,116
25538,24508,27184,32376,90
18890,3520,955,838,100
4937,16805,12304,36425,82
16721,29348,3272,12055,71
18316,34060,25016,34214,44
27143,34865,13026,7580,114
38558,3447,36866,24871,59
124,28145,31083,27474,85
19525,14759,2611,25694,156
25777,31786,37091,27938,149
36086,34236,17001,33487,76
13654,37233,37803,18346,112
17408,8373,5342,7715,121
28903,17438,3989,33065,131
10840,27063,10877,15089,104
24475,36187,2706,10117,149
10593,36876,24883,36853,89
7202,16026,28683,1228,106
28786,21128,29021,36919,141
4856,37986,28850,36159,110
14434,18267,24274,2421,142
6786,6481,19982,34066,91
22815,9050,27001,33068,126
19892,18461,9809,33217,137
32266,14596,14650,3009,112
16272,34506,36095,5720,94
9878,37155,16857,27447,108
8513,9320,23561,10164,163
16881,16761,37810,19258,83
28916,5258,34807,2589,114
4212,24375,10707,9466,120
28196,7523,15354,20252,132
3891,4650,20500,4155,96
3110,20596,13032,21990,86
9166,12821,3993,24451,135
4257,28137,1581,23589,182
36493,18225,5413,10931,87
36431,11395,18845,33894,56
4972,17760,26730,6077,99
8663,17457,13000,36520,119
8602,28697,29590,13809,80
6790,1176,19173,38671,60
18297,21443,20408,26337,87
37783,3084,19917,9360,120
36360,12412,33909,29490,70
28211,15905,15155,23434,176
12856,31525,6941,21239,130
32562,19182,8664,16850,68
29537,22827,21885,25642,116
7677,31525,11764,34941,104
30111,2015,38450,20261,73
147,22756,11335,8694,98
35765,13646,17441,36064,113
1517,30365,103,2369,120
3390,26002,22887,15410,148
31102,13918,3108,19915,79
21069,37232,1234,7067,120
34715,37973,18299,38556,90
5516,19111,12380,27441,86
21228,28558,10773,33347,139
33287,29735,34977,19767,84
15832,11502,17533,34253,82
34505,7026,10157,28551,105
3436,34549,38451,9380,69
34520,30965,31511,18308,92
6274,25554,29477,17297,115
15422,1168,36499,14448,136
14674,28164,30305,26430,122
20698,28144,21927,8285,106
4234,15040,16608,31968,126
28651,10860,36886,1568,129
25143,831,10887,24467,88
13740,3938,10612,37975,122
26381,28212,8400,1237,123
30101,35479,16717,27286,101
35473,6064,36219,9373,148
19065,36331,18488,23633,112
14005,34763,30051,32386,60
23671,4681,13158,27073,120
24959,22520,36758,12443,119
38494,5456,4837,7644,81
34996,21187,3447,32760,95
9195,9002,19617,16914,93
24099,11270,34520,37897,101
36252,26282,35377,9510,113
31012,24339,27457,33819,71
15990,38598,13270,29510,85
4874,25005,7656,3352,80
36386,34915,29370,35368,95
18940,1824,35623,18871,129
38639,25930,28733,25518,111
4807,37718,13933,27392,87
15992,7772,33432,35433,168
34262,24517,14666,25954,118
1924,7597,11494,13091,136
38593,18873,8520,19702,82
1717,15910,37189,27855,158
8296,33794,31509,16508,87
30176,36237,7549,16175,123
322,10686,32370,16850,49
9328,12068,21848,38297,93
11508,5403,13719,34833,59
34743,14710,4694,11661,83
16663,37682,7939,37134,130
22721,10090,164,16212,143
37968,6038,111,34869,115
26269,33883,38292,34610,43
22846,17021,23431,21110,162
33999,29256,24452,24480,71
25692,13101,6390,10713,148
30899,8665,37969,13131,135
3240,22073,22951,15197,135
24891,38441,30070,29627,34
19127,27213,16130,4007,108
9505,24493,26399,6940,75
1270,26016,27820,1886,160
10831,26526,1500,15964,117
16908,10997,22715,8674,117
34946,38754,12807,19762,89
19692,37741,33414,3970,148
11741,25874,12308,36322,105
2506,18852,13519,5626,96
13057,3915,28195,32669,133
32336,27247,5267,22139,67
34841,29450,32501,14311,71
25148,13626,7901,7087,66
28138,15866,28072,33059,164
1594,7931,30755,15982,142
354,14673,31656,34928,99
16810,7715,23546,16273,143
1906,6130,16698,11429,112
14667,23323,10994,26585,130
7035,38723,28633,4644,56
21185,20465,12052,944,120
21452,8644,13807,16022,133
21821,16961,21515,38395,91
22070,38702,32021,34243,73
8720,27025,18265,4858,85
2552,15034,7521,9493,159
9182,7203,38648,38304,44
23442,20582,6947,8505,94
26694,5641,37747,34911,93
24365,34932,30815,33973,73
15429,2646,36030,13792,123
37129,26723,36331,11389,74
33157,3376,14427,8371,130
24109,32503,4607,13567,64
1745,22067,28021,1981,159
2268,30500,34016,17581,105
18490,20650,29454,4049,69
19856,34818,27430,32354,68
38701,1211,2531,1727,129
15937,6379,3063,21104,154
37041,13254,12931,31604,143
19012,33094,27205,6928,73
22685,3133,33966,29473,82
35580,10016,2351,15793,189
21030,11273,7156,23390,119
32770,38616,19029,1263,61
1597,32428,17690,21872,103
10626,1711,11592,12252,114
7895,14330,24212,32307,122
29422,38351,1097,12404,77
16273,30239,17489,28651,115
22705,28930,11767,32435,97
833,12447,4532,38647,87
19502,15460,6832,6327,123
14256,11645,13940,18126,88
1634,6060,27439,21826,131
27798,25534,15354,17271,151
18203,24905,29438,8292,63
18222,2624,18367,6908,101
19009,36031,27201,28814,82
37240,30272,15234,9484,121
17705,36243,30244,26503,81
29714,26439,32287,4033,64
33245,34097,28531,35283,127
15506,35547,6447,15116,182
23384,6820,15125,29701,104
9872,15779,34755,33793,114
26676,6213,13695,28158,118
8292,36156,26538,12351,102
4689,1648,23311,17632,136
8717,27922,30855,30009,119
10986,14344,3875,27273,121
29718,37611,27756,37226,126
23772,8671,20557,14726,129
37064,28515,1588,30144,127
36141,5271,38432,36216,66
26688,20402,18970,36833,61
36207,35589,23565,31640,160
18119,4636,1750,17355,107
23292,17733,15468,17433,145
31853,13153,1636,26517,129
26270,20295,1027,6263,93
24819,12985,38435,240,53
12057,33203,30309,30392,115
6311,18408,16151,21358,157
21818,26599,20257,9174,66
36412,33104,15168,9789,148
22072,19950,24431,38643,87
7834,4960,22645,10848,130
17486,31607,16778,19668,99
31525,12331,6204,36176,138
970,7989,12987,18788,130
2696,5275,13141,16714,117
411,38741,15908,7126,55
20634,33182,25106,20617,42
37691,2435,11624,168,109
28516,19940,32362,7744,109
19732,7530,18820,18913,103
8295,14346,15058,34131,125
7222,25767,9139,32679,80
34887,24812,19024,38512,41
25601,21105,28008,7995,177
38617,30798,15396,12796,103
35619,3175,3806,2458,161
107,34575,38711,33508,63
30990,6366,7769,31710,142
31739,36118,31516,4075,129
19554,10052,9857,36257,151
1220,14404,25539,16655,123
18940,21016,32365,33028,109
24283,425,17368,24760,64
10980,15404,4059,6284,152
11599,28258,15036,31810,131
12039,7790,9174,12815,145
10517,3180,27142,9992,110
4805,14273,15041,6224,144
4591,32685,9297,24021,78
36397,24247,36798,14666,123
31753,13701,37564,4825,106
17617,34188,13182,2610,122
15142,8447,19598,4837,116
10983,25941,22862,6944,118
18464,25558,16178,11479,108
3813,8334,31182,27906,137
36273,25519,32371,34893,84
986,2651,9979,18987,147
21966,37182,24947,36409,80
36197,36245,21294,18953,108
4848,18058,10870,10531,85
33,13632,27500,20687,36
4007,11510,28026,12905,135
30765,28151,28695,6076,141
6024,16224,6038,28742,161
32376,27096,34068,3359,52
38308,15144,20620,34987,65
7153,2422,15928,8408,125
14419,19667,18319,24260,122
25138,15131,22753,16902,104
13811,24198,18004,19002,81
37832,33442,17763,4923,120
24095,2756,22912,9385,153
24440,22133,32734,5579,81
12150,7892,28109,16676,136
16723,1764,5443,12172,110
31731,2559,27192,38743,102
30256,4050,27163,25668,115
34100,31234,10270,14642,120
33071,20427,29254,30461,63
23563,25837,14274,6818,139
17604,8490,7759,12326,138
21093,30515,28063,20345,120
10588,4745,6111,6468,132
29762,16941,26439,10560,51
23289,37963,26730,16272,146
33220,15355,1716,34051,129
2327,38462,30428,35738,128
7665,9472,24368,37230,130
12030,20714,7099,19878,73
13243,29017,36993,25974,138
30318,18065,7837,1222,120
12500,17266,16242,38579,104
7528,14519,29552,30181,111
8395,5283,19232,3466,88
21023,18994,38417,15875,108
5411,964,3285,33468,106
14291,4837,2573,38616,109
20644,12117,12352,9872,125
29405,1943,29761,33131,87
21213,36906,34725,6758,105
28167,31042,21339,9892,165
24354,27413,22524,38288,98
19220,33113,32270,19927,87
3006,34264,2606,8354,110
26516,20012,8760,4098,113
18121,16233,8367,33763,102
6017,22594,21379,13076,185
4035,17641,35574,36271,140
501,1538,26718,29613,66
15913,28504,22758,25175,119
3165,7226,11430,28908,67
3059,28630,33501,7826,128
38283,2523,17395,6346,126
11385,19816,6434,14695,127
26622,19057,25058,1523,75
33314,7515,35268,25134,134
22765,35636,10948,4851,140
32015,480,33180,10862,99
18177,35349,28173,9040,149
26538,26021,16807,10670,85
27269,2583,24807,18082,89
33796,28618,8381,9221,99
20702,15168,32494,7953,94
5591,18175,25163,35561,98
24006,10041,31180,34993,115
21953,15448,20543,27822,114
3798,33336,29337,2345,127
31962,15180,3329,33116,130
3299,1020,32755,14386,102
4923,7779,20421,19975,87
13939,33128,2471,19081,112
30109,38434,26589,6839,46
25975,2758,29356,26628,102
15330,26454,16223,8770,123
36480,35657,19008,10658,114
16230,15428,26257,16677,101
38257,225,8454,4043,84
34950,33517,6206,13869,112
36446,2350,28198,18368,138
27108,32642,25091,3101,46
8696,13551,37231,36943,108
2699,31109,31030,3852,124
23446,18767,322,21479,124
15387,15418,33394,6386,164
14658,6873,9820,9913,151
16648,15113,9044,8266,112
35259,19956,5382,33880,109
19773,29355,24317,17316,87
20531,6194,12054,29430,89
38743,7879,10555,29517,76
28124,18002,30221,8570,124
32006,35657,8445,3020,140
36488,31614,18154,33023,113
15919,24490,15784,16960,114
31772,31132,16721,25867,101
11680,20397,20620,13531,27
38574,32012,14535,26639,93
7661,31803,37986,2514,170
5457,5769,10802,14690,104
5287,18819,7520,15228,119
9019,22971,24516,11401,115
35445,19671,24104,23360,162
11361,37887,5758,36291,95
9325,30311,10795,7796,116
19823,18913,1555,30476,110
322,6906,28245,15907,96
25814,19644,31078,15900,121
8316,7065,33032,25728,113
17374,12240,427,5458,87
15918,32363,31756,16154,116
10184,11625,15908,13943,111
34997,30785,17757,13262,100
4504,9206,33859,2457,98
24328,17296,13715,36038,89
27256,32360,27029,33969,47
15255,26293,15057,33324,129
34200,10502,25698,7661,114
36329,23439,17651,2651,147
4650,21516,21132,37529,159
34134,11758,3414,12220,75
12857,27373,17290,3063,100
28133,33483,32460,3936,129
20762,33110,18783,34736,70
4153,21830,8771,31699,132
21104,12009,28513,12774,155
2524,16800,27206,22048,99
6912,2709,20726,7889,100
1909,6325,30945,31184,127
34818,4111,24059,15091,127
28123,8466,16101,8273,149
32709,25570,19193,13125,101
27944,34642,5261,20305,84
9023,2269,34620,8452,125
6215,6468,19727,4650,136
38258,6839,16008,1592,93
32018,9157,35514,34243,123
8618,15309,12263,25079,113
30073,16937,23327,24424,114
36393,889,34803,34634,87
26424,14007,29451,3191,49
33773,1580,34996,8675,103
19757,7066,30001,19810,85
19899,34529,36135,13909,79
7256,4610,21244,28034,117
4949,12998,11749,11349,73
22886,25990,19724,30948,133
13737,31096,24056,18345,83
1127,33246,10589,15522,132
28044,14397,26730,19010,116
12840,27043,26018,8599,125
27388,16766,23553,7255,85
28045,32558,21385,12882,143
16533,21069,20631,22566,112
19169,9921,31767,8711,134
13126,19991,34828,10818,108
32576,28836,11530,6830,55
16010,21022,24321,20408,118
15228,28220,26638,37111,130
10691,5766,18380,28078,112
5628,25202,22133,9419,74
21892,35517,37765,25256,126
28529,29755,6432,34959,98
31630,7866,20694,3933,119
37158,14746,61,28584,109
27039,5273,35319,28516,117
19213,26269,26473,24453,69
28891,8337,9979,19733,142
16934,36758,30306,4563,78
35401,30940,33905,13626,93
13846,5686,6338,33237,114
29427,13930,21820,17661,68
13194,17719,34832,18987,98
26402,14649,29591,28953,88
171,26016,31947,37802,123
36855,25774,13948,2012,126
15341,6007,12810,26754,139
38437,16861,17676,32660,50
31044,38450,13005,12064,98
4540,35567,30394,78,95
7098,6251,32688,18232,85
28077,9355,38452,36379,99
19251,38418,6128,10240,119
10219,13096,24493,22864,168
19812,32376,1899,18216,103
15942,7034,37762,7846,132
35671,32566,33916,9869,121
15958,4089,19158,19706,121
34999,1160,36343,20267,72
7573,5590,7579,17412,131
38503,2533,21851,12322,114
1528,18101,4048,23700,159
25115,16080,26761,36371,73
28076,1983,26310,34197,111
18319,25864,25746,13838,112
34849,1619,15236,355,108
27392,31523,19906,28509,107
25041,29633,17492,20370,35
27151,33406,23637,12268,138
7739,34607,7031,32309,75
19889,35411,30235,38361,108
8525,23396,36786,11301,126
17411,19151,30498,4080,104
5456,26324,24021,29021,90
35016,34745,5277,28145,99
14649,38268,10572,8420,104
33775,18997,26270,23397,89
9103,25841,24316,5639,113
16556,6753,15283,18368,82
14596,28023,21385,33291,173
3322,19052,19687,4119,104
4023,293,350,25962,90
25673,2499,15812,6921,130
17736,24393,5286,15956,111
32007,35540,15840,21818,149
20285,20743,34236,22907,62
34073,9499,1109,10988,92
36877,14020,28912,7171,81
27218,28154,28649,13744,104
2407,4141,10252,35541,192
27428,19065,33839,27022,55
21018,36202,3835,16576,122
36930,28897,33798,33473,105
435,23404,3164,25752,116
33133,11598,22722,30201,116
16602,9435,22702,22698,136
36121,195,11433,23735,89
18982,13197,25644,13661,106
2672,38721,38330,1055,90
31601,21454,38553,4926,103
31925,38735,22557,24043,117
37671,11537,7841,31795,132
22949,7205,32010,28133,136
4888,25800,30396,4032,114
24251,13908,27336,37140,88
22846,4681,32497,14604,113
13692,34187,6287,6095,116
294,34192,3202,19696,63
18872,33794,26358,10960,61
16615,29729,37912,20648,62
30887,21972,12153,6219,126
34664,3434,17730,2684,111
36395,4891,25841,29653,77
36487,29408,32538,232,39
11423,268,11538,22841,75
16847,168,15751,28580,84
23359,7887,27362,37958,155
11019,21807,4038,34190,98
19841,23308,30070,26645,114
19080,13264,33024,31252,108
2510,34636,34968,19111,98
20497,13500,28556,17018,56
19687,26313,3851,25664,118
25793,5487,25567,35771,148
16843,35688,11342,24814,77
27184,26268,19118,14257,85
1083,21429,4885,12174,132
60,11767,7878,3501,79
23544,20418,14605,31063,114
16951,12455,34590,24116,93
5342,9761,290,7899,119
28688,20271,28175,20465,80
7976,24784,30255,38612,73
6860,9228,10914,14013,71
37683,31081,13555,16613,87
365,3219,24096,19902,83
25608,26653,8551,15225,124
21467,38703,20738,33755,66
37230,11568,32663,17014,60
7093,4227,33142,28037,128
3797,18017,18853,16138,116
27798,16199,5007,16924,108
32638,5013,16019,13201,98
26770,35773,7124,6831,79
20617,3371,20011,773,82
17503,9431,12028,22260,114
16010,1257,4219,28808,139
27992,17420,33137,24493,136
30180,27981,33334,18509,126
14366,18145,21880,37551,135
6277,30182,29633,4091,113
14662,29552,28547,14412,118
25697,23681,21354,14662,182
10863,19191,16792,21764,76
6118,21279,20289,28808,129
2318,30133,20487,14736,114
33011,27963,16023,33285,153
21164,9986,25701,3032,159
32505,14605,37260,21968,106
18148,19754,4908,19628,93
31770,129,33432,35329,128
22949,36246,10728,5495,113
36084,34791,11310,18043,71
11573,30978,31077,37127,77
2369,20705,35697,1847,147
23590,34134,1112,17762,119
26356,9338,5406,30270,80
8275,18892,2349,24340,126
10262,3515,30192,41,99
18902,36420,5258,12902,95
27802,30305,3016,18401,111
10929,38301,6379,30043,98
3907,16729,11740,20589,63
6382,18493,25008,37174,104
22750,24834,29578,16901,67
6953,16656,3058,4651,52
13212,36107,37525,446,111
7040,1201,17498,35721,118
3922,31759,4548,7076,95
2344,30308,25023,22975,122
18074,30114,3240,11597,75
10188,37897,11699,5448,125
17505,34205,33163,21970,95
16213,12504,2687,36365,142
37203,6791,25048,950,73
37504,953,30339,26359,111
12398,20730,28843,21832,93
19928,5452,1568,3255,111
13057,13675,33434,18297,110
4511,25025,6870,21352,74
33468,24026,29499,13250,107
31221,9098,3523,13901,78
22151,15374,24158,38763,100
33167,38470,34886,25273,60
37777,33123,7122,7845,130
17283,10929,1865,27991,140
16963,36197,11546,28907,72
23001,28832,28230,6283,172
28545,37164,30804,7759,122
25605,27341,35401,1819,150
7550,32441,16680,23737,114
12370,26661,36474,23752,121
839,5548,33982,804,92
13922,12159,21476,15280,140
13105,27876,20447,9056,114
30883,31776,30435,34215,83
23652,11611,36323,24298,112
16201,16187,3280,18870,110
9982,5305,31548,32315,112
32341,8460,36080,3346,82
24095,31052,21848,12824,111
32721,33812,10731,29399,45
27166,23433,21945,33436,127
18207,10540,6999,33882,63
38680,21918,49,13595,49
10748,25833,3177,14281,124
27413,16577,6151,8434,106
5773,35340,3835,18917,128
37972,6764,8469,20699,87
9871,3940,30150,35734,166
10645,19051,4754,17526,80
1977,4516,37864,12071,139
12325,34905,33453,27771,134
30760,33473,36102,4900,88
28692,27258,4214,27476,100
23741,27952,37666,841,175
21988,6434,10864,12394,132
8279,13043,3862,35280,165
21067,27459,22047,23274,142
16613,16138,22545,22608,146
26740,9914,15063,33065,139
38527,30091,29328,20483,33
17555,9940,28706,22721,156
15243,19194,30127,38569,84
11639,5524,19717,38643,62
2298,21019,1027,25998,168
17351,31626,33290,31185,113
1668,37709,30305,25511,149
31265,7180,29383,16551,40
1904,3829,36908,19882,143
13634,20378,23722,5441,86
21342,35497,25152,22124,131
6759,33935,27257,24157,60
2677,17369,1508,10238,169
5737,6761,4542,35608,93
21030,8544,34097,37262,123
29419,144,160,22660,65
13727,14369,4181,331,101
29747,38292,18121,9900,83
19541,28088,1858,10540,142
25113,37939,3406,31955,102
10663,4995,3080,37089,89
5367,28681,29408,205,59
15916,34176,19880,5393,93
25625,37142,2465,35598,170
29375,21523,6314,25976,139
20586,13681,12506,38671,56
22241,16104,21448,30826,130
35432,16709,13788,33121,112
33935,38641,9824,4574,79
3492,24192,1785,6294,140
27148,7656,33233,32405,101
7718,5003,24142,15514,127
35379,21880,30115,25651,138
3225,31740,29697,18173,81
18001,30490,19672,22757,122
17608,28153,30243,21214,144
12845,9475,19687,1255,126
38263,17566,21488,2292,129
37749,10032,19105,17559,138
32413,28680,25534,11612,86
3906,12286,36103,10600,121
11624,12230,10223,28047,143
37216,25712,29393,8468,106
2285,27254,16862,33050,109
21183,1933,36017,24297,144
18432,1529,17390,13747,106
12948,4546,6105,11672,110
4598,33505,27052,1631,108
4083,13104,30382,8470,134
1936,8272,18199,3517,120
24150,3349,1220,5772,100
19545,12434,11291,31851,108
14016,24455,12200,35294,131
10847,19527,34079,201,67
24188,25776,14475,1907,153
3505,15212,18956,7643,120
30927,31177,12344,893,104
36391,38498,35635,8315,112
23572,28926,12341,30380,140
33396,979,89,6004,120
6790,15388,4198,4673,102
5689,4609,14431,22913,124
16893,4987,19079,16802,52
9401,11338,32431,13077,84
12272,15035,15219,1063,150
21497,34705,8416,32613,108
2529,972,4666,28663,124
2694,33826,4129,37923,142
2632,1932,21162,19918,170
26313,18957,27859,6207,121
20472,36902,33,37796,84
32761,26291,5368,17258,65
20686,7619,3862,3809,125
27852,20771,1218,7162,87
9931,31053,4781,15320,124
19026,37619,38004,2421,154
35705,12079,24959,25999,130
3433,19957,23598,19831,128
17421,10982,26629,29251,66
22933,9933,18304,27830,169
15143,18899,4926,4016,111
27111,17359,29461,8374,78
4653,16955,19166,22567,90
32634,12180,16079,30209,103
5475,31872,28721,1100,115
29511,22599,15882,2673,138
28892,20665,25836,28233,116
26441,11702,14727,13231,103
12512,3862,26287,1576,132
18208,31274,1752,28821,115
31161,13088,37204,28946,118
12222,35262,10711,12335,149
6099,31860,17271,25549,145
32016,19856,29529,30402,88
23628,30419,21298,2581,172
17770,13844,19686,10902,91
10730,20472,9073,12043,89
25039,37934,5586,31881,101
7025,33942,25164,23642,71
3369,27863,6902,21205,123
3004,18842,24515,19818,93
28798,4172,28172,8707,149
24441,12155,11302,3953,115
10923,1501,1776,16650,123
12966,21318,33490,14263,166
21763,1104,22929,37716,151
87,16860,27107,8495,65
22079,10957,21083,4573,113
15366,6141,32001,22524,171
26538,36235,14270,34012,84
27455,36466,12422,10742,96
23306,34685,21869,31924,128
12185,1110,38372,16949,84
7261,3333,13573,10950,64
32591,1881,8337,7216,92
24298,6273,1207,30282,130
18228,3802,9425,8471,123
33208,38317,27930,19240,102
35452,10094,24041,36476,154
3362,35511,15095,1833,158
33140,27282,8438,2425,131
37039,38652,24196,1668,109
32010,14503,21123,35340,179
34559,29387,18449,10738,68
32718,3181,7125,10986,59
38018,24092,30978,7046,99
32545,511,3981,34124,63
31560,23444,5333,296,111
6156,10627,13530,23320,136
10137,36208,16725,24899,86
18123,4158,28073,13782,122
22658,35634,30432,12417,160
28879,24517,16849,13800,83
7647,34996,38409,16065,102
27329,9106,37634,33409,122
32433,19165,33515,27328,74
20765,2674,4158,30912,108
19531,2277,9435,15908,140
22031,32556,13065,31084,90
2329,33308,37899,32444,136
19503,11417,31543,21403,122
28771,27467,12198,30750,99
38433,38484,23522,8318,95
14703,1935,35598,20539,141
21312,25185,26623,3069,85
6149,17375,33516,38774,113
16954,16616,11616,30185,54
4870,21988,26650,15355,92
37007,37972,11756,37605,131
9272,22064,9213,22244,104
27855,31950,18067,9835,154
12893,30929,16897,31220,86
3856,9163,15292,38770,113
24873,34802,1000,7785,95
6809,26011,22273,32314,78
26017,10609,21975,1618,131
9829,36218,19900,37523,145
28501,32555,32370,37966,91
25655,967,18211,35566,146
30136,16731,28746,28819,93
1164,21477,25882,2729,168
21378,10244,27073,5694,135
12266,33412,28151,19533,145
2003,32774,2457,8509,133
12309,29748,14742,30311,104
5774,30492,2504,33971,98
27329,34153,25833,19684,90
347,19959,9094,31867,95
3860,36760,37175,29628,106
6835,26705,10916,8527,76
1269,33152,31024,6354,132
4767,25050,34171,32404,34
4859,28853,15803,10081,132
8661,8270,8730,5525,118
37154,14275,71,9762,130
3260,7131,21896,29715,56
23546,19610,31862,38275,119
37040,29520,15758,15050,113
21154,10743,13977,24857,90
16147,18366,34262,6089,116
34059,13676,509,22055,53
36910,22782,20332,13591,95
9214,9830,10026,7558,172
34794,17542,12058,34663,96
33160,26753,5507,16525,77
35364,28879,6285,30786,148
3310,24776,30034,26739,57
3225,36456,33819,26270,62
3147,34858,8268,24340,99
17301,11681,28939,11463,76
19502,26527,25638,18072,101
30264,7902,16017,33817,111
7801,26010,6099,31069,146
115,32466,10977,8473,71
1818,25197,7061,38016,99
18076,25876,21870,33882,95
13596,15751,26021,33123,123
30908,17338,1664,16953,99
36521,24291,27116,26333,77
11265,6827,11568,29628,31
30237,3090,283,20375,50
36754,1906,16858,28097,132
37795,24485,28681,15118,145
26263,34102,18421,24443,73
11761,7178,1913,5337,80
6890,11422,35335,5281,89
37230,19983,12374,25769,133
30423,19787,27053,946,97
23743,9878,5728,13573,135
13627,26275,14575,28722,97
24365,7632,36162,30114,115
9884,31709,17541,8668,144
24129,37026,4724,4051,114
3073,27913,36979,24824,100
20479,4995,24354,28003,91
6041,19129,4049,28236,149
23416,26496,3977,33228,139
12197,10103,32608,15459,136
18223,5427,22639,24471,120
6076,6960,33884,25817,101
34854,31504,6091,1675,142
32603,37694,27292,3973,108
7210,20332,21153,9034,86
7694,29733,1200,29462,83
511,3750,33426,34959,98
31789,18266,25689,19093,111
16580,23408,14413,7721,148
21384,9105,8436,9037,137
22636,10115,27498,2667,163
13162,9977,13724,18248,126
27299,4243,31978,9958,140
11661,17012,7889,33299,99
16131,26677,14416,16507,102
1050,13915,12229,35301,134
36108,18411,10676,12970,107
36455,1881,4883,24079,108
29373,23006,27000,19,74
17461,76,31977,7507,109
1950,4956,1259,13953,103
32495,25018,6310,9285,85
22945,13927,32000,30937,114
9424,27213,26650,9253,81
35593,12482,10205,35422,193
36014,1091,22934,12101,138
33177,17252,3396,12175,117
36845,30480,33887,26008,100
15947,4262,27906,20610,125
16032,18980,27380,21858,93
31000,22108,28923,34571,90
24030,25216,6427,30920,97
11509,2472,15465,16682,110
19513,30392,21818,38556,80
1568,36015,18160,37587,133
35007,12044,18821,3125,89
31264,19696,2373,20373,96
5432,33796,3139,31079,66
22542,10062,31816,10077,185
27041,3139,9209,33791,71
22568,34205,27880,22124,129
4552,2547,3022,18055,105
33484,38673,29363,37579,89
30282,25159,11754,36287,56
17626,31074,18128,4027,107
22173,38582,25505,27316,83
26304,30837,34548,35458,100
34208,20491,38328,2535,64
13903,22993,25948,24788,103
27389,35372,15205,2366,157
17343,26591,35448,30302,113
30463,1762,8583,8384,132
6480,31060,383,3283,91
18880,10211,30891,25875,123
16981,30979,18471,28722,82
29528,13024,16603,15993,91
19233,10124,27866,6234,160
32702,16801,17003,17322,56
6962,13887,24201,29441,53
36877,3041,35407,22613,153
23467,21379,27037,31012,135
38273,14393,5642,2493,114
13742,23304,37652,1261,142
22905,10989,1530,24326,146
8769,2746,18843,21812,122
6392,21869,24068,22267,126
21253,38531,24155,8408,117
27253,33397,24943,3088,73
21085,24264,14544,13066,160
22967,6445,9142,18485,146
12418,8505,7691,2734,160
4645,9510,38340,9815,97
13903,13634,25509,27841,110
38648,5017,26748,7069,38
28865,8519,7614,4999,120
28033,28050,28676,27501,137
27803,33470,32317,25722,127
6028,18487,254,21192,126
21214,32555,1820,28574,132
277,2283,27870,7143,107
18510,35738,10221,38425,132
7004,19761,18860,34055,60
18502,2544,15390,15429,153
15044,25996,30760,8007,140
27123,18829,20617,33784,42
12285,23742,16205,769,157
21378,5430,4093,31726,143
27915,3218,13837,20704,81
26707,10636,1837,14483,122
31511,16137,34762,36131,109
19222,8699,30891,9431,94
27855,17654,33959,4899,95
28687,29727,34854,10639,75
5699,30275,29728,33464,80
13904,14326,7953,10543,122
24361,9024,25210,9302,86
9420,16148,456,21762,95
34692,23465,37935,22591,163
28967,34012,31847,837,105
38612,12070,36923,1756,116
32622,25212,21812,22259,61
17760,35673,28244,8353,158
7729,25891,14669,20512,125
17594,26557,31026,3056,76
26697,27258,34756,21015,94
38765,10997,19823,3115,77
19548,1768,19685,4741,114
23512,12297,37203,8461,152
18920,37956,36128,26475,94
27996,35495,11690,18259,132
5304,8734,15876,6858,96
25047,33993,34224,28174,67
22821,26428,7706,8588,137
35508,1030,6414,25773,170
31151,34538,14649,7545,120
10569,2365,12955,25041,114
3051,3397,18448,5774,82
18327,26760,21049,35418,138
6022,15336,14602,15168,171
38494,24829,21877,32312,41
4516,18881,36100,31232,69
9492,38633,38267,27336,52
13726,18823,34783,16642,57
3399,34729,8347,21850,95
37213,14581,16593,31199,102
33223,10938,27958,17276,131
6803,30248,36156,19511,78
16805,22985,22769,1711,153
26526,9466,31975,16507,84
10500,21168,13761,15168,128
854,23537,6256,12342,167
36425,30225,15273,18377,107
31204,14734,12345,1727,140
23011,23308,24496,29353,134
17261,29678,9103,15798,94
35753,31079,8585,5477,123
30106,28963,4059,20461,94
37246,30100,27486,22988,117
9913,29451,9768,35272,159
7072,16171,33014,6002,126
31036,30239,2706,20299,90
24357,21939,16967,4640,79
9349,11306,33343,11281,82
5519,38666,20740,17532,52
20388,36417,24362,1056,84
24856,17275,17251,3276,75
34865,8505,28703,37912,125
36014,7179,18414,7996,94
36935,334,4662,19141,67
30352,7230,20679,21442,81
14708,26614,35691,16142,144
38734,37186,25008,29582,43
26360,7674,24459,4697,98
37778,30031,15964,195,110
31666,7970,10106,878,160
33420,5272,16779,1246,97
17512,30480,2653,35592,149
7259,25172,34801,9269,54
13109,13225,16737,18957,105
6894,10603,6828,19267,54
14492,28021,38359,4246,133
20367,34562,1209,19526,79
34903,20375,24982,35601,75
37133,28176,16645,25054,91
37781,37203,33308,21451,161
12845,27022,958,844,118
14754,19651,23342,2009,166
38308,27379,32563,16667,39
11396,21385,32657,10043,119
19827,16560,94,28983,75
30860,23510,22236,31863,129
14301,34636,37829,37201,135
38505,37811,33045,3325,105
1219,36184,35645,36794,137
225,36763,11758,6429,94
32494,38475,36492,4110,74
36237,10991,11461,1861,99
33971,10049,10510,6311,131
13854,12992,18261,17271,101
34769,36950,13251,15352,128
10080,30401,36172,6515,141
37638,28567,6229,25522,160
1801,27205,25178,28819,92
1227,15289,6160,14367,162
27428,18452,29577,102,48
20329,753,20380,19208,52
19996,4617,21298,12284,128
356,19770,30400,19109,72
30354,1980,8345,36852,130
13125,14410,34998,1765,142
31048,18426,3274,37076,92
23331,27042,19052,12507,119
10207,21844,7215,28860,113
17689,3152,6198,31133,111
33787,997,2502,35619,142
6258,37194,15174,10500,143
16667,5014,24014,31002,72
1549,11369,21295,38014,149
36447,28008,7976,12978,149
31601,5539,10579,22526,126
35562,24204,7817,38331,130
30506,7528,31677,37256,130
22643,27338,17755,34756,107
17413,18380,3759,25183,92
9042,5496,4508,38447,65
30434,31177,34196,29504,53
27856,15282,30318,28765,139
31058,29417,30234,13513,57
33834,4797,22833,26699,84
27239,11536,1862,24430,98
9216,36059,11514,17363,84
490,37758,3452,24045,100
21240,16691,32422,9913,120
35690,21776,34720,3209,115
6266,18482,24858,9397,100
7538,5668,36061,13820,96
11617,30263,18482,33905,64
38463,5619,35485,28590,107
4039,19538,15315,11749,119
13676,17736,28009,18160,108
33820,27073,30237,31813,80
339,4243,18034,25150,72
35346,16219,34204,9780,150
25540,38332,38691,3056,68
34576,16559,18459,11429,61
35453,4983,8357,17018,111
7635,6305,9501,22013,142
28618,34560,11771,14328,99
2688,28147,3361,36241,135
16075,24766,4989,24895,57
7226,10095,30798,9900,127
18924,27925,30077,1539,128
18,9928,2463,4971,119
24255,249,521,7506,84
29738,36484,38502,23346,82
7917,22127,6276,16152,152
35474,33078,4749,6007,149
23286,16140,10761,2424,161
21440,6947,33129,10823,116
37865,12020,30121,21294,153
18892,12853,35634,1175,140
17694,15780,25036,34216,75
13120,12084,4027,8690,148
15184,37109,23351,38007,169
27422,29473,35642,16817,83
17401,26307,26754,17667,76
26423,18773,27150,27033,58
9310,35430,1552,28180,170
31558,38702,6905,8500,79
4961,24986,16954,6446,75
30136,4818,3926,12854,115
30244,18352,10606,33997,78
12974,5568,16187,14391,137
34783,413,32728,4803,45
14483,20297,23385,16204,133
25797,1991,16055,37123,150
37166,13834,23589,12053,132
17759,36483,15090,10570,112
40,20664,23297,29434,64
12357,15234,35379,3167,150
10764,27872,33110,16169,142
35283,23607,38613,5583,129
37755,26497,5595,12262,112
37190,9147,25207,12026,97
31875,17305,28959,1568,134
4233,2322,24916,24840,94
13996,22794,35442,16616,126
16186,21089,13136,18381,149
19783,9831,28952,22991,158
24801,19104,14748,38017,106
27358,28885,8477,37650,123
4819,37634,31095,18403,100
10709,1271,37138,15094,128
4080,32383,18335,3050,91
7943,30407,4178,36783,136
32729,21052,34236,27814,113
27858,13851,25273,4912,76
19225,19219,28072,14705,120
13039,34762,3324,10863,100
35447,24265,18417,2718,153
19270,34190,3218,31510,79
25694,29522,38418,27850,93
1608,3255,30393,22980,135
31546,37216,3365,17650,111
14582,6425,26684,3798,141
3908,29761,4760,25070,61
28517,34568,26618,9313,86
14603,37850,36267,18357,131
5267,9148,16808,986,89
7145,36433,28103,9494,101
31852,28695,31107,26287,94
2749,18502,2498,21204,169
17558,13958,33906,15026,89
6970,18212,27443,3200,65
30234,20499,5533,36809,74
21999,24942,29615,22120,57
26488,5486,38516,17564,62
9887,24510,23570,19068,148
33508,13788,6301,16702,106
31770,27092,21764,37769,119
15149,38258,33315,11563,91
8398,8434,5353,36760,116
12136,18331,31141,26355,89
188,21343,34794,17422,99
37785,11294,33403,3421,110
222,28158,13911,7777,108
6036,4248,13552,7668,143
16022,18256,13899,37580,118
11298,26638,28923,36454,73
986,1993,11277,19972,114
34130,26363,13699,15518,75
19640,23549,19156,10583,120
27835,20258,248,37941,99
21096,21773,36435,8475,129
27214,2019,31644,12448,129
17648,24896,1723,18822,89
22259,33978,4813,25034,51
25891,5376,34566,7739,117
37210,25603,10566,25720,131
20488,27870,22224,31192,91
20583,16795,18025,10742,60
3305,11492,18128,37047,84
4713,36173,23599,146,93
16721,10218,30084,22183,109
32506,18216,34018,36017,61
31033,13891,24495,34543,77
13502,28902,15993,16515,91
16541,23392,9853,22011,139
869,19529,9479,26625,99
18880,24204,7201,12308,88
26537,27386,27861,33003,108
27999,23275,23763,24508,179
20529,36917,28117,32534,87
1725,14318,14644,37820,173
2471,5263,3967,36436,128
10877,7081,34653,27943,94
3455,7500,25829,4504,115
23484,33067,7776,16199,167
18991,1838,3369,38423,85
33803,12047,33292,28693,110
9922,17693,21784,7933,145
33437,16751,8464,16542,90
3202,31136,36197,11433,69
32493,16562,12306,7724,98
6882,31846,21113,21997,116
18487,27342,37513,24865,86
31089,12452,24934,20387,59
25525,25010,31867,38609,80
28574,36337,35773,5538,123
17511,27520,11285,17770,77
38416,3296,36351,20673,48
22795,33924,20654,30937,78
13940,34736,25515,4941,82
18403,5548,26596,3919,94
32645,17282,15003,35763,128
771,4818,34677,19015,79
36406,38699,6251,36079,94
25804,37022,33102,29441,108
2006,7599,24216,26370,128
22881,1035,22167,36078,127
22018,34236,12280,19917,98
6828,3320,37686,22056,97
7613,36873,30470,10569,120
6032,28500,3811,20579,119
28273,31885,37521,4110,165
36291,35755,38424,3793,119
11609,37003,13131,28659,110
32394,5403,35588,16747,91
4695,18484,4969,32679,59
28763,407,13539,25747,87
37093,38695,14270,28598,108
30389,17592,18093,12162,107
34587,38412,21872,34267,56
12346,24244,21792,35633,143
4069,36129,19532,6843,96
29625,31750,18180,3247,81
36257,31719,4891,34224,78
2327,22579,19199,26005,151
9350,34980,1174,13178,115
25194,13802,19167,12901,71
24834,28833,30094,38570,60
26345,25906,28974,30872,98
4594,7982,16703,5366,87
31229,27856,7512,31778,141
32548,10771,22146,12828,96
18924,13036,23493,29542,111
6812,16546,18078,15266,82
30195,4932,3963,20615,78
33302,21982,20573,4845,76
20376,12894,5725,13058,99
28562,23616,18775,18095,121
6806,23651,5529,15075,119
33410,1969,24517,5404,127
2485,8532,17521,24087,136
34948,21186,28536,3484,117
17622,19675,34013,20445,65
12197,4175,33852,16926,96
3806,6073,1250,30319,141
23598,13685,17584,9245,118
16640,18485,30095,15446,97
17514,21452,13825,10741,113
25599,11767,18759,15199,105
11544,34899,10743,393,57
9131,3460,7158,31798,88
37661,31968,31203,20252,99
34100,24996,28913,34901,59
24246,12123,28838,18155,118
3280,31759,24754,27045,72
8423,18928,36440,29494,74
27391,1567,12395,15122,136
26364,24276,10554,24385,94
21762,28603,18508,38768,83
28512,19831,33908,38608,72
4137,38666,10145,29670,100
6892,15369,34884,20357,67
16553,13596,8009,875,99
12432,10150,11403,4550,111
31690,6829,3088,28516,91
31615,16738,16632,18855,72
29411,31621,24956,10956,65
36134,25041,3108,25004,47
2411,21796,4105,6511,160
35364,4764,22056,35379,145
24900,18780,22720,35586,121
26510,33844,1166,20689,55
14453,2012,19070,21035,152
19702,20652,25895,28988,98
18757,33226,35527,3170,124
36069,38673,26738,15127,79
5477,19180,8518,37246,99
29394,15378,2311,10779,117
31879,20529,16899,24317,76
17715,18043,24098,18150,101
30151,9408,15351,938,122
38293,6186,3065,15290,113
31257,28608,33108,27373,98
15928,7586,27129,17252,121
4220,22173,13572,24274,107
17553,1686,32730,34811,95
10758,38432,29323,17306,59
11317,37928,2302,18908,119
34047,24822,1665,23682,108
15048,19674,36849,36250,121
10620,19730,25646,32605,98
6214,34667,24961,187,73
28041,16811,37167,7515,131
16929,25887,1059,31787,115
31804,11492,22748,11601,103
22740,36919,22958,9877,180
14260,18038,38383,6144,117
395,22199,32624,5289,58
13902,12186,20340,12777,90
18784,13195,18136,33254,113
19610,31812,27433,22048,102
20732,25064,11259,9436,42
3844,20613,20398,449,50
36459,34086,34505,8279,80
25983,28725,20534,19885,98
32752,38422,2522,24997,64
26004,3087,15833,14541,137
1914,27438,5643,5557,97
18033,24757,29408,6337,77
8573,30970,34952,26474,80
11655,12910,11536,19197,75
20534,10171,16532,31105,82
16889,11643,7762,9761,115
1256,19092,13051,32595,95
13883,10855,15260,28788,108
29666,22560,7528,32333,104
20761,9343,6481,9954,127
23698,31896,31098,37694,149
25031,4148,28559,37183,104
19593,35421,14692,25908,161
9237,3214,20631,5432,68
24403,18781,2708,18812,109
24239,30039,25812,26610,101
22233,22214,37261,34836,98
17381,3865,25795,20372,106
30469,24848,38750,21103,80
36037,7799,15490,12496,141
28138,904,27370,34900,110
37914,1214,13167,26305,128
1102,3894,28706,34214,111
32723,26002,27271,28001,107
26652,34814,14765,28631,101
10569,18422,7520,36512,111
4100,16219,17320,13594,116
5622,21119,32678,15114,118
11395,36355,20021,37270,90
7521,16103,28532,37130,141
7077,36793,510,37731,89
502,3167,32750,20337,36
16803,3108,7760,15904,111
25697,4589,38547,13872,70
25975,12280,8445,8759,140
35395,4684,28110,6860,120
993,32744,15949,16577,88
3386,20669,22047,10632,71
12300,21488,10649,14736,152
4026,32755,21500,3353,118
24921,33833,15309,31806,87
19704,3085,28225,16679,105
26377,11456,21940,2496,95
30202,36092,15047,7105,91
22673,17663,24949,10816,102
34875,32258,37501,31139,88
17710,19908,27901,18142,123
29662,35653,2488,36454,126
9515,2579,11552,34879,102
20620,18843,20666,28843,50
35495,3094,5315,18751,108
33291,14723,7646,10915,144
37777,6249,909,28787,154
25549,17387,25027,27342,82
25546,30116,31205,15007,119
6451,28508,18888,7735,136
34640,901,25744,5281,106
13751,33357,6267,29743,99
22195,10231,21112,11714,136
12056,12892,23354,34653,144
12169,31212,30222,13262,115
17708,16656,20413,19660,67
9871,9503,26528,19677,118
24922,20448,21039,7060,62
8685,7765,24246,23417,157
11767,37606,33381,15125,131
32650,16591,8763,32545,60
22232,31048,11641,15023,94
6297,9434,32552,9202,109
13100,12413,36043,33078,131
35627,38573,34553,13244,114
25718,33135,11428,36966,114
24865,26622,801,2579,95
20021,11356,9810,18016,112
24198,23316,7669,12351,160
23362,22589,29680,33807,114
1708,3984,24268,35393,166
20559,10658,16005,13213,102
33088,27370,18044,25817,111
56,22583,20506,270,63
1683,12777,37527,21232,178
16161,36018,14305,2417,148
33956,15458,18956,16550,77
21462,25630,30928,12353,142
27441,34929,7692,17760,101
31681,10185,25736,5518,142
18523,9930,7009,4541,95
13591,24940,10508,21415,90
7570,27351,28896,17439,114
7951,20606,33024,3185,100
11319,26419,24182,38282,56
11368,38282,20634,24376,46
268,1214,24886,37902,86
2739,34665,12902,4665,118
12906,17533,10867,13250,128
8524,8470,32688,34566,91
12081,34134,18426,4694,82
2019,12181,33377,20440,117
27445,30064,988,8547,102
1825,15995,18523,19708,132
17734,31010,33795,5759,72
19674,22000,21451,20268,105
38453,11471,36149,29318,40
22736,33812,4113,25232,101
12137,38286,21285,36184,112
17582,12777,1682,26515,121
9107,19873,37563,22191,125
31967,33981,4503,12987,96
28889,11541,32497,3956,88
3812,24938,28703,35005,90
4223,27832,12193,36131,143
8384,6075,5622,25029,102
30447,25718,9134,5308,106
34846,13190,27763,33407,137
10526,3398,29456,14274,90
5280,32357,17547,7879,96
23502,12110,33058,864,155
319,32693,33440,16215,86
22166,33057,14570,36807,133
31997,9391,3861,33799,110
15861,16523,31115,33372,101
3012,4042,34660,18860,93
15260,34107,4206,30197,112
31523,28121,25800,7270,125
16063,30968,8617,6912,95
9176,36232,20282,23667,102
10733,23521,880,19741,136
10745,24900,13056,14675,108
34946,20423,16992,17582,56
6182,20759,10736,24868,76
34121,1066,29766,12898,84
4970,7753,32702,24961,68
4522,22126,1672,27790,129
29382,21981,9474,13761,69
15755,16178,32352,20654,84
12969,9918,18017,914,145
28897,17273,3758,19687,124
2773,18362,36148,37624,137
10129,29482,10234,12915,145
15755,7068,2374,2364,140
4770,13789,24515,24246,85
22871,34928,25786,27940,150
7959,6283,22588,107,145
20368,24002,30400,28115,99
34147,3240,5648,14252,90
20358,23480,6461,13761,114
16816,24893,9263,4100,81
37147,4206,15111,11402,122
16048,12903,36272,11593,107
19878,10810,3489,8009,115
14316,15049,12003,21342,169
22769,28502,19981,24403,136
10638,5520,31777,17553,103
16217,25533,2002,21138,169
28551,21157,12219,27306,131
36134,25259,28540,9041,81
12155,22516,21272,34515,152
15767,21957,35678,22662,164
29766,18378,16515,37035,69
12858,24902,19113,8744,91
14251,16672,27060,33816,77
35464,35413,17294,14273,174
3051,3861,30763,26018,116
35667,16019,18918,38689,111
3404,33808,17409,23538,107
6147,13530,34674,6803,84
34181,14720,13052,6346,137
20690,24129,38348,12284,72
37228,6930,2651,10808,110
12929,13742,28558,37064,113
28164,20695,13118,7944,130
25593,4533,38694,8400,90
38522,10558,15060,10528,94
16199,19733,7683,6486,155
2700,33858,1951,35743,154
32750,19640,26390,33946,57
286,38683,2725,3131,79
8318,2678,22918,29370,134
34511,18955,25174,5563,55
895,36039,17396,1805,123
14708,38743,24969,9115,77
1958,16186,12919,4812,134
6333,11311,6502,23505,156
36882,13234,25785,36290,129
7991,19948,26401,21303,133
22059,7250,36050,97,59
37211,22268,12516,28751,122
19088,19778,31573,21941,103
9954,4071,15143,15993,169
17755,10902,37155,27357,96
35008,30000,31194,13017,96
29473,9768,22544,30132,126
14402,21131,30480,3399,134
5586,35561,35562,11598,135
14523,11615,13617,35255,118
6836,31573,11352,38017,96
28703,11456,12780,27021,94
36097,17567,23319,35774,152
27225,32572,3140,31811,77
111,10224,25717,33046,130
30400,30900,34071,29471,53
31611,10542,27861,4753,118
16116,18950,27900,34887,116
25106,9019,12,8708,69
34952,3932,25903,27112,110
36756,21830,22749,14612,147
25622,12152,15096,7966,158
5553,10780,36391,7860,107
2739,4608,33386,10622,121
4842,23408,27229,16589,92
168,25727,11422,22600,103
7552,6167,26334,33826,111
38773,23280,19066,38560,78
19846,33517,7123,13100,109
18915,319,28971,36081,73
36187,16227,25162,5572,80
20702,22258,448,16679,44
20462,29670,37894,32658,59
31100,24086,33493,9469,109
6823,27072,17561,26498,60
20497,1762,2564,21930,119
15825,15240,7568,34916,138
12862,9051,10733,1178,122
29432,27173,7084,22602,75
21082,1654,19789,7550,165
38668,9244,26259,37912,89
1977,28144,9853,32469,149
17314,11408,26018,15133,115
38298,2582,12293,6893,96
32485,23313,21452,6019,157
36401,36019,7784,36063,106
13032,5377,7685,28571,131
9348,11693,37510,36259,103
29655,35256,34101,4201,106
4527,15078,13922,9393,95
32692,7214,8766,26647,60
4987,17736,17345,34253,75
37723,36447,8315,7120,106
13840,17305,37146,28046,116
4260,8376,22525,23263,174
437,9139,15263,30905,92
7260,28228,27217,28554,98
14298,25642,23518,15480,173
25174,33407,17768,35727,117
20304,16676,17736,30949,57
4511,1742,3424,27952,124
15067,15750,19889,37786,151
5569,2510,17748,1687,137
34161,15171,31970,11418,94
6320,21792,34040,32340,89
6832,12321,31643,6833,84
12790,33997,3944,28747,118
13905,38373,20457,15505,61
31040,35426,22828,29396,124
31662,16809,34630,12385,98
35345,14308,10010,36011,167
6389,37940,10155,9518,170
30512,25262,16757,21351,86
28239,12290,23394,13764,147
33010,18113,15390,22751,148
22017,11458,29749,31214,57
10974,35605,14370,64,125
24860,33382,37929,23513,135
9927,17294,35659,28726,160
18769,955,12331,27889,130
13717,825,23701,1560,141
1148,37735,7916,25751,158
31247,13935,35553,4213,124
19980,23372,16501,7696,134
20724,18485,472,390,37
15443,18928,16008,28737,124
10991,8385,21773,27761,128
18908,12989,33949,15,70
72,22237,34938,14768,90
8695,27009,38552,6014,100
4176,32552,36083,36287,90
24079,30979,19138,15796,100
7027,25900,16143,32010,116
10981,19545,22735,7111,108
16105,17498,9240,22605,139
986,32738,20259,972,74
18392,68,36795,19055,76
10541,4718,24950,7033,48
34227,15889,18453,27903,115
19576,35529,27825,15775,164
9804,29252,21268,24049,134
28643,19803,8341,15185,132
26359,37907,17519,14274,125
31838,12134,34855,175,93
31026,26297,23573,8713,115
31675,33133,22980,12943,157
24346,27445,36291,24982,68
10613,13197,24509,23396,144
10592,12755,9981,21799,139
1868,29349,37171,35279,132
36293,11455,3006,22511,100
27473,33437,25998,2629,136
37915,5396,28760,13113,133
8621,12790,13035,22777,160
7219,25753,32759,26566,65
767,25776,12405,11681,116
17353,26569,33357,24352,102
10268,12757,36180,18520,134
33768,9124,12920,19269,91
34843,6236,27854,156,116
4068,15870,32267,32347,93
15979,10760,21797,31220,104
18095,38576,7216,24106,64
2372,32490,37620,21223,151
27140,19023,6081,20343,80
2390,32548,4997,13552,83
38687,33192,34521,34756,74
15344,3072,33756,31669,104
18509,38622,9091,31701,89
25045,31681,5277,101,62
36939,20429,37149,3015,84
18916,24869,30485,4991,55
12352,83,1125,4519,88
25169,27201,10124,30309,91
30437,30182,36968,10712,99
1605,3365,25847,30115,124
17566,12473,35743,9810,166
35690,6828,19272,14313,118
37623,21215,31645,21105,179
30833,7155,37072,3825,96
35513,16016,34641,30405,129
14711,1084,1723,5263,137
5606,17720,4214,24160,114
10846,12772,36206,21477,134
35771,37873,30958,30792,134
7886,14392,27289,23678,152
19116,31913,20305,19812,80
4538,172,1783,27040,79
964,12141,7876,37540,156
17585,37124,3341,19099,93
3145,3951,32691,36441,89
24921,17672,18808,6482,92
9076,32387,17689,17716,87
30827,3324,1647,22519,131
14748,3343,9453,12788,128
2425,36767,30808,2679,145
7046,10523,13971,25078,47
21259,34913,13571,26368,92
7545,9888,3853,7270,141
38327,22079,16730,24512,70
27785,24323,27018,4855,104
5371,12192,3439,4562,89
9350,19739,1610,19669,127
4517,24773,4684,25614,69
26538,12967,18455,37527,119
1187,37752,24960,10913,104
12155,22937,24231,15848,151
25076,29668,15323,16258,85
34814,18208,25566,322,84
36464,17452,20605,9070,76
6250,14279,15275,25587,168
22835,27827,18240,10955,142
19863,10252,7035,28840,116
31813,16715,27006,22105,85
9074,32666,30265,28957,87
2381,27219,23746,10567,139
31071,15263,23634,10527,135
292,10759,37806,30510,97
9354,24084,29384,31830,94
2603,4577,2615,24493,139
8691,25213,38307,30104,63
3522,33071,22976,37588,149
21340,34047,394,24321,94
30006,1779,22984,10115,166
24513,10815,31778,64,93
33351,1898,5506,14262,140
28158,19110,13866,4162,115
21411,5323,11724,6082,126
18510,37660,13610,22505,130
34842,2758,24387,14253,136
3877,22633,32459,11269,107
29652,1832,37112,36901,110
3464,25560,20447,5274,79
28634,23564,21270,3430,152
26006,24752,34666,32000,92
18239,10205,27855,17742,146
10266,18772,35760,2577,168
9901,36761,35614,12865,174
30276,12355,30105,3936,120
1506,38459,1941,8695,126
37095,8363,38741,7057,76
11632,14298,24474,19047,97
37023,5395,18230,2294,121
28191,12073,6248,20322,131
28656,17596,16608,5445,86
6797,19734,1554,29309,83
15039,27485,22757,32281,113
35611,28111,35571,9236,179
9501,24068,24231,19855,113
4912,34273,36831,34538,71
27759,19875,4815,4623,102
17301,12221,27076,32547,85
20010,29251,29004,9473,89
1093,20432,25767,31587,106
33069,34246,24195,28670,103
30491,20285,30858,12073,78
15209,10877,23474,18814,133
37877,25023,3792,30845,106
32550,35618,25785,23278,151
34040,9353,29261,24380,69
16603,32648,16729,32644,38
15081,24231,22982,9759,170
34503,17326,38735,31633,82
1578,20704,11568,32353,64
28073,29010,16236,31068,131
26617,33029,36147,9510,95
5592,12971,4256,20741,100
36754,17283,30136,34020,88
36472,15304,32490,27378,85
34863,24886,4006,16567,71
12971,16558,7111,22643,106
35592,10829,10688,36338,122
19114,16513,18768,24807,46
32446,23770,29720,19103,80
25013,8023,28580,22014,101
18976,26673,7909,30750,89
6500,36882,34674,30243,117
25639,833,34951,24102,116
28924,28057,33110,21877,136
25041,37924,986,23739,132
5431,9459,25786,37981,129
37532,20644,20257,35015,66
12491,36318,175,12208,99
5586,34085,18443,18383,74
4991,36287,8474,33857,77
27219,5017,18367,28174,98
17592,12382,33166,30018,119
15052,10121,16533,15941,140
27238,21352,30483,24523,116
7742,36905,340,7887,123
21354,3166,20408,10516,96
11691,2695,7956,18135,124
2446,15994,30393,17581,133
24761,21190,11698,36987,94
11563,11677,19931,19960,76
17398,16600,4751,36317,72
2479,9848,33415,19016,150
54,14717,23756,22994,149
34650,24946,30024,5283,61
27461,34843,10718,34985,73
26755,4847,32444,2678,82
1249,3760,4186,19957,140
476,3857,1170,3408,98
8251,8518,20270,3785,108
3754,28548,33480,32577,113
27114,784,15069,21788,113
16959,15962,14252,11479,100
11607,397,38566,29615,25
14553,6091,31749,28095,169
2483,34690,27854,29530,115
14562,16212,21265,27304,144
24999,5415,10087,19920,101
27942,6101,36451,12279,150
27966,19961,26287,22042,111
22640,18082,10510,24233,125
12334,7075,33341,18815,94
27340,34805,1591,27356,91
6217,24154,10743,22567,149
8769,859,7733,15467,149
11549,32491,7558,33775,70
29367,13252,9275,7774,113
14518,36507,16063,23478,152
33450,36797,25083,19809,97
34147,12805,9451,16806,86
28233,22863,11639,34886,122
24239,4080,15799,10895,130
38408,20498,19519,13771,48
14765,33955,37014,4863,96
33264,36194,20643,19739,86
30084,2351,27082,38417,90
37956,9015,16987,2521,131
20502,11011,18920,339,48
21309,32510,10271,12508,145
29502,36766,12391,27007,86
17260,22524,24093,18369,127
7047,18336,7780,36500,94
32474,9099,19036,27832,97
12993,30884,15140,22967,147
14432,26557,25889,31685,126
14616,25916,8755,33281,148
19796,38476,1505,37199,108
6357,34720,4681,15977,115
9877,9501,17013,14328,131
35008,30488,8310,26604,84
29413,4557,35536,16888,82
28544,16873,17581,37249,98
22242,4244,28936,37646,140
18302,9940,38620,37233,110
8735,8329,24397,9260,122
3951,19213,13626,16884,80
28791,1054,27997,1029,140
30305,36290,3776,19670,111
33452,21034,2533,22861,182
18457,34506,24483,8390,102
16200,16656,20278,31873,84
10179,2559,1019,21798,156
21122,18878,7266,20517,75
18053,31510,1068,27979,135
38295,9268,12924,13675,84
37929,17296,464,1587,121
14594,6139,28912,3511,139
5579,27103,7932,7204,84
37940,17735,30317,32255,101
16656,26626,108,187,35
30373,11700,11660,37953,87
30181,17611,13234,6010,134
34541,812,6836,14554,98
2697,25873,15794,17667,149
35657,11715,32341,21883,96
3026,24803,18781,12848,78
35397,32352,37731,14401,148
38023,17342,37883,23556,168
15025,36842,33828,13764,94
15858,243,5405,36108,83
24411,25822,9429,18428,117
37514,34774,20336,19074,80
4604,14024,33994,15347,77
16975,24128,15964,15018,118
29263,17452,14487,28507,102
28188,24869,2758,10688,121
38485,25098,33434,32570,51
37530,26427,19959,24847,88
12055,34984,8711,14457,128
18223,38446,33469,10618,87
33073,19200,10674,17270,101
787,24337,7613,2632,152
7932,30245,34797,22906,131
9264,7683,18296,29493,97
35670,7599,30225,219,124
12229,22222,3026,26393,93
23296,24067,3048,4636,115
3223,4739,10704,996,90
1833,23547,7786,35255,192
34989,9187,22695,15304,134
1080,36289,22156,8550,111
1231,985,2504,12137,148
10744,8735,7055,37840,109
30435,366,18900,12042,80
34882,10000,22626,10145,168
12174,27826,29449,12467,122
9234,38295,15257,12510,109
7943,23450,13046,21113,184
22526,14725,17726,21209,167
1503,24445,28608,23362,155
26504,15126,18069,11419,86
36086,37670,15774,20317,105
38497,25679,34258,14269,94
37593,8507,21107,37886,173
34907,10140,14611,19151,126
23024,9304,4026,17726,142
12238,27351,33069,37971,131
6219,12312,25931,36205,142
1131,29732,29459,10054,91
1800,36504,211,4834,85
32001,5695,18029,3978,116
36181,33047,33996,34871,82
17439,28742,13102,3214,115
6836,24998,22511,30174,81
33015,26406,37145,13588,91
4898,21369,34849,34529,98
31145,30032,30235,11610,72
21323,22209,27133,29370,94
21882,13259,28973,12957,133
37184,11258,18961,19175,73
12946,4571,33419,19230,104
24124,13768,19110,25220,61
11615,7750,7122,9318,87
33057,29612,25158,15906,79
20280,1742,23280,12026,134
24213,30056,11421,12284,97
23439,18770,23262,4591,134
3518,18449,12790,34765,99
19248,11534,34648,30019,65
19196,31572,7914,20648,95
19749,14459,26464,25576,120
25169,33238,12993,16628,88
18301,21023,24092,14256,144
3347,6919,13856,21042,90
8594,27416,21105,16090,135
23323,27820,13768,28657,141
33341,10784,4718,9373,100
27939,9131,33433,29401,112
17710,16956,5304,30937,74
6288,24948,37186,24153,110
9889,27331,9860,33280,152
18867,38677,5417,5338,59
15890,36866,5527,36457,108
31915,33194,12097,18823,121
7616,2739,11675,305,107
37021,34961,30119,36226,91
24773,20434,18109,15120,69
30220,15123,13791,25966,114
21023,26253,11676,23773,124
16752,25199,22682,34858,80
31725,21946,228,3787,105
4144,7953,12375,20735,121
27362,7692,31267,26276,88
9419,17708,23678,29723,109
24978,4808,36845,3818,88
36830,19769,13505,13100,111
19961,18201,16813,20318,64
33054,18062,38767,851,95
28207,19221,3293,28973,112
38718,12798,14408,19876,114
36055,10179,1869,28662,146
34186,9216,12203,11442,82
18110,21813,30247,34071,79
30316,22200,10252,35366,151
21989,7234,26019,26746,82
26632,18376,33185,27145,85
37147,5559,14022,19229,79
182,1603,21757,5617,94
26289,18452,9050,29383,66
29650,34223,18160,27444,51
26351,37827,30049,8393,112
17398,15901,28105,32409,117
11344,12462,30416,25236,71
14653,5006,11582,3490,86
29023,2509,2320,7824,169
29425,28220,3977,7524,133
8580,4257,28679,14004,116
35384,9951,24316,921,165
15911,38490,358,37154,79
26333,31877,2304,4866,108
437,19026,440,292,34
24266,29616,13052,6001,119
26552,25676,19106,9263,93
35460,22054,37678,3876,163
10582,28042,32518,29773,82
25914,12789,1765,33763,130
15180,35495,28742,7981,167
8567,33135,27358,34688,100
20617,28511,8380,36299,86
24839,18238,7823,1959,113
10651,21207,10068,27225,140
10169,16673,12497,11274,108
15937,19196,21047,4116,143
33211,13232,26301,22252,111
25689,19667,14587,22065,133
1934,61,16122,14530,129
36214,19687,22878,15200,139
3507,793,6266,31656,133
30857,36420,7932,31770,116
30056,37229,26446,30372,87
38539,27263,1071,4272,92
22977,1066,2455,1892,173
7065,26304,6076,30339,88
8627,29633,6140,16231,121
34824,19550,28688,24964,78
35774,15272,38361,25249,102
22511,18768,36139,12939,125
3515,28777,15223,21459,141
21260,36218,31748,16726,116
6144,15820,3970,38721,129
35694,33040,31956,29352,126
8017,37567,11482,17497,124
19769,19660,38303,1532,105
1873,25210,24842,37679,95
26356,17004,33104,7215,65
18009,17520,22501,10141,149
35738,21356,12249,26724,151
13849,13954,2493,25693,112
16691,12258,14459,17701,115
6059,35275,22642,17394,175
25632,33076,15218,9794,165
29006,17307,34598,17343,99
19701,12870,16891,8285,111
22216,38573,28888,12876,99
18938,18275,30044,12285,97
24141,9474,21340,33103,141
32517,6770,1694,366,65
31686,26720,33427,34829,98
27877,24434,38680,10232,131
22192,24481,25231,27094,72
24918,22539,33087,3845,127
9791,22040,17648,38018,147
18315,30016,23442,3064,117
21999,6040,18795,11623,98
37601,31830,33921,1065,120
18206,35408,12773,37227,146
10538,34200,12513,32582,77
11676,21015,2351,24125,137
17684,4824,4972,29711,58
5495,7885,8479,30185,117
20713,25862,31257,10779,82
17456,13832,12091,3960,115
3917,24366,13254,13659,121
34761,913,20342,37600,96
31831,27086,28057,19966,123
28913,1013,34743,36874,110
14307,36753,8358,29295,110
22867,23494,5291,16685,131
36127,33108,23377,6832,115
35019,22211,19663,33350,105
8323,10796,1741,31031,119
6096,18850,12304,16721,110
19523,35601,34131,38529,95
8630,12501,1670,10812,137
27770,37874,7906,11591,144
22100,3154,27832,17733,117
38718,9153,36010,31521,87
7858,10888,28263,18069,136
29019,37247,1989,34868,122
20418,25168,28162,15160,92
24502,11552,38547,37878,89
12969,7192,2659,6893,101
20257,29260,33937,35024,32
7143,4769,8706,16761,65
33068,17320,16010,18851,114
32773,37870,36916,12285,120
7814,15260,38616,9071,116
34885,34656,19652,28512,92
11713,10640,28028,4661,94
33788,21084,22867,10580,132
33214,6444,14479,516,130
14652,1228,9263,4733,115
3393,4724,27814,2742,128
20261,22122,14620,27762,115
35751,21136,24172,23323,184
7716,3246,7721,36500,127
30750,6219,1983,10877,133
34923,30335,33371,22168,99
15148,845,36394,7110,101
23751,37662,19572,30266,147
3886,17271,20544,6777,75
14363,34984,35674,2343,160
10503,36805,8285,25706,126
10546,15452,26324,30471,99
6943,5381,29266,13751,43
23578,15763,20442,10852,115
2405,33867,23408,15764,146
23745,38586,10713,35007,98
21332,23726,33271,9010,164
33012,30105,3784,4734,111
14020,11755,9808,27443,89
10244,28973,5366,1172,132
23343,19560,23603,19134,148
1089,1737,4754,26464,102
35000,34,24804,12849,65
16737,14717,25998,23457,143
21983,29368,12868,31854,102
38395,9077,15255,33308,108
7203,7584,34882,20698,69
38432,17302,24328,37242,91
7041,26365,224,31815,59
2695,938,31102,33755,107
35385,30206,36033,11293,106
22737,32518,37777,7078,109
17393,24441,22586,33376,139
36307,34726,30899,29452,60
27797,16640,1260,34837,106
25664,37853,12156,22773,168
17482,29674,4848,22261,69
26,36441,4911,33474,76
8521,23457,6966,7573,135
19207,4817,1542,29417,78
15969,30839,37830,28702,130
12461,7150,10645,7807,110
31896,35407,25167,28618,120
25520,25557,36961,1147,139
31560,31646,37891,14474,155
5738,34144,1118,13755,73
3895,18792,15854,10604,117
23424,15067,37175,37051,155
28555,25932,5023,16749,93
31187,26301,35534,12328,119
38552,4245,11407,38547,60
31701,2449,32254,31108,108
6829,12138,5704,29740,66
36323,1061,9165,22560,129
34701,12293,28543,17373,109
6250,14547,23592,6499,188
20697,3910,10091,17368,119
9910,17642,28546,37256,138
36224,28093,36820,38708,103
12517,29609,32711,14708,90
22043,986,6954,12293,100
25773,38451,33234,17609,104
36354,3450,4252,20706,83
36855,5326,20571,30317,74
17658,30523,9218,33033,110
32337,13748,32484,30452,51
29513,1061,24802,38493,44
21098,16675,33819,31209,88
22515,13140,17317,37980,159
18203,38318,29656,8275,65
20502,29577,3276,4073,66
21791,32561,13534,9067,73
19973,23553,25926,11318,128
31148,15452,21857,22096,109
21303,28830,12419,6881,123
12113,26262,34273,15222,98
28811,20354,19056,30888,66
13201,7004,30121,22242,93
12035,5514,29653,32538,67
26467,27132,23659,16755,90
15941,18074,3868,15150,141
21482,12384,10663,21379,160
9788,7024,8716,25091,94
9342,9401,23476,19020,122
13719,2658,34933,12278,114
11567,8680,25858,12143,117
25907,16836,12212,8324,118
26328,33931,31182,516,45
16889,35724,31542,18394,121
22229,33226,1021,18796,108
4736,19544,22678,20561,93
7786,10095,14273,24916,139
21211,34985,33220,35703,155
5732,35647,7702,9466,142
24152,876,12370,34705,114
34693,4598,38711,33761,45
4809,6179,24799,18322,87
3816,24266,31938,27966,149
33490,1828,8656,7034,119
22966,10010,35355,13997,166
19745,11353,15907,31144,93
1514,28695,839,20383,108
36239,18389,31266,30077,84
27405,24482,13532,7993,100
30879,9483,20498,11628,57
28650,27183,7537,18211,111
3332,36486,4595,29284,59
23743,34569,18485,25058,95
3291,20336,26724,23446,86
20292,27005,31226,2705,83
25145,23521,22756,27824,150
10697,18412,33185,19528,110
23303,5429,19971,5399,118
26473,28273,5724,31676,111
5315,31779,9280,8744,113
2258,24229,33039,38358,117
7771,19172,9169,16793,97
27192,8340,22712,33122,132
31907,19511,15462,4263,143
16237,19114,19698,24313,110
12038,4074,5382,27894,141
28817,25222,13236,34882,89
18142,25895,28751,6375,138
32371,38353,4054,4726,67
23343,6137,28216,13140,184
24309,31065,37011,14422,120
17505,11333,857,20387,70
35569,27204,22737,6754,124
11350,32692,2455,35622,119
26597,27355,24198,25081,59
6885,10970,23712,26637,95
1717,29278,33392,37605,128
16129,38606,19118,27359,73
19670,23251,1009,13077,151
27417,38294,7779,29399,67
32403,22807,5474,23668,128
26445,32700,33285,1905,99
28905,25977,30125,9469,117
37633,27079,36446,6335,128
7197,1913,9002,21392,128
4186,34942,21824,3866,122
14525,21825,35587,342,126
9806,5350,9153,19666,125
15353,36310,31228,9979,131
16984,33769,4678,16930,45
24372,17498,33148,37712,135
21206,27968,5348,37940,160
13221,9964,14705,29334,136
7620,27458,1762,7086,109
12422,33355,5680,12345,126
9896,1204,10533,1917,151
15125,14735,24255,33286,147
34715,19162,110,4970,53
19797,21270,4653,24989,95
31649,28889,14460,35426,159
16934,12800,25243,14463,95
11255,22973,17563,11737,95
24238,31695,30417,14379,127
13658,32462,33089,12137,92
1601,32728,15055,2619,141
9870,29565,4609,16799,80
8592,10906,35687,18390,133
12233,35570,24757,35694,145
16673,15467,35318,12840,144
30076,31878,30000,18078,101
16155,13530,21115,28868,130
38703,33767,6976,15406,62
23286,13113,12763,363,136
21164,28234,27328,13752,124
4962,27756,36464,15871,118
2635,24954,6419,11711,108
27212,10620,27944,25823,123
8296,12856,25910,16577,121
10676,29577,1245,2607,108
25500,7192,18490,36803,99
7873,31742,18128,29588,104
20687,12068,34954,30979,73
20631,16752,32269,13996,34
25122,16849,19238,6807,37
12363,33422,796,34177,112
29645,4024,20453,10837,70
19694,31729,23599,2725,162
24832,5659,30263,20313,46
22984,16760,22140,24340,114
7566,4716,13671,1984,114
9857,10624,24991,26374,90
18258,2475,19527,2640,147
24254,5520,23709,2504,148
21380,24192,6970,34045,95
29634,9299,32350,1010,71
3773,35355,33149,22944,177
32717,6354,7817,21516,148
15483,15301,8401,31555,149
32264,21239,11451,13226,107
9050,29526,12283,19165,83
30050,15450,10588,3139,107
15276,29652,22146,23573,122
38641,25906,37792,9067,115
6807,32575,4257,15752,92
4819,10001,33973,3101,94
7836,36859,5742,33068,128
37099,36237,34551,11769,79
18486,33829,25957,26252,82
22821,16830,5614,34240,88
21943,27522,1655,4509,98
3878,18929,1017,16136,125
15034,37713,6831,5604,112
13142,1245,19701,36985,130
1587,34901,13035,25264,103
2330,3,36023,26729,87
7210,18842,15359,1627,108
11288,36921,37252,36036,93
16273,18464,25840,751,130
21289,25517,18816,16503,115
10675,13748,25660,32636,83
28017,22585,19036,4873,125
37510,24081,7860,34532,134
31132,29422,3105,19271,58
28564,13196,30308,17561,117
15316,16147,38754,26414,95
18316,33339,7075,7059,72
31189,16635,18049,235,58
34508,38270,28702,4068,92
3420,27983,34751,20284,85
4266,12830,4004,10521,143
6173,34678,28672,32701,102
19673,16636,30032,36173,82
3773,20393,34829,36860,90
11729,14318,18776,28808,98
38652,29399,23439,6243,108
35515,32407,9765,10261,163
25126,35645,9934,377,113
15124,2582,21907,10797,138
28665,457,17743,24448,91
27077,14507,26537,4692,83
36273,30268,17670,187,75
33046,25159,18114,13021,100
36789,25569,29434,28116,119
28026,14730,30873,35516,159
25647,18979,2616,19678,130
5410,31162,19877,33849,74
28567,19660,17744,9444,111
6797,38735,18443,14492,77
15756,4713,22853,4022,140
34975,29589,19074,30086,59
38698,10617,11577,4608,53
7017,28722,25759,19633,103
18072,17012,35734,7716,130
37664,10528,26643,3227,101
20412,12750,21195,18455,114
12057,32705,24223,14518,115
1793,14289,15405,31856,161
21238,33266,29406,25644,127
14263,29599,4019,108,92
3040,10652,23411,26327,108
38377,35474,31774,27836,138
31723,38620,28221,23588,137
12517,22704,3960,18780,141
36081,36231,2261,16208,127
7694,34142,28707,19194,98
925,19739,32718,20318,70
28776,23565,16637,21826,118
37073,14537,23657,8564,158
12207,37207,10925,22973,140
16266,10853,9161,36423,109
11588,31802,31716,21424,128
28925,6000,14706,30988,137
22546,12221,37067,10588,140
27061,37069,11354,12090,92
34059,31503,27826,35326,142
29569,35757,28559,30096,109
25814,27424,7837,18801,112
13758,12323,12153,35385,138
30418,28825,34599,19590,97
19706,21784,27435,32513,76
13213,19951,25959,33106,140
26412,23455,9200,2337,139
8419,24072,37941,7195,114
33409,37699,22875,18836,145
2405,13173,32302,15212,136
37574,24524,32598,19836,110
912,17649,3503,18758,94
37211,4004,4136,30366,133
20524,2613,6299,14771,139
12785,24075,23491,921,152
8465,8544,28176,20462,114
4922,16783,12829,2514,112
36826,11001,14436,3488,117
13052,20329,11374,4835,65
23288,3276,1976,37673,161
3192,18034,29577,24413,76
25717,29767,26289,21307,104
33221,34530,5436,30089,93
928,6518,8425,27964,158
12346,21078,33270,13051,160
17734,4114,15471,2647,155
9158,22502,14615,5384,137
1731,37069,35746,15419,169
22270,9799,15407,19018,133
16521,10730,12878,27507,89
5557,18105,25729,21060,130
38267,20343,7641,18361,73
29514,19159,29411,18334,47
5681,10792,11764,24878,56
7534,5560,29711,34139,75
34836,19097,12982,16898,83
111,24956,6818,9460,43
28192,1983,31804,4269,164
27252,10847,27076,33437,89
8250,19666,8745,7831,137
37527,21844,467,4259,116
6912,159,16672,29281,28
25252,7237,10774,36153,55
24467,22899,30953,27927,142
30332,29703,28855,2342,104
10771,7265,11724,17731,67
23372,17386,21361,904,160
26722,11339,8755,32604,63
5492,30351,37502,36793,117
36502,9483,27822,12496,130
38418,34798,121,19216,44
11009,13196,26254,1084,107
29553,18346,21507,20559,79
14391,26597,23260,22551,155
23261,1060,27830,32747,138
4784,4926,15410,12905,108
3905,7579,3429,1209,135
17758,24772,35300,2512,130
4837,36995,16001,19007,98
13078,32530,18915,36847,94
7034,36038,34883,7107,52
12967,18196,35003,3770,119
12935,14372,8634,395,120
9244,15969,22767,36508,134
5340,28918,7663,10956,116
22153,29252,17764,12763,94
20432,33165,7656,30348,102
19182,11676,16210,26309,75
32739,27143,20411,11468,35
35306,14654,30304,34032,126
32452,15446,7920,28177,138
9514,19806,32469,16221,100
31571,37787,31656,17615,139
21436,14697,14616,17526,160
29286,32422,29648,21760,41
19822,20021,37111,12835,126
37617,34703,38398,19723,95
24955,15504,36233,9007,92
3902,23407,21263,7653,185
12191,24981,5570,24833,61
28668,19981,31966,4043,132
31249,15980,32465,12940,102
23632,20295,7226,3123,81
14763,4051,14427,30315,146
304,7672,24801,24216,81
18375,13055,30372,871,116
826,7177,4593,9809,104
21962,14668,13734,22665,129
37699,21234,13221,10059,185
14771,12774,12841,34592,137
26712,34964,14697,30215,93
37886,14323,3367,25762,145
9178,6773,27055,8321,82
15067,24921,8288,20386,79
21909,30241,1891,25258,94
3804,24472,15368,472,116
33451,25144,7853,21781,106
24804,36517,6157,28702,101
15329,5681,24810,3751,103
32603,30930,31163,16793,55
8695,33067,33092,12336,139
37751,23370,28708,23587,179
32425,19211,23471,1643,120
35642,18510,4641,4549,104
38507,4674,12408,15363,96
17741,9819,4598,37636,136
19980,13680,13505,31184,72
36350,38304,23668,2373,126
21183,19581,5727,20700,99
12382,34648,16910,20731,66
10106,31071,33857,11723,88
16130,7098,15396,38701,90
30517,3786,26474,12759,113
21037,9861,33005,13724,149
17472,12053,3292,4052,122
18141,37206,6970,493,67
22599,8717,12021,21,124
316,14513,25796,24991,89
30517,18378,29431,19913,77
8365,27432,26274,17582,86
32298,4935,37156,6800,60
23547,22663,27016,6276,163
33424,28955,24930,5492,87
17603,16758,13060,13798,89
25632,26428,25857,16943,99
4728,32630,16205,24233,88
32408,8713,6398,14627,130
27082,13064,30065,34967,93
7648,274,22505,945,130
16888,3860,19125,34876,84
1917,31874,19149,38683,99
9961,6248,23451,22729,199
34714,356,18458,31064,64
22853,22925,21167,25066,151
5353,28265,1691,27419,124
279,1822,7059,38658,62
7053,20708,12189,32275,53
15898,14673,23595,29658,135
2016,1177,11350,16858,97
32611,4134,34072,8267,90
11298,28939,1911,28015,130
2719,929,18222,24264,132
13112,29009,38389,16509,85
27274,25665,19163,6896,76
35435,32589,15798,32602,106
37141,35315,24762,5598,106
3463,13021,34988,33386,111
15778,5741,8534,36887,120
22231,36324,126,13609,65
21054,29304,21406,13679,117
5657,9390,25035,26473,61
26589,6932,294,28734,55
31594,24304,28997,31074,111
7008,933,35347,32346,100
128,12975,30337,13883,80
32308,2411,10020,38435,112
19706,27124,12318,35485,132
17616,14731,19145,35508,137
10076,34987,13824,14507,123
10000,13750,7080,35345,124
31974,33483,23368,27375,136
4161,4196,15970,31731,151
2310,13117,8573,18948,136
18923,5663,26679,14275,89
1975,15348,13849,27814,144
35431,21456,32421,25051,114
10727,25831,1035,18859,110
28262,31848,17771,8700,139
14463,11502,25834,36759,121
1641,33149,35654,15887,169
13709,31211,28060,15092,118
18034,37639,14448,7508,153
4832,3451,7122,2755,89
22142,4599,23422,1950,135
4892,36226,30944,6410,100
31245,25596,2319,21431,154
13564,35270,37572,16522,122
7970,18975,21522,36518,130
24941,26749,33447,9255,77
21279,28760,37132,508,117
14589,13731,23006,845,136
13122,5620,19210,38504,79
29696,13616,35535,5773,89
20767,22517,8336,8277,117
7875,36465,31756,30983,116
7948,20618,20742,15523,88
5648,16216,26520,9494,95
36517,16271,30444,19937,108
14322,20391,12414,32638,88
5305,17615,11018,13935,82
18275,13637,33503,21153,121
18090,22870,6272,7728,162
36431,23436,31823,31102,125
31093,38466,24139,12910,91
9419,25937,6810,6982,79
10653,6990,36465,10746,76
38541,30362,6768,15497,75
3994,35284,12349,30954,147
7885,10229,469,38673,105
33327,35570,2433,33212,171
32019,8348,24079,4042,136
14307,340,11530,33490,93
31025,36377,31538,15200,114
18179,34650,35510,23418,145
22132,30015,10172,8408,131
20329,12035,18110,29766,65
18919,28721,28130,7216,99
3988,27018,7990,1529,142
11441,24259,23630,24207,120
22742,29653,29460,2491,105
8599,36303,1253,16749,97
7618,25678,10956,16001,142
24940,7226,35530,33952,72
27972,9781,36234,38544,123
36838,15444,24271,36970,132
4155,26580,21777,29270,81
3922,2761,4898,36994,133
19710,12778,27987,17485,139
13646,4833,8427,15247,101
20456,33300,30208,12993,98
25015,109,33052,2646,92
21019,28958,9967,6977,138
5494,31743,24285,27497,97
22985,6419,2712,13010,183
22506,29592,11433,9832,114
36316,9169,4842,22887,111
17708,21434,16732,20610,89
7005,35584,36109,29343,85
11735,31779,4265,32014,118
19677,30799,38460,35759,104
6479,11750,12055,35529,146
12277,1826,31529,8347,147
31501,24993,17738,37135,94
19114,15002,930,29439,93
9055,31178,12333,1704,125
168,18056,4009,10623,93
12228,1941,12329,17660,142
19725,6115,21908,27276,115
13977,20584,13141,23563,106
33399,9019,6518,27454,124
25135,22662,31769,38305,91
11683,27189,36215,18212,69
34689,27409,28693,9419,89
22742,9976,5430,13201,158
33398,28542,1744,7185,116
3352,17008,24026,15817,97
34611,29250,34802,19234,54
7019,8650,10827,28101,110
14291,24124,9308,7522,141
33884,33361,34689,7145,68
35319,4876,23268,36863,150
19649,14459,10721,18050,117
24056,11482,8385,25923,110
6078,126,15298,16572,105
24276,35024,59,18970,68
11410,38742,1084,28783,77
14508,1043,2714,7734,165
36314,9381,30978,19779,94
30450,20723,22008,2547,97
12398,10683,11661,36279,91
13256,28184,21819,38530,115
5340,29373,19510,28634,81
37521,6777,165,3160,78
34164,24005,2439,24164,115
30192,1081,33447,5725,108
2621,18344,969,20728,105
19512,27008,8311,19809,104
16569,1642,3473,33931,84
30907,20360,16659,9784,82
5661,27879,23433,15475,158
10694,24361,7246,25784,98
31582,25923,30232,338,100
12805,26288,25226,6808,61
36120,10990,7817,3857,128
10185,11547,25938,4050,139
35570,25085,18980,33445,107
12425,5312,2575,14540,145
28258,21492,11296,9081,133
36257,31752,9102,21108,132
11537,17710,15982,27456,88
29641,7044,7096,33111,53
4958,18206,29324,27015,56
35635,10061,18490,27833,173
38672,31159,31238,34103,50
24445,9466,21308,22068,131
19792,5337,4714,21886,86
21941,17007,33907,35585,98
1736,33016,35566,25913,170
16812,340,31544,38262,56
8736,27893,24304,34035,117
1932,11737,34000,29362,67
10251,37755,10143,4907,161
17699,11702,7508,36753,110
1230,13050,10557,37848,140
7828,968,17421,13225,140
20705,19878,20703,2676,80
16112,9069,9956,34072,124
34647,12518,37557,21286,148
17345,31522,18393,29327,87
30069,12806,14738,34035,112
13178,25544,29717,34529,98
1634,25681,28664,16981,123
6111,31612,6988,37240,119
13944,37770,10049,35385,162
12305,136,31156,34093,69
19047,25515,15911,19172,107
25929,34260,23275,20018,127
784,13997,30254,31920,101
1063,16691,31919,31777,111
15775,31828,16637,21096,132
18988,29592,5497,261,45
11326,27058,5440,15252,85
26587,25246,1733,21843,84
26484,28664,7563,10033,136
37202,140,36204,4734,72
37132,99,29756,25082,44
15331,13240,20730,16796,93
30098,28177,1729,31917,146
17693,21524,10057,8296,160
8382,9249,19874,8010,131
6927,28252,13613,31809,100
16606,36094,13263,21285,121
872,16152,5633,35018,105
34175,14366,5278,27256,85
37884,30103,12818,6273,153
22506,26730,22106,21237,136
27061,30957,5626,37229,83
7607,11714,19103,14493,111
13081,9857,2602,32438,146
11559,13549,29459,30828,45
15156,30286,28046,19736,137
34076,13105,4785,12333,98
9068,15098,14648,21385,160
25957,9943,30073,1597,155
14420,34524,21086,30077,131
22681,32341,30929,20576,77
21033,9176,23395,24932,132
784,33970,11527,3861,91
24447,34701,20476,7716,91
2548,37164,34212,38411,93
24524,13528,1612,13048,125
24166,25973,24022,4209,136
10659,8551,8651,24919,93
6298,33098,38466,25776,125
15277,6988,3461,1631,112
22270,34551,31130,25066,63
18928,6903,28810,5719,72
36305,27931,38331,17526,98
257,12302,1671,26699,98
4007,38492,3018,11414,75
35357,2626,30048,12388,159
17748,18455,5683,9274,95
7690,2649,37246,33965,131
34706,27210,21442,34931,99
31796,20515,12456,36900,103
35357,33840,19887,32019,124
15826,24160,15814,36217,124
16919,5650,27910,12993,115
9309,36504,34972,30165,87
36029,11565,13906,15039,85
21381,37501,19251,21339,161
19628,8263,10898,34158,94
34103,268,26305,15469,68
34185,20451,7558,32610,62
6263,2737,19024,137,117
18255,25197,36115,18524,70
21468,7689,31750,2322,175
1641,12372,3772,36338,141
30155,23266,22026,15406,140
30799,19609,9798,11292,107
25708,34067,38366,35682,105
9122,36501,32356,15825,93
16006,16212,349,21933,105
30786,20376,1238,33338,87
14332,24838,27314,18326,83
22701,138,1522,21783,124
12413,26314,12095,5586,103
24357,7671,33185,30979,125
16240,8295,16163,12810,146
2504,33366,36820,34902,131
16754,36906,37602,18313,110
27820,38766,22618,16501,111
17585,28048,6517,19748,147
18261,22537,7697,12757,154
31942,13908,33516,2000,126
24782,10611,25757,15491,106
37265,3893,22588,33859,129
21251,29332,25850,34750,109
22101,29265,36074,38478,55
20341,4582,19871,18859,60
27992,32020,6154,13893,140
22696,3334,12961,20401,110
27850,34736,76,231,75
14640,37069,5405,3434,112
16006,23728,22837,7673,181
17019,11688,3359,12086,77
1642,8740,6509,26546,136
7633,18824,37879,6970,111
25661,5384,19539,37120,116
10922,37562,33866,23647,130
31954,29765,33453,2435,121
33913,2687,20454,27371,74
24297,3095,37093,7055,87
26545,22548,13076,7919,143
18342,6096,33046,12103,141
37021,2354,10731,24093,132
21162,33278,5752,4637,118
34676,13845,36041,37174,82
11345,35467,2592,4034,151
6900,6476,3967,27797,140
24054,25687,28501,1613,141
7786,19671,31787,12501,141
9225,11746,13241,18008,99
4590,21030,8427,19146,113
176,38276,12785,19870,78
18157,10999,24869,27437,65
15755,20576,9305,4087,106
29461,23250,22748,23729,157
25606,1998,21162,13908,145
30978,29463,30987,8384,73
252,10932,25184,9093,60
23656,37118,11509,38252,98
14564,27087,31251,32690,83
30127,10054,20511,11390,85
19987,22600,25774,25160,118
20614,9036,26000,16527,78
31621,465,34605,27206,72
33513,21838,10087,30127,133
31147,27357,21267,12453,119
4033,22853,26308,19555,129
38004,26670,34894,14504,116
1217,10878,345,24435,91
21840,285,220,37852,82
31598,1910,19138,31908,128
18267,21448,34744,36146,111
28996,30991,4511,13182,101
27008,33355,1065,1549,126
16187,37011,28697,28765,128
38487,29304,8319,6954,49
33137,36909,23661,36074,139
33785,7078,12105,3211,72
31249,13920,13922,9000,71
35749,25545,20610,21343,143
23712,5745,1839,26767,127
2773,16012,3250,14259,147
1777,5732,30971,37668,126
25680,2389,30344,1500,152
36911,6960,24770,34020,50
3893,1102,22634,29445,125
19595,25657,25894,15070,145
21753,26579,30763,28587,85
19710,31772,5369,14338,123
10786,31223,37974,6359,134
27989,20632,38338,38394,58
12280,21067,28902,16726,127
35370,36085,21767,7194,106
32398,14480,20596,5728,71
17446,5744,19579,34697,90
9158,32716,3080,20400,57
29284,12243,3857,15428,121
9286,16121,22939,14706,155
26480,32772,6920,12917,66
36784,21514,2714,30398,151
18237,2022,18451,15946,127
18131,31043,5415,13656,73
37782,8596,7515,34231,130
9792,11356,18249,37759,129
14362,15109,2613,7774,174
17745,31232,36493,14269,107
15301,33087,29678,33337,115
15117,15193,31188,8468,133
19891,9157,12335,15073,132
30827,38000,3268,19943,111
14578,16912,23385,8331,138
30414,22751,9358,7242,105
6754,25590,24189,20421,76
21479,5504,17323,25774,133
9067,18369,12182,27338,101
34630,24346,36481,24855,70
30065,37028,17715,29394,83
9750,24019,9224,19518,135
11394,2746,36908,25138,92
19157,37523,17574,22877,136
36942,30379,8432,9002,113
15500,34686,33785,21092,117
13905,33258,15487,24268,118
33229,13007,11356,4765,98
29329,14712,10161,4244,137
31835,12989,23625,18131,148
5756,34776,23599,14658,130
33473,18942,22773,30291,122
15288,17603,32286,20398,77
21509,755,13869,17317,121
16120,29343,19628,35712,122
21387,9333,3164,314,103
18901,22051,761,18117,96
9802,25228,29443,17557,84
38691,4095,10966,17611,95
38303,1780,6169,9004,123
16000,24512,13658,37099,110
29679,3259,19525,34111,61
26402,12872,8718,25033,87
1156,10752,27984,7256,109
29434,4970,34190,30062,49
10137,11590,6806,37687,113
35400,29613,31753,19088,107
9867,24280,26714,12066,128
18912,16616,14456,33261,104
27989,30337,22016,28512,123
26515,32303,16142,2289,105
18141,8718,37129,31966,121
24090,24259,5339,5698,96
24077,3498,24751,3837,92
22058,29453,21276,22019,104
6002,4872,7071,10731,92
21211,25548,2537,29562,140
33803,16906,36775,33178,86
22225,32572,16263,21382,120
28111,30259,13724,4579,95
370,13104,9979,34727,113
472,28693,13658,19847,77
16509,36109,30470,20258,56
921,37199,16013,25225,103
3087,24507,15156,34045,99
3234,18181,21811,24359,97
37079,4910,30860,31528,97
13956,29598,9508,35476,97
31534,14653,8005,11441,129
31016,10046,22797,17280,144
11289,10035,21125,13695,124
28712,11770,10172,5752,110
16773,12218,7115,4530,68
18256,986,1049,35717,140
18335,36109,7568,25856,125
395,34196,4568,27847,75
20324,21519,20416,8407,87
3428,10222,16528,14254,124
5748,8267,17501,33806,87
1640,11430,34916,37665,116
32284,5740,15517,24230,97
876,21762,15287,9433,125
3330,412,50,18440,55
7972,28980,28198,18763,135
24354,8380,5594,38609,86
31255,7067,29739,17378,55
31708,38365,18870,5471,74
29325,13963,36184,22618,87
38756,15171,9061,8390,106
6408,34705,13985,24337,106
10786,11360,13053,17481,99
2702,23522,380,28112,152
24110,3891,20683,20009,99
16541,14433,14558,7526,138
22087,26500,21246,2387,135
25242,19957,19991,3507,79
4741,12390,30236,12141,108
12799,17416,19023,12198,117
5336,33487,10559,7024,85
13695,35643,36490,9298,114
16003,35256,23350,37011,173
24980,25734,21808,14253,108
29345,1081,23671,37635,133
16026,25659,27918,26657,133
18330,10725,29441,21436,101
29321,30420,3465,23506,98
21818,23004,30152,33523,131
37574,14612,34563,25243,107
15046,33070,900,35550,161
37012,10961,27797,33292,136
27903,24831,34187,32545,66
32375,14519,16113,21838,112
19591,31980,4182,10895,126
16710,17260,14629,5447,98
31075,25174,37046,11460,62
17275,14745,15125,6769,116
29555,22650,5767,30927,90
1930,4080,37609,1580,173
37120,15349,32603,24010,109
23484,17317,25642,37118,147
25614,22024,35656,30214,138
37909,27310,1247,28981,122
36083,31979,11321,4115,105
8300,38287,24234,17018,78
16931,31179,31094,2380,95
7258,17371,21872,14708,100
33299,20649,10957,33996,70
1550,6962,35656,7221,111
27213,6040,25595,16786,111
20625,36817,1564,11354,87
34859,32369,20494,17617,53
10127,12222,20346,32265,97
23600,26445,28196,31097,128
34782,35292,34198,37591,124
6798,12101,28186,36845,120
9112,17770,23703,15951,142
28040,30860,30257,4208,126
12288,19906,26443,24408,105
33033,23738,34074,10210,147
30413,32294,21295,7868,123
9390,25866,28800,35305,148
34771,1521,10074,33923,121
1884,1587,23536,13998,153
26430,34267,29709,846,57
18829,7966,35419,7872,155
16796,10733,9115,17023,73
27459,37255,38603,15512,92
26700,31541,9766,31142,115
30909,164,10622,25062,51
9081,4998,35537,7184,101
12204,20673,7593,14301,123
10528,29587,36218,7246,56
37754,7864,33208,31631,157
31228,37671,19250,36420,100
37946,16251,26738,3150,114
5405,7166,27092,13746,54
9764,447,23741,22754,158
33420,26753,30817,13252,104
15916,21320,10566,33812,120
28216,38263,33264,24140,115
4627,32648,272,25081,31
13828,17339,1681,3966,123
947,34005,37527,36408,107
11641,15901,10041,28866,128
11273,35367,23508,15365,156
28557,23474,13206,3244,141
13003,16639,13265,16084,126
28749,2710,7568,33953,130
12951,12085,21492,27277,140
37003,22824,19818,24168,137
19581,33293,21353,17652,139
9487,9917,30151,21086,150
9201,3290,30136,13632,82
10956,7580,14519,20413,111
7954,1895,30784,34721,122
20741,35711,28123,15889,138
32766,12212,7778,12119,123
6121,6932,15151,2519,143
17306,11768,26568,35291,101
31879,25780,5496,29686,95
8442,25610,8421,20405,106
25136,18961,18181,1508,86
15941,4627,33896,19041,76
13894,32649,20686,8604,56
37945,15970,37752,1915,171
21224,38292,28689,16260,122
33406,1730,36854,12491,146
24773,15212,985,34986,93
36507,18856,9261,6877,71
4596,15332,18891,27060,86
19803,37522,28816,4099,143
38640,24118,21224,6943,91
38000,294,29732,34158,64
37652,17601,18004,7229,101
2311,32301,37271,20446,89
12019,1739,27879,1845,170
37839,6928,32266,1723,104
29338,22969,19117,9286,96
9209,34653,19150,14756,102
34135,9785,31789,26547,106
37596,13008,18224,4532,121
17529,33448,967,16054,130
9775,29309,17019,38263,71
5344,37568,18132,28908,117
38004,33421,10760,36069,125
33495,37671,7192,17003,98
30167,32270,31648,10534,88
237,14375,31642,24873,85
25259,19006,30891,19679,65
25516,24358,16857,365,84
11563,2564,25250,33045,96
22747,22245,37554,12244,155
32535,36970,28052,820,117
31613,36461,37246,2328,134
27216,29622,37588,14692,106
19810,10653,33914,38532,66
18822,5655,7939,23626,130
31148,9935,2398,9150,144
12473,27382,15170,12510,128
1592,37175,7116,18004,105
21462,7159,20506,37043,90
13714,31925,12147,37742,128
1548,36839,37656,9341,147
35336,21341,31954,4916,151
24160,33027,13234,27333,118
33805,37801,22246,909,111
17453,9751,32694,1578,129
2706,13750,3827,5356,120
6171,11511,34802,32371,82
22662,19727,12219,7819,156
33339,30874,1617,11732,107
14507,35303,38484,10628,124
6176,4825,25968,14355,141
26366,19546,2687,9046,115
37683,12362,24890,31518,118
20552,13785,26325,3460,47
27820,16576,30914,22795,124
13128,13268,6449,22677,174
24445,30995,19728,28210,121
5487,19611,4857,35661,114
26304,22735,26695,19793,101
18903,1021,33035,23619,135
37012,9046,7170,16830,76
37969,8294,758,15300,151
19010,25869,2665,10752,126
29743,15053,26670,4717,71
10135,27190,11586,893,108
33488,31915,32437,31060,95
10707,34536,22950,15209,131
28206,21262,21109,31990,180
36389,13670,3109,15850,91
38698,31205,31228,9087,68
23435,14404,19878,37663,167
23757,11659,25876,24817,103
27035,5293,1245,30496,88
19570,27778,8748,13098,146
122,22647,37132,15508,127
12215,21367,24300,10704,139
29464,19977,1643,34120,85
32427,2285,35668,30342,131
6893,35570,5347,4103,119
3401,30971,14274,13210,119
17481,6288,5542,3875,132
11604,1834,29625,37562,103
3444,38274,27910,14713,113
15171,9847,28506,14722,164
5443,26475,37545,19271,92
37180,18092,12246,14021,103
9766,9945,24811,30878,123
28913,7961,9868,33956,133
36774,11552,19501,11479,79
8375,16596,7177,1655,95
37688,10126,28149,10764,166
16746,25905,22262,33763,83
12388,15997,19549,783,133
11722,21449,4879,27212,89
17308,23472,7650,4911,135
37919,11558,13555,30827,86
8366,28250,30425,20379,103
12280,21272,1868,34624,147
885,13613,3390,1755,109
37631,5023,7113,6202,113
8682,33356,4153,33894,117
30964,5618,28501,29584,71
28241,16956,9058,8727,117
391,32351,32369,37728,67
35002,19523,24307,10961,98
25078,4679,7645,28516,90
8428,19992,1686,10846,129
7668,33435,29436,34766,99
19255,22217,1845,38640,90
29621,8432,7816,7844,123
37549,104,11314,33878,70
4543,30868,30169,21989,79
35534,7944,27214,23545,163
9370,31785,30290,25793,121
11764,8759,330,24101,78
32603,33850,20463,22169,44
14722,30381,14016,20329,79
28556,33189,17536,16894,102
28638,35303,2467,35411,184
5479,30167,37657,27460,101
29277,4061,6124,16924,102
20491,19839,2318,14343,120
37974,20709,27201,27994,108
10590,34653,33933,4882,64
15966,21121,943,16249,156
28916,7123,19660,4059,105
252,33945,12760,9811,105
3160,30774,1993,6819,89
9144,16206,36121,36964,116
13060,8706,6942,34129,88
16607,38488,35576,3061,89
6811,10937,1988,18915,91
32759,6886,475,34802,38
27885,15196,30047,38640,114
34939,25024,25184,27362,38
36820,14398,22559,18393,145
24382,19184,20296,4530,61
25931,35393,34646,9516,135
33237,24809,24753,1071,73
21225,5485,22144,24275,123
17442,38745,30514,1229,85
5454,79,17652,234,57
9285,23288,12173,8736,148
6031,4219,9341,29278,118
34569,7187,4102,15892,101
33943,5473,18243,34685,68
24843,37981,36406,31105,87
12896,32692,15791,6372,131
3369,7200,24886,21327,80
29676,14695,24872,3339,69
7053,16877,7162,13090,64
20024,15169,5735,13562,101
25752,34023,34559,26538,76
2609,23318,8426,27466,148
15289,31035,37166,31761,124
37974,30888,38494,15479,109
499,6065,34101,7171,69
26537,10142,25749,14660,143
9761,11427,36468,75,88
3274,22100,38625,13207,89
35256,3010,18369,21751,121
31256,24872,35452,31571,108
30288,22689,33248,38395,111
35523,20576,11560,22047,90
32505,31146,4973,25994,78
5417,8670,9312,16258,116
34077,23501,29582,21787,90
28030,5428,22547,20305,116
24876,38730,7055,1993,59
22855,22694,1523,1912,186
16182,34224,37520,20619,93
9757,12234,32306,22780,144
14553,28557,18484,3001,115
16177,27519,36962,19658,111
15280,2570,33172,2635,172
36520,4774,33393,32575,78
7550,35594,4984,784,142
26583,18803,34834,25069,48
1566,32762,979,37091,115
16941,36050,27950,37113,109
8453,18120,22243,38294,86
12916,4919,11363,9905,114
6186,23424,2407,22963,196
21286,4259,11545,7599,143
15880,30185,15342,6275,147
12492,31727,36796,33891,110
28526,15939,31942,38487,106
37226,34601,2537,12167,132
2573,3184,19710,9840,147
29554,7554,18009,34986,87
3349,3392,23253,24219,121
31813,17476,27779,21984,131
10990,14709,29256,9464,97
18371,38536,19766,26338,68
30337,29525,133,18996,48
10696,32620,25883,26664,82
31513,34164,30186,30829,83
12375,24400,25105,925,100
37830,23267,4505,32351,119
19614,38456,12390,26495,81
3460,4905,23360,31038,104
20432,29424,35430,13270,98
24840,10157,32289,1103,94
34845,35763,9779,31814,155
9226,8586,23734,36750,143
17531,29285,8668,30154,85
37855,8289,364,34130,93
24898,24940,38756,27829,57
26389,21027,15888,4214,139
30221,36790,6927,10767,84
32626,7913,25946,4724,103
35747,12177,19703,28122,163
27472,38371,9053,10268,98
15908,22073,29344,35271,119
35441,11401,20447,32555,73
11339,38370,3415,18409,58
13662,7920,7231,19987,91
15157,25765,32712,15316,128
25801,32477,9342,17771,99
15803,11010,35377,5579,133
2588,19118,24873,27856,113
12189,22550,27025,3393,120
26750,15497,18460,28783,106
6326,25169,33864,33475,94
8640,36151,5506,4751,87
23676,11019,25614,12800,153
5361,30973,22557,36232,107
36411,17280,33970,25589,94
33304,20342,26368,31516,83
7550,15010,14335,10701,150
9789,18923,12318,19517,131
38479,16601,12192,38665,57
18505,30874,12755,10093,131
21149,10007,17021,13930,125
26740,26564,34217,10651,57
5271,32699,32320,10074,86
24892,30315,19768,13532,66
34224,37242,20716,1759,86
4617,5292,35400,22094,111
27371,32659,26377,2356,83
16161,4157,19597,11394,115
13594,35490,11504,24990,79
20629,13596,36066,36032,57
55,12046,20301,10013,95
7593,30044,3443,11001,109
38315,24269,18783,31037,68
72,105,20577,21088,64
31108,29463,31535,22986,105
23290,36502,11484,32490,91
34128,10258,963,38401,97
7550,216,38590,23278,106
13559,27052,22185,25212,56
34058,35273,12260,33076,133
4842,2478,25869,4768,114
2717,1267,36948,37051,142
20378,6503,29343,18388,76
30294,27178,15112,17022,89
17544,21839,9119,19832,106
34641,36844,33291,36079,104
37635,25705,15302,22833,173
24936,2446,6791,31023,76
36144,16820,16613,12283,79
37975,5689,13649,254,83
7789,9026,37170,28501,131
1984,11564,20525,21982,81
20679,13101,6124,22746,137
35539,23260,5442,37985,169
30337,24265,31542,16122,122
19604,12970,35772,30494,142
4103,34744,27996,6388,150
9879,31796,8587,19717,146
23592,30493,1736,7006,125
7914,37570,13610,25144,104
9075,3282,12775,2501,134
34806,38377,32752,10556,54
10981,27761,23651,24113,151
13845,11009,18307,4740,74
6217,8579,1195,6506,159
16540,34035,25770,12159,94
34821,29536,38625,25788,64
29620,28140,24046,1983,123
21464,38422,25873,6908,100
24187,3398,8579,30948,100
791,25585,7035,24511,106
15830,8478,10165,28176,167
24230,18294,10198,1890,147
10796,17007,32759,25835,81
18796,22524,22622,28657,144
33508,20412,12289,21167,123
14464,9777,29557,11321,107
30243,7175,38645,18502,57
9309,32729,21292,27997,131
8263,12047,9237,20524,98
20523,38447,29663,18218,34
101,11500,2280,37846,109
22773,26364,37020,26348,104
35275,36415,8300,7806,150
5595,26670,32762,25139,42
23459,31550,18837,26680,114
28672,33978,37552,32698,92
12814,33088,27351,18244,112
15764,11699,22035,26583,84
16880,36227,3150,9932,103
28033,38473,33397,38679,91
21505,27930,24242,30466,147
18066,1971,24848,35766,123
27996,31091,3898,28811,134
13641,2261,18490,35444,137
32540,21349,18412,20583,83
17417,5685,6146,7019,99
13875,27474,9043,21262,105
18145,30197,27284,35444,113
12285,24118,23446,25631,155
4563,3463,7745,12757,116
31640,16886,7625,4953,102
37513,20608,15316,22213,113
23714,27786,8506,24019,160
4935,8478,14492,23675,141
6910,1852,14527,22612,142
4947,31002,21444,31914,116
35345,34097,6340,13167,148
12781,185,6346,26313,104
12786,18321,7229,20281,71
36271,987,11445,3936,103
27812,3151,225,2404,120
23263,30835,16987,21131,131
24873,12406,33254,16042,111
3840,36764,19557,36014,120
17425,6046,5287,13795,105
17588,33936,18370,22906,107
26744,1650,24779,35739,112
9061,31620,36009,27313,97
29290,36488,9516,24849,55
11416,23637,14014,36197,96
8732,7789,36212,38656,102
24467,30002,18962,4939,81
2587,21081,32523,10185,157
34218,36262,27230,33305,80
6205,13509,7558,36274,124
6040,9392,2473,2310,170
2474,24254,10144,4880,142
22736,13213,21072,3897,178
27485,20637,29750,12026,57
841,11404,25585,37968,125
1610,12944,19856,3421,131
21890,8398,16199,30852,113
32747,16054,28773,13582,88
15751,10170,3110,13731,121
7163,7008,2004,28883,88
22510,10568,24110,33790,111
37900,32403,10846,30000,99
30443,30058,10911,6233,115
38666,13812,29268,21084,72
2467,25769,35766,33227,174
35254,20682,15390,31576,130
6818,6512,12855,36999,124
30500,6350,19692,38484,102
10937,12768,7762,1751,150
37224,36492,15151,27423,108
28179,28173,5304,6091,158
31107,1025,25534,36761,119
10618,16597,12267,32419,79
1704,10757,27866,24305,143
17015,25206,38551,14703,61
23564,15936,10004,6253,187
4123,38755,30804,20324,65
22004,18132,21364,12130,134
7767,38495,2295,7245,103
22034,28038,8366,11571,114
22021,36480,27167,10883,85
9332,7034,36057,31700,89
9122,14434,26314,18365,104
882,7195,38542,24169,73
12124,2557,14495,33291,161
15436,7255,7165,23255,107
30486,22955,31603,34506,122
7690,36013,8519,31522,131
21450,19877,24240,29596,111
37261,37172,4229,5703,121
25882,24838,20400,13919,56
3464,16644,35702,13849,97
17702,7112,12050,3419,89
1623,17370,27487,3511,105
12488,15346,12911,17559,142
22010,18029,18479,21472,121
29748,37076,34732,30919,70
32365,1980,8670,34895,102
32661,6253,19247,2676,119
759,37574,7503,5671,139
29417,477,28639,11491,50
36423,33142,406,1858,106
34853,15363,3863,26357,110
28648,13109,14731,14607,153
31720,3376,6058,7160,108
17406,38568,1152,21201,113
15133,38015,21115,6503,183
1716,6499,24929,38337,99
14365,28913,246,36461,99
14275,33378,36909,21757,133
33018,7586,7936,9478,148
24053,1990,7648,2421,164
33296,17260,36940,3085,112
17578,2435,25552,35327,165
15879,25552,9243,28748,132
32626,2749,14612,16713,109
36398,8499,34800,26438,83
34669,11500,36424,29571,52
2725,24097,30765,23630,147
28832,30768,30344,36974,101
18937,33864,36443,31617,80
24921,24865,13100,32732,53
22011,20397,13180,25762,104
37848,36387,36829,28152,143
27888,11415,24346,23424,137
937,13705,28566,4140,115
5395,14737,14538,8365,136
25691,10618,10895,757,118
16643,37653,25055,24298,88
35598,12516,20351,6117,138
8515,6120,31022,16640,109
21106,36387,9050,27898,144
8373,9877,3078,33494,139
32654,19601,31710,30245,92
17579,31736,31029,30518,100
27143,412,22711,3029,90
34939,4749,9435,21408,108
15478,12119,35602,16231,167
1958,25211,18323,22617,119
19689,10775,3878,33204,127
11294,800,35394,12984,134
10041,6453,3318,24463,147
16189,24383,6159,13659,126
26706,23314,22622,23768,165
22919,18203,10271,34740,140
14542,37631,12477,24176,152
8499,26266,12413,19751,109
27284,16562,5011,18308,63
27935,13265,16854,26539,108
20559,37926,2720,16238,132
20405,32506,23688,18870,78
24412,9412,27015,27380,86
68,20768,24175,1708,81
7148,21504,12088,28263,139
31792,34235,16950,21408,104
15180,32764,28542,28178,125
25934,34879,34172,34892,81
13223,4913,436,32346,67
1066,19564,15995,35715,150
10654,1147,38417,2013,105
35599,17509,6261,21250,176
4706,12061,68,23023,105
19206,31908,993,33122,117
28955,33254,33071,8413,133
32719,20498,1834,21039,104
6185,1789,21762,803,148
9298,13521,20513,30020,64
829,37213,29613,117,73
13644,31880,5763,28882,96
22945,31272,17522,6831,100
23547,2728,34220,31148,127
31145,26490,33257,35572,118
24472,32352,9954,8295,121
28577,37010,7636,1851,148
18074,27306,11490,29744,52
3407,9915,10139,31789,156
19161,32555,35259,33257,112
24811,3853,4204,8422,116
21412,38613,20264,27116,72
35515,34096,25639,8404,133
37824,12006,6165,22734,177
1048,10068,36482,111,110
21821,16505,34048,20557,47
3336,12261,24122,31643,119
7259,5707,10688,30788,68
24817,22953,22913,34162,110
12455,26579,9856,11355,109
16858,21085,9876,7114,119
10996,6785,5563,30445,72
18247,33104,13736,3424,91
22639,27287,24948,38279,72
8312,31096,29306,30372,77
5005,21227,2694,16092,149
37908,38365,32486,32604,66
10582,28940,22256,6118,126
19762,1500,2381,4004,160
17742,13731,26256,27405,66
27448,25509,17353,31093,97
16674,4547,34768,33793,51
199,28639,33262,6925,78
6008,28939,18751,32401,101
6296,33196,15036,28048,169
29388,13958,21286,11465,77
16521,38624,29379,35477,73
25177,36518,34168,30301,55
30382,356,1789,29286,76
8711,37117,32355,30821,90
2010,6855,8506,29463,88
38479,21225,10916,4743,93
26644,13223,7607,15077,135
22049,32405,20387,12937,74
4514,25217,20558,4576,33
24962,30854,35634,16035,111
3793,25014,28099,31716,123
11652,11438,6516,23475,119
18141,26520,18032,13893,71
17659,31071,29384,1221,80
26436,8414,38532,25624,88
878,9314,36809,30247,112
27233,17712,15503,16507,93
18009,30242,8434,18462,101
35496,18077,13039,31052,133
26493,38004,205,9781,114
24358,35341,20748,15301,125
10073,19679,3188,12144,135
3285,17571,29754,6400,97
9219,8511,33037,2328,143
19534,36141,32535,2348,105
27249,2580,34205,36872,103
35485,36950,28256,2435,178
32404,30368,58,13590,49
33767,6474,13851,11016,93
31550,18869,37515,12779,134
16701,26655,8524,35394,109
16528,16235,19540,1099,108
449,13555,1878,32701,71
21256,13747,13904,21001,126
13216,6192,34877,24831,106
18762,6311,14512,25255,108
30095,19052,15113,3340,99
35251,15300,24802,30342,119
14400,21012,26578,10719,128
772,9420,26531,31506,105
23574,18950,37634,23329,165
31925,24036,28732,1892,137
12353,2557,24510,38763,118
37861,11445,15852,36,98
28070,13857,16265,9359,123
26755,37065,22805,22808,141
24882,34647,27482,5330,54
31733,5424,10807,28948,107
10035,26597,11291,29328,77
13049,36322,32626,33168,103
28855,20708,16224,23394,121
2583,32639,32277,20361,66
7167,30335,33775,37225,69
16586,8311,24358,23384,125
9854,22202,28873,20295,108
8335,32003,12331,24441,132
21515,31154,7604,37750,156
10974,22769,30122,38303,100
34896,30376,24146,15862,105
11370,17719,6413,3359,103
26019,17254,23000,1597,157
10044,37631,26403,35423,161
34122,29500,16796,38388,29
1524,6902,36377,36062,93
28834,8732,21418,10647,137
32765,34990,909,8475,90
33217,15986,4654,4819,100
13132,8608,16813,30895,101
7760,3318,34021,24330,101
21367,18481,12791,25673,150
16820,27489,31971,24812,63
21952,14269,21818,25643,130
32358,32283,19611,488,50
24429,23622,35007,18318,121
23553,19266,19625,17735,122
11269,37880,19566,5422,102
7883,795,4609,5615,108
24405,766,36779,20019,120
18128,19828,13160,32295,98
30888,13814,9384,35433,111
6250,33283,28500,15382,153
14400,1744,23306,31911,172
33109,15830,28802,22885,151
38512,31161,129,22698,78
20534,11505,27881,29640,62
17636,28161,1744,12818,155
29267,22058,15767,32773,74
17315,16850,9933,9199,115
33234,24886,37787,13809,96
19762,7680,12441,22,113
36194,32022,21273,31196,123
23395,36316,37726,36897,149
6063,29767,400,3520,77
24234,18147,28756,3165,102
28992,23652,35283,28513,165
32318,35292,9761,7775,155
25111,12408,26548,16984,62
37728,24337,37572,3752,159
16680,17270,27928,418,89
879,29484,9463,8489,96
31914,8266,25529,5255,124
19214,2485,38439,26316,81
22962,25105,16129,24798,92
11587,18056,22135,10905,82
34600,38445,916,9524,81
10530,15389,11767,27213,90
1188,4175,16549,184,89
34834,34905,28222,27449,95
5654,1723,29707,4144,107
31838,22846,3948,26552,135
25220,13776,33905,16267,62
32646,27932,25769,28892,122
24073,12337,17007,12123,112
9937,25589,33444,36173,145
21766,34662,13539,18875,71
25702,2347,21441,2532,184
23618,12398,3262,23586,160
4176,5689,24865,31777,96
2335,24831,30023,24307,102
30953,24212,26497,34070,68
19934,935,32446,17290,94
11012,11397,27486,16759,60
12191,16009,34787,29685,94
25107,36220,30844,18885,58
4510,21828,27762,21517,135
12052,35381,35016,34816,123
10239,21945,7259,18163,106
17710,37729,21226,33515,156
37531,31125,27927,18909,125
22901,12843,16044,3519,145
19191,38732,33254,32482,64
29425,20524,24171,33141,70
3328,34508,25087,23332,92
2484,27164,30863,25023,84
28600,914,11344,5614,91
21366,1570,1029,20475,128
12510,28502,29295,1610,114
27783,38662,34212,11652,70
22632,25144,14482,1148,126
34587,10612,6193,27450,103
6340,12484,3007,25177,106
31051,22764,27521,33071,117
30393,6506,14653,32524,119
6035,14593,37524,25006,137
1087,6287,27141,12144,130
15179,33148,9257,13626,116
31746,24846,23563,19817,117
16801,11356,6969,7133,35
29748,29376,22261,32526,41
18363,4925,11532,7620,90
1646,31717,19724,27881,152
6866,316,11514,38684,28
26581,18467,27158,35274,103
34949,22889,37799,15261,152
12036,3963,32554,24225,113
24507,4637,16264,6029,127
7936,11368,16529,36222,85
37059,8598,1245,10226,147
8680,32486,23673,10149,144
31588,5506,34057,32498,70
21149,7011,29360,37069,92
7641,2412,1061,31735,157
4214,33796,32365,28110,103
22684,9843,13187,13865,152
19559,37064,38428,21455,114
33162,6452,2294,24046,159
28105,31151,10844,7842,131
31090,17610,13150,27806,129
168,3807,33257,16569,92
12081,6427,24204,13018,151
8023,36112,4666,1698,122
33494,10015,18940,22931,151
9358,21864,16894,36942,94
2657,17424,29439,34761,95
16158,35378,16546,31665,135
24340,23441,5297,30968,118
35506,12131,17574,4146,155
34935,25822,17774,36433,102
6798,5404,35392,1915,123
34234,4825,20371,11413,35
25974,3454,12035,29569,98
16006,18417,30471,38565,87
23393,9978,19995,18243,154
9333,3495,2281,15117,136
9014,17399,32004,21369,137
33916,26385,34527,36333,59
19876,34250,30408,38347,64
23771,19208,34613,24303,114
13678,4891,23490,23613,131
37000,31637,10866,18189,112
14319,27446,19613,21353,135
10221,16241,1739,3753,172
12340,14355,28878,22648,157
14281,13539,26770,25612,105
10860,14317,4976,6976,87
17568,12015,30309,33252,119
10948,31247,25929,8285,113
14697,22593,30245,31913,147
31257,14712,18297,6330,130
19943,27342,9498,9815,121
33835,6821,25664,31030,72
6170,28641,25973,18336,138
18970,33233,37812,35477,149
28146,18134,20019,14449,139
6435,2393,30844,4546,127
36347,34871,27162,20719,55
29712,15803,20392,6895,50
12146,4958,32420,31836,92
2007,15107,34512,29589,106
19802,5345,37967,10109,143
867,5269,13959,13068,103
8511,12243,23583,33975,130
36083,9475,1128,13738,93
29522,17386,28684,32016,94
18319,13264,5417,8655,114
32347,24937,32753,4862,33
10684,35018,38686,10729,70
12340,10217,14547,3521,149
9341,4689,4261,30081,103
330,27357,21015,16219,108
24098,13166,24352,33356,132
9869,34020,33477,13950,108
21181,10875,9031,33049,136
14561,35764,30975,37840,158
19917,16126,11658,21199,125
37969,38668,2458,37963,143
18439,30087,16549,783,88
33242,28934,10996,4266,129
31254,7529,1647,30781,123
32726,5544,26385,31977,73
35296,10583,24824,2004,124
18971,13861,22135,21123,104
31670,11407,10564,31744,102
9291,1776,3228,28757,121
18935,18807,36238,12328,89
30286,14397,29605,37599,113
12824,16928,21887,4603,89
20371,34673,190,28622,55
16565,28831,18328,2281,112
34716,35609,10663,8375,127
21523,6428,28209,34186,152
28874,341,9269,21021,113
32723,37617,23279,27922,151
34058,16876,29011,12794,89
880,22640,10219,26253,144
34196,31220,36092,3173,68
4788,28757,31752,4517,92
37185,14345,33837,12358,118
14268,32012,9958,11467,137
127,13573,21760,33445,79
26322,13274,4097,31833,125
17744,10029,15442,2422,166
14618,3101,30266,9888,135
58,34948,10251,18082,97
37885,35606,17536,14711,166
26545,10996,30341,909,90
7777,30348,33835,17740,100
16945,33778,19018,26751,48
3501,34681,30411,30408,81
4750,12147,37665,964,127
5640,22883,21348,13811,131
33966,32428,12257,21883,78
13938,30524,10949,25835,97
3083,23766,121,27341,93
16939,18139,27017,4526,63
12867,7697,5370,4251,141
4155,12270,3448,25250,99
37694,27416,13517,3821,113
20257,38460,3832,1640,91
7037,32506,18136,427,44
23575,13771,9830,5347,135
30499,29444,24294,13843,68
24857,33318,37532,9395,110
5625,11523,34195,14704,80
37600,1814,23441,8740,174
21238,36450,946,7500,146
32517,28581,32739,34046,55
13058,414,12458,25246,84
26293,24510,21125,2496,139
37097,23498,23344,17505,161
16112,31008,13706,19698,96
5416,24827,21072,32322,80
31979,6288,1700,32531,133
34859,1804,9280,18158,111
25125,4811,12141,36837,84
24406,12199,231,3232,91
22512,28665,19126,15785,132
18334,6210,13063,7216,116
2379,16258,16968,14416,138
38636,21809,38399,23354,87
25236,4909,1815,23352,113
34062,3863,26021,14322,129
35490,18348,6917,23297,135
2570,6216,8448,3819,168
1233,19993,1933,5329,123
4943,4002,15834,16762,102
27044,27140,38732,37259,66
10864,17434,4253,31245,108
36325,37243,34558,1561,113
36062,34626,32417,58,52
32286,31748,131,20750,50
17773,30919,25586,15121,123
8376,31739,34670,26015,122
13040,20393,3421,22110,86
29292,3856,3445,9487,91
35278,19260,12042,20653,107
28961,7210,33911,28561,76
3087,20542,32312,1214,62
6967,13866,30952,23575,90
11517,17755,27000,34189,60
21796,25575,19174,22002,104
22593,26734,26348,15428,114
19786,13105,21856,24946,95
9512,6848,25711,25837,110
19657,34794,27485,3949,100
9075,15203,28256,12882,153
28055,1677,5477,20273,111
10029,25840,10809,11299,123
7885,19732,35561,2400,172
1857,27502,9155,27928,132
31501,5258,18435,1091,108
3505,35592,37152,15170,145
14678,3028,8579,31504,129
19219,27483,25946,24816,72
3457,13623,16216,33954,79
29647,16112,23503,35653,146
12390,34225,28226,9792,142
32618,16046,12457,1658,125
33129,15049,28773,21070,156
30962,27100,25089,22766,85
5728,9251,29426,30959,68
17575,18450,23549,26724,113
17730,9273,31637,17493,113
12276,31543,19932,9288,125
28879,10069,34255,26742,102
8303,7961,14514,27313,133
16806,17386,29522,14536,83
19574,9238,9397,5451,101
23474,33341,30765,35343,158
16194,23733,29412,26694,105
13069,20420,36860,10950,96
16634,36394,30009,5543,73
24238,1855,38438,16574,89
33184,1679,36335,28243,146
32000,7548,21219,31717,161
7000,4565,23760,36347,94
6065,22727,3188,3336,136
6194,11568,12947,2443,144
34673,4117,34547,15990,111
36326,25135,27856,13866,83
943,2262,9905,22931,180
9986,35641,10763,3222,148
22534,24803,6204,4705,113
14509,24322,25718,21508,159
32621,16232,411,21835,76
30056,8456,24824,7101,65
27794,16116,12312,30452,141
15758,17659,11408,13954,86
25162,11370,26264,16656,36
3188,26567,5696,34105,60
21484,8661,25718,18464,144
13636,27907,21981,85,90
20757,8489,26557,22796,96
14692,6487,24928,21171,142
36375,5461,30934,15230,99
5478,19607,31787,5762,100
7587,18176,1195,20442,100
5767,21451,38254,25973,112
12814,31035,11349,23735,119
24109,232,2363,30109,105
2423,12340,31573,8512,151
27201,26691,26298,5765,58
17589,27906,15043,776,145
16933,19850,29531,29009,73
14662,15283,19613,33817,120
9383,24129,25249,3344,79
37551,4639,7739,15119,143
22227,1680,12834,30251,130
33495,3173,10769,12803,118
15415,32403,10844,6502,120
6379,18483,26342,26673,94
31670,33412,8735,3410,122
12406,33871,30267,27371,82
31270,36106,32664,19636,75
24935,25122,2428,19509,82
34696,17611,34753,25015,63
11599,20622,13526,8726,58
26364,37072,38768,20302,50
33949,15450,6884,34252,66
19874,17312,4168,33486,129
2486,25612,37930,19532,159
4043,31000,17490,2679,132
1028,10005,30893,5578,120
11633,7603,27879,15130,140
21766,2508,12888,37550,157
30126,4848,19193,36060,73
21963,36148,33512,24998,84
19802,26750,15928,28658,107
18057,37885,29431,13628,85
35450,4087,9110,25811,158
31603,22772,24063,22583,161
12807,27370,12351,21943,115
31782,27029,28513,12107,115
15959,20755,27002,35602,107
4528,6953,920,28695,83
11494,38665,33865,7814,67
37091,27479,25825,15161,125
21860,35267,35274,27291,146
2459,21417,3430,16800,129
32449,31102,14468,23293,120
3483,24029,11522,9182,86
12848,2344,19874,10269,166
17528,33521,8468,25978,132
38382,35763,20394,6825,67
34910,6358,31566,34935,115
28764,22897,37809,5761,143
7700,10644,34729,4590,98
1761,26480,18922,16867,83
8429,3049,170,3067,79
4080,5543,3791,29711,103
11728,34719,28818,21103,107
31759,31822,13035,23578,159
35586,14582,18100,5577,137
28112,14392,36509,36475,130
9518,33898,13167,32668,83
24091,5409,9106,4821,89
14588,7709,311,3175,111
35492,4009,16998,21308,154
29454,1752,5717,35530,120
30430,36758,35345,33089,141
18839,25941,29620,31717,92
33225,26731,30103,19856,97
9146,9045,6212,37073,132
34244,10502,23710,9927,136
28963,1755,9016,28929,131
25227,19787,6361,4219,118
27967,16629,30311,21483,129
9488,22527,32380,27049,99
7675,3262,1047,23683,147
9176,10596,12011,33275,122
15826,31713,31956,29439,109
24051,9756,34792,28874,127
38565,30438,12773,12267,102
9083,23520,16598,30286,112
32578,13635,18504,12516,80
3861,34027,11601,27500,74
2289,29513,37006,29499,87
7164,17423,34846,33150,85
13895,23596,26552,18113,100
25803,31044,7123,35431,116
37,33019,4916,19088,71
5005,33880,13747,26581,48
35547,27132,15034,9809,160
7737,35524,10726,28130,166
11569,20371,7933,15264,96
8460,15957,25752,20253,110
20724,14674,12180,14447,122
7081,30873,6101,7979,115
18263,21944,10863,3811,112
899,19140,24115,5620,96
28940,27407,12936,1970,128
20368,18402,13229,20520,66
32020,17638,7723,4190,143
5508,36017,23635,19813,120
31839,16123,18997,7524,130
28659,15199,19662,6208,146
14619,14382,26534,7504,139
4502,26397,9828,24445,106
22955,28106,25727,37127,164
26525,13917,10673,37807,94
30792,7162,14770,7885,110
777,12465,34124,32728,85
9035,32254,31133,5592,72
30842,7163,5005,9104,66
38532,37140,4674,13030,89
31617,31142,15854,18143,112
23300,34009,37155,18168,115
15768,37068,38479,6019,120
15245,1767,7883,13140,167
4172,16075,35323,13680,143
6394,12235,22827,24250,161
29355,31213,1099,38518,59
21064,24845,34702,27041,85
5317,16746,6463,13034,116
27922,958,24410,11337,117
2612,29567,25115,17382,81
23748,23742,1001,20611,138
22242,16840,37024,36847,98
36440,2474,1867,31046,131
14688,30756,5381,10105,130
4815,33368,37524,11411,104
38735,3840,5753,16072,101
33775,2261,3057,15490,118
14686,10698,37603,16271,148
15224,31885,34917,288,98
10906,17386,16589,27904,107
35004,16989,2477,37213,107
37721,14581,12909,19770,154
25909,27085,15487,36439,115
14768,5757,12115,10698,121
4522,33023,11298,5716,78
22999,5722,36783,33982,108
3016,6856,30327,14677,91
38753,5620,3508,10890,68
31968,27910,389,34993,103
29503,15928,38372,10787,70
31856,19237,7175,1131,89
17008,27237,13577,3872,79
33418,21312,3171,35418,158
461,3953,19667,37753,119
15094,19533,27869,2387,163
25237,38542,1865,33494,87
33510,9131,8472,472,101
26624,4885,33183,12218,97
14389,24769,22987,24912,97
263,8661,428,23401,97
17384,1997,38383,19815,103
6115,33327,6781,4877,103
20707,38565,16586,1203,50
20494,31645,414,22015,67
4949,15415,37594,5299,119
32332,7869,216,25569,95
8464,12020,30195,30412,113
11678,6377,25822,6750,102
16649,24909,14718,26602,68
37816,21426,15967,24109,161
33879,19209,38305,37551,75
27170,8412,27218,33004,98
3143,20750,1066,1905,98
23587,24794,23446,18176,130
19189,29609,22001,25705,83
20288,25823,24198,2734,117
14662,25823,14412,30430,144
11659,28514,7566,15033,124
37885,18126,27454,5744,102
22781,16809,3048,10999,104
28976,17774,6305,23433,155
17609,31972,5667,13201,118
28615,32636,35441,32313,99
28746,37923,15273,1956,160
7004,33500,12239,3140,98
459,2639,33387,25832,127
4702,267,21512,9942,121
32619,9287,3159,21499,105
11716,10085,37178,23699,144
18088,18991,37240,28250,116
13189,116,8658,1631,122
28972,13853,3312,3882,103
10256,13084,23422,9174,169
2587,14611,37734,15095,176
29295,2694,4506,33878,75
34798,6994,15290,37173,96
8324,32482,13664,19274,70
15148,37905,19515,27264,129
19158,25956,9345,38390,86
11599,169,13885,8553,62
6993,20537,24844,4837,26
27510,22786,24004,30370,115
7765,31769,29412,15303,122
26591,24015,9857,31085,110
20695,20554,26566,1698,60
33169,33955,33289,31570,113
8530,33385,22061,1027,125
18166,8574,34072,14531,107
1934,16820,10971,28582,109
2347,3262,15289,22896,158
24399,36217,28504,38258,85
32265,3936,24344,11501,87
11373,5011,3181,9422,71
37893,3210,33242,7986,143
22085,8006,8525,33807,110
10858,24171,34542,12267,106
24192,20370,9068,12173,94
1814,7911,23756,5324,158
24911,1906,29739,4004,91
5619,15106,12014,15299,137
3929,22878,36381,30116,132
6195,19500,8446,30242,130
1557,25651,26536,37146,125
22149,455,7559,8596,107
19937,36267,37147,16039,117
35619,28564,33200,12773,157
34649,36098,25143,38387,46
4783,8319,29367,10082,102
25993,23642,36974,29679,125
21089,7845,26576,1000,137
7901,13219,2466,33263,165
500,13035,37258,23736,128
16962,31187,1035,34698,78
35258,14411,3113,10517,139
20298,24263,37686,37099,107
3796,11587,35024,9883,118
7182,37213,4129,18412,101
35695,9460,7149,31126,105
22980,5338,3848,6968,115
6806,28225,4952,25511,105
26019,27958,15513,13565,138
7864,24461,22733,26528,133
14513,225,1085,13700,93
2282,22273,13037,8506,145
15896,36158,10562,31223,100
36424,23628,15492,25533,152
2670,14545,24476,7979,162
2492,8013,6959,11582,108
22672,7888,21154,31772,176
24750,36075,9319,28566,81
28531,769,37010,38459,98
29583,38425,1137,37109,72
24519,30431,23681,21427,153
24326,27123,9174,33097,106
36909,25257,134,30179,62
16559,32020,22210,34804,87
32646,22830,14287,28634,129
3941,25654,4051,472,124
19020,30120,32432,22554,95
10995,19119,24914,21840,68
17314,3483,28041,4206,132
4255,3466,20571,13999,75
3926,30355,35367,20304,117
8318,37193,6334,9750,162
28947,27100,16840,16900,67
1978,27217,8726,37710,137
9217,33920,15053,15467,118
34615,24116,36997,21460,127
2305,1860,1055,36337,145
24471,4753,26635,1151,87
26676,11010,8445,14691,111
18217,13899,19700,22811,113
22143,31229,10215,7180,101
20468,33414,15816,16806,85
25138,8494,11630,21263,96
19123,18991,15415,19807,101
1070,38597,22024,784,94
25698,5371,34136,17715,92
20426,20433,36370,27885,71
8516,37617,6223,21392,175
11492,29401,31238,34665,49
36433,29743,16813,31102,54
11547,16701,4964,37527,80
416,2757,2412,20392,104
34640,2500,19717,36387,114
11681,10574,31776,38350,73
21316,7879,36248,1957,158
25159,36918,26268,758,78
16583,8717,36309,29501,69
21279,29450,7691,8305,130
32739,8718,20630,28063,89
28574,65,15246,17693,103
2529,20557,29613,4232,94
25888,8685,4866,13968,98
37680,16274,13626,34008,104
17724,2522,12153,30432,132
464,26423,22502,12311,103
25748,17450,28935,3082,114
21913,6001,35715,25223,128
27857,7723,35598,7072,149
32298,28575,38634,14453,85
10547,1588,6055,19867,143
2011,16838,32359,9416,90
10921,28199,36165,25532,129
13,31228,373,37009,61
31653,6119,14383,2415,171
11010,24299,17509,21030,129
9899,75,11532,13243,106
781,5284,12509,34678,104
27987,31517,27830,23553,178
6945,6194,20252,23427,108
19193,24929,880,12474,87
36824,30163,33822,36337,83
4008,20383,1877,7996,129
28098,16529,26323,19934,97
10125,28780,36919,27181,127
13819,20021,7010,24310,77
307,12765,16182,11697,92
19123,20348,27995,5653,83
9233,27482,9326,28142,115
21239,32770,37792,24230,132
11394,3007,37667,34025,84
9410,126,10827,22967,106
1793,24373,1809,12417,153
16525,1538,34891,7520,115
15850,34535,37799,30091,121
38616,33233,16940,3332,71
3332,31269,27353,33456,88
16528,29267,20472,16594,28
367,37522,9076,27184,93
981,24059,10933,37825,130
21181,11628,33068,8621,128
1787,34194,34894,8253,103
22975,30049,19050,30141,109
13526,8512,13957,12837,98
25546,18512,19139,12908,116
9394,11623,19724,38673,70
25833,32259,36057,20494,69
12385,6951,20262,7233,52
6765,15240,5023,27125,77
30249,25213,21372,1633,119
10618,13791,27938,18280,106
18152,23636,11691,36189,106
24144,15035,17431,284,102
21141,16221,33764,33974,105
15820,27868,36242,33903,113
25891,36469,31693,7809,136
13662,21451,18934,9039,106
21239,22616,21217,17292,175
27126,18153,34976,8617,88
25558,22145,31154,1851,125
38768,36159,32263,4258,74
21091,2728,7778,7926,184
32310,15308,37130,12790,119
26703,11256,10929,12816,85
37937,34990,30386,27466,99
27905,24803,19089,4522,79
4091,25272,1170,27820,121
28011,31068,33458,30399,121
33057,8294,20346,12851,109
13181,31037,19064,13207,112
21305,12332,15323,22119,152
37873,26630,22808,3999,146
17508,36005,11425,23404,109
18065,12518,1171,21986,116
20627,17371,8611,25823,99
36495,8453,21038,434,110
407,12356,24865,1927,89
2497,11716,18518,18514,104
33332,9845,34668,10507,127
15814,10238,29636,22162,117
1934,33864,22113,36021,99
4693,476,8649,24090,82
9388,32627,1948,32375,87
28937,19643,4235,9450,125
27137,25980,4689,22868,116
18433,20748,28707,17509,81
1968,5329,4578,9034,104
20690,5641,18520,38372,49
11337,120,26622,37264,59
3070,18332,25755,2612,129
1959,18109,15224,30031,130
11292,7876,14333,5516,114
10788,25647,31054,26645,92
3240,22194,35490,8496,131
35368,23645,34846,16966,133
14652,17474,18514,15018,132
34641,29751,29565,3941,65
27304,26501,383,25165,36
25118,15255,33360,4665,93
26740,29490,16738,2606,75
38617,34250,30296,769,68
10613,27388,33285,15398,115
34817,3394,30123,27353,74
12009,4859,32666,5600,77
8730,7978,37769,3509,141
14470,1858,35019,28220,149
20551,21342,36777,21311,133
426,20679,25887,14501,88
14453,38609,24507,19621,104
12411,20021,24044,10638,117
35321,34863,6065,5250,136
29577,29749,12333,8444,77
27989,16707,18128,24009,109
23762,27049,11490,31146,95
33255,5325,30813,12095,108
23341,25616,8703,14651,165
26578,4562,30052,30390,70
21522,2446,3182,10532,142
18475,10929,37825,37807,137
15856,5467,24476,7049,92
2766,12194,12980,14564,165
13974,25185,4843,19090,46
13825,38413,20706,20253,22
32375,26009,25123,15962,86
1505,2485,21826,9992,168
28194,1711,32632,32571,106
32509,33860,12925,12148,92
36977,24402,24983,36246,84
31220,20447,14262,1840,106
15795,16048,3139,34144,103
33954,5351,14615,14651,112
38282,16611,34223,8563,58
15210,30170,2615,30349,133
30492,7784,28262,2339,159
7157,1873,14492,4656,107
18484,9943,31791,13603,121
25644,28247,33826,11675,103
31924,17345,33375,25553,133
4759,12061,20633,31565,86
3019,28944,32529,10837,82
2590,22795,9014,30784,142
1757,18420,16782,15060,119
4183,36240,10748,8343,118
29466,26499,30769,34022,43
7947,25950,25858,30060,141
17000,28859,19859,12950,108
8655,7800,34856,19000,109
11285,31521,27753,2009,134
29513,28686,27123,31987,83
37726,31673,22923,27441,143
37665,32761,12441,2606,137
4210,21948,19087,36970,112
26749,33155,30435,25029,72
17716,15194,34596,33203,119
29264,28125,32605,4544,72
18505,12523,33818,19665,96
26669,25173,23695,28759,97
22526,30438,28792,20384,103
4008,109,18324,28737,99
8742,25818,24476,3781,140
5429,17413,27106,7619,103
12524,31991,19250,38561,91
1910,15266,870,31265,135
20750,22210,24086,34602,73
8019,21093,22745,12188,178
25137,38432,767,34703,57
34102,20405,17514,22749,86
7096,35378,7958,23550,155
14703,30425,32727,35543,125
15453,12439,34811,14004,107
25114,8593,901,28528,98
21883,6971,7014,36997,70
8748,28229,1160,10016,162
8477,17553,10982,30080,105
7695,22213,4523,15508,123
28211,30230,7598,18772,127
21227,22956,6258,16054,183
3036,1151,23360,19503,132
137,5262,1539,9131,96
34087,800,21214,27836,137
30889,37923,30192,3906,125
33,7531,33211,23022,133
33796,23717,32566,1590,113
35466,502,30978,33487,112
20761,15955,24923,4889,56
12105,20671,34850,35773,108
34557,11284,11735,112,43
6189,28173,25616,36792,162
21305,30760,35608,4815,135
21171,2372,7861,28568,171
14349,4716,30477,8575,111
28195,19135,37707,15028,148
34769,16025,36220,19847,103
6398,937,12452,10674,139
13572,34012,33439,18120,80
20686,3418,33385,35623,110
12025,9934,37260,37657,163
1040,23019,21308,10926,155
22026,12891,15218,12913,144
30446,18255,11681,6893,62
23629,29508,19213,27094,87
1833,33832,9480,5371,99
15257,1693,24081,35519,167
35401,12936,30433,34525,131
37274,16565,28257,17390,114
20389,36951,8270,20361,68
36081,33024,8583,24790,92
45,24963,3111,25132,32
6078,9493,34507,15296,132
30812,6093,24382,28107,140
20370,15276,10875,13933,80
13719,25532,28566,13844,94
11496,36782,16070,23603,130
6991,16563,1009,4112,90
34855,12042,34937,31266,88
15222,4821,7122,10234,113
34906,840,27838,22620,144
30016,20591,32013,18161,81
4795,10184,18263,7844,131
25831,31585,15455,16121,150
26717,20317,16197,17298,77
13927,17709,9156,8010,109
33934,20311,16237,11517,58
7060,27896,16816,12439,100
16885,24195,12287,12454,112
30490,13593,35441,8316,121
5339,21233,32486,18855,93
30874,12148,9502,1767,125
25649,23576,12021,24861,129
15428,7995,8528,20264,119
25025,37919,18308,6824,78
25981,327,38748,28026,95
10736,3888,178,12919,109
2291,1788,9029,2671,167
37031,33503,15069,35682,160
23683,11645,20406,17387,90
13931,17370,15399,306,86
7128,10915,36227,4923,66
13615,4728,30483,26656,61
13196,16525,950,7872,125
19658,940,27913,16906,117
15982,4183,37558,22557,171
29010,24486,24823,1981,106
33894,25990,31557,13124,120
16211,2536,6487,24781,135
4661,29530,38010,2600,111
372,23555,841,82,96
10171,31268,37622,8424,147
16612,12766,19539,27068,93
7207,19198,34862,8721,73
19913,32626,24964,36296,60
22859,3458,36323,19673,118
16536,31878,36189,36290,87
27268,7867,38321,15116,104
36426,21255,18338,31157,112
11598,11262,22044,31250,63
1636,28771,28824,15302,145
33412,30783,22889,9268,129
24891,33010,17631,25804,102
8527,13513,14684,20738,90
8478,29258,7628,6379,127
358,12988,88,38519,56
24245,32519,4095,14257,119
235,21903,1904,18991,91
9979,31706,10806,12107,145
33520,37907,2726,22044,153
24260,1254,12484,19932,125
27390,13772,17530,3911,94
19903,21300,36862,35658,162
868,15434,2474,5417,140
13943,33042,35423,33102,136
6803,37629,31940,35647,139
2625,5600,13196,24831,109
26699,4010,22557,9517,128
10204,7884,5433,24881,116
7737,23707,32736,36043,124
28950,32765,32711,15128,87
11722,13661,1880,6211,114
35502,25125,17478,32605,90
28924,28838,8424,30013,115
27287,35735,25602,12473,142
8013,33838,5008,9876,117
37605,1531,33929,9309,125
34547,15797,36865,32542,93
36310,4064,38639,34031,75
3354,33285,27141,27330,85
20680,22988,4210,34052,100
1938,17407,3378,4608,104
2752,36869,5333,6213,145
9328,7732,9319,18388,120
15139,32590,20427,9137,78
7164,24405,35301,16198,126
4515,8685,35388,21095,150
17293,4811,3155,13861,73
29773,31660,31882,6007,119
33931,11704,16948,14363,72
20664,10669,34198,10565,59
26739,22151,9277,11010,88
37043,8709,27169,17431,105
37657,16813,15117,36336,118
2625,14447,11007,7897,157
28184,29683,16840,23396,113
24054,36048,33130,16956,96
24203,11707,13700,31182,70
15212,29295,2283,6954,100
35566,24222,5279,6249,148
22740,28517,9480,24463,135
6012,7996,27519,32693,113
4781,27066,30129,38370,56
29686,825,4757,36954,81
28697,18844,25653,34096,93
36775,33158,34905,9415,110
18166,16928,19616,28184,108
9898,31749,14263,18295,150
32019,29006,12985,24119,132
15783,19132,32595,5713,80
23758,9436,20022,16792,118
5347,13711,32395,37805,85
36926,36126,24180,14484,123
1521,19805,25995,36239,131
31091,22685,25683,22871,154
253,1588,31538,12244,120
7753,26358,24236,1030,116
19583,33252,16565,27289,89
3989,31524,3176,32467,102
757,24494,11511,9394,98
26630,5366,38347,2453,84
12929,12445,31120,38526,98
22226,21165,1883,3429,139
16027,27927,1021,12921,154
12190,5016,7621,28753,123
25501,19515,34599,19050,99
21400,36348,15523,29403,116
36972,3040,24233,2251,128
18946,17370,14405,25796,122
27832,35660,24448,10079,179
34683,13987,32658,37100,69
4974,22558,15838,34592,117
29613,34626,15924,29006,88
28068,10220,24996,1725,144
32281,24908,10533,18942,51
25957,32492,7831,18514,112
5648,1071,5301,21373,120
26640,29633,33981,38516,30
8759,8629,36919,4248,137
1666,28581,16894,27756,131
16943,32518,4618,22786,82
35407,25752,29767,36299,116
11567,22804,18003,19008,98
21340,26393,37530,38750,112
22033,13789,15367,5299,98
14384,23410,3187,11623,124
27915,7650,24865,399,98
19529,9016,5018,37529,114
16729,22826,5392,38517,84
29611,25035,35560,12106,96
14638,1964,13579,4225,139
18925,19984,18961,30070,82
27977,27022,12089,309,103
12381,21806,9858,28867,142
16082,33424,32418,34795,97
14670,2562,6969,18824,113
15295,6490,15925,11533,135
34083,7606,33961,13559,74
10657,36069,36332,5543,85
20383,12991,18863,36471,78
34678,33294,22686,19139,117
16261,12420,16123,24405,139
36184,24523,28791,23654,132
9904,5,38399,26002,100
8540,1955,6892,8292,117
2673,12315,11522,24915,97
36065,38643,353,28792,62
15971,37627,30080,35614,157
28109,32453,8398,28773,117
32774,17395,13219,36908,104
18138,34601,12367,8521,109
22048,13139,18248,13174,126
38742,10093,17485,6050,129
12800,4700,28190,5497,118
8675,7886,8265,35547,162
29448,18892,36012,31146,59
15267,19183,18953,4008,113
32012,4982,35314,12036,137
27313,32268,32512,28979,61
21154,9243,34594,3999,134
29403,28758,6267,6172,128
12370,10164,6933,38725,99
38439,22034,38015,31572,109
4573,20019,10670,36443,87
15776,14733,32717,5430,106
23363,15871,24188,21125,168
15388,279,37650,310,98
8259,15479,20389,2546,124
37031,31088,7734,31529,126
23017,37785,12786,28887,163
10883,14307,22251,757,123
22018,16014,37767,19638,135
19507,11276,28253,27521,99
802,28694,36989,16851,104
21881,26645,37041,21301,118
35350,34016,21985,32268,95
3503,28150,6401,29255,117
22540,1708,3811,13061,172
19571,15085,33381,3888,144
22183,977,18956,18128,96
24474,14731,12774,20397,112
24144,14441,6912,25540,116
37258,38372,27786,10557,106
32703,30215,4154,16643,81
19977,34796,27807,24013,120
28713,7699,24314,3490,122
19662,6209,25966,34524,130
31544,6783,33211,37680,121
28036,13772,100,32420,73
24476,38368,3949,33294,109
13175,9019,21508,9246,143
37716,33938,16754,11546,75
25136,34102,10173,31935,97
35275,25128,6907,37612,108
30407,32528,36320,30849,69
10914,27391,1520,15866,120
5457,38280,28507,26291,66
17532,18177,37971,36148,115
19131,37508,13834,11735,84
18240,37555,28116,13050,153
36371,28852,24223,10593,104
12500,30203,15295,2381,147
10981,1048,37631,21790,126
13089,22572,1788,12866,171
9905,12793,10635,15004,155
33758,21752,182,27969,86
4223,35315,9349,5321,139
4189,31215,24482,32267,95
16209,37175,7146,19812,103
10707,16115,1553,35279,158
31991,354,36990,7688,114
16624,8312,20446,18975,62
12334,16018,8254,12456,142
24492,4156,13913,38759,87
5008,12405,1554,4586,108
6237,31200,6922,6783,79
1884,37151,1121,19219,123
12977,4819,9228,1570,124
32700,28663,15152,12417,115
7611,1256,4695,11312,99
22640,23427,23345,4869,167
3422,22216,18145,19810,96
4812,1159,31942,2302,128
27132,3259,25001,6426,85
29368,11567,33787,14256,65
21,3914,33073,13105,120
16151,29314,5637,11321,70
10003,8618,3857,1720,168
21787,9436,30091,27520,89
14330,37973,18068,30493,132
10125,800,33469,16787,129
29424,18820,27821,32549,74
12249,26328,37164,27813,125
18221,3921,32714,372,77
35419,32471,21251,9448,138
12479,1676,35769,27803,179
768,36779,8521,36987,127
31620,25506,18519,35594,148
9796,1077,34070,18920,108
10988,22233,25784,10711,111
37703,5275,28069,30451,132
29449,13021,21391,32526,101
1964,19711,22884,17539,147
33945,334,22142,27781,86
15487,5739,10779,25123,87
6754,5731,38734,7767,74
10552,33255,12493,24269,124
18946,26615,32267,26591,48
19822,33787,5731,18324,79
9871,32581,30852,8356,110
24088,33768,26468,23703,102
8359,33323,3898,36945,139
13033,4111,6498,16841,137
3523,24204,29510,7693,96
10592,27203,3893,12213,115
9518,32257,10811,15439,100
36237,17540,1042,6099,126
1762,35287,4083,9873,188
19064,20525,24883,12066,57
8371,22967,16536,33370,128
3878,9774,21186,25920,179
15109,11571,2003,1139,127
15085,36169,37262,12322,129
30968,33126,17762,38342,84
12063,28980,28860,13735,109
8434,37782,328,28608,114
36127,22098,15120,9006,114
27899,16931,451,30285,85
30444,30187,22255,19871,97
18373,38661,18975,27216,59
24865,4995,1088,32339,57
31717,22855,21431,22224,158
17350,1177,36121,18301,102
19744,24328,21270,2319,155
5421,126,22689,27807,120
27164,9450,23307,31893,128
20500,14656,331,1000,82
3985,32365,8432,3988,121
1591,9109,22982,5560,139
30836,4813,28881,24154,91
2484,11018,10832,5746,115
1826,7239,8432,21846,109
3816,9906,33943,3262,120
8577,8327,34530,33488,118
23628,29500,25148,36025,80
12851,20507,24006,28053,116
25028,31236,27192,24840,39
32352,7695,19641,35340,132
31669,24002,3229,11450,93
37596,35527,28643,14323,170
16665,14760,36079,31906,108
34190,20453,27904,22166,82
32735,8336,23378,7684,136
19818,25695,24942,6320,116
25727,30278,33160,38251,100
28258,9504,23371,15813,162
34536,19208,31104,5336,70
4518,11475,5767,29620,47
20422,4611,25573,37643,99
13033,34613,24324,1221,117
16704,24803,10595,19961,66
34690,11729,38596,34639,49
1812,12799,34879,15871,137
10768,11561,12053,15212,111
24516,28137,18147,2600,146
37635,11763,14678,30366,119
22885,14485,19749,20292,121
38275,17644,22855,14301,122
518,3850,19009,38477,67
29509,12241,11468,36494,71
5583,21081,18068,20754,94
15007,15285,21049,25816,170
24032,18163,36105,3421,93
4894,31141,31041,12188,86
20517,38371,9943,9047,85
22082,26678,755,26559,81
36319,37151,13064,12127,127
16909,25018,33945,33250,58
20708,15958,15862,10090,127
33994,1820,13883,2390,114
2727,38438,448,4760,73
27235,28718,20571,37803,92
7754,11635,19174,12478,105
30094,24078,30463,12879,112
32746,784,5351,20566,61
26549,10659,16088,13932,86
2679,10081,28234,33208,180
28740,36056,36143,24109,101
37734,9278,17250,1257,130
12128,31186,36779,27175,100
27425,12381,28554,1158,113
145,30244,26596,38362,45
20320,21951,37601,16772,83
34619,17405,36452,14405,106
15964,8344,36954,4902,115
20434,21344,2617,37190,131
35643,2328,9404,13832,141
11611,19850,21419,23318,140
6763,24779,13115,20672,51
22065,29506,985,4978,75
15116,5466,18275,4515,97
5372,18893,26351,13071,86
15432,12446,27430,30919,110
37028,23290,36275,25974,142
33244,34266,31576,7905,121
31021,29469,10896,20511,48
27751,36198,19135,19584,111
35537,35306,26494,1672,162
9782,21518,34692,37549,163
5482,7786,17469,10811,112
34895,37861,14298,31517,138
19156,34561,37753,11739,88
30161,7847,15141,9972,157
6119,21170,8771,16969,141
21427,5661,15489,28007,156
22736,16849,18340,32013,117
10823,5446,1587,10993,111
10258,29379,5535,18175,97
16044,11619,18999,3844,103
14519,24368,29418,26312,87
21310,3798,14739,23282,184
37809,27086,4987,36931,105
37035,17417,21756,7648,125
19856,29382,16092,95,75
35718,25689,10007,38317,147
18829,32687,37271,20301,57
28179,32718,37668,7176,106
36308,4748,27937,18893,97
4914,22906,38687,3457,88
10518,5324,12805,22008,107
24247,28080,8701,13054,147
29306,7040,7224,19671,46
37126,8298,28767,27370,109
36778,25171,5436,6298,100
16957,27359,24884,1770,73
25184,1784,25793,12987,124
6757,33145,5595,28163,107
4708,26520,1711,4635,84
21054,36524,8524,3776,144
28502,10892,13113,18074,116
21520,19150,16535,15469,118
26445,27025,16258,16675,75
28835,37686,6899,8735,115
15757,25924,27119,33263,125
1820,927,8326,17478,135
9441,30250,2622,29599,101
20404,22734,9437,26368,90
18372,10508,15049,34505,105
37648,13900,38653,32563,71
7147,9269,33149,13226,108
25532,16904,17003,25567,98
24767,1118,29578,33008,74
10654,16778,27259,16187,87
27273,9114,36894,767,105
7656,3375,12172,6879,106
20355,16752,15001,155,60
22231,6987,9959,21767,108
6908,37623,26258,37942,109
21256,6082,5443,11364,126
21932,28075,5478,25118,93
32600,2568,37787,18141,124
25728,4184,10999,12369,138
3850,34770,12199,25115,96
18949,18922,32477,33985,49
22999,19239,5018,21524,129
20023,2458,19268,23253,144
29335,12332,31996,23584,126
18803,1845,29478,3481,84
7093,32501,27493,7976,73
20624,10518,8658,27930,105
23415,17659,8432,29746,115
1521,8015,31247,3070,125
32353,21796,11559,16898,54
35642,1838,12044,33192,168
36769,5728,37803,34724,112
15344,16840,33278,30506,109
38414,27094,3494,13560,53
4585,7053,13990,3392,54
33167,12288,30950,5433,108
25906,3108,2327,36770,137
29415,6399,8017,17710,120
14738,18501,6800,27890,118
4012,9251,28785,5664,116
16140,30051,19202,31121,93
18192,15523,15046,18784,121
14006,34047,23628,12292,110
34156,6070,21098,33311,141
15302,321,25607,19155,101
7921,17275,9209,18136,119
27221,6805,23626,11411,84
27247,8449,18883,9833,115
9077,7937,20378,33447,107
28119,29633,38619,6762,62
24456,22633,30514,26719,112
36163,36131,25865,28218,126
30768,5714,28752,33769,76
27790,16135,13833,38759,101
38617,1263,23304,22232,114
22246,27206,29277,22704,93
14721,19544,1540,33098,149
27861,34197,8254,6394,135
30141,38508,4899,8020,84
10023,26628,14338,1612,149
28110,17621,35391,34274,134
32587,3012,34709,7201,52
19087,7881,16198,25688,134
18823,7721,36047,3119,100
29265,36112,27762,35310,124
7659,26458,28602,36511,106
10120,16201,36399,16858,120
3093,9285,35623,37646,145
12268,10816,182,11429,76
21091,31904,22212,14018,122
20601,21354,28569,31022,100
38379,18042,17485,3237,74
4124,34073,19940,35578,130
34051,3922,23493,1134,133
15477,20257,24184,33924,81
21341,36372,25835,14585,151
24826,32367,4267,16969,62
15283,7870,15152,25748,163
22857,4926,13600,26599,88
3294,32263,25998,38437,71
10733,8469,29546,37799,106
1065,16817,9944,29687,98
18315,12943,109,6461,115
10817,38358,33213,13812,77
10175,15114,13838,1620,149
20337,35296,1646,7082,106
14770,36370,7628,37953,151
17308,25601,37222,6974,102
32593,4216,24170,9783,128
11326,22102,14376,30469,99
1702,8013,8761,25514,158
14344,36974,13182,14272,154
34893,10072,11559,38400,83
76,11319,10738,16260,77
7916,12016,19725,24147,136
10693,12374,19108,21354,126
20426,28022,9026,27157,90
27915,2425,11615,1024,136
19029,1266,34024,8577,90
15777,31607,34997,21032,138
9819,28543,7008,144,94
25869,19261,29337,3824,98
1639,12362,31504,25052,117
20572,4209,34991,8733,92
32643,30399,19706,17652,84
1134,16055,7803,10537,136
12291,12299,18873,9965,139
28753,16202,31039,17285,111
19180,26534,10103,27192,94
15821,5455,10926,23588,132
7261,20261,29398,1034,45
30883,25995,25060,13045,98
3244,24276,1096,30938,99
18054,35407,9162,33486,138
21966,20719,9840,37613,123
20024,2440,30845,35369,147
23322,10504,14328,13968,131
34064,18867,18076,4256,88
33923,27072,26390,7656,79
22227,37934,25561,34870,125
9854,5377,15487,33168,146
813,10198,28800,31258,131
31957,13039,26700,35629,138
37962,14673,19073,35710,156
16155,3168,19736,15958,122
290,19092,27348,3999,77
31270,5588,22234,26625,74
8596,25058,36075,29720,61
30436,34763,14712,34966,98
21756,9816,38420,3373,101
31631,35313,7507,4100,170
12340,28683,752,9006,125
31717,8263,34053,29428,80
22202,21064,21924,19208,116
36461,12816,28913,36114,111
23575,34892,31030,17744,113
38403,7185,38397,3055,37
27819,16958,28594,13823,100
27089,12356,34236,13955,73
10774,34015,22835,14541,124
13122,33375,31968,34559,125
17328,25526,32610,24103,101
29313,20720,1705,15368,91
15128,9458,16843,8340,112
26006,33319,25751,18292,134
16190,19556,36314,11007,110
12150,12428,13746,17594,111
30128,34580,7086,18881,62
18493,28113,37835,7905,157
19105,30116,16521,2467,97
16776,15803,777,28562,110
27358,6238,25074,25162,68
35597,11622,19863,29600,95
15284,1714,15420,31547,160
18296,10755,6285,19545,122
6780,21257,12171,37702,138
28884,4982,14721,8628,119
31806,17442,27493,2431,123
34665,6810,2477,35752,125
30989,7702,17628,7942,130
16953,16506,7576,37521,110
9255,10546,36504,4725,86
9493,7745,21777,3165,115
13921,8670,1803,34915,107
31993,12352,38268,9991,126
17383,19734,29293,38563,63
35601,37877,15207,19823,167
32748,2549,35644,4947,123
27031,4231,16248,24089,121
35688,16556,29643,38692,73
22267,903,7524,17563,126
17615,28969,33387,11306,101
19088,12482,36808,33880,92
32505,20638,34581,1803,71
34180,22515,12195,4781,108
7147,8678,6448,12153,123
1190,18259,35009,2422,120
19752,17414,22163,2450,127
3823,10840,1015,934,128
31628,7177,4035,2444,129
10751,24756,8685,136,66
4001,9208,7078,21882,99
15101,9942,14746,20646,136
29257,14478,19762,33973,83
5486,34928,6101,18363,106
10852,10881,24470,22545,126
12798,21485,15296,2689,178
27225,9881,18396,20358,91
15812,37974,13115,3945,161
22694,27943,1672,25676,177
7768,20384,6473,22621,141
37191,25924,37589,13769,127
29750,5434,2709,34546,88
30010,21890,4151,28196,133
492,29676,7246,1956,61
13555,4851,33011,4198,102
15042,1192,4723,10025,138
17412,35342,6495,23488,178
7815,18099,8714,919,131
27944,9363,15102,18054,137
2695,19233,13896,15400,118
37672,31659,32435,278,93
13850,29654,2459,3232,85
21127,17506,28782,38423,111
12240,33976,49,17309,77
1873,27963,15486,10846,155
2385,12501,23592,24105,165
36131,37924,32738,30861,92
23360,27280,12380,21895,128
31674,16205,36924,15779,139
35628,4059,31242,23546,163
22535,22909,28867,33832,137
2467,36334,15954,30793,124
9181,13528,32463,17651,74
772,7970,9352,11473,112
26016,23494,37995,18902,151
19906,11588,25522,21510,126
34613,17393,24920,7165,53
7245,18954,9993,30074,96
9944,7057,33911,31605,101
37907,38735,30125,29330,76
9265,23293,15436,179,126
124,18029,23593,12019,117
28608,3439,10890,38541,79
15852,8494,8372,2660,151
20465,3077,21196,15348,113
21127,24035,15341,150,126
13130,30291,20542,1154,95
29404,9029,27090,27811,92
16789,162,22712,1067,98
22102,32002,37107,5716,109
31938,4589,20507,7577,93
14473,10155,5618,2426,160
35687,8715,18357,16690,120
28082,3263,174,27164,87
368,32640,30883,30972,50
21939,6945,20512,32359,42
14010,17768,22670,19071,104
29541,27202,28545,25585,87
29534,33231,37918,9842,135
31851,33111,27449,34866,101
21921,18017,6290,17658,121
4938,7098,6304,6786,75
26413,32527,27324,14624,77
22093,27274,1858,21459,134
313,26618,19148,5385,53
10644,27995,33346,4642,119
34013,10126,24103,19585,117
25517,38681,10046,5497,113
16035,18338,31165,15250,119
21369,12997,29396,9280,120
20591,22646,896,34004,92
8607,19755,7552,30365,126
27806,22754,8745,1255,160
23644,29385,13103,20003,123
27886,489,5305,882,103
14652,33062,3880,25071,120
8348,22994,37182,22716,162
33160,4809,30052,10764,95
35737,8518,22085,28945,141
23388,7233,33480,22727,143
13956,27931,12958,29413,102
27042,26324,1950,1136,103
14649,31827,6929,309,89
7193,24052,35560,30815,107
28111,17522,16134,1614,153
23362,34800,17732,23440,147
33758,34015,22846,21445,117
21060,37020,16808,5511,111
3884,18834,13864,35446,122
30516,35496,16842,33176,121
7547,24257,27221,31781,121
21467,3437,6034,6455,164
25509,22814,31049,34021,114
38721,37774,7709,2003,137
38257,27937,7181,1999,102
23557,4936,23015,8645,148
22736,19749,17536,37829,148
5534,33949,14405,16017,107
15294,3294,15378,11639,112
23541,10841,37875,11716,131
5622,6487,30450,35004,105
19732,18035,1617,35321,148
7044,13582,24881,18973,39
27085,34846,9512,2623,107
23266,2374,14529,16746,153
27153,1506,16580,17757,96
35646,37970,355,32272,112
7925,3755,25008,37996,131
18383,27206,37146,29390,73
13008,14620,13847,36952,125
37793,21523,15302,24065,165
31623,37985,15814,18809,132
37054,2024,24775,16231,115
31982,27291,13105,11018,112
29378,37547,20327,10161,102
28858,21911,34052,12054,100
1991,6980,25778,15169,130
18348,315,35335,9057,109
37696,16605,15825,35747,146
6236,18904,9820,24237,143
7524,5699,1109,6288,141
27123,6404,27925,1899,152
27210,10900,23596,201,97
18845,36262,19816,37550,110
17282,10765,22010,3,81
24944,37602,19012,30393,86
13667,27316,1880,38587,77
35460,24270,19935,24845,113
14708,15792,31734,30880,131
31539,14292,24873,4517,93
38343,7239,27773,7674,101
18371,13205,16800,8650,106
17434,4044,9176,5406,112
22044,33376,31190,19994,106
20574,35649,28974,9297,112
34135,20668,34023,948,52
34093,5591,36377,31582,83
4008,4662,37734,3354,119
34760,22889,14636,21215,158
33109,20494,37253,2311,116
7517,6481,10737,23019,163
9078,17721,38732,5450,77
36219,30245,4080,27373,98
16576,24433,38570,12286,81
18060,22227,33115,33887,92
26329,3437,31035,878,82
26670,7806,33087,31904,124
33515,4990,18301,15232,113
24127,31789,19163,12847,118
27943,21895,37142,91,108
21133,7215,8333,31896,124
33765,2423,6319,36853,135
1647,14436,14549,22588,177
12183,15104,27405,16610,103
12902,24774,37946,12497,123
14384,32420,12006,3490,106
31525,5729,16756,7169,71
34682,35478,1573,4866,128
9411,6965,6316,4594,95
4569,12311,17416,37604,121
18969,7088,21014,32680,81
22624,11274,9218,31087,104
7247,20460,32018,23450,95
36779,9856,28877,1268,144
33916,26527,19008,3768,77
36989,35525,22855,6871,140
16902,31563,33229,4706,94
14670,32280,7554,37058,124
11001,32763,19730,19610,88
3859,24164,18488,3074,112
4972,35682,11354,14578,119
24751,4259,33210,37830,123
26766,4165,16615,19102,79
6096,27912,25732,16906,142
19531,21022,17529,6152,151
3121,3928,29714,5609,83
8447,20701,24059,13966,77
28773,30261,34228,15104,102
36194,16159,4868,28133,118
9415,15203,24206,30936,115
18879,12365,8391,13184,124
36383,34701,31821,8015,115
1152,19,17621,16200,101
23349,10658,2250,22549,173
18912,17771,14315,19162,100
21256,19531,8748,38690,116
34093,16034,21091,35566,149
11403,18854,25245,23564,81
17009,16938,10921,22698,95
15832,34520,7618,29399,101
8448,27798,3979,19879,147
33485,32016,3900,20308,111
37712,22843,30311,4805,130
22929,13247,19916,24761,119
24053,4992,14662,32343,93
34954,19614,13156,31984,118
29668,19896,22703,21122,131
27167,1166,20426,1192,81
32482,34272,5538,24293,65
34150,33887,25570,10840,80
5353,26746,36502,1944,96
28757,8361,11262,29361,77
34645,24933,28919,22126,75
26727,30930,16841,21510,91
28732,8469,1765,12815,146
28228,36321,12,37944,118
15846,13663,22117,27163,90
24435,25242,1052,8491,97
14688,1077,10713,24152,127
7848,37179,21379,13752,137
12380,22901,23646,36199,158
24171,14708,430,9343,104
13644,1048,31228,27358,78
30279,10832,35434,26366,111
24027,36277,37899,36918,126
21045,13958,7888,25040,109
21314,17002,22144,17524,112
24444,10238,1270,8270,145
502,7577,6118,2666,144
1735,27771,31239,20489,110
15295,12282,1039,34148,118
13723,17354,37085,4920,84
10664,20700,1668,24750,73
37252,8257,38002,34531,126
18090,12906,8317,19616,123
10050,22776,5345,16694,130
15455,12158,20630,22130,104
1519,31047,27516,22808,126
22209,33853,336,20330,42
22724,28653,35459,29625,136
12978,15369,30154,38010,147
2533,9408,8388,29406,112
1818,3081,27501,771,111
16881,33338,11508,19176,72
33449,3257,23269,33479,142
1197,19501,8635,37663,138
13805,10110,1591,16601,119
30427,11362,16211,14322,111
12168,4833,12423,9131,113
21422,6457,12844,1955,180
19660,34826,31711,1865,123
21363,14478,24210,18946,137
12524,16514,25922,13147,124
16678,7241,13775,14610,73
3284,19958,33490,6906,90
7700,4786,12190,13126,132
10619,30024,10520,21430,120
194,36928,7216,1930,88
22988,22020,1622,13657,131
23617,27221,21906,33910,101
2487,1735,4609,21213,156
35335,31032,31862,28921,135
15369,28850,25231,14620,116
30351,24207,8364,27035,99
2611,22269,4742,10006,138
5450,9900,433,10872,100
15110,11619,7002,35284,111
36478,21474,6038,21059,168
18768,6073,22118,1203,120
17736,34635,23453,2530,143
23491,20373,20609,30095,78
15844,17583,29739,14766,109
25162,26679,20709,28874,47
38270,32413,29002,4020,83
34675,13742,5457,19828,77
217,19729,28701,10547,88
19850,3863,9009,33929,104
22705,23398,12090,16637,148
19739,27023,18433,27299,81
9785,17766,22118,38534,107
34674,9076,15448,3189,105
15995,20674,2487,27261,102
11020,9466,33313,465,92
11320,10054,27503,34558,93
5462,34887,14597,7526,121
1172,4698,31613,22533,129
24144,24471,3036,33059,113
30036,10158,13591,31631,120
13963,27754,1210,29427,95
27510,16654,30764,24982,47
25581,30453,35444,11557,123
13562,34185,23337,11612,84
6897,28227,24408,7599,125
32607,24208,3325,30018,79
2562,26284,3262,14448,122
18475,22904,11331,7506,125
29632,6998,20422,31074,31
15874,16580,27770,16835,105
17269,13211,16912,18449,99
32336,5451,24272,37741,101
15364,2679,11621,22155,124
5627,19181,16850,37089,77
28262,36114,16175,1873,148
4615,23345,26564,10185,129
29391,8617,25100,35594,93
18394,12914,20665,19139,80
7543,23476,37008,12957,165
36855,23292,10985,16038,144
22705,6264,23400,36250,169
1199,24204,30304,45,89
30191,14359,367,30361,92
36433,15498,1132,36962,125
19891,20726,20255,11579,42
1947,31738,37653,37111,154
9242,395,31540,16821,78
11558,24064,12218,29497,79
11762,28234,28631,35765,139
36449,37584,14470,7828,151
31256,22773,28198,38539,118
10813,499,35553,24914,86
22968,16724,7633,15853,140
13042,21756,5754,5535,102
22984,34219,8561,27433,106
30313,14712,10191,14250,157
33125,19199,29002,6859,88
10015,5633,16655,14257,123
22521,3260,36183,13849,103
10161,3867,21253,18371,164
11404,16768,1873,32265,73
24121,34030,23676,30925,108
115,9314,3884,7861,116
12812,28212,18261,3875,148
6885,5666,27217,32512,49
23706,1784,27023,10219,162
26250,9789,24936,3445,86
20413,13633,3054,20373,37
25974,36444,820,23671,143
32265,27010,10658,37221,78
13920,21518,32014,15395,138
17695,2741,15884,26506,123
30334,3466,24421,12825,110
38283,28201,22660,34065,109
29488,30882,37150,20360,55
32502,10808,27047,9120,74
38533,1701,37167,30926,98
19559,12185,3088,32485,92
3969,8263,10942,390,103
35514,34993,12016,19957,134
31104,28131,33028,14323,141
15300,11599,36520,31928,106
25167,19214,14384,30209,83
25108,37095,21021,8586,117
30861,12131,473,30177,82
26344,6294,979,3072,111
3904,10529,5364,24206,112
36271,26645,24260,7828,105
20629,16604,17014,36336,45
28078,8323,29654,26770,95
7867,21265,35484,14649,188
31236,8391,11298,38633,66
23410,2529,8349,25707,171
25822,2022,19531,32004,144
21274,30192,4266,24021,141
16273,11492,21945,12925,111
38020,27102,24017,11563,99
21131,28245,12376,31183,150
31673,24357,207,38690,74
19696,33073,9351,3038,110
26536,9123,2546,316,93
27002,15135,4765,13856,83
8262,28613,25157,26019,104
24416,32477,16730,1952,92
4845,3398,8458,31704,101
22705,9862,33372,17747,161
28168,13169,31686,37524,164
28520,37047,24179,824,122
27751,6765,17473,7521,122
35694,16837,5767,7171,90
978,1569,28610,34742,123
34824,8598,2362,15939,135
19125,60,13707,30417,57
10063,11632,18845,21854,102
22130,15298,30758,35316,137
5664,6267,4039,38353,111
9410,36012,7785,3959,131
2021,7901,24934,11529,100
26765,13129,9875,8427,135
37678,35669,6060,5014,159
6276,1820,20442,12856,132
30374,32552,6177,9271,104
5660,18869,35539,36751,119
27005,13686,34801,442,51
37957,32441,4812,14596,109
33454,37201,1512,34043,119
32395,30022,16640,3172,61
33946,1815,19923,16211,118
6468,37759,21168,5475,161
21426,30750,15094,30956,127
26583,30327,35002,36915,82
3029,507,31748,7860,103
6094,19118,22769,1255,144
16695,38315,2612,2615,112
24065,35519,29732,37744,131
3989,12428,24160,36950,136
13980,4746,8719,19824,88
16722,17372,7517,32535,88
9854,7597,7175,26365,113
7886,30990,13258,22524,149
17452,25501,16536,19567,103
5441,16602,38427,1854,79
28224,14013,27114,30966,92
9953,21056,19598,10235,180
2253,2563,6352,16580,154
28845,1820,17490,35465,153
16811,7601,4923,19156,84
21142,33472,34231,3381,114
19916,12818,37937,36348,133
24907,28768,1104,3915,105
37995,1754,25958,25828,165
30291,26686,12418,16950,81
31813,12872,9174,6274,147
5265,25724,16893,18355,91
13913,25743,5376,36196,91
38345,15944,29301,31834,80
3959,8729,15101,36786,145
14670,37000,30962,9006,118
34569,34160,9221,18377,76
12948,19712,33250,10751,126
13848,9392,249,34501,63
38348,32499,21083,22608,112
15156,36339,2458,38649,115
36331,13014,7692,14618,145
30869,23260,2525,25261,121
16240,38472,19700,13847,83
21856,31531,13790,25004,75
35623,26519,18412,7505,131
7630,35760,19100,31557,146
35316,23446,5676,22839,173
30248,27987,21037,3934,158
27173,3348,27781,35432,134
34086,36024,12828,17489,95
23319,6378,1071,22723,180
25841,24781,30085,29023,93
20553,33494,19064,36080,74
4562,16268,4248,21999,116
23756,23680,9019,21454,181
24510,18308,33756,16505,72
15106,27029,2554,19729,132
25111,23538,19883,19625,111
13649,16256,1607,35742,147
37692,21135,24413,22799,173
30078,9038,8453,33828,91
7854,3104,23308,22829,164
7175,31972,27233,8679,89
10054,24188,35423,18307,156
6894,139,382,37253,50
8643,19704,37066,26677,104
33840,23435,13690,34108,83
24523,17024,4928,27020,69
10821,25858,34031,14639,113
5412,27284,23368,22640,135
31629,14561,32748,2587,132
21508,28179,32633,20276,106
34622,38268,29310,23551,78
29762,34227,21839,37744,83
30076,24803,18804,34959,58
25684,30169,7156,7565,110
28746,1592,8379,11547,117
24110,23620,942,13700,126
5508,36103,22715,121,95
15878,33477,16840,14660,125
25830,30417,133,30431,88
33499,13842,29734,24875,55
27253,32743,35313,36042,97
23493,27021,428,32263,81
30470,38708,21092,5283,96
24970,1214,3427,22020,80
30380,1039,20275,12939,95
4728,23694,2708,36429,135
33982,16245,22727,9395,122
15853,2343,27806,22070,156
863,6361,4793,13824,106
8502,32420,21757,17702,92
10814,24923,9402,18247,77
4153,3941,37028,18011,134
20481,23318,10000,25133,108
21271,8570,24778,6819,93
13096,30413,13075,8306,133
14482,18178,38257,21223,120
33095,18351,19211,29000,104
35741,5381,30444,10627,118
19698,298,2766,26714,94
22585,4885,11406,35557,126
9367,22950,22039,29530,105
30248,25923,29744,12419,100
15092,17320,3105,24820,90
28269,18189,29267,6353,120
19937,11503,22893,4693,101
1052,6363,25082,37517,127
944,24241,15944,12961,137
18925,10159,21838,2387,140
8511,19517,10057,28920,142
27897,1569,19667,22538,167
9936,27932,17478,15382,164
29598,28892,908,9281,93
3135,220,32531,27443,49
25519,1225,20544,27960,118
3908,28019,25092,27850,135
21219,15436,15230,14668,174
32303,3123,27357,12044,79
27896,9373,1904,15962,154
15968,8393,27938,791,148
37230,13956,13088,37515,128
4806,30067,1909,3250,100
31716,1845,18464,29402,105
5670,28258,20600,21803,92
3797,31513,26357,22985,135
24025,17636,18753,22602,120
5552,18152,10243,24906,96
18509,37513,26569,22274,105
23556,33852,12288,31675,131
16670,30083,35592,24203,115
28611,11363,16669,34707,68
33262,19569,25125,30207,88
38635,35711,128,8608,97
19713,31110,25078,11337,59
10580,28812,32281,34151,71
17460,25120,21053,22622,128
12240,17270,9336,18846,105
24079,24168,38522,36483,84
18075,30134,17545,26451,83
36518,14525,16750,11696,84
15346,15069,4874,17661,122
904,885,21067,18101,137
38010,9002,29320,30284,98
12790,23448,18317,20311,116
19859,1161,1745,4826,118
25695,28993,27192,30521,105
10116,11460,38579,10032,117
18808,24880,36830,5539,69
8277,21367,30874,3104,121
22570,12013,34622,14009,115
16101,7079,36837,4139,115
4910,15228,30409,36066,98
22226,28559,22066,16156,117
36180,1706,13204,29709,108
30999,19812,31748,15169,121
20466,7125,37563,13071,93
8376,17451,7693,17716,128
24071,29755,6896,844,72
19241,19612,28745,324,80
23353,6089,18878,12013,151
28589,15451,31176,18761,105
31548,7972,14501,7571,162
34844,1643,31213,1983,123
15218,11285,15987,14332,130
31792,14413,16818,7182,94
23397,15089,25595,16066,168
15093,30380,1962,19595,135
8655,6156,13717,37233,124
29325,23662,7561,14478,141
3941,21484,33987,25589,137
25122,977,29598,35455,92
24892,2445,17746,7773,120
23558,29256,31000,14355,116
31954,7142,33758,1955,94
9412,35544,32277,2002,132
22202,357,12248,18450,90
10675,5670,16250,25757,118
34851,26770,4251,19974,97
7869,30924,7728,7694,147
22985,24829,17396,15766,115
16220,4616,178,19927,85
22177,4998,5547,13820,71
23435,38734,21754,30421,104
5507,31792,15178,18985,110
11016,5645,16244,4737,94
16053,14267,21901,226,110
29436,37884,31775,4597,97
770,5767,25999,21831,114
4724,6046,35503,8460,147
24892,21903,36939,13669,72
21908,25550,37806,36170,129
37903,99,24204,6369,127
2658,12275,21881,5545,128
19518,19910,34751,21248,123
6859,3884,37962,18105,115
7897,29716,7252,16908,65
25757,27970,21047,21211,184
22169,21954,3319,29756,74
13024,28783,17369,1682,139
21927,19761,6189,12904,139
15780,27471,27255,17525,93
13147,19870,7189,27316,89
5688,19173,5672,22906,103
9319,27437,22080,26600,79
31177,18033,24772,33445,79
1736,28158,16066,19829,155
8590,36145,6970,10974,85
1599,15383,35703,14638,180
7814,25974,26521,28960,123
29747,18402,23609,19767,107
13632,15316,16939,27888,111
27322,21068,31114,38452,88
30121,9889,7972,27911,162
19632,12519,2538,32745,120
24006,25718,35687,51,126
6838,22016,4715,16243,83
9053,19946,18964,23579,123
4009,24317,6054,37611,161
12903,15303,5605,6391,146
281,37930,28662,253,87
31218,14664,27893,23767,158
16219,7136,17305,401,76
10032,18762,38417,14745,114
7700,3898,38642,4807,102
18331,478,38292,25786,72
2024,35629,9901,28215,194
24900,4519,10669,10131,92
3355,30350,36272,19904,91
35465,4722,14631,3785,149
14498,18763,35741,32023,145
12773,28273,22944,31552,168
22053,36879,10996,3013,100
3792,16019,24753,784,112
19594,26488,36838,34688,88
17019,1892,7124,28505,92
13950,7811,22732,11462,115
21777,19811,31558,11254,97
27838,29619,24154,6359,126
5702,33189,25073,27254,72
24119,33524,38709,27169,84
10706,25088,3912,33153,102
27390,12441,27935,8680,130
5274,23770,11658,19039,97
30298,22682,34673,3237,108
36388,22949,17274,27031,111
27213,38399,5728,24987,42
31711,7894,3330,24839,100
31272,19793,31538,21256,130
37682,2727,6844,36125,121
1895,22753,23513,34982,162
35450,19678,13671,15865,131
27754,26571,9029,19158,101
21441,10895,27842,5746,139
2582,15419,5774,28572,138
21788,26418,31604,3822,111
3392,34620,27468,8288,85
26376,6301,22909,25653,146
2669,16571,10919,15197,124
3100,135,19536,13671,67
34019,3917,2386,9869,148
14714,24882,33848,36372,75
35562,37560,11516,35487,161
33202,12929,15245,6475,162
24826,6258,3907,28674,120
26516,37555,15758,19075,110
13857,24251,30021,24487,93
19165,13158,21186,15377,146
6772,12253,22700,4532,106
27464,36769,9843,19990,125
15156,4734,34520,30171,94
12826,10044,15225,19173,147
24076,36904,37068,9780,142
32605,4007,24966,27216,66
2741,23319,15489,22943,190
4711,6811,19531,25246,52
23645,3085,15266,9057,140
1900,30251,24823,8644,102
21425,31072,17402,22725,143
18126,12189,6859,33089,101
33423,36251,10188,24151,136
7571,188,2459,16112,134
863,35678,4847,37902,144
19895,6285,17634,5326,120
24174,21871,30825,31114,90
21455,8756,4589,18775,113
1928,32445,7896,30036,117
4775,28678,10962,38400,73
26524,26563,9494,31011,69
7171,27806,16642,16102,101
21119,17767,13603,2256,137
1274,36250,9401,15323,121
7729,9953,19237,13882,123
19604,33860,23444,19833,117
24293,26385,17700,21451,117
33414,31170,992,27270,100
36162,32550,3397,17386,75
18797,7942,31964,30829,111
9953,14529,25207,15035,137
6420,10890,21950,20702,98
1749,24447,5532,22908,141
29632,19920,38764,21072,87
11661,252,9922,26680,79
12483,24817,20383,3313,61
2399,34947,37670,27759,156
18354,4507,6923,23765,96
23562,27299,15853,34903,121
35666,24425,9945,22071,158
37803,18514,7136,8407,108
28100,12269,25798,4061,160
7255,23558,19909,4760,101
28957,21206,34225,27153,104
4219,3808,31880,2459,162
1236,10764,32711,29384,68
1136,2582,25727,15144,159
6121,9268,12958,14340,155
26662,1077,2393,4014,132
22026,3277,1935,36834,120
25906,37827,38596,4260,128
36026,20467,22665,6218,119
22562,8691,28231,10875,152
36138,10862,16150,13247,121
31019,18509,30508,2658,111
7106,12170,28039,33949,98
27889,31963,26409,12109,128
25826,10761,37244,37057,124
21780,9243,19821,6345,127
35417,6927,3047,24134,109
36187,16505,13045,8013,114
20515,38288,29354,8703,44
31059,19799,24776,7242,56
3324,10713,32502,310,58
19677,37601,19037,19913,117
34613,1967,13854,6353,121
31502,9784,38008,5376,149
8759,24327,36819,34949,110
1512,28080,25236,14641,135
17694,6073,38553,12399,114
846,12006,3806,19138,124
2696,31954,25689,24309,149
37952,18869,27460,36509,97
34736,17442,37232,29529,78
2318,22199,14714,19813,143
16800,10162,30238,11717,94
28110,33894,4919,5368,88
19845,8723,33502,30755,114
14615,12378,30176,5570,119
5326,12883,7050,21074,115
32555,17379,24104,31745,97
37945,22149,23480,101,128
14607,24312,30753,13129,128
23745,9413,25565,23627,169
16615,25956,34910,10107,117
18845,10213,34033,23471,128
22778,15006,30758,2557,156
37841,32270,19271,5612,88
24250,9277,3077,38289,81
10547,34610,7645,9942,135
18816,27216,21419,36407,102
38565,32699,27104,6196,75
25199,29355,33804,24079,45
22638,1968,31264,16119,148
21454,25817,19983,38377,121
16211,14254,10644,8599,136
7143,21231,32577,1716,109
36151,19697,12822,1777,132
8293,7934,33112,34151,120
4850,7526,36482,21997,103
16209,24189,20303,16714,79
36178,37003,13865,1919,109
35293,1925,15409,8289,171
22781,6900,5352,18880,91
1105,25247,32622,24284,72
34651,26585,11538,20644,41
1187,20555,21894,37969,104
19629,4805,1592,5504,105
1609,32437,36960,35746,136
23302,20762,31921,21240,138
9197,18895,9456,19274,86
6444,30458,1549,18362,136
14739,27335,36916,37164,119
2311,22045,16981,17304,110
5606,21142,12940,8405,141
4210,20325,27822,16712,99
23623,37100,30128,22624,154
36281,22195,31066,27511,79
10760,26465,4147,9997,127
22227,25657,28893,28602,123
8299,7826,29353,13693,93
6216,22679,22116,29580,125
29411,23018,5326,12280,108
17532,28907,29461,29589,64
15226,6491,11302,22966,147
22793,37026,868,33023,147
7102,37060,23463,29499,94
34005,33121,12929,36937,114
12829,7663,24998,4663,99
220,34816,14405,8327,98
6833,13000,12950,1028,117
12006,22778,4591,22151,124
14589,2016,35587,1529,183
28069,28852,34274,33512,120
22195,33423,22737,32563,117
2535,5722,1164,7270,106
2360,31145,25034,22083,94
20493,5285,31104,12488,75
34865,3283,19139,24850,56
15138,19232,24477,12204,122
31211,37777,30445,14022,98
3018,13561,35397,36022,107
38606,15331,5371,6255,112
30086,33123,5454,24473,105
5685,21784,16027,12266,117
22825,1843,3895,13909,146
34206,13837,2674,33306,105
7075,24109,31592,1848,114
15892,36388,37164,24490,118
33818,9034,37226,18490,90
3424,1062,5403,16025,108
8648,11291,213,911,81
3254,12361,37982,19951,129
32599,16099,33034,16623,91
22010,11431,25025,21811,63
12902,21389,14293,1796,175
518,26334,5353,37169,68
7921,38604,28630,7852,121
3368,8742,28747,9437,110
25938,7742,16880,3940,132
24793,26361,14461,7120,64
15266,26280,6338,9254,127
34855,16034,24949,8544,90
14287,13902,36349,6449,123
5768,24881,10709,15906,83
25773,31617,8562,14278,147
10673,2365,37884,33036,152
10762,13692,33865,22205,71
18142,11399,37079,11423,74
850,34137,14461,1935,127
24507,8466,4260,3897,142
36492,20641,27386,1714,82
21332,18911,27489,27797,127
13026,31957,22853,17506,148
34262,33473,16679,2655,103
11515,4208,4941,13776,77
13001,136,20433,21753,72
13589,30219,13212,22039,99
32466,15224,26410,25146,64
21224,27994,13757,4884,123
6320,35498,9032,27208,142
32350,25262,4890,5405,44
14480,35627,24500,19959,152
18131,23357,3482,29399,99
6051,6032,28233,30177,162
11766,5691,31157,36512,68
14591,14760,17505,36317,131
32545,36766,6176,25163,89
36165,37137,6078,18406,122
34019,4811,32419,31733,65
25022,15034,12311,31024,98
23757,8710,19767,16119,150
7897,15309,31679,30401,140
18205,18184,9756,37090,128
29724,34849,10117,7944,115
5666,38694,5613,109,49
21773,13021,35016,30433,103
10754,2358,35666,25819,163
19010,28921,8311,12822,118
33991,18168,16751,7122,50
22942,13777,34834,26683,91
13609,10156,20280,10913,90
22554,1610,12222,30066,151
16095,19695,25772,1560,147
35009,17360,21448,33949,102
8749,27223,26428,24841,63
37994,33981,5423,15403,114
6939,22081,25102,17397,61
8444,6032,4099,30488,142
9779,24798,13690,472,73
25737,17276,12020,808,132
6202,25905,8381,7839,161
17008,5588,4770,20271,46
24283,10561,33334,11583,98
8485,27312,6381,35695,148
13636,14593,12234,14341,133
32594,14419,31095,23589,120
6152,34070,29257,18131,83
1775,16223,14508,13074,162
948,16650,15757,38556,85
35321,12902,33380,19846,155
23752,38340,12501,18326,116
18230,16535,21354,15979,121
13594,6977,31123,30506,60
21093,12303,28171,22823,181
33305,38464,15791,29711,81
30477,29286,37967,38424,76
9901,16680,12064,14250,140
4234,22526,28996,24356,148
10862,6808,36121,26734,64
15355,23358,274,813,131
7838,23721,14631,22010,162
23592,4565,12171,1144,134
27799,3254,31777,18945,116
3382,10676,18997,24518,89
28738,22095,23374,37187,138
422,3147,1962,3439,90
12061,5376,16905,12833,105
8316,5511,37091,17374,109
19600,26321,5563,7594,102
13547,13658,288,17338,58
33038,12352,26751,23704,135
34506,16215,20613,2299,104
21171,13068,23703,33828,150
13956,28678,30492,198,71
24475,18523,9797,22578,152
21890,6867,31784,38271,71
6859,6954,14690,37208,87
21981,29253,34148,7680,81
21083,15890,25907,885,157
7187,12326,9811,5553,113
37662,26324,31118,7044,82
27041,8298,29602,26510,64
14382,20694,8655,37739,122
16626,4864,15802,30339,84
37714,14427,20388,12500,125
25241,12364,7113,11371,56
33302,31024,10965,16891,88
6399,25585,8645,6320,165
36857,5421,24838,480,59
32559,776,23411,14600,134
17644,1831,28206,8287,149
24424,4795,32013,28546,107
34048,27407,34775,29685,45
28108,16511,13059,21391,146
2639,25621,941,11380,128
12245,18751,12831,13984,104
30175,7172,22204,24827,57
14730,6395,18025,24775,115
6820,33161,208,13535,61
7056,21165,18431,24263,109
37982,34144,9425,13823,94
10903,9766,14259,19660,145
18174,38557,4738,16235,79
7562,34136,2707,32471,108
20535,31108,16189,3448,77
12945,37584,34990,19031,117
3387,15382,27091,28785,106
8656,2611,18462,18085,127
25579,5344,23413,27151,124
14379,37555,36467,13170,147
36972,523,12225,30339,95
33341,16016,16204,38625,114
36252,27794,30223,15355,130
28921,30788,30295,23681,122
18924,12329,23638,3316,124
13801,13897,7549,24460,98
31163,30512,28662,817,102
19104,34862,3341,20476,55
26315,12995,6413,16571,109
7652,12159,3843,22687,168
28075,1949,28851,36985,151
21169,3382,12053,13636,119
5604,17466,22952,30261,116
4974,13989,6886,37958,79
31019,15397,13677,16744,83
5376,11532,24404,33930,67
19667,11008,23768,26571,116
15098,29755,28122,32436,99
19075,20622,16848,36056,50
4034,111,359,19238,68
22615,2412,22642,21439,196
30834,3861,19539,14645,128
28878,14670,24952,26651,87
3966,7025,22085,27831,118
23697,9447,25817,2657,165
31557,9475,26651,18874,89
1707,1156,34516,27972,139
33981,5558,10517,30287,74
11714,7903,1168,9413,112
23506,5018,26017,34154,113
7707,35429,26445,5309,127
17748,19066,11394,32402,60
5270,17311,28560,15978,112
13247,14495,12842,33271,155
19865,16053,19885,18030,116
27019,37665,19737,24827,91
19928,11505,17493,35023,81
22901,15287,18863,9508,133
28109,32534,19794,35483,135
25134,27815,32402,5511,76
24228,29750,13978,6094,93
923,17289,2463,31100,124
6944,17019,6985,2422,73
29261,18501,35310,1954,124
29392,12340,21081,34194,99
29350,38745,15814,7911,89
33383,4719,11481,38563,64
33914,19027,27497,21916,65
4837,36106,34150,33767,53
11616,14326,31643,15443,127
27051,31051,32705,12224,77
28183,26635,17304,4684,98
4097,8576,1753,35772,170
1751,30466,17759,7128,99
12206,33104,34134,34820,97
32673,30234,35334,28630,113
31115,29745,6954,27202,44
14600,15985,32605,9186,114
95,36199,9350,33845,63
12879,9500,13951,18434,102
38423,7713,19972,13857,89
9013,1567,34944,12109,124
32383,27148,7269,5400,49
18911,7889,6374,9274,133
18101,6970,20437,3465,52
2275,16156,2651,7015,140
24096,4806,7901,37165,117
38281,8601,25599,10093,127
36987,36406,17774,2423,126
3412,12892,10881,20291,85
3220,34854,25171,37589,85
22903,9108,35287,16191,166
18319,21352,9879,19203,140
12084,26342,37194,37735,124
29294,27782,6196,35004,114
27035,34121,14640,25053,69
17559,23695,25085,29020,111
8359,32763,33328,13667,89
18022,31136,20407,12850,82
25805,19218,30036,15390,117
10044,18960,2258,15344,156
424,12987,12851,20633,86
24401,19216,35695,19246,114
9858,29010,15335,72,128
10909,7047,2761,6459,126
32659,26284,34721,19155,53
34559,20421,7026,27315,41
22137,12814,25107,37575,112
15332,9477,12067,4564,118
6410,22150,5473,21997,116
19062,5281,6023,14340,124
12325,33056,12128,38536,112
10193,7797,12483,35514,183
32017,24163,22696,15522,153
20622,33429,5708,27786,102
20686,37178,3438,1951,97
36456,7654,28694,23693,146
1703,31812,30837,35415,149
23501,13861,24793,9934,119
6041,18770,26313,9383,102
31756,38363,22987,35341,141
15983,15033,36157,17388,125
26448,31129,18062,37032,84
6217,6434,15897,27762,177
9217,31526,30770,21094,129
20002,31094,25016,36397,70
32745,28795,32399,3918,86
36267,37053,31944,13683,99
35301,28115,24161,19880,156
17661,10232,33469,18891,128
19015,16616,31518,10786,85
15112,31733,18395,23679,150
36423,2282,14564,16998,122
4912,28811,9032,8364,104
16041,18118,31270,8282,111
20627,17709,4232,23357,120
3786,7224,25138,32707,58
22865,15440,6145,8542,170
11745,33022,18018,18849,84
10585,1983,219,18264,97
30869,28582,30938,1007,98
16787,36985,20423,22183,69
31848,18176,820,8373,122
3949,9935,8529,33340,159
24452,82,18760,27244,66
25823,7990,30797,23669,151
20551,35359,10793,33065,114
12501,3522,24246,28189,131
36194,22846,16602,33133,116
31030,29533,18067,13890,58
33803,1048,4832,26458,67
25765,13615,29011,30317,103
33294,38680,32435,7988,91
28695,27012,7867,20269,90
30845,24352,33340,3079,102
33192,3876,30940,25730,131
18198,9936,38544,17399,105
34071,1864,8289,11544,96
9059,3036,30836,33103,100
9493,111,17545,29593,63
25962,7608,27970,24400,156
21368,4255,28017,10613,160
20539,4023,27200,30820,75
5330,12834,24180,40,93
6321,8668,25076,29310,87
15511,3059,21846,31981,120
19803,25526,8273,18774,115
23497,31589,25610,6454,171
30197,27466,36776,2766,116
33887,26332,37570,23515,118
13070,18110,30954,37628,125
15495,2291,24451,481,124
22118,19887,19026,16226,106
19143,17558,12443,793,110
22870,37932,6154,12901,180
11356,1848,7079,8610,94
16214,15041,2445,24314,155
349,25963,12017,16616,91
10623,37999,21125,28879,149
27160,20630,1554,28228,107
145,465,34888,6452,76
11388,5416,3893,4232,109
32670,12517,7696,23417,139
2446,31110,9066,16509,104
35584,26514,33236,12519,136
31717,3193,996,13787,99
18517,27205,22684,34527,104
12961,14321,10134,21185,182
24859,30789,35605,31658,108
27156,35362,1981,9064,139
38572,17502,2351,29303,83
25710,5305,16649,21,74
38400,17620,25136,24243,63
37029,31970,21956,32627,98
33484,18335,9292,35630,138
28863,30245,16049,7805,132
8468,11424,6802,12903,89
26718,33255,5590,1802,110
3752,37180,10228,10945,146
23476,36797,4833,10184,148
22535,25691,26431,34657,116
25632,17735,7844,14395,149
19688,12752,33293,7269,109
18030,27189,34731,28261,101
23504,14420,2484,15351,183
33418,10856,22617,33973,117
25881,2577,4065,7125,133
33315,37774,35414,21107,183
20328,1689,13714,3827,99
36779,8257,20638,25550,104
7088,25266,24208,6858,46
14690,15160,14600,21046,175
25967,16897,6763,8341,89
10815,35326,29534,13679,94
16659,22554,24409,37164,120
22177,34842,3873,37744,127
12206,36294,27763,15300,144
18473,15918,32264,10891,92
90,16177,16061,1617,124
11360,8430,6299,435,96
9886,34707,33858,18321,100
17637,25172,27903,33383,110
14683,14019,3416,10987,99
37134,15210,23279,9496,151
7212,9113,12467,7823,113
19503,760,12248,16564,107
12078,7741,13795,30284,114
32408,168,9496,508,47
32610,37730,36479,12845,113
3506,10665,28130,13258,129
1750,34193,12290,1526,133
16588,15345,22131,36199,98
29453,28621,9285,29014,91
33267,1758,20723,13749,94
4583,1567,35673,15126,152
31855,17368,20619,24337,91
8393,17655,24967,24509,91
3022,30774,4976,10811,76
34687,2336,15768,10207,153
28614,12302,25829,30471,126
3361,28952,21214,949,132
18467,9026,23640,30849,120
10589,17575,15047,1814,135
33856,36134,15294,13500,84
38004,37101,36868,12487,143
11617,31823,34988,9373,88
23613,5620,28981,9968,152
7046,24850,22736,29678,63
7827,21341,20660,31789,129
16718,12409,2702,21018,145
20669,22074,6308,34699,91
17558,28513,4134,13856,109
12072,20766,12829,13664,90
34929,16064,922,4217,126
25008,13160,38328,10991,71
236,26295,29393,33750,31
22677,2750,9469,18392,147
18971,37083,4159,16580,98
11750,36293,19607,13240,98
25856,14300,166,10861,110
866,36514,36002,25273,77
6478,34824,25832,19635,130
23,24948,19166,37240,56
27359,17533,16629,34076,61
31970,28218,34859,20523,99
17742,31772,33480,4914,109
35259,29513,37549,4877,116
24865,37939,31611,16604,93
36202,11520,25659,12017,105
6378,23262,32445,34183,116
10023,30885,30057,25557,129
38652,31268,17616,19210,65
19899,6101,7636,9781,169
22069,3207,33840,24469,83
33999,35364,11623,1598,116
14765,25647,19813,31555,142
6816,12461,13690,5371,75
27858,17664,31171,13838,103
993,9515,23306,30373,133
30285,37937,4807,13807,94
19030,16740,37733,9481,99
22269,6020,31738,18981,122
18788,29341,34975,38717,42
31261,21168,30401,25071,93
8474,34077,24515,5774,90
25564,27386,11538,24362,92
4660,28,19935,36156,69
27942,30200,25757,18166,129
3360,22656,20404,29595,75
26653,16100,18960,13592,78
19833,26653,30343,38548,67
29629,31090,37714,6760,74
13863,11278,3192,26665,55
36375,16095,8293,4850,105
7791,21823,4770,105,88
37890,10800,34223,24191,107
7509,1217,38347,8492,113
34171,18234,33107,19891,95
16121,28019,37542,28054,174
5315,26703,4188,16251,108
21803,26327,10731,1938,105
17417,3485,4133,3229,106
16184,18948,31169,21035,121
29536,16524,37124,30045,68
8334,20738,27133,6293,97
34592,28100,13201,7836,145
23741,21340,38478,7926,150
3339,30202,33804,34753,68
17395,36042,4105,2722,135
3399,26433,16907,19227,59
23533,22213,37093,37008,139
21363,9187,9005,13858,117
14713,23619,12502,3821,170
37008,30861,9497,3958,116
38549,12462,14710,24766,86
7543,34541,30373,31049,100
10583,30933,10663,20420,68
32481,19206,9934,7718,118
6079,34977,25228,34078,76
7506,28699,9811,33194,159
3134,16592,8542,30274,86
16854,30984,33073,17264,90
28749,21177,13170,6165,166
1759,2514,22200,10021,168
328,12862,29428,7847,92
37142,11760,29349,3892,85
30252,8675,10560,32589,87
13155,21820,885,19004,112
31859,1512,20723,6457,127
14438,3064,32689,27511,85
33368,28872,19731,6375,140
38258,13885,19550,36436,67
5606,20270,2543,18087,92
15042,17266,23275,15209,160
12000,25936,5749,10945,117
37940,26310,3948,16982,108
37892,10025,16680,38401,112
38584,10137,12455,18820,108
1630,33366,27944,31552,159
22193,7122,4831,24127,75
25707,1965,9162,1828,153
5603,31065,15907,16030,111
18177,1174,466,13838,74
25888,3198,24939,14686,103
11609,24232,21338,9872,140
25033,18428,10233,30834,95
33080,7584,10914,7187,109
32714,8504,6256,31129,106
13039,27253,16931,33913,74
5280,33209,22720,13986,116
1166,21018,24391,6812,118
21017,27418,1230,34884,114
3808,31961,348,22247,105
15841,8707,33227,3937,145
27224,14550,10512,30933,99
32737,26682,23636,26726,84
12396,7500,4101,3853,159
37860,5455,31076,13806,95
3410,27478,36912,12177,102
2770,7226,22527,6978,111
4930,31218,5630,24857,54
2410,22092,2446,16793,132
24263,33381,35349,34686,134
8475,36977,19947,8403,125
37869,32267,38267,10131,109
8296,13851,25236,32597,57
9832,34146,9910,28688,141
15499,38289,7606,25256,92
13213,24478,33445,31010,121
38440,31189,8273,6241,103
10169,6241,3393,1006,150
22657,27293,38612,4891,83
32673,19016,1048,13016,95
5763,33480,13819,36073,88
24045,36206,36957,27402,96
5597,19534,9796,25787,136
20673,23658,35282,25931,145
36450,22926,13894,28203,129
3242,6817,36760,21045,108
37533,2285,29729,3263,117
3010,7515,18300,35591,139
15489,7228,25800,38513,91
22506,25698,29397,22192,116
30319,33002,4944,31808,105
30313,22126,12445,9287,110
4144,37934,14587,12125,163
32303,2735,36901,1129,119
7553,25113,973,35734,131
35406,6834,30330,18110,105
13943,27062,9981,21090,129
29483,11278,33333,22850,98
24324,10945,8645,3448,106
247,26348,37591,36798,94
22070,15010,10915,24110,119
928,25762,36151,28645,121
34634,24977,1655,5658,83
21383,26439,22667,17393,137
26720,35436,8580,37866,143
30846,37500,14416,26660,117
11721,14333,34625,18313,92
20554,6794,30045,21814,56
10801,10792,35676,28017,147
12856,29593,17403,28217,115
12194,12123,4935,17280,112
30904,22797,37600,34054,121
29385,397,3489,14452,72
16879,6031,3517,4819,92
20575,8769,5274,24963,57
22690,35481,2018,17485,172
16162,30504,4889,33385,108
4196,24890,9393,13967,83
31193,6157,33257,28107,146
11584,12369,31169,10905,88
5423,27763,24057,31521,128
28531,7093,26004,6870,82
34685,16524,30945,22590,95
13970,36370,69,15047,81
38605,16605,27092,9167,58
27274,15791,26423,17560,90
10924,12396,22009,26265,97
8459,7853,16640,21481,137
34803,17398,32599,12465,87
14333,8735,21176,17487,151
22660,29312,35519,16181,143
30946,27255,12289,26614,81
35694,37188,28267,16099,167
17328,30933,29664,18448,71
4895,25039,19731,9760,96
1869,25664,28680,11344,122
17438,28701,37512,3412,121
34878,37522,30402,23544,136
11533,7075,12130,6351,100
21770,36949,18073,2322,127
30992,26301,18269,35482,106
7811,32462,33855,36445,81
9252,37607,24088,10082,152
19733,22834,1945,33254,156
23763,11299,1648,14292,148
23555,17658,23488,28910,160
15223,5535,15452,30980,119
36220,5769,6392,20436,89
16939,6101,37248,8321,122
9934,17476,28949,8498,140
20445,18090,7020,26709,44
27951,3890,10508,5679,129
4034,33437,38646,11705,90
4193,4800,22092,17651,105
34841,33443,25712,31150,108
4998,33211,7631,26592,104
13262,22560,13098,1993,171
14507,27924,5685,7179,114
29531,15017,29656,8463,82
265,7133,34703,32253,38
3859,22264,25760,7044,110
21032,22841,5604,30951,136
9338,9202,9894,25258,108
4212,37147,17024,4235,122
16632,2602,10913,27772,129
33287,18234,33046,26302,105
24306,30285,27950,10688,121
31634,1563,32760,15909,123
28952,28997,14495,38004,147
16000,12172,38298,3244,98
1630,1552,35529,9008,168
33121,19555,34576,36275,101
34719,38411,5539,2582,89
23491,1963,28610,19664,154
37720,19092,34820,28883,108
36114,11490,11691,4935,55
6329,18753,12073,24248,128
7683,36428,27438,16811,90
37638,27853,31157,24916,112
28923,26409,5014,25650,94
12901,21413,17600,4800,129
802,3336,37166,29364,87
30020,17550,33243,7971,126
6473,15429,7542,26378,143
28996,26528,6873,34124,58
5599,26581,28139,23757,129
933,26401,12074,1568,124
9037,24440,18060,8461,112
26584,28262,30834,7645,119
14399,7615,3194,20436,107
18301,28869,36854,36297,105
1975,28621,16047,3052,131
36764,9076,28123,26279,116
5658,7645,37049,12950,132
27234,3002,10673,30403,81
16230,22907,36138,17554,133
17664,13968,24168,16824,79
25124,13792,28755,7937,89
19780,7791,19948,37913,144
30917,19822,22786,24021,124
16201,4555,3823,13021,130
5638,19759,20561,34053,58
14631,755,17414,6931,107
28651,17407,33210,5404,110
35597,35475,37575,30447,173
12256,19026,35269,22906,154
15096,23471,36856,3886,164
9917,31080,27131,15028,125
31222,16142,30305,3468,97
3926,36241,15137,22176,127
32530,28807,9487,18514,88
14334,15790,14007,36928,123
11509,7074,4829,27826,77
33095,24231,10268,35681,168
24857,4815,7181,4584,38
6225,1832,27357,17289,132
26450,34209,34183,4521,44
18215,21987,30785,18894,82
18426,1258,28069,30324,123
28892,25521,27211,9796,134
4770,18863,1238,17024,73
7608,24348,37503,29558,121
18066,37592,21757,13861,106
34829,14622,2257,31600,141
26337,8417,7890,7797,131
30159,33930,18976,18482,70
24887,36464,9509,15241,92
15505,8771,25058,968,109
26517,31987,6334,34037,102
28750,10731,8658,12280,123
9113,19817,20421,36758,88
4661,841,26445,27939,104
5680,27139,12418,16787,81
24123,430,30251,19926,85
6352,8500,1704,28618,154
25155,15911,6276,31860,121
11747,25148,36222,9279,61
37832,9034,2482,442,126
3934,36474,6934,26611,80
37961,22643,35464,27951,193
10825,21113,35682,23762,179
1584,24943,35767,30265,122
9824,3853,9816,8278,175
1970,22608,37049,20533,126
35698,11445,18495,775,118
15855,29345,483,32452,55
1512,6970,31006,5534,88
6928,19095,34238,27248,47
33012,21907,4913,30370,96
10658,15798,12075,11585,107
13250,32396,30900,3768,105
18331,8768,11484,9181,93
24848,37970,21943,9422,100
30987,6065,1611,23603,161
11387,15022,31248,29463,73
18467,4250,33086,20474,100
28761,36232,13703,9457,91
1516,1824,5321,36348,128
24926,11644,3945,12995,92
21343,37747,7587,32328,146
23282,23697,15465,36404,166
27033,4990,14254,36030,92
25521,14530,37693,13184,164
37690,21046,10049,3234,166
38296,35254,22043,33364,118
20447,11499,31117,15380,71
16519,31566,7601,25846,126
28036,28199,13812,35379,158
20278,9864,1956,38582,102
23591,7584,22119,15840,157
34571,17283,22660,16818,103
483,35682,15857,5487,115
33324,21063,10501,6939,116
38391,31709,12845,14661,120
13502,15420,31150,37805,117
9888,13854,12969,31701,137
11706,2557,27462,6396,120
37816,27259,16599,7698,114
27474,29281,29433,2012,67
36982,6776,33430,35693,126
22582,20424,28613,9454,108
19012,14355,34626,50,81
15852,21830,34838,19258,95
2679,15124,25973,33963,136
21134,10061,18491,22202,149
6329,473,37577,15792,135
3047,7008,24467,5361,75
36120,13055,1592,12304,140
28005,12916,176,13142,130
9933,21999,1780,37080,151
1528,28829,22774,30852,141
10702,12800,19010,11753,89
10254,3173,30080,36367,114
15212,5329,8023,9390,130
16233,32002,7011,14465,120
15301,37600,25570,7635,167
866,12393,19802,1809,140
14379,12813,31753,27073,130
2389,36763,1928,3434,143
36865,8006,20297,36040,97
16146,3889,30431,30777,117
11617,30363,1854,837,108
4852,37532,30484,30288,103
24403,12812,38609,21300,123
10030,27141,56,27813,118
9105,8021,4892,23557,136
26018,23258,3057,19898,138
24015,33489,3175,24297,113
37064,15420,3516,6067,139
27339,14733,14015,36767,101
12937,18080,25217,9068,92
9308,28809,11689,23428,119
2012,1731,6873,37097,126
13172,38698,25129,36836,78
17734,29654,34114,1052,71
16166,30805,36909,35598,139
5745,23282,9318,21338,148
26496,19982,12304,2580,124
27143,37501,18821,24483,105
30465,10672,30329,24365,97
21881,34546,31054,13193,99
9873,7988,7187,7613,144
10946,6888,13865,9121,71
7647,7197,23398,30761,120
16819,22809,9806,36014,132
25206,3921,4239,28792,113
8445,26334,25728,21400,133
21064,3484,24184,37689,144
22536,15150,26635,13830,115
112,2645,27038,22,75
1955,26773,12791,34569,112
32573,28629,8702,10698,95
26293,25764,36422,9093,98
4911,18015,20593,27065,54
4774,30332,18226,24820,62
10633,14767,15398,29391,111
29381,5500,24504,32266,60
25220,37591,22813,1697,141
24492,16212,22535,31771,149
2574,24019,235,18055,106
18147,20611,24098,24834,57
5757,22808,11616,26748,90
22165,30367,25665,9864,136
32506,19971,26260,9910,99
13980,21519,23476,25023,118
19937,33065,16774,5516,93
19552,13189,9990,3481,138
4217,12441,26345,30390,110
36096,16002,28873,35773,141
23399,31864,4930,37828,145
14263,10990,33199,5638,120
35537,23324,441,38390,116
22678,31872,24751,20287,88
9434,35736,38604,35550,138
22787,34856,13993,3856,119
17536,3323,32661,33278,89
32722,9104,10250,21109,136
20756,7760,23004,3857,134
25664,946,6076,425,123
35701,32594,10831,22101,110
34126,14563,19646,36989,110
35601,32736,19785,1981,133
30409,16954,7059,26501,52
163,34854,10970,37693,92
9764,931,27419,21326,148
15261,4030,21287,13228,170
19022,33427,5254,22650,119
997,21310,27209,26372,109
9435,38357,16536,22769,92
17397,1523,27245,27820,131
28169,15922,21076,9449,160
37709,7040,19640,24096,109
8019,17545,23697,34972,138
30282,29444,107,27244,47
29603,7012,16160,8332,81
9774,3150,20356,35557,126
29368,13006,15771,10254,131
4687,25104,1678,30904,79
16707,15905,10818,20387,74
11363,9765,12755,24134,129
7646,15880,35016,12458,133
16809,10249,17434,9976,139
37877,15937,31039,23714,152
22623,31967,6223,7617,173
30389,29587,10786,20567,52
14320,21101,15226,14451,175
37897,20258,1958,22571,140
25056,17298,24202,29742,62
31204,7971,31208,23551,131
37738,28601,28771,30130,127
37921,10727,7905,7040,119
9108,24973,27078,30965,63
35451,4958,36426,7516,131
14733,36278,7267,30390,92
35270,33361,15076,38309,134
760,14292,33094,463,115
34585,30000,34637,12249,92
22640,25772,35636,27450,155
32596,6196,27521,27053,85
14300,22080,22814,19106,132
442,34811,4990,44,43
30877,22721,30501,28968,119
18161,4015,26550,13204,114
16542,27989,34569,26733,86
16962,34681,24512,37801,102
33878,1144,24027,37550,115
33972,36856,28576,33117,105
32392,36075,5731,10081,99
13928,36964,32575,28788,82
9132,6829,14656,22843,125
35287,11427,37099,10852,118
38734,18087,19864,28620,86
19928,16273,25062,16098,105
24901,25249,5542,25961,63
36321,36012,8655,34068,84
10774,8640,13120,763,128
33036,9383,35293,25098,118
17325,14452,12958,37811,152
16549,5352,32759,33157,73
3098,26301,28695,14014,75
30788,23374,25827,32560,116
31151,10896,29405,35720,99
9519,99,11486,12362,79
3383,6058,31639,2758,149
30492,4891,11612,21970,71
17658,6149,6826,31977,114
35575,21162,11492,33245,148
31847,27416,1569,19143,109
31651,23318,31266,1671,148
9755,27415,22567,18112,138
23440,11257,38595,3317,87
6482,10816,12166,19260,123
26299,10722,20446,19583,66
38434,37274,19597,935,96
25575,8494,33484,31126,124
15143,36844,4517,16881,97
26506,28766,4188,29562,86
30076,25612,28905,330,96
31506,23375,24995,28992,119
16571,15192,1915,21240,146
23488,31722,6398,10565,157
38304,8364,30032,15889,97
7056,18318,10968,37557,99
6245,13534,2022,25043,107
36462,11413,33287,24962,69
27827,4971,36516,27038,96
9914,27844,9842,24752,151
7775,7195,27950,14695,138
11427,7733,12337,38655,94
496,18471,1909,28567,103
18000,32648,12169,21766,92
14654,839,37769,26425,131
3324,24041,13068,23372,140
5358,9186,37849,999,123
9819,9838,22853,9761,202
18086,2690,20546,11387,83
2581,22752,4782,27329,126
18424,30913,35263,34912,111
9193,20267,27932,13008,114
9838,10867,8331,27388,123
11449,16602,4139,13139,100
32530,4714,13697,33960,44
34947,4988,32377,32604,47
20633,35005,29389,22577,72
8630,1221,1668,37878,154
34183,10249,3048,16174,117
15993,12290,12394,16108,146
1580,27162,13971,37009,103
17483,22695,5613,30298,116
35469,3199,12347,9751,160
10727,23261,37072,15869,144
36894,29592,1609,31067,97
9302,24391,18304,7749,122
756,23428,1140,14751,158
12412,29341,10258,30197,113
6976,27944,13547,28125,112
21190,31774,15147,37839,170
23574,21193,23399,6340,201
36045,21331,23393,10755,147
16619,18114,26485,7760,89
26019,27369,6871,37203,91
7231,19846,21229,28073,131
12974,33059,3346,30789,112
20707,12840,7712,17714,110
4642,6234,20589,21042,113
18447,25998,28702,36310,112
1946,10711,15109,825,141
12789,19021,7673,8395,131
7568,2639,22752,3165,160
36131,35498,9169,4182,141
29321,3504,99,28529,60
10229,25862,32702,4110,137
37211,14624,7182,31961,114
9107,477,18852,6824,56
11371,37537,16605,18362,89
4797,362,19782,5645,67
8590,38408,33443,35510,126
26281,22204,15207,16235,115
9378,28152,8014,29285,120
31021,6909,15914,22126,87
13726,28214,16921,20275,72
38369,32739,34711,30458,52
1146,8676,35525,3277,138
13828,13996,3224,22897,95
7084,28576,22515,32524,94
2758,14330,36495,34933,128
15478,7996,21852,2570,157
5748,17006,6326,7600,120
31740,34503,17442,33994,86
5323,13911,812,33100,99
16201,34039,18409,31087,87
27139,19013,9229,21392,108
11387,22833,23734,23434,163
37707,13511,34821,1243,107
6494,26292,5590,15489,119
5350,38333,17511,22179,75
4793,13515,10916,32023,85
16766,26513,159,22074,54
15473,20631,1670,4805,101
11372,9089,18158,13601,73
6908,30398,12755,17547,94
28190,5627,4528,17584,105
4834,3861,27221,16572,80
1732,15088,15121,28109,172
436,32603,7560,15365,98
16217,24300,32549,31533,108
30177,7596,38339,7148,77
4243,38657,24123,28869,104
29700,38279,34925,16620,37
7215,15873,34558,10236,112
11667,36916,9808,22532,141
26016,24187,15961,3935,144
16950,16750,26021,23524,112
21908,35293,36394,27381,114
17015,8355,30406,34641,83
37725,21409,14586,34852,154
27795,36211,30160,2542,137
10222,21973,11650,17695,112
14268,18046,4047,24393,134
22876,14307,15222,25224,135
4824,12788,13236,326,98
10588,22577,19921,13599,114
21233,6781,5540,4172,116
19793,27109,37523,25682,126
23675,7108,23253,7735,154
4505,7811,12521,21805,118
10600,4130,37019,4690,109
18856,31051,34675,6949,58
16930,30852,24828,22002,57
34120,7978,12448,13159,127
3865,34703,10697,21413,131
1861,13773,11263,37102,98
26585,1940,31937,6825,97
21799,35766,35006,23375,147
25016,37140,26500,14712,88
30275,6217,19193,23622,137
1217,16624,19927,21211,121
26369,10546,12383,37893,117
9471,6182,20367,31800,110
19039,4630,29303,137,40
6130,13617,25501,27344,113
3173,31138,16553,13954,62
25998,22273,10792,11442,97
20490,14561,4637,36360,79
12084,24756,37699,9347,111
6352,15452,22865,378,143
11654,18771,20512,25518,66
12148,10776,13779,16808,84
37593,14677,11650,24843,100
29657,870,1770,27911,126
24862,22648,1538,13022,135
15957,11568,22702,3981,136
38393,10706,1523,19881,101
1115,13009,36226,30335,114
22808,34043,16805,130,75
30053,34669,15325,26518,92
22577,10878,34585,31979,124
28759,13088,38529,5617,93
13953,13228,34219,3875,101
19686,2284,20285,26358,90
36378,11493,10159,5261,101
1257,26735,24986,3447,67
24082,18866,21015,36077,116
33444,37146,1156,33005,133
30858,22584,27499,3498,102
34222,24050,13692,23410,103
35628,21402,16659,31217,132
36268,21175,6103,13150,157
22056,20704,13920,44,46
3807,5368,34146,194,74
26434,1721,8438,4116,129
3062,28951,18885,28191,112
31941,32014,4061,28866,138
18487,9906,13726,29749,91
36139,29540,25656,16178,100
19076,779,8591,32537,89
15078,1532,19259,32384,109
3178,35630,29727,6129,124
3894,24084,19855,33409,132
18464,38380,25712,6134,113
30340,1886,38740,19544,99
26015,37607,37064,34792,131
16922,29607,35639,9493,95
475,37873,31234,37166,100
27000,1895,6272,7888,149
10139,18155,22057,21932,124
6446,22925,19621,35456,177
25777,19856,25181,35684,122
19946,22274,12051,30517,111
8412,2473,8552,25211,117
11633,37508,25511,19604,121
10094,33822,11771,10691,94
18308,18029,1062,31708,112
24264,7037,32679,6227,91
15023,4098,27230,24218,125
845,24773,7037,7999,85
37698,36458,10574,27090,105
34670,4002,22072,15152,123
38764,16253,21280,15911,129
3408,4173,38281,22847,114
20547,22610,4884,17739,91
14304,12202,14296,28576,150
28077,19216,28558,26265,104
8734,2656,14523,28938,153
6295,24999,30902,11430,78
6798,12015,15427,21059,134
24352,23600,6042,26590,140
35491,778,2493,32682,141
3101,25707,14540,10207,151
23701,33258,33397,36479,143
22815,245,21470,38759,110
7919,9318,7207,33333,112
37641,10173,17519,23283,174
23353,9792,23598,19208,171
10533,9877,18124,21856,123
15917,24794,26630,21506,102
27776,1046,7622,17542,147
20699,36413,27434,6190,85
6932,34926,35695,25736,115
29310,8295,5018,4035,91
808,27866,20537,22128,105
1658,18148,140,24922,76
10077,34645,29321,8566,105
1922,21484,25836,7730,175
7071,23379,3928,21345,149
30883,35328,9029,32467,106
36041,34138,25698,22691,117
10816,3822,11664,25020,77
19539,30814,11250,16886,67
22993,7229,37117,26305,99
9494,99,778,5448,84
12202,6980,17254,25001,72
1644,25502,292,17254,114
21053,38396,7689,15197,139
37975,24284,25921,22072,137
20719,30156,10667,1568,92
12221,151,21966,16655,78
31590,22126,10784,21515,133
151,9999,30393,12131,115
36490,15819,20698,33216,95
2463,4678,21907,19782,115
26454,12318,15470,9791,140
6842,6433,37152,24106,114
36279,919,12949,32421,100
18487,1126,3914,30772,113
17602,28112,18348,1850,139
23267,21488,4756,33988,125
21422,9246,33504,22063,137
22111,11356,224,33929,50
308,12135,33907,3349,71
2768,19870,23303,19900,156
1819,3025,768,7090,103
1030,4208,4154,35717,165
31792,27480,3043,33931,78
12973,7835,18276,6105,152
29690,10949,29728,29571,36
9149,2014,17602,15349,138
36089,18945,956,33041,104
7794,37247,1621,6057,165
36512,37582,20702,14546,110
36370,17005,4255,18969,88
30910,2772,27078,4656,95
37572,149,17661,1550,121
24977,11719,5407,25259,35
33938,27376,13222,31175,81
25905,14722,10060,8380,164
6236,33773,14612,31123,116
34120,25039,15043,15009,94
37607,18231,28878,10211,149
24284,34107,7112,21256,95
25689,15155,22118,35457,157
32599,13973,31016,18751,55
326,2415,9951,10240,156
18457,9808,27518,1201,121
10173,23542,4534,35760,170
3180,32634,32470,20696,38
23705,16102,9378,19562,144
17431,9761,20747,22833,128
21333,15251,30344,9297,140
31082,31652,24944,34793,72
3760,27508,28563,15761,122
9922,24257,26538,6038,139
263,34755,20447,28547,55
4539,5680,10538,23415,109
19155,3450,5531,13141,94
38612,23329,2018,6351,148
28174,12842,26656,1594,141
37670,10558,8545,20634,104
3966,17643,19146,3963,122
31878,24036,14504,26438,117
865,23391,29448,9758,139
16510,5261,21451,36461,101
32659,20675,25206,22549,62
35350,31777,16162,7010,131
2389,34807,16025,26430,114
9411,22502,27173,10251,142
10684,14502,17252,21072,142
261,33975,23664,35597,120
33779,24768,38451,7906,60
19045,10761,2016,7588,127
16175,28784,9761,15237,159
32481,34690,1523,19916,97
28814,35271,23370,21216,185
22843,21175,32682,10749,131
908,15129,25033,19198,92
36297,8635,15920,9968,142
12099,33373,13798,25728,122
24137,3816,37191,36199,121
29753,23457,33200,11730,101
30177,29587,3343,10817,70
22852,16556,25766,30248,120
26562,19523,34825,9216,84
10760,27285,13547,27815,98
36237,25560,14549,29328,105
36106,22794,27959,1778,160
17259,8343,18491,36157,103
34544,30994,31736,17270,95
19088,31078,18161,9768,108
36781,6481,12939,26368,129
18215,10741,4536,22691,110
9967,33940,35265,23418,165
9496,3429,33955,22592,105
18524,11686,27059,13545,61
30761,10928,31176,16938,71
9079,31611,5565,21072,130
10997,30820,25118,7,51
28045,27012,763,4613,107
32594,17281,6319,24471,110
26257,30190,34775,20317,53
28024,36115,5502,37942,131
37059,20686,12412,33883,78
10236,21445,36448,25081,125
8631,7543,5299,30009,117
7072,33195,28038,15448,129
17276,34740,18962,6067,106
35515,10583,9887,13052,167
10837,9933,20421,33906,86
33495,6182,19886,3860,150
22545,19823,13759,35633,143
26570,24983,31910,30146,71
8348,32013,17466,2558,141
29645,9348,30850,17512,75
6455,6865,30118,7054,83
15932,28240,185,6134,136
16989,16978,23621,22882,123
4507,9332,3126,12298,97
23611,10512,16908,13913,100
8665,30788,32359,11320,69
26725,8607,32506,21956,78
32662,22632,3186,10987,101
979,7711,21881,28674,130
12999,16502,38485,12984,94
4234,7718,28183,19708,157
38672,2015,17319,2514,123
15995,4807,5457,70,76
17459,16097,10144,10759,138
15133,30211,28756,22023,118
22872,16669,6229,1139,139
9215,25148,5363,18300,72
24810,19057,14687,2293,109
5294,2737,34152,17495,102
28955,33960,24503,12412,104
18141,135,24299,9765,109
33006,791,4751,37764,126
34024,9317,7896,13546,92
11414,25619,20340,37078,81
29396,8414,11308,7741,90
7151,21434,24386,30253,108
10562,30934,18376,18999,81
8352,3342,6980,24150,89
21255,9105,26743,5672,108
18960,37264,6830,7705,97
35304,9499,6444,35668,180
38355,3977,11587,7032,62
29603,23253,25239,36234,80
34529,29461,25732,22703,108
33497,12822,9217,20716,103
29307,2525,5565,10270,122
19757,13842,1551,17390,111
2626,31843,37185,6867,120
21437,7049,8445,36351,111
21792,35623,15966,32548,123
30419,4825,17483,28865,92
16941,35264,27264,4715,93
24477,19252,20626,1781,91
32673,16885,6207,37730,111
1611,20502,6819,31797,87
30517,24010,22747,12819,139
19518,6023,16818,25939,124
509,22839,36242,2698,124
2688,22611,13136,30971,154
17311,37155,8463,21291,140
32363,34918,33226,4537,74
23572,29631,6774,30797,81
28026,27166,31077,17360,105
19753,31138,23385,4228,138
21927,28674,17662,21485,131
10720,17267,958,5773,101
335,25263,26653,3843,61
8288,9070,956,9080,119
22757,30250,2274,27498,134
11001,21440,7894,7563,160
23291,22591,6343,8270,181
26686,4773,37675,16106,108
30857,11401,38765,9325,60
33785,841,23501,9289,120
12521,25999,34093,11324,93
23333,16023,30086,34900,128
26442,38723,29303,25553,59
2335,10859,6333,16840,130
24819,1765,18794,34923,80
20497,28929,29423,33897,45
25611,15184,12955,29738,122
9477,7180,9451,29589,65
1900,6515,3985,35541,184
7632,1151,6848,25977,120
6902,3156,18035,787,82
12452,20627,26743,20661,52
8509,10523,38352,33365,97
21848,18044,7235,23637,107
13909,23591,34788,8348,115
32505,30871,25722,2014,108
32560,21342,8374,22766,140
1719,25226,12185,11637,93
10111,4188,29657,36782,126
20426,18076,23724,6770,84
26365,10225,28559,8742,126
13778,19522,37247,12519,108
6775,31059,2765,19240,89
29713,12956,36506,37833,109
24364,1709,20297,1929,119
5719,24310,21477,33040,133
18986,7187,20606,13920,38
4963,33386,9327,20589,78
12754,26273,468,31124,75
1862,28637,11674,35761,137
3345,28144,24071,1059,127
17579,8529,14665,36078,122
20389,4557,28812,25792,84
7500,10830,31273,27813,131
20329,29605,14405,19552,76
30235,33016,18044,15014,121
31013,28974,38394,1998,97
25229,17353,37007,21766,85
22761,2258,22006,24949,125
20292,30417,19901,6031,99
28725,11465,30460,16676,73
30301,15394,16569,9910,125
15755,38374,28716,16838,83
23476,16614,4030,4013,143
25677,10569,15771,24174,128
307,5465,36096,11373,56
10664,21350,8016,7924,160
33430,21504,3366,17417,131
16937,6124,28809,15224,129
14275,22265,11281,13986,90
13565,15492,30079,11743,86
32603,23346,18521,33502,118
10846,21375,375,24309,109
9381,38716,13795,13920,58
30842,21206,4796,31546,116
30809,22082,8383,26635,88
2698,25943,31742,16658,131
19994,29726,31010,33981,59
35445,38378,30038,27262,95
31919,36473,3083,21301,125
11473,12774,28051,6852,102
25907,1155,34065,38387,84
25743,32721,406,5661,71
6233,27404,818,5022,108
19612,25807,38548,1751,115
5447,29293,16903,991,66
3416,29696,11458,38322,39
13930,13866,33764,29709,39
2452,10846,11475,16640,93
8742,8432,11255,24092,105
25207,19507,34120,37091,71
940,2500,24239,35599,162
37185,27853,38749,9304,109
4995,24210,29636,37189,78
23771,37155,9351,34618,127
13782,4956,25803,36196,86
23537,27009,5019,26016,119
3327,20269,31091,5672,59
36157,17692,4019,34048,96
36050,18424,22735,10012,144
24441,17409,17615,7606,124
16525,10974,6755,3045,62
13572,1754,34662,6205,121
18516,14703,29712,36086,90
14489,19569,6262,21475,167
31966,27324,15012,25079,93
411,33424,35380,25272,97
36895,28577,9933,24522,141
11008,3505,9829,34616,112
4085,24519,25825,13705,120
4027,12433,34059,16566,96
21962,25073,37182,22966,108
17501,22724,20635,18216,100
7681,15161,1664,16816,139
246,22733,20558,19118,73
37077,37075,30814,27103,95
3958,24048,35731,34911,139
27366,13199,6327,4817,115
33330,17339,5338,23508,132
18499,13157,1712,34046,115
18180,34023,20447,29733,38
14449,7118,11310,12465,95
4195,26436,13721,147,71
28858,3827,143,34216,85
38620,35359,6232,11616,115
1135,27498,10085,3900,138
37649,18987,14615,37925,148
19009,29350,31904,21455,104
27893,20702,2256,3803,136
32433,18467,22574,19634,108
30135,3313,15979,19238,95
12426,17525,13068,22084,126
15918,24938,9258,36888,98
3406,30483,22988,31924,125
6016,18021,33829,11449,89
29623,12465,25940,4570,92
38536,25650,34015,37903,97
21927,28113,10510,23316,147
14470,6453,10889,17547,139
8570,22056,6034,14501,147
3282,31739,23460,12818,145
25922,27750,10111,10137,186
27379,13794,1114,34701,77
4726,30831,17516,12835,97
34947,36230,2535,31952,120
34876,6014,18449,37047,118
18420,25725,22973,34656,127
912,33460,37925,7601,155
420,31075,16601,4103,75
72,16536,15750,26324,66
33208,10087,1218,9333,145
35516,24253,21884,14476,149
28537,4647,17715,7953,113
9859,31177,38418,1668,118
9253,37660,34790,23572,141
15482,29364,32545,32465,61
2394,11618,26351,11590,80
15406,9082,1704,17683,138
29381,17513,22190,31713,89
14399,12469,38279,24050,112
13517,27773,10646,9964,134
3270,10041,7198,29488,82
35494,34091,31109,9888,131
25217,3028,30493,13512,58
35685,33140,3993,35724,181
25797,3344,11660,30494,90
37792,3828,5632,27757,150
36368,6403,7665,19016,127
23362,35388,17501,23720,183
23287,6352,10974,8443,156
6483,36821,28814,37266,139
2500,30031,18414,35269,146
19631,28239,12807,27312,128
10161,17541,15036,25893,156
24254,26305,6034,25955,126
31258,6172,4142,11292,115
12265,16178,1246,28023,151
12146,32638,10018,36156,116
3966,3333,4987,18123,97
22813,21423,16581,4048,150
21132,9170,15380,28748,148
33107,36854,21414,10252,167
23310,9514,17351,21112,155
27140,28755,31616,17338,105
9291,21000,35315,16807,141
2381,5594,15346,32336,116
19712,12069,6245,1214,143
4156,31972,26327,13000,125
1620,18868,28563,20412,92
6068,11429,22168,35764,135
7904,11522,28879,13956,96
22153,27237,17324,19760,94
12863,36885,25712,37171,139
4100,30407,24459,9959,142
37225,15285,31614,36492,127
9523,3025,1972,34982,108
22864,37538,33070,13196,168
33951,5392,17642,21922,79
9945,37154,6990,23752,141
31967,10157,20344,27280,102
429,30817,16029,17701,87
15260,34035,11759,13511,73
35435,17446,15046,13730,133
8640,1744,20646,15297,120
2452,1805,37904,22939,186
14257,28120,38717,21515,143
27423,14389,25595,24135,124
34999,37053,226,37843,99
25039,31722,12335,26296,85
2635,8408,20712,32012,117
13511,3359,12786,29437,76
16783,9106,14707,5524,99
19828,15303,22565,10508,142
15215,8432,27015,9849,140
9026,21885,1742,15420,137
37634,27510,31540,31118,112
10554,5446,13792,7771,99
10676,27417,34182,7032,55
27150,1693,24141,29437,92
32503,6966,37916,2742,108
12415,38766,11453,26336,63
6033,13562,38301,19633,93
10175,34154,22571,2008,153
32253,12456,2612,21456,142
28914,7675,23578,21942,150
6517,1251,34636,20535,98
925,21378,37547,5341,146
5530,5430,13845,4716,65
17339,36027,24041,37523,121
24280,3061,11550,28108,105
24333,16049,13160,30472,127
26413,15238,3884,17431,119
321,34808,3927,5742,82
22937,3209,168,28618,105
857,10888,33136,10114,142
22264,33042,30443,10753,106
9199,29610,831,21060,113
28869,19237,12863,27421,100
13094,10605,7254,34841,87
2269,137,22730,35276,156
21218,34509,1220,16842,110
6344,7640,2528,12766,177
434,31674,26597,13569,65
16890,16975,12914,26615,73
11727,34854,37973,22244,97
14730,3001,21803,11653,97
15840,32302,12966,18282,107
9446,36495,16732,19171,75
16023,32018,28596,37081,132
13532,6994,31507,2406,102
36892,27309,36408,29513,71
20630,8700,20551,1629,81
10672,26493,10931,29503,64
9298,16229,23566,34887,133
33514,3391,5609,31983,108
33086,4754,11486,37708,104
13864,10189,19987,28069,138
12417,30002,36922,25599,127
38595,19262,9754,8361,105
27213,17586,36339,11640,72
25889,30426,27251,18099,98
27041,8767,29005,3752,118
19848,1019,18463,24901,86
30486,36246,9895,25994,132
13939,28839,28052,24089,118
17632,25097,23617,11018,105
33286,37184,10642,7247,97
3186,2557,26330,326,86
34546,27485,15972,19050,85
35345,28054,11390,21001,159
36817,14622,11289,6256,130
9350,27917,29355,22076,102
26520,34209,29432,10886,49
18415,37778,1860,24378,141
2519,21962,54,19948,107
28564,763,31891,14417,138
194,19232,32613,22042,55
17727,28975,232,14709,104
16631,17746,13052,4766,90
25235,8681,12975,21375,125
3113,35316,4020,16752,124
420,8595,22102,38389,69
20706,15363,18828,16854,70
18751,35635,5354,1610,132
22963,33755,12896,22270,122
32458,28252,30047,17697,102
25660,36820,27892,23537,167
4022,21957,34521,6908,89
8593,24899,3409,8736,89
34221,10842,33041,32019,102
3016,28632,252,5417,75
2253,35720,2749,16211,186
16092,37870,21041,18212,155
3095,313,27821,4719,86
14586,7662,21790,24144,139
28049,7890,37228,18892,136
31872,17729,12944,15385,140
29370,35580,28079,4623,117
23624,31706,17515,11461,122
35,22006,19104,12170,83
18420,33191,8280,10694,115
982,28500,5491,29506,85
28042,7503,23705,5020,155
36483,9820,8622,36998,136
18497,12851,12432,1930,142
36835,9934,18480,15133,146
25635,18420,24080,29774,94
29580,28209,28819,25269,83
19789,30356,20565,21115,102
31935,12980,26389,16869,96
21075,28937,4072,25185,123
11361,18996,24209,30846,73
38748,24066,24251,28953,93
9151,11008,3028,3282,91
25920,13590,17390,33275,112
16186,26746,26571,7648,104
16648,866,30389,34700,82
36978,3115,36958,27215,97
7532,18189,38736,11378,81
9312,30272,27951,23598,147
36075,14317,3919,21796,128
15439,38560,7082,33041,88
30156,27012,5689,7115,63
18227,36353,28743,6267,121
33981,777,17766,34661,84
20723,24963,407,33774,20
7886,34111,29256,35486,109
1788,37589,36404,32430,118
20390,15077,14440,9840,136
211,38716,11624,11659,31
33277,17369,17258,35544,140
19887,37034,26000,11529,107
5577,5301,22173,22535,112
6949,993,34982,1717,100
14360,19151,208,32549,72
22269,3823,25955,22109,128
20445,6252,10636,7802,116
3854,36833,30017,6445,140
8490,347,1227,20559,73
12163,18008,33289,2565,142
15317,27395,16262,10193,144
7644,23540,18479,25116,121
10696,37224,29622,5743,78
3827,25722,15184,34894,136
13991,17401,7037,35488,99
8596,25066,6078,7220,90
13734,26494,37118,3975,96
9353,22742,6353,13672,136
37612,24838,15064,11298,99
29373,15797,37831,31517,120
16575,6969,7022,29456,29
24490,1827,10610,27895,143
31270,870,6272,17446,123
17617,22839,16088,12788,151
29687,35359,5653,8351,109
18207,28125,16812,21478,130
6826,18288,18324,12025,89
9141,24048,34180,33076,100
29674,21939,28807,3936,99
21826,27054,20500,37570,87
19665,38674,37577,26459,90
26644,38538,2264,15024,106
12875,11289,38443,940,86
8010,33853,30423,2405,122
21201,3214,4009,19930,138
311,25271,23625,9120,88
12131,30965,34099,15251,104
7125,37051,29413,10910,66
30365,26640,19550,3428,82
33298,23569,29517,30753,109
30788,1213,27373,19000,81
16654,6953,18844,15152,75
35305,17431,33407,10904,138
16980,36082,6237,16729,90
2588,7685,23592,6372,190
7613,37701,20430,27208,105
3504,16147,28776,20459,89
1689,4087,12940,36420,144
28196,37952,31045,22113,134
5333,3944,32334,2275,115
25541,9412,2290,10667,137
26017,10942,27972,30242,130
31525,36348,29546,33981,68
3987,32645,157,5509,73
36227,20610,3282,9231,70
14564,11263,32323,17380,86
22814,33009,6163,19549,159
14659,22830,18936,12101,143
21430,22757,28691,1897,173
13045,1810,34936,15777,137
8275,33257,8311,35427,154
10141,35395,7773,32551,155
28690,31005,18859,6969,71
24492,11655,5689,7836,101
15879,28685,19665,17605,121
25819,10946,20393,13832,77
37002,12034,18155,9318,117
17004,17481,3898,17661,103
10830,27227,38755,8017,87
36381,22195,1992,29358,94
34592,30994,19074,32022,85
34916,9044,5475,22546,112
34074,21275,2687,12438,143
16724,4193,10741,33087,110
10170,11427,21512,19770,139
37112,4029,21243,29508,125
25654,26524,4216,306,96
21054,27309,24382,5768,113
22194,15840,28103,32277,116
23559,38299,6893,7529,107
16155,10821,28042,25864,145
33087,30995,25128,4258,96
35340,17472,35274,33829,141
9823,19197,7161,14527,116
15523,33882,20264,6302,99
4860,29000,31078,3018,82
4661,29292,13029,35430,110
36490,13200,16621,31253,89
1649,30066,1590,4204,150
15128,29470,27215,13124,99
21990,30914,20359,14479,87
9229,11728,10638,26608,73
7802,33767,7772,21104,145
4563,14320,35466,35395,162
16654,30022,29466,226,43
6326,11581,29609,3865,101
4127,10144,14365,2432,181
5452,14305,15521,35255,155
7110,29658,37908,22023,81
7247,9522,36078,37826,100
13008,10618,32755,13200,110
9045,34676,14586,27316,101
24062,10143,9784,2269,179
27852,37237,21464,478,133
15089,31127,17466,5548,104
25125,10667,24255,4949,70
33471,29643,4928,5738,72
34946,2662,5323,33139,119
9894,35612,38455,8606,142
31026,32518,1743,29768,74
7877,9053,1153,23361,154
10608,11691,24788,4897,51
33371,38651,23747,25654,130
16750,38353,3935,34928,73
20724,16773,28598,27468,58
34246,31159,35660,21766,105
20642,15479,979,10567,99
21814,36518,27972,28813,122
36921,7919,12201,7151,117
22507,17563,2696,3245,143
20308,4750,6210,312,69
16950,9497,24872,30257,63
34520,31057,20750,28969,67
3161,22168,11569,1012,87
33838,11641,31877,31624,87
20367,16667,36293,6088,81
37877,3831,22146,21474,160
16663,6954,5679,12462,73
17277,25027,35385,26634,94
34608,14612,8521,30437,114
17518,38773,35333,25095,87
18129,24237,5481,30257,93
10174,37907,782,11605,138
35549,26580,10230,8459,149
30776,36209,13038,29764,82
23328,20015,25661,21420,168
3886,12051,11721,20600,88
8573,22153,24875,38572,66
254,30011,24901,20459,33
38497,9755,4550,9391,97
21049,12404,34637,2748,151
24188,3473,37194,16187,117
17549,18479,162,18804,71
4526,24247,38517,37037,79
3192,11422,16802,31862,75
4821,19805,1756,7851,129
22049,13647,16078,2666,123
33083,17713,32346,37753,114
29397,9491,14578,8489,106
37259,3427,16796,11660,72
27888,1691,34199,38466,104
872,17256,7989,32611,109
9357,37915,27306,9484,114
5289,20359,36988,1682,96
11270,16077,763,33210,114
35521,14611,9873,32566,154
28104,5452,28758,8389,128
31598,23395,2450,32589,142
11353,38453,37749,9216,87
16682,12896,22079,28030,121
18152,26491,32604,6428,90
2569,34576,9392,9938,143
18991,24167,23734,33826,106
16024,17655,25023,8615,99
6192,36859,21174,31557,162
3859,35310,32521,10735,125
13874,31155,10132,32016,116
7794,3482,21127,22131,138
19637,29433,15434,24437,102
7685,31555,6408,7995,167
16663,30151,6475,10157,131
7932,27135,30797,4729,90
26670,27416,9996,7775,121
36396,10683,10989,18094,92
37886,21851,28920,17755,126
10054,37602,6852,1247,135
20526,14545,29773,11736,58
3230,1501,4055,25792,142
10750,8252,15486,4894,112
18878,3416,29346,6851,47
34858,24844,7542,23504,115
18176,12169,16601,34696,87
23331,4978,10633,9309,117
38534,4636,34639,2496,84
6036,17707,19689,34230,110
27810,65,419,10659,82
26773,33920,32442,4261,69
35400,29668,36954,1866,132
12776,32591,27393,15139,103
25149,26522,372,24161,50
5743,19232,19776,6195,110
10583,38705,23622,30395,103
28677,30022,34883,8627,102
24032,25792,22040,36440,113
31104,28201,5608,34870,100
6758,942,27078,15464,95
23482,6239,37543,14654,186
12256,15277,17747,20771,105
2532,14302,24275,22999,168
12190,15378,981,34862,126
38544,33011,26495,38547,57
32383,10599,3341,24086,81
17582,33252,6346,18418,131
30870,22897,14760,38686,114
7141,31915,33284,3399,96
16225,21071,33163,18957,138
31929,20602,24948,32531,47
30398,22232,1994,12971,130
22019,24452,12241,20770,92
6963,2002,2702,9088,126
15121,6123,10921,3414,132
28634,35744,7939,6108,173
36418,8444,1895,37060,129
6250,6454,20403,3948,136
21089,14463,25836,12260,166
36059,10815,12349,31731,115
35396,22673,24405,32461,139
4705,30797,36421,18220,76
19980,10751,36112,31683,107
16748,32640,36095,13665,53
29565,6099,29635,36273,76
7856,6050,27312,23306,157
276,15901,33826,13900,65
6881,4707,18217,32593,52
2757,11350,38579,16255,100
26728,31067,21444,22116,105
37890,9972,37195,26468,139
16129,33459,19607,26703,112
2268,169,28877,2695,132
29007,7799,26344,31690,119
20345,33178,18861,12042,89
37609,37142,3471,6796,103
19811,18096,29508,22582,104
7650,4906,12204,9080,120
19882,34607,36799,8671,109
10957,16820,31692,28678,99
12330,18753,29676,4263,96
33950,30310,34180,9788,91
21811,6445,31245,7250,97
9323,24774,16504,277,47
38297,20376,27797,30892,71
28900,23627,34571,33871,108
18388,4176,2690,18049,134
27816,5708,30805,17373,109
29454,37083,26484,3797,87
12771,28189,36398,20526,108
4509,7774,32454,30234,87
24385,15128,3934,28088,156
35545,36412,16933,12422,121
1716,5430,11500,21391,123
28695,29650,7053,38388,46
32659,18332,21242,27163,96
37002,36017,10987,15165,117
25216,12455,13933,9981,103
33956,32606,31838,9336,78
23725,10020,7573,23316,198
28991,12361,7056,9386,100
9322,9773,38486,30370,105
4024,24489,27847,6397,162
32628,15167,16715,7656,103
6113,31204,31236,38505,88
6082,4692,25736,11771,109
14432,31518,1945,15443,161
6181,20363,18821,26365,77
14760,17258,30996,3296,106
4008,16131,16659,36338,109
5297,8024,38658,22134,92
38706,23672,15070,19109,114
4844,36096,31633,27152,84
32499,9888,35522,22568,161
30289,38486,7901,1708,114
25150,19115,28830,20615,51
13187,36514,3884,18994,116
38517,25796,18302,2502,114
27892,32391,28217,9244,127
26011,14700,7928,21522,173
19556,21161,21441,3464,148
14447,3010,30788,3942,120
34072,2408,3881,2285,145
17406,7505,20422,27018,86
340,22846,21442,32691,113
21980,14670,27813,31149,131
4163,76,24888,24206,78
21275,6798,11416,1166,99
35352,23756,27070,18850,136
23450,6236,20586,31817,135
805,37991,4791,32560,99
21764,93,14337,4537,87
28614,30250,37208,21922,108
28833,18237,10928,31181,95
4243,877,15360,3174,133
37953,30913,7780,31192,124
17624,15281,18475,24459,119
13731,15933,30470,13549,85
8611,6884,30265,27321,77
12929,25791,8012,1943,164
36849,12092,19219,20450,85
17506,10273,31202,11677,105
18038,34686,34112,19538,77
21989,4193,14535,15290,148
1980,8483,7699,22640,169
17486,7528,4825,7113,90
35582,7954,24411,3386,145
26353,9852,268,31821,103
16669,14707,24269,34602,99
10052,24990,38596,3168,79
8661,13675,23538,6783,105
15172,20495,14371,30496,107
37870,804,37107,2445,156
15396,16113,10658,3233,122
25707,23636,9940,13852,154
1746,388,37693,16847,106
1930,3774,37871,8733,162
1778,30958,5458,29466,85
18247,36077,30114,12035,102
28923,10747,5356,19659,101
19597,25698,18217,18964,105
24879,22827,22059,31234,95
9401,13852,20410,308,48
30091,12476,11623,1857,112
3190,19065,7853,31070,97
25951,25229,15102,33319,117
1928,36131,32358,32592,81
31746,23506,18856,29696,106
2352,14307,35272,4833,157
9808,9309,9115,24394,134
8520,21057,34179,30383,114
12777,3888,24972,7517,125
32251,16213,36046,29405,70
38022,24101,818,25811,144
22011,20453,31949,13513,74
2535,15448,18178,18116,135
18128,21299,14747,20734,117
815,2528,18268,9369,130
19782,9778,19698,6330,154
18149,8734,30468,19728,106
17555,497,32757,22828,89
27415,23389,2496,28773,145
7235,5654,24827,6760,36
23301,21784,10561,22960,150
3884,38412,30182,28692,97
16068,6315,14746,6936,133
18905,22592,7094,28644,102
24904,7047,12891,378,55
38541,30282,25796,24272,94
27979,19954,25888,31059,130
17344,5474,9248,32409,80
37912,36452,35359,5488,138
8363,4533,28523,16723,88
28268,36486,1180,27026,114
17587,21923,18182,9280,101
6866,13076,21291,17638,122
23539,8733,38336,15423,131
3106,32635,1826,4778,86
27310,27826,25013,25200,67
16137,27813,36077,25140,107
32595,37132,4246,5410,98
3450,36298,7927,3394,104
28814,1581,22126,430,105
20660,25213,31081,24264,52
7873,38440,8330,20633,83
15757,14641,30390,8649,134
12164,5293,26491,17490,93
22985,3378,37758,25773,152
31129,2628,19886,8019,137
31780,28002,19725,18439,131
32452,1589,29766,15757,93
24827,1858,31236,14348,107
15855,26315,25701,13776,100
7733,31054,31139,10737,103
36822,38753,23398,27313,103
26634,38715,20557,23645,71
38653,18350,23654,5670,99
3919,20679,9053,10977,93
27459,23707,16945,34807,95
26377,37675,24412,1089,118
1022,5623,19966,27795,125
32458,827,3336,17309,86
25964,19917,24449,36353,116
33867,27925,27156,2279,118
2680,12053,6763,38408,96
27806,32287,30173,9039,103
255,23331,12186,38268,99
36859,19727,12196,334,101
16634,25219,33942,20689,25
1529,18029,3091,22269,112
20675,30063,13642,28744,67
