card_1,card_2,result
19041,35659,62
13674,38553,18
35401,2402,92
6025,19654,38
32332,5618,20
28068,9222,56
5481,7826,28
21505,835,62
19682,1783,26
21512,21964,68
16816,38535,16
10715,2309,58
9785,30192,66
9849,13023,87
27922,28982,40
15468,9375,36
6442,21967,56
10646,24930,25
1645,3814,62
36045,35544,72
7963,27786,44
1879,21769,44
1638,28920,32
21817,21980,48
35768,37794,80
32310,24251,17
15925,34859,41
14371,22210,36
30486,15002,26
8573,9755,69
37843,12965,63
38651,25168,8
28256,22542,68
3302,32564,22
23456,33116,79
38444,30159,23
33873,26431,21
34863,25817,44
17404,7907,42
5663,36949,27
25949,2732,72
4533,31102,24
10735,15827,55
32333,36808,23
5263,2593,48
7848,22648,56
33847,145,15
23548,37824,76
6058,316,38
18439,12802,59
27397,34767,12
7025,9770,55
33079,2561,63
22009,23309,76
9016,274,34
24491,316,15
12276,26391,42
6285,9382,60
31827,34873,32
5459,21819,36
17298,7109,33
18206,25084,23
12519,4797,44
27397,16910,15
32554,4664,22
31957,3463,38
23728,31828,76
4723,9265,42
6368,15138,40
30790,13561,23
31981,9516,52
19255,14680,18
25670,25545,72
33895,32717,17
19052,8632,27
12177,37696,54
9990,34868,56
38550,22755,45
9340,198,34
16711,29571,15
15961,30123,51
32279,32724,16
14281,9989,60
34795,20752,10
22975,31040,50
25885,27997,64
15778,1872,53
16204,34217,42
5395,17489,38
12014,21417,74
31121,38386,15
23445,30306,70
16039,12796,72
1547,12290,50
9303,36009,44
7664,7034,23
15935,18276,53
24467,11630,19
8752,19144,27
6404,7025,39
4847,31524,38
37916,20293,26
38405,51,11
27776,6463,60
11692,5562,22
27161,36386,20
16966,31883,35
13225,2495,75
12921,37529,63
22651,25855,76
28890,21200,56
38516,9953,53
4528,5322,26
6846,4977,21
30218,34742,26
25720,31253,46
6897,27470,11
7035,36215,23
5773,24412,21
36167,31983,40
20326,18486,22
1015,6125,50
11480,27186,14
29651,20677,6
8761,7997,37
15194,28840,20
33967,9156,37
13522,8379,34
1127,6379,50
9207,7223,35
23546,838,70
21255,31855,68
38698,19507,11
3276,27225,18
7795,29002,28
16244,6933,40
38340,17373,31
26353,17374,38
4603,31715,38
10766,32553,30
480,22121,30
25039,16029,36
34862,18893,14
12305,33089,57
10081,5665,60
34758,8466,29
36507,6852,23
417,3105,20
28603,32679,20
37050,23774,67
30179,5325,30
27315,16153,37
11250,3829,52
13194,25019,42
35344,36869,71
6510,4882,46
11508,19675,16
36047,6018,48
18436,5363,32
33857,15281,17
7252,31083,17
31825,1510,44
30398,38587,23
7227,33054,34
10731,8596,43
12477,23344,82
1568,8537,41
31890,9091,52
21052,4613,58
6207,30880,42
2312,32689,44
33982,25808,45
13532,35284,69
6878,38709,12
2646,3882,78
27138,27885,32
36788,2296,51
8748,9490,49
29424,13527,17
5412,38447,17
17504,10597,48
7234,12837,46
25953,36086,52
15883,13962,46
7749,27441,20
5704,35325,68
3342,10671,36
18211,32505,28
21899,21989,48
35615,5465,68
15763,16116,66
1517,17387,46
16989,1163,29
24793,11609,13
7840,37237,31
24339,38368,14
28946,23644,64
27860,24873,31
28680,3312,26
5720,27189,16
22744,5263,52
10135,8573,69
27279,3415,18
31672,9159,52
34716,16034,41
10751,29518,26
20703,13710,15
31225,25939,46
37043,3399,29
7698,33386,43
5402,10018,60
32502,37750,32
28627,17487,38
26623,5304,24
17254,19535,32
38491,35518,61
19837,14273,18
16677,7166,18
11704,25178,13
27017,26618,16
33405,30160,45
19765,23722,58
387,3375,20
1022,9765,66
26699,31975,36
22986,6399,72
13514,35437,69
15774,34656,41
19746,19064,12
5382,37773,36
1587,18433,40
4048,24078,51
16853,10802,33
34568,3028,22
6363,36283,48
233,21356,50
22217,13134,63
15287,22601,48
15419,33486,35
33870,25213,12
34556,36286,24
1202,18787,24
7634,18879,22
13581,459,19
17558,11664,36
7774,26772,28
13589,1234,31
33021,33935,36
32023,32719,32
9433,14573,40
15172,27469,12
30464,10110,66
23614,22688,92
8397,24192,30
18830,8660,27
32556,11552,18
22066,20290,26
36840,14731,27
20749,24917,5
36220,14402,28
31019,38688,15
11730,16586,21
29469,27412,8
36956,386,21
22018,37876,48
13029,32451,47
12288,3287,44
36321,20768,18
16205,35730,89
4171,18257,62
24455,38698,14
27126,27287,8
1,4139,48
1165,4793,32
33786,18147,29
10829,33416,49
22692,16642,51
19508,7226,13
14347,23766,64
3043,33971,23
22749,14386,52
31233,19910,16
5383,18922,18
12911,15220,47
7727,28570,28
30406,1889,38
16757,168,17
19916,19614,12
3293,18423,34
28856,21026,56
26383,17682,38
33075,24054,36
26252,37558,36
3518,27826,42
1025,22144,42
28634,3850,54
1994,29670,24
36360,37896,40
15112,28604,20
22815,14011,53
16063,34249,42
5495,29348,16
32566,13879,21
2640,32405,44
38330,14348,17
23659,26695,64
19867,25584,42
34253,36336,25
33247,28744,39
36786,38526,20
17270,17253,52
10869,3863,64
26255,28769,24
22838,5598,52
22539,35508,96
34881,5400,20
9083,19648,34
18821,31783,30
926,23550,70
33794,29734,13
1926,31810,44
12310,14499,42
36095,8024,32
31508,30801,34
148,19728,12
7732,12854,55
35663,21140,100
17593,32441,34
18775,22556,46
34506,12311,38
14558,32709,20
16857,5003,25
14435,22820,52
25983,6160,68
31819,16855,35
12973,21225,83
7612,3210,30
37050,4130,57
12234,13583,43
36518,11313,26
4861,7140,21
13146,2260,75
26485,28572,24
26632,30224,30
33083,14402,39
33263,35548,83
1975,4235,62
14725,34084,21
31196,15255,18
30109,34227,27
16029,11602,43
12429,6064,62
18028,28110,48
6871,31024,17
27953,1596,48
348,23416,58
27283,22105,28
28775,227,18
33242,7793,43
4610,34224,23
4868,29725,18
7760,36428,32
33448,12946,66
13266,28784,51
16703,3140,25
18841,31936,30
30797,36502,26
15947,30061,51
7578,24357,25
26721,398,18
29595,35291,60
22987,6184,72
30324,35489,74
6790,30273,25
14406,14482,24
8741,37501,45
36408,7845,32
6240,6104,64
18256,37921,44
38501,36116,21
18115,6168,52
25183,31003,13
18451,37248,35
36063,28562,28
17397,16610,37
5600,31057,22
5621,1109,30
9345,32514,36
33776,946,27
34103,37700,33
2254,1177,54
28800,36759,27
27301,32644,12
7160,28853,19
25943,15501,44
38662,24219,14
28757,22580,52
34732,19982,14
35702,6071,88
31961,21170,68
16926,10040,59
13962,22127,37
6496,3053,46
795,11389,28
5640,4003,54
36859,10549,37
3195,35674,70
20278,7804,18
30858,9405,38
28064,25983,64
9018,21782,52
29002,3486,26
32013,18941,30
17594,33259,53
10073,9337,76
6875,6215,39
29508,29320,8
16941,19152,17
10934,18891,28
3831,11306,52
33082,25734,63
1262,34016,27
31557,8732,45
36011,25733,52
30059,38620,23
38504,27248,9
11741,35455,66
33123,31689,51
15236,27084,12
38346,21447,49
38515,18231,25
31563,15233,32
31056,35274,66
33309,29390,31
1805,31816,44
36230,6470,48
7884,18120,36
7689,4256,58
15103,2556,44
33488,26590,39
18251,30856,30
21355,14003,57
38745,25782,41
17524,22903,66
24352,9814,57
33987,14417,21
37083,4656,29
33882,15240,17
121,1846,26
21838,1564,44
16035,10759,55
3832,4046,84
6993,31783,31
6955,38708,12
21887,16204,57
2442,31161,46
26346,27510,16
23743,19260,58
20346,16969,13
16977,20578,13
19073,38598,11
25071,16913,14
33371,29600,31
21224,21126,88
5594,23255,64
5531,379,18
27361,29606,8
12487,5735,42
11570,21273,54
12379,21794,54
417,28037,34
50,15149,14
12967,13848,52
8282,37139,36
32599,7226,15
34719,15077,16
21006,11756,54
38642,21207,49
19008,3891,48
27130,4138,46
24236,25813,45
1008,25989,54
35645,33251,83
13191,13890,52
33830,19969,15
19190,193,12
13869,22645,53
9397,36116,44
38622,19852,11
7682,3371,30
4247,8395,63
2363,19512,42
16188,31204,43
37675,36858,39
12764,32639,47
37742,7163,31
4965,16711,25
30017,3017,32
22637,10004,88
10159,30276,66
4804,33130,41
37051,28612,27
13046,28582,51
20333,25,8
11449,18799,16
23023,38335,45
10793,22705,62
12952,21028,83
23298,27156,56
12946,28683,51
37600,25738,60
7003,10259,55
27039,15915,37
28523,38341,17
33218,6949,34
5529,6111,44
18374,35270,76
12274,22601,70
6211,35562,88
19244,9478,34
28074,13822,41
38757,7833,21
9796,13730,61
29682,7008,11
21765,19133,30
24960,32633,11
21313,37592,68
5305,12878,51
6079,36855,47
25211,18812,9
4775,8741,35
9472,13971,41
13076,26396,51
32754,7900,24
32756,22087,32
27479,19649,10
13522,25103,16
30856,25980,46
5340,38545,17
33862,8584,30
38014,21509,68
27522,26510,16
27107,31795,28
7573,7948,32
1569,7903,36
4505,7601,30
2646,2470,72
23751,33090,79
34897,16696,19
10930,1559,42
18169,8353,41
11570,24805,13
36371,372,22
20606,21156,46
7745,14741,28
13571,25668,49
10236,37717,72
6909,15834,40
18093,19087,26
30061,24202,27
16540,15125,19
28137,27223,32
16023,21155,77
9072,27279,32
32280,30176,26
28689,4097,54
25081,16863,14
21092,30167,62
7602,16896,27
31047,15905,43
1134,36443,34
7137,18362,27
24351,29774,13
24037,33315,36
9975,12102,78
6813,8475,28
9315,34761,36
13923,34087,22
4605,30286,32
3800,38379,47
33974,30365,27
12323,28533,42
35659,4645,70
7740,14377,28
35647,32281,64
29488,27368,8
2385,34126,45
26445,12772,51
1767,30249,38
31622,191,30
19753,31939,30
20507,30396,20
13941,25230,16
18912,38293,11
7718,12941,55
27773,17023,39
6002,1876,52
7924,20475,18
16182,12123,63
4998,14376,26
27923,15999,61
7148,12325,37
9187,30161,46
18056,28084,48
22596,8024,56
35281,15462,64
3104,10155,62
6340,37522,56
36762,35412,71
36428,8647,37
24428,24253,18
30042,29529,22
4514,31686,38
8646,6307,53
1524,23017,60
23752,38282,57
14651,27024,16
10034,19072,54
18017,14433,32
12054,21879,54
32673,7510,24
20610,30019,20
34067,30445,27
9419,18839,34
7238,9409,35
12180,4968,44
21106,32724,52
30846,7844,26
7571,30950,26
1875,7642,36
25973,11592,46
34078,7867,25
12419,1225,48
16979,19762,17
30964,33939,19
2552,5654,48
37890,33360,51
33924,23375,61
19917,8695,27
31901,26348,36
15441,3037,22
12862,5480,51
6890,24228,16
12354,13744,43
29712,9149,32
27437,8655,25
29606,26322,16
2501,21304,80
22050,19759,30
17002,27071,15
14433,6471,44
26341,21791,36
7169,33332,34
16158,35625,89
28571,4031,54
427,17280,32
31827,5022,38
26279,11468,22
18263,13018,59
31967,17654,50
36346,5388,28
35650,7529,72
33843,6496,41
30206,11430,28
36481,6067,48
35660,37825,80
27266,36236,20
9939,16206,81
26669,18025,32
35617,7628,72
12292,5261,42
27325,15433,12
21247,10802,66
37241,25078,18
19877,3023,20
16672,16146,44
34822,35542,64
27272,9865,52
15173,3415,22
31532,37183,39
15302,1021,26
13235,34273,48
4125,23006,82
31715,34262,33
11494,10554,32
7598,17664,42
33391,35663,83
28823,7274,19
27887,22505,68
11023,3815,64
16673,37056,26
2621,32748,44
21293,17420,70
12757,36482,55
37196,35262,71
6375,15515,40
22673,34062,49
5762,10982,34
7967,13233,55
11341,30140,28
14437,275,18
30445,2306,54
24326,12832,48
15859,31753,57
24130,34934,17
1522,27831,48
7544,38418,21
22187,11480,34
11371,9179,38
15273,26308,20
36279,15855,49
34813,35726,64
10672,35480,78
6320,15831,65
34709,22917,48
13819,9945,61
31043,11740,20
7556,25059,19
34028,34824,17
35626,16947,67
23742,16105,85
17379,3236,40
14393,1792,32
5716,9458,40
30280,30174,36
33420,18116,47
14452,34165,21
5417,24809,15
38737,18827,11
13105,14454,51
31652,18014,44
36178,10527,38
1702,31085,30
37750,19215,30
11736,16849,21
2444,1570,56
16196,4700,47
17387,19968,32
4062,28122,70
2000,38272,25
22107,19759,30
264,7058,13
3186,6759,21
13761,33443,40
37783,33212,51
3339,31095,24
4770,16972,25
37701,18015,44
32643,19164,14
15992,19114,39
28545,32729,20
3160,36387,30
37253,30960,25
30444,10120,66
23498,16795,63
16126,20455,35
21877,37780,48
21854,5386,36
10140,34864,56
11312,12161,40
15439,10975,30
29467,6304,36
18927,15930,39
37123,4196,57
22806,37001,55
1775,32530,28
32414,37202,23
14666,38655,17
32371,26385,20
18028,1880,40
35611,18000,76
1130,34973,26
28746,34761,20
24880,13735,16
32707,22733,48
12256,28864,42
34189,37506,33
36820,34259,24
24438,34959,17
18916,15112,14
24395,27505,13
13859,1855,33
2523,27883,64
32266,10074,56
19112,24124,15
35557,7575,72
5549,18906,18
30170,9772,66
24393,8383,30
3924,9047,70
12322,34900,38
2350,1252,54
31994,25887,60
18031,21004,64
26744,25057,15
34810,13584,21
424,17316,32
26690,3177,26
35475,3935,98
13631,34028,22
26572,25963,48
6519,9888,80
12067,3961,72
16511,12488,41
17442,13587,39
7588,11004,38
15831,31780,57
19732,25891,42
29518,37935,28
4187,31863,66
38261,11700,15
32418,21756,32
15844,10809,55
19909,30111,24
5726,21427,56
264,18450,26
6332,3398,46
27176,9277,32
10065,21452,92
24231,18118,29
3507,12074,44
3381,33300,41
35375,10956,78
21872,22181,48
18399,13974,33
28617,16543,23
4866,25192,17
30484,21842,42
6059,19023,38
9752,8615,69
28922,16825,23
34156,33049,36
35503,27503,60
30426,36207,34
22230,16856,35
28963,13168,51
36184,23734,68
7932,31745,40
2491,12148,66
30867,999,28
973,35365,74
10223,6940,55
29308,33845,13
16862,32524,19
18899,36278,22
10610,3918,64
7271,8014,23
12809,57,45
22230,33803,33
21778,1854,44
5627,11000,34
23660,961,70
38709,289,11
18977,19522,12
13792,12343,43
30779,24306,19
29537,17371,30
14566,25527,48
12363,34214,39
37712,20729,26
36122,36283,32
12055,22834,70
8269,33829,30
5536,34667,20
9117,786,46
2387,24829,39
6759,13977,20
28039,10206,76
18965,28899,18
4128,3312,56
37043,31845,39
38702,12210,35
18841,24481,15
7042,19818,13
3909,18976,48
29284,30857,14
29365,18369,24
10160,33460,75
38631,38484,10
13880,58,19
7758,21102,60
34112,29556,13
36453,37511,40
3227,21973,38
38269,38681,10
378,19051,12
5467,26280,24
17687,21296,70
31675,18952,30
22155,8731,45
7236,3011,21
36775,2653,51
33250,33373,54
4632,10987,36
37169,4753,29
36865,18052,35
25998,36761,51
34958,3253,22
362,33870,15
29594,31143,14
11646,4899,24
24799,10683,25
4818,13526,27
21106,9040,72
6105,24283,41
19703,36280,22
23483,19601,58
31176,33412,37
4637,31047,24
20265,31899,26
8534,11695,31
17562,23608,78
38384,10039,53
23651,19089,58
25992,3236,50
18128,29330,24
1271,30860,28
11331,37166,25
19164,25535,42
31137,6817,17
16029,9321,61
21909,22146,48
11769,8479,31
21511,37819,68
31078,27887,38
37986,27450,28
17571,3388,40
35771,16809,67
33317,31535,51
15788,18478,53
29332,493,10
19574,36282,22
21009,3119,58
4519,5740,26
25688,16810,47
7671,22627,56
29483,34593,12
9848,31086,58
12467,13656,43
27433,4104,46
30953,28514,22
12109,8389,51
30040,33147,45
22003,9517,52
26438,8487,33
33111,810,45
22621,23751,92
7724,36121,32
36494,12774,55
1593,20386,22
29421,28097,32
190,18100,26
28822,8599,33
10208,36259,64
37132,17728,41
35357,27444,60
10787,6299,54
19501,12380,36
10799,7732,38
21870,34805,32
20477,29479,6
35281,36994,71
3078,13186,53
33933,25590,45
3425,18156,34
19908,21786,30
23361,32372,60
24176,31902,33
32265,34208,17
37991,14338,36
22195,33240,51
5008,15349,22
14531,19749,18
207,13563,19
1103,24008,27
12991,34967,47
36502,32729,24
34925,22976,48
28898,22115,36
37582,35696,80
30818,11480,20
22258,1904,44
905,14305,30
23277,16585,63
6954,9883,55
34944,9236,36
26535,16615,23
31890,30048,42
31164,37932,34
9000,19845,34
8770,13093,60
2571,13256,75
36324,6292,48
24250,21865,33
25849,21403,80
21157,38418,49
24913,26759,15
7792,27952,44
37157,18297,35
3404,20295,16
19192,35504,62
2480,29289,40
33097,1616,47
31098,9876,58
1251,24425,27
4745,10788,36
2655,6759,43
36957,21150,59
27106,7138,11
29552,17479,30
7017,16547,18
4161,27889,70
1881,9107,48
11729,2409,46
28580,13531,25
375,34912,14
21831,3960,66
28116,16189,61
11584,33145,37
3455,8669,35
6787,29731,11
4851,10178,62
14017,23456,65
17005,2647,47
13787,5427,25
5564,11550,22
13096,3229,53
29458,25133,7
32384,859,26
35457,21179,100
21905,10628,46
24172,12258,39
31792,28563,36
22842,29608,44
28100,19765,34
30270,31022,28
15216,22702,48
25602,33980,45
14338,12334,42
30023,13718,31
35430,22742,96
21212,3455,58
23704,6823,59
18377,14673,32
4648,13933,27
16784,20490,13
7049,21412,51
37507,17343,50
22607,4135,82
23650,38743,57
19005,31141,16
33388,19876,33
36510,19767,22
2619,25899,72
126,22759,46
502,35438,62
25054,13545,16
30391,34729,26
37513,29431,28
32706,19553,14
14368,11324,22
31819,37030,39
28025,261,34
14644,5643,24
6304,8659,53
32530,8259,29
28932,18990,18
30277,16125,51
21450,24251,53
10789,33334,49
38601,24188,14
36059,7003,23
35523,21444,100
9265,36834,43
29401,16610,15
35542,34798,64
13638,8382,34
25807,30242,54
26472,21089,56
28664,250,18
34016,7029,16
17006,30858,21
32715,18222,28
20277,19520,8
23413,33804,61
4794,24760,17
16099,22151,57
34583,2473,44
29488,36016,20
13233,7964,55
33234,1021,45
18088,989,38
24510,12820,48
27908,36357,44
34220,33514,36
37217,1135,33
14438,10134,60
34151,3225,23
28205,19817,34
2013,32267,28
36233,17627,42
3782,38315,47
14522,26762,24
3364,36379,30
21904,11680,34
6129,29300,36
7508,32439,24
29017,18188,32
37954,12347,54
6036,25709,68
17352,31022,36
4672,37162,29
12840,16235,72
24451,34080,18
21979,27284,28
24207,4966,23
16719,3239,25
14711,22700,52
28230,25549,64
26503,12372,42
6426,38398,37
26722,12775,51
28086,33752,37
32762,9236,36
15024,18059,28
9911,23370,100
9960,20279,50
36159,33449,43
25160,4553,17
27449,22957,44
18155,21859,44
1780,3417,34
32588,10804,30
29474,32261,12
11292,36776,25
5541,22760,52
777,20013,24
23464,9954,100
28225,31186,38
16057,4788,47
15767,6461,65
28545,34551,20
30080,9162,46
26481,28143,40
5010,20421,16
109,10247,54
8366,862,39
12195,7965,46
35282,9979,104
30146,8635,39
34178,6868,16
27930,28590,40
30153,27922,46
22654,24002,49
15126,29270,12
19924,10944,28
22700,32501,48
6868,1571,27
15448,37783,32
38490,3250,19
7738,17481,42
9496,35421,84
7085,36498,23
9784,33881,57
34923,38594,13
24514,33243,36
22530,20366,42
36175,36265,32
8383,26760,33
7537,10066,64
13185,18097,59
30291,32464,26
34540,16097,41
22049,35405,80
26715,15903,45
36048,12121,46
29263,16694,15
18282,21084,64
22991,29258,44
17721,334,32
14017,10605,35
38406,4585,19
2341,12839,75
28744,22650,52
28143,26481,40
30318,7879,34
13553,2697,49
5511,34125,21
6156,18802,38
32485,38310,13
7677,20680,18
27839,32757,36
13748,24905,16
8437,36092,37
32465,2419,44
29316,7212,11
32693,15950,41
36154,9964,64
11579,32515,18
37163,20287,17
10634,19671,28
30852,20555,12
13167,8378,60
5693,30510,30
32729,10960,30
27301,36247,20
23759,36463,68
32251,22634,48
36017,13039,55
13884,30401,31
7566,14432,28
6183,7192,39
28588,31873,36
13584,1953,33
15131,33436,35
25987,19868,42
16594,28856,23
23444,1726,72
27401,13571,17
18949,142,12
37908,33472,51
17015,33377,38
17377,10139,74
13032,10747,61
20428,38366,7
24101,9979,57
3791,18302,62
19552,34861,14
25600,36911,51
12416,34630,38
31799,22004,48
9495,6803,35
7252,17545,33
31741,28600,36
20303,7011,9
9846,10697,70
12463,8528,51
18793,22926,46
3898,30008,60
16613,3917,53
19935,14668,18
21275,29330,48
1704,12503,50
33981,31140,19
21130,26670,56
22522,2540,76
10063,15750,81
13172,33007,66
10769,7110,29
13586,38572,18
18477,10780,42
5418,2769,48
19085,15367,14
31785,23710,76
12431,5268,42
37536,6854,31
11661,12484,40
6799,23299,59
13939,4740,27
8582,19822,27
5712,33790,21
13744,36187,29
7050,10742,29
31042,21256,54
1684,296,26
34562,29323,12
34625,12319,38
26613,36034,28
8019,36965,31
33183,24178,36
19704,36896,21
4671,16964,25
26665,33431,39
25092,18813,9
55,31666,30
5689,21090,56
33809,17691,35
25782,32022,60
6129,1816,52
16057,8570,54
15790,38625,38
3072,38356,19
7531,1994,36
7744,9820,64
25070,35549,59
1944,35001,28
30456,4842,32
32619,16859,19
21468,25125,47
12969,448,45
7,7828,22
22271,10881,46
26773,5567,24
3882,759,60
15130,2721,44
1149,21943,42
8380,30262,39
30919,18049,30
36102,23763,68
3751,16761,53
10897,23253,74
19668,16967,17
8467,3917,63
31648,14608,36
8326,32252,29
4810,8316,35
4688,36499,30
25772,11494,46
19773,9487,34
28892,12916,51
18986,13237,45
19210,18488,26
3980,34593,50
25979,24424,45
4224,11280,52
10689,14471,34
13625,497,19
18241,11000,42
30520,20504,20
30051,14626,30
13943,5309,25
4089,36146,58
10975,29523,26
33341,21241,71
25647,6150,68
15974,37016,48
15136,8442,29
6212,34191,41
24921,35651,59
20288,28098,30
27271,25838,40
33912,4899,23
6340,33210,59
35574,27922,84
28141,15860,61
13058,31552,63
245,12371,36
25701,18299,56
18501,1749,40
29529,13077,43
21915,21149,68
28089,36260,44
34823,3027,22
1086,7196,25
17545,6117,58
37274,13920,28
11274,28972,22
21938,28512,36
3440,910,32
22708,10825,62
22601,27299,44
10030,27967,76
11709,13536,23
33104,36768,42
33335,4617,41
28058,5437,40
34074,293,15
30145,961,36
34656,28862,20
6882,8474,28
31151,6799,17
35405,25145,59
19773,32500,14
30836,1,16
25979,47,42
7136,29268,11
14290,23312,64
22014,13987,37
15169,17327,34
25004,7017,10
9472,38410,33
21421,31765,68
13130,18042,59
1942,10764,42
18429,15811,53
15401,24452,17
11285,19978,16
16720,8555,32
13251,12246,69
36873,10019,63
5000,20544,16
895,28564,30
5588,4169,54
22129,24098,33
38409,3866,47
28896,21855,36
25620,7918,52
31050,33088,37
13763,11678,23
17770,5597,38
25684,25924,72
34206,10526,31
33064,26520,39
21232,7516,60
6130,30450,50
11706,36220,26
7687,35297,72
24874,5346,15
18518,13136,59
3799,13172,81
30054,4889,32
8297,5337,33
20392,7524,18
2644,19046,42
26708,9892,60
9445,13882,41
24211,35375,65
23390,22995,92
27976,11715,38
31238,28813,22
4007,7867,58
22237,9511,52
5637,9914,60
11765,30448,28
31196,22226,34
826,5403,30
16820,20575,13
19892,27114,10
12337,20579,32
29712,37260,19
32626,4097,50
24987,18880,9
30969,34913,18
20415,22678,42
24165,6282,41
12980,34070,48
7899,13717,29
36297,32015,40
20533,31089,12
6114,36129,48
6370,25106,35
16965,13087,50
22645,12932,79
8565,4101,63
4056,6520,74
975,10866,40
7970,18350,36
32335,21093,52
4729,19786,20
13734,10644,35
7147,19777,13
15498,38287,13
38399,16502,16
7842,122,22
18897,33171,33
12174,29630,34
29285,30011,22
29263,10729,26
29620,30972,14
34939,21854,32
28794,30222,30
6351,98,38
21449,8531,65
16709,2752,47
1242,21079,62
37762,10840,46
15277,20459,10
31608,27366,28
24236,23329,61
6025,12079,62
12251,7846,46
13260,3170,53
20728,3157,16
17482,3332,40
15264,2540,44
38699,37274,20
27007,20316,6
32369,15999,41
18966,23428,58
21899,13147,63
25063,25967,39
14454,18332,32
34935,14736,20
7692,1534,36
13539,25831,49
19108,26452,18
22546,38747,45
22993,3413,54
5255,38673,17
5268,27771,40
17286,19818,32
31859,30111,42
25501,38250,41
20334,12012,32
23468,5379,64
27197,6227,36
11731,1683,30
4101,9000,70
7826,26676,28
5421,1124,30
6947,28846,19
2548,12166,66
2318,36333,52
24201,34568,17
4130,15404,50
16747,21495,55
32266,17712,34
27396,31667,28
820,12314,48
29305,7692,20
12900,30100,57
10682,30778,32
32571,8511,29
3128,34718,22
16029,35375,89
8271,15091,29
963,13970,31
35450,4183,98
3943,1193,60
38272,35489,61
33372,12438,57
36837,12332,45
33140,1680,47
34052,6326,41
20553,32724,10
4151,23633,94
2352,6890,43
36859,24162,24
19182,18802,12
30779,5284,22
27428,26597,16
27782,1240,46
12849,34062,48
13076,4825,53
24332,10267,57
16654,12999,50
3261,36808,29
20270,10893,24
18117,8755,41
7743,924,34
10177,29730,52
23722,15427,60
17512,13659,39
31617,13675,37
31519,24270,33
1840,481,26
8560,9373,49
15331,6984,15
16533,25982,47
34768,25690,44
25867,8753,57
21300,35447,100
36137,21252,60
9083,34777,36
29730,9930,52
9186,22930,68
23024,12392,70
894,38428,23
2354,7877,52
24205,31008,19
22001,12908,63
27295,37123,19
15886,23728,85
30282,7857,34
31268,37069,25
1614,2456,56
34055,13500,22
6259,34782,40
32513,417,14
24146,28700,21
36836,9805,63
28021,11648,38
13092,13761,52
30759,1819,30
21973,10576,46
35476,35254,112
30990,18269,30
38336,1114,23
5529,15889,45
1778,2632,56
4885,36169,30
30333,27133,22
8660,22765,61
11424,21516,54
24953,6361,35
19032,38658,11
9943,24454,57
1048,11773,28
25063,28256,31
14507,26001,48
22026,33918,33
10144,19549,54
21797,31057,34
11725,12841,49
205,31164,16
36449,4750,30
15917,823,51
8351,34183,30
19725,15410,14
38736,3305,19
3256,19006,20
21823,12505,54
435,37693,30
22758,31759,64
24904,30338,21
36386,28644,28
38457,21947,29
27106,5591,16
8645,10063,69
12471,36377,46
38702,28179,33
25674,12062,66
33993,36038,25
35756,20492,58
17550,10178,74
33301,18782,33
15755,12989,72
7192,35363,63
21287,37121,59
22783,3207,54
13525,27416,17
6946,22884,47
30825,29292,14
34966,5578,20
28814,6086,44
1639,27162,24
21751,11641,34
31912,30295,42
15075,22727,48
31685,23690,76
34598,6912,15
5657,20507,14
10096,37989,72
6826,15152,15
2670,14261,48
22790,33523,67
19639,20,12
36891,21820,39
26559,30486,30
29534,19607,10
30419,1191,36
26606,8583,33
4012,1263,60
8564,19224,27
35555,15511,64
20736,9125,30
26422,22602,52
31893,22257,48
23701,7157,59
38658,36254,21
10088,2456,84
27479,1591,24
19656,9774,54
19923,19244,12
29350,11469,14
10843,36035,38
37692,7630,40
4269,33988,51
7104,29684,11
16883,4691,25
15774,21189,77
18014,7181,27
1620,38429,25
30414,5674,30
18880,4742,20
6345,4516,46
3220,8013,30
13782,19011,19
6172,12262,62
10219,26001,84
19521,21020,50
20293,19750,8
6796,5303,19
11,32310,14
1978,16574,31
11306,16066,43
5575,27302,16
21326,22020,68
5379,21006,56
11627,10644,32
5487,3446,26
22732,27922,68
24878,29616,7
23283,36150,68
12374,17415,56
27114,9926,52
20475,3223,16
955,28781,30
18066,29472,24
35278,23729,108
13189,11653,49
25068,20725,5
23366,25216,55
17591,109,32
26643,13591,25
7586,5018,30
31725,18290,44
29766,15998,37
7226,273,13
30762,25591,46
33932,9221,37
20458,21093,46
35254,27278,60
29516,6259,36
953,27176,22
10580,12849,61
33776,35307,65
13598,27333,17
33935,7729,25
25539,2020,56
13125,31664,63
16733,3033,25
7560,27417,20
11638,12153,40
31929,21266,68
28026,12785,67
7001,23577,59
6233,5524,44
27449,4800,18
27465,9984,52
7580,25716,52
8268,24935,24
489,4997,20
35002,25154,11
37096,22564,55
8704,23297,73
11500,18981,16
238,29580,10
28756,4990,26
38659,10870,27
12040,7956,46
7687,33141,43
14625,3968,54
30758,28033,38
3891,22915,82
21126,24392,53
18365,6977,27
13797,21302,57
27212,5601,16
22849,10015,88
37833,32649,32
25101,21475,47
35268,7762,72
30170,35335,74
24860,27000,7
28067,17367,54
3096,13913,27
1666,24763,23
13925,17741,39
37945,1140,42
19911,2753,42
4728,21185,58
35410,13223,95
13864,33218,40
18434,17350,46
14667,9412,40
6245,1995,52
10575,23573,74
21169,13164,83
3865,406,48
31684,28931,36
5608,37253,27
25596,9835,84
12844,30851,49
8659,27456,25
12433,1685,50
10798,18892,28
18057,22040,44
3803,12074,72
11596,28146,38
18223,8489,41
5485,32733,20
8693,27880,49
18964,31643,30
4539,32359,22
22930,4920,54
14667,7924,28
29549,4760,18
21147,10622,66
26490,34755,20
17334,29486,30
6352,35685,88
36369,37665,40
21360,5272,56
33416,21978,51
37544,30227,42
5489,1629,32
16236,17700,59
7932,30172,34
33225,2520,63
1656,22012,44
19202,10144,54
10715,24507,31
26341,12974,51
33295,31144,37
6340,26648,44
12184,37730,54
16053,20306,35
5388,11644,22
13238,10763,61
30165,14577,30
224,12138,36
24074,15038,17
22108,10541,46
4930,4942,28
30434,34182,27
30928,9302,38
17256,14719,38
20501,18829,8
24220,832,27
24284,32650,17
17376,28991,38
12336,4106,72
14528,23557,64
22120,32369,32
6282,13531,45
33388,8348,48
17567,32316,34
27071,14638,16
18903,32549,14
28899,36835,27
28754,24356,21
36374,25500,52
20569,38452,7
23610,16015,85
1003,37069,33
30056,31641,42
23491,32001,76
17371,15790,59
38299,22078,29
26451,37946,36
26464,36887,27
31801,11321,34
8305,20324,23
1970,18511,40
9462,23641,80
15509,4544,22
10037,31030,58
4830,22641,54
29541,27108,8
29513,16649,15
21160,15160,52
36833,24017,24
35513,20692,58
32659,9780,56
15508,31734,32
5634,15487,20
12110,30187,48
18189,28195,48
10076,31939,72
7106,14492,19
27352,19816,10
31750,10065,72
28782,12185,42
29485,9137,32
14264,4830,26
26435,3990,54
30149,16076,51
24828,11595,13
20263,7546,18
31121,20523,12
2018,12264,50
11677,30780,20
6504,1997,52
21224,38526,49
36251,16033,49
285,10644,28
8664,19931,27
19967,19833,12
3356,5530,26
37827,18771,30
28059,2507,64
30917,30189,28
3091,13505,27
31594,15474,32
12499,18851,36
14657,16880,23
29258,3911,46
12962,18909,45
37150,8431,36
29599,10939,26
21800,36163,40
30215,38462,23
14444,1094,30
32527,21906,32
25013,12115,33
4775,36964,29
6760,15197,15
38261,36934,20
21436,13059,83
6148,17481,58
12461,13113,69
28581,25811,48
22928,34806,48
29020,37796,36
13994,21008,57
24443,38590,14
2647,4902,50
1780,31079,30
30899,19261,16
17451,33198,53
32449,9189,36
6860,18212,27
27482,18204,24
1836,7125,27
13552,21116,57
918,31553,42
28764,21464,56
22886,24209,49
8431,12163,51
36991,7706,31
4160,30237,60
28794,30232,30
9976,12918,87
7258,13709,20
21426,12095,74
27303,7630,20
25516,6754,43
22534,28971,52
8434,1555,41
1266,34750,26
4237,27444,46
12866,7903,55
9182,33076,55
27390,22100,28
21474,19628,50
33472,36389,43
30097,20666,20
23286,18306,72
19788,26452,18
35703,13560,69
14470,192,18
32426,8273,29
6953,9371,35
8353,8728,42
38261,6232,37
3411,23694,66
8007,29263,20
29369,27979,32
29303,30505,22
25761,27259,40
786,22225,42
4622,14373,26
16768,3050,25
34904,33390,35
5370,8252,33
33340,12866,66
27833,34837,36
29507,33242,31
20308,32269,10
4895,6008,46
14250,20413,14
5584,3276,26
12983,871,57
31929,19730,30
10097,6962,55
25585,36759,51
30879,864,28
24788,32559,11
2002,22965,60
35544,22856,96
26634,17509,38
7668,36422,32
375,10656,28
3071,22999,54
19691,12791,45
23267,13750,65
28104,23773,80
5650,33414,39
18817,29514,10
27336,12292,34
10000,11572,58
33275,18962,33
1792,12086,50
7875,25881,52
14344,5596,24
22044,25818,60
24994,12297,33
28829,30779,22
21006,23612,96
27825,7224,35
276,23769,58
24015,3507,23
27249,8754,25
19516,35717,62
18813,37907,30
1901,9005,48
13978,13705,26
25854,20495,38
30255,37860,42
8707,20251,23
10816,36964,37
27450,8357,25
17392,17339,52
17745,22582,66
19173,15393,14
15868,5612,45
30814,34252,19
15505,29590,12
35682,19695,62
15755,2721,69
12875,30324,57
36114,32499,24
283,46,12
16883,24251,20
23620,23007,92
7661,30071,34
21904,34642,32
803,30040,36
18401,494,26
15180,21489,52
29467,12232,34
1601,14504,32
2004,12376,50
29493,14548,16
10927,22889,62
32661,11546,18
22745,12891,79
11473,10928,32
28636,7592,28
17419,3498,40
11461,15033,18
32331,11371,18
16022,3121,47
10781,35691,78
26518,35497,68
6166,28110,60
17688,33084,53
29642,8404,25
7717,20587,18
21767,37948,48
28560,23625,64
13672,18998,19
15354,32285,16
28864,36277,28
127,30771,16
2358,1746,56
5351,34778,20
18979,19799,12
3915,4571,56
4554,11306,24
1239,36049,34
18450,16591,31
11004,12269,52
31974,6161,56
25070,18198,23
28028,12501,58
7216,12313,37
38606,20379,7
1025,4059,60
14008,28816,25
13556,12926,52
3342,29282,18
34229,25507,45
1038,37797,42
34659,34103,17
21946,13788,37
1038,37742,42
27955,19613,34
905,12207,48
38738,3164,19
18053,6151,52
28692,6355,44
13564,29413,17
23321,12864,91
10988,24198,31
34659,9171,36
30141,752,36
9464,23290,80
1664,25786,56
27469,3153,18
22080,35319,80
9464,10116,76
7585,15016,24
5016,7816,30
37563,19585,30
13906,29300,17
830,17618,44
30882,16745,21
10752,7057,29
27203,38607,9
34818,38416,13
2601,27486,40
30779,34238,19
26288,4952,26
22843,19538,46
13099,15232,47
6380,14671,44
1574,36763,35
24148,1746,29
24772,27768,31
12380,27750,58
201,38570,11
30517,34198,27
19903,11673,16
6089,6455,64
30185,30387,36
37518,1859,44
13825,24170,22
34946,6095,40
1133,33442,45
15501,28629,20
27387,20519,6
5510,37918,36
21000,34916,52
25670,30984,46
16684,10805,33
1041,33367,45
33386,6264,59
32277,3399,22
21251,5689,56
18109,11456,30
19533,9226,34
5625,28569,24
18150,34879,28
35751,32373,64
27248,2307,40
16687,21375,55
18890,25711,42
17493,27115,30
30414,27304,22
7636,26299,28
2475,15356,44
21234,36102,60
11266,27091,14
1929,31256,30
21392,2638,80
17359,24758,29
4565,21302,58
1928,36475,36
33029,9761,75
25555,6814,43
37967,30397,42
21991,36047,40
33900,22173,33
4592,2751,50
27864,35717,84
9986,13836,61
22054,7875,40
10902,6990,29
12177,9093,58
6955,9346,35
63,7863,22
10195,862,66
26479,15908,45
21131,19863,50
27164,4191,46
26515,8016,28
24427,38704,14
30756,20440,12
18088,27910,48
20546,20609,4
28882,30308,30
5653,25968,48
1639,1939,40
29006,31708,36
8360,33362,48
16537,16228,44
7672,28268,44
15923,12197,63
23427,20405,54
20704,5341,14
21444,34571,52
7576,4861,30
22046,21454,68
30923,23344,62
25875,2594,72
36837,13075,54
35660,23500,108
16252,4938,47
12365,9044,58
29394,18147,24
21421,3091,58
13864,23339,65
2549,7162,43
12514,5406,42
10043,17489,74
11412,4862,24
1619,3299,34
4031,1713,62
29426,24971,7
26470,6824,19
12295,27138,34
32340,18981,14
20671,18431,22
1138,4116,60
8472,14661,33
476,16064,39
7113,14710,19
25149,15014,11
21101,2629,80
849,37177,33
810,34708,26
11491,22924,50
23545,27217,56
9311,9141,56
32667,13612,21
3874,21932,66
28171,24191,37
29706,38663,9
18848,19643,12
18502,15024,28
1176,31893,42
31605,33244,51
10741,16676,33
26751,13977,25
27328,27314,8
14258,12024,42
35715,5290,68
28590,37838,36
18852,23501,58
35647,18137,76
37846,22518,64
11267,27437,14
8560,25652,57
1611,5632,32
10147,7142,55
34167,269,15
13817,34775,21
33889,7775,25
24097,8388,30
36981,30480,33
12852,33357,66
14014,16272,46
14738,23276,64
15151,26710,20
28890,32448,20
9795,35445,104
21308,3396,58
36775,23567,67
444,12352,36
25759,1785,56
12986,10884,61
36877,10801,37
11722,37663,34
19687,33760,15
18967,11385,16
31706,37904,48
18280,23540,72
13213,33805,48
30510,33340,45
13256,18242,59
31899,35629,80
4910,26340,26
17020,2280,47
26518,11727,22
24790,35695,59
4113,36439,58
12916,17562,65
102,4138,48
32575,8488,29
14325,30182,30
8699,19151,27
12269,6357,62
26492,1676,32
10092,27894,76
21139,1263,62
33884,15262,17
13080,16241,72
879,33359,45
21926,9959,72
5649,37704,36
28701,10918,34
12511,27488,34
37912,13614,37
13587,26722,25
18196,23692,72
27032,3110,18
9349,21245,72
24147,37776,33
35717,35319,112
34085,32409,17
16743,28006,39
17643,22596,66
37226,7006,22
35719,10680,78
12119,17422,56
11431,18034,30
23727,6981,59
26250,5532,24
29440,26701,16
7653,19241,22
13185,15441,47
25015,14525,15
16732,22259,35
10181,19814,54
27778,103,34
19183,24985,9
34249,18228,29
29576,12359,34
21351,22176,68
6204,4786,46
37900,36063,40
27218,18357,24
25178,33834,12
36252,24374,25
25212,37176,18
18407,35724,76
6296,35649,88
22692,38311,45
3831,16183,75
7725,4036,58
4653,4547,28
4572,15767,47
19585,18354,26
34201,31832,33
13636,3327,27
31181,22180,34
5258,15808,45
22249,24927,27
38661,33877,14
30315,14715,30
4205,2756,78
7604,32700,24
4637,12454,44
37924,38452,29
4748,6443,46
15470,5571,20
26650,32512,20
37937,4675,38
23387,18354,72
37634,15080,32
24249,16597,20
25737,8385,57
37512,31611,48
33197,35004,35
19994,33063,33
28066,378,34
6919,34231,16
25643,29702,40
26302,0,18
19804,3423,20
16786,15911,44
38738,11668,15
962,19880,24
4146,6081,74
28042,18378,48
21145,33926,53
22020,30170,42
30392,25766,54
23495,10751,74
3513,13905,27
4574,34046,23
10137,21113,92
26504,22219,36
11301,32393,18
25531,29442,40
7136,13803,20
37192,37011,30
34097,1173,27
13701,11772,23
15052,32574,16
21082,6499,76
30018,11754,28
24969,29436,7
31950,1238,42
12504,25196,33
14735,32428,20
24129,24802,12
18049,3996,62
1860,9002,48
37689,38540,29
17317,4785,40
37740,16157,57
27085,19188,10
9827,7215,55
29452,14578,16
18233,17658,46
16564,1533,31
514,214,12
1821,19657,26
24334,4641,23
31110,24007,19
31014,34635,18
12899,15465,47
5723,32417,20
37739,16209,57
924,35636,74
11413,24867,13
6778,37236,22
12194,31912,54
29741,87,10
355,35758,62
19737,19248,12
22883,23588,92
10893,16933,33
34723,4114,50
37081,21861,39
26389,15523,20
11511,263,16
1727,24933,23
10620,12352,52
24854,17542,29
16886,1593,31
4929,25737,50
8641,23577,73
10009,16119,81
25755,30089,54
10867,34791,30
20452,12027,32
247,10073,54
31809,20413,26
11721,17709,36
3062,6899,21
17292,14017,39
15144,10009,56
33017,27502,31
6907,21801,31
38479,2330,41
9126,29431,32
28030,6170,60
13262,12916,78
23007,23550,92
4984,9495,42
26752,27485,16
10167,29683,52
4053,2282,78
28627,16885,23
3827,24120,51
305,17390,32
7848,27263,20
9935,23023,88
36508,12185,46
25838,32474,44
28926,27155,16
12832,24201,48
11576,4179,52
34869,10609,30
33382,24896,30
413,27457,10
38610,24382,14
17534,27002,30
24498,37552,33
14419,15473,20
3197,20646,16
22536,15774,73
15820,13964,46
1618,31151,30
20693,25054,5
7219,973,25
5412,20768,14
7961,38269,21
13080,19589,45
21970,10853,46
9164,6844,35
24005,28093,37
25106,30256,21
30928,30411,28
15523,19037,14
1834,34924,28
33132,35738,83
28663,18514,32
23404,13073,91
30157,17504,44
13056,12793,78
36897,3289,29
26537,30228,30
17586,35414,82
17012,8690,32
33414,15360,35
26560,1681,32
1112,33894,27
26607,36411,28
12358,18311,50
30411,935,36
4765,6247,46
16650,4045,53
20528,31693,26
38760,11362,15
19778,15166,14
1155,9187,46
37814,14747,36
34515,14519,20
5347,23738,64
19022,32520,14
23520,9237,80
30074,30368,36
4818,24434,23
1200,15893,51
31713,23536,76
2397,17325,62
23641,26314,64
31121,10913,32
27418,32699,12
33798,18901,15
24228,26356,21
34568,27438,12
16125,34817,41
7192,32735,15
21213,918,62
29631,37589,28
7591,18467,36
2404,18985,42
17439,24508,35
14022,7234,20
11406,1581,30
22530,32642,48
4688,38655,19
24170,4994,23
14356,24258,21
4695,3921,56
18174,27879,48
21970,24494,33
18838,22004,30
34177,9047,37
30098,5376,30
9154,7969,44
37274,19873,21
22702,33365,67
6353,18967,38
19795,25652,42
18324,32487,28
18518,6946,27
16246,17265,59
7721,16023,49
28987,16621,23
19164,16747,17
15864,30934,43
26465,27990,40
34782,4856,22
21350,3137,58
10903,4619,36
25094,28125,31
13688,36319,29
1656,10128,68
38419,15943,38
33180,4159,69
178,6844,13
19908,8270,27
9801,22724,88
26425,26618,24
13148,2631,75
30061,8651,39
2430,11555,46
6822,38470,12
15142,28106,36
16627,23511,63
12016,12195,60
6915,135,13
7764,3856,58
34231,6790,16
29661,21811,28
24467,9509,37
37651,1506,44
22029,24886,27
9503,38617,33
26675,13596,25
24940,4770,17
25707,33800,45
17621,28867,38
18212,33863,29
37029,1625,35
7769,26695,28
3074,10527,36
25005,33337,30
33958,8687,30
2377,25960,72
30123,15154,26
4939,38417,19
32631,22674,48
3162,38255,19
5331,17648,38
30113,22624,58
18282,26699,32
5725,31646,36
6277,18344,52
36974,10896,37
32382,20716,10
24494,17408,35
461,22542,46
1895,25056,23
36515,1844,36
392,24074,15
4843,33964,23
26477,19542,18
9049,16838,39
6894,30902,17
26699,17417,38
38266,37213,20
1998,2455,56
6770,15410,15
5550,28508,24
31062,25817,46
18161,19717,26
16078,6070,65
7713,902,34
17292,424,32
16642,11633,21
16978,29448,15
22655,8650,61
8765,38328,26
22966,4258,82
432,26013,42
12006,31703,54
19109,6929,13
18175,22898,60
36187,30956,26
24824,13011,42
31270,2387,46
12455,10612,52
16958,26623,23
3074,387,20
31097,238,16
18208,18953,26
37194,12151,45
36185,2637,52
26644,13549,25
16656,36269,27
12862,11498,49
9491,25857,64
15423,24472,17
10764,11692,32
1922,23771,72
10012,30348,66
29558,24487,13
399,16826,17
29480,1171,22
9953,5018,62
16064,12044,63
19838,4717,20
12991,35462,95
904,14473,30
15184,38510,13
25528,28980,48
19554,34019,15
33378,9239,55
38613,30287,23
4217,3373,56
10238,31071,58
15006,34034,17
10827,6305,54
14543,27275,16
29333,15287,12
797,29474,22
29391,30861,14
33510,25806,63
5465,24432,21
4037,25127,45
30184,352,24
28060,7661,44
7228,8287,28
30780,33084,37
15312,31014,18
3961,26673,54
38426,17663,31
9087,13864,41
22539,34708,48
30839,815,28
38297,38442,10
32693,6347,40
27776,12901,67
37265,34959,23
2255,16871,47
22132,12415,54
3974,30011,60
1823,37077,35
12006,3494,44
22504,4678,54
24922,26471,15
12225,10001,78
28132,27061,32
12109,15778,63
25184,36042,19
30438,27900,46
32675,34056,17
235,27796,34
26476,30078,30
12467,15156,38
3883,27435,46
3012,7537,30
2410,385,42
9760,1178,66
27479,1109,22
18365,13639,33
31988,34747,32
29395,6207,36
7626,33017,43
1090,21781,42
24055,1219,27
35381,18754,62
16156,25681,69
30996,20420,12
31129,23309,62
16734,4830,25
29677,37797,28
9359,3038,42
33840,38601,14
36221,38749,21
31910,7942,40
32347,10652,30
15399,4,14
33223,136,33
8695,1234,39
16968,12100,41
29499,33811,13
17572,12200,56
9098,27144,32
5714,3794,54
22812,17318,66
1089,13765,31
3473,49,20
4613,25588,50
34840,2269,44
17411,4865,40
37584,12301,54
4940,18961,20
20326,18859,8
6091,20368,34
14274,23520,64
12153,31956,54
26616,2342,48
19805,7233,13
10255,10731,70
7959,9295,44
16566,36388,27
16968,12067,41
10736,25842,58
25017,28515,15
28581,12893,51
21882,15367,32
6022,6853,39
36881,22136,39
20495,15181,10
1955,4646,34
3353,25182,17
27888,14414,40
16053,2389,69
30485,36875,33
4115,8297,63
18280,13794,33
30860,4238,52
38476,15783,38
35541,33076,83
9123,33282,55
35736,3495,70
28646,36269,28
3949,9040,70
18045,19012,26
17654,15946,59
34646,9768,56
5359,37657,36
27024,23359,56
37849,22255,48
38738,16604,16
33313,6434,59
5284,35447,68
13743,16952,24
8006,12040,46
2601,10144,84
248,37091,21
37054,19091,21
3024,27838,42
4685,35362,70
33879,21932,33
30298,29397,22
6063,37097,47
1687,29395,24
34812,19120,14
13725,37821,37
3454,24110,23
25258,1939,23
27470,14628,16
22873,36430,56
29304,12885,43
30215,26279,30
10587,1598,42
6819,1119,25
25266,23450,55
28582,10701,34
16768,38599,16
7748,33417,43
24506,9238,37
10866,37606,46
18249,15120,28
36051,33212,43
31647,13791,37
4044,24433,51
19863,22697,46
22564,31627,64
20405,37232,17
16993,22130,35
25550,13517,49
5469,33505,39
17414,11361,36
8584,21405,65
1909,21519,64
27055,37119,19
23571,3771,94
11646,9313,38
26329,22818,52
7608,23277,68
8662,3256,35
21783,16224,57
17741,4159,68
21235,8744,65
32435,22156,32
15447,36456,24
33305,1903,47
1892,29758,24
26491,3479,26
31095,23622,62
23557,11751,62
36835,31864,39
3125,3273,28
17448,26728,38
10992,30273,40
3341,29288,18
28682,75,18
28676,27759,40
29710,33249,31
20448,37871,26
22691,38685,45
23478,15368,60
34195,25116,12
14535,22987,52
34042,27192,13
25730,7616,52
31065,29327,14
33278,33198,54
33238,30399,45
16860,13218,50
36399,2549,52
20413,30147,20
230,36271,22
8364,13890,34
38352,25584,41
11258,26751,22
5566,16137,45
1086,8259,39
9426,3316,42
35419,5625,68
15101,36859,23
27451,9319,32
37877,35478,80
22231,283,30
8294,12984,60
31697,3100,38
17408,24942,29
5653,12135,42
19266,10722,28
24238,20517,11
5332,33774,21
16560,5702,23
38715,33458,32
15157,25831,44
5352,25170,15
17347,8564,47
1106,1529,38
28674,8424,33
448,26280,18
32451,18013,28
26727,7844,28
30092,19630,24
23468,28887,64
21008,4201,86
3408,38645,19
36019,11371,26
8561,30183,39
21236,1539,64
10018,45,54
10632,18345,42
20704,29441,6
21329,37236,59
12426,467,36
34649,30378,26
24949,32403,11
35603,11679,66
28,21143,50
13655,17563,39
38255,30218,23
14365,5541,24
5650,350,18
21803,35368,80
19718,31131,16
27438,24144,13
20333,2409,38
827,37234,33
6306,30489,50
32557,2459,44
35646,38486,61
28917,14566,24
5469,14683,24
21762,36497,40
15366,22634,48
35277,1736,76
9469,21893,52
13716,12930,52
36777,36844,30
19932,7846,22
8278,13533,34
7217,28897,19
36435,27141,20
11514,30372,28
5410,15485,20
3043,7558,30
1663,13513,33
26483,28601,24
33009,16133,60
25585,22599,76
31826,38517,29
1207,37030,33
30295,3451,32
33293,14740,39
21831,1123,42
4182,32725,50
12341,23739,82
24244,34612,17
7711,16533,27
34619,37778,32
9131,15132,36
7627,20688,18
114,27964,34
981,37968,42
24330,36090,25
13970,6349,45
29710,9798,52
4856,12824,53
29584,3252,18
20555,31686,26
22170,33981,33
20736,23384,54
35682,1857,76
9097,13125,67
34711,3494,22
26738,17340,38
22169,13548,37
9493,8551,49
19715,10198,54
32436,12090,38
28639,11526,22
10685,15843,55
18834,367,12
17301,14668,38
27002,13789,17
22755,18135,60
21185,31878,68
18490,24269,29
3336,16647,25
27495,35564,60
4107,22850,82
16855,14354,23
22729,982,58
17747,10646,48
19553,28585,18
37956,20402,26
21222,9179,72
33119,30054,45
20257,26715,14
29667,19073,10
31088,15956,43
16737,38456,16
16704,3201,25
19129,14694,18
13934,23752,65
36265,34813,24
7196,33178,34
1073,3332,32
35739,24891,59
12221,25159,33
24524,12298,39
34068,24772,12
24462,38419,14
25644,12989,75
34024,10538,31
23567,21327,96
30869,18802,16
15940,7039,40
20423,17009,13
27061,34565,12
29718,7519,20
20771,10693,24
31982,25153,27
19535,30257,24
25054,31184,13
1028,12297,48
14258,36822,27
399,12771,45
216,22130,30
5280,2537,48
30261,33147,45
16805,30353,29
32464,31197,18
1703,7621,36
25967,6503,68
19534,29345,10
10085,38593,53
19709,9262,34
6755,5716,19
9996,38291,53
6264,8327,53
24052,8602,30
28749,198,18
1569,8393,41
23605,9193,80
4575,21055,58
3232,17615,40
18163,38622,25
6381,8333,53
15511,21029,52
7069,164,13
14719,19011,18
26605,18205,32
9098,15079,36
37678,7512,40
8296,17250,47
37231,26436,27
3295,11673,24
19931,38254,11
18903,5658,18
28235,21229,72
3484,11013,36
19176,30151,24
5387,35588,68
33968,24897,12
17766,17721,52
10162,18802,54
17576,20714,28
25658,22005,60
24381,36208,25
25099,19826,9
19212,2433,42
30465,13081,57
1996,21348,64
32435,22542,48
29366,30761,14
31784,13036,63
34919,2340,44
6126,3207,46
25923,21987,60
24911,8579,24
9987,30878,58
16775,1257,29
12814,38511,44
33051,33902,36
30422,26648,30
29720,4506,18
28952,15988,45
15427,11553,18
34653,20680,10
4684,34884,22
29563,28234,32
8014,25640,52
17635,25862,62
36976,19626,21
27516,10804,26
36479,4247,58
13565,29604,17
21883,27434,28
18861,38015,30
19828,17264,32
10805,24758,25
15923,15132,41
3163,23503,66
37646,37231,39
37994,28872,36
17614,12364,56
25196,1269,21
6338,22833,72
15810,37637,57
17771,21050,70
27433,19899,10
20525,3789,44
7762,2565,52
22890,25561,76
29301,12219,34
14399,34243,21
13602,6063,45
28735,34071,21
33008,20746,29
18360,35622,76
35285,25906,92
21951,14371,36
1966,2540,56
11549,11650,20
30025,36911,33
28827,24943,15
29255,18962,10
4262,2300,78
5661,9346,40
30167,21429,62
28698,31800,36
18458,1007,38
33933,6789,16
13918,10745,35
33388,17473,53
38328,7264,12
33192,2593,63
15016,9122,36
21457,28922,56
28206,33096,55
296,11345,16
6426,25148,35
19249,138,12
27361,37116,19
29488,4987,18
10984,12445,52
36801,34912,23
7863,5732,28
27090,34269,13
9168,10098,76
767,19226,24
10255,1905,68
9762,21197,92
32355,5304,20
37157,17357,41
6294,31970,56
13264,27002,43
9895,33972,57
34780,38671,13
15459,4985,22
6022,27498,36
3935,33482,69
16530,34190,20
21424,10040,92
28735,9011,40
4914,25045,17
37881,26711,36
28615,4865,26
2386,5489,48
25721,13048,75
18964,5524,18
37644,35543,80
3848,29748,46
1046,11359,28
34693,28791,20
32511,9913,56
12344,30805,40
9022,36786,43
36764,33495,42
5465,32597,20
28859,34167,21
38738,7212,12
23755,2551,88
13862,15118,21
20566,34162,11
33514,34628,35
24772,6146,35
2440,27065,40
1861,37126,35
9405,20012,34
4963,1835,34
1555,32774,28
17565,4942,40
13629,19636,19
9158,1707,48
16059,28078,61
11680,7227,17
25092,31710,27
36103,17412,42
38553,31522,29
13669,24048,22
32413,20751,10
35431,20337,58
9310,10698,50
30368,23391,70
24760,4625,17
33298,3310,41
17698,16564,37
31637,28066,52
6213,12370,62
13107,17344,65
18923,33800,15
3771,76,48
5543,12245,42
28637,30506,30
10628,19840,28
12923,25575,75
34226,31924,33
25924,12940,75
25684,25877,72
35424,1901,76
32616,17350,34
10174,15256,56
37172,31232,25
34873,12142,38
28178,8301,49
10902,5700,34
7076,34744,15
5512,16194,45
13624,24436,22
14760,73,18
5726,13883,25
25894,35301,92
31090,31670,34
20750,11316,12
15957,18755,39
37676,34818,32
32617,17339,34
5304,13701,25
18222,28832,32
5755,9177,40
18992,27384,10
8440,17538,47
14402,27861,40
8388,2330,57
22681,28103,68
21449,23343,96
32772,10727,30
37856,35336,80
38015,30254,42
26392,24239,21
38702,37619,29
3884,38352,47
32425,12925,47
18010,25649,56
10195,33158,75
13841,4236,55
34790,22046,32
19790,6252,38
12877,3014,53
36242,8,22
28671,1862,32
34179,35684,65
1958,1888,40
20366,3393,16
28727,22527,52
28503,6995,19
2005,24084,29
9300,14525,40
13813,24035,22
8549,12009,51
29395,23501,56
7707,19754,22
23018,30849,50
36061,28867,28
24879,17703,29
15946,31536,57
36048,8382,37
31756,8587,45
21082,8324,65
35505,33101,83
27980,3294,42
24408,12777,48
12843,19844,45
36396,24002,25
29264,5315,16
17420,3217,40
27346,24857,7
32728,26269,20
5457,31681,36
35711,16936,67
24030,17359,35
31836,3908,66
25042,1694,23
14279,28106,40
38405,37072,20
21011,25966,80
24384,16694,20
7962,12188,46
9992,22761,88
24131,25584,45
25529,25073,39
8299,36504,37
9259,36773,43
3291,2335,50
22080,15979,57
9926,25103,51
7984,6449,48
6042,28700,44
3877,22239,66
27321,12141,34
1821,31177,30
16639,7011,18
22049,16514,35
21129,6888,51
7650,4680,30
1771,4061,62
32340,34652,16
37123,10780,37
3190,34653,22
31752,11709,34
14299,10921,34
7124,15199,15
35569,35671,112
19087,29705,10
13172,4195,81
6936,31790,31
20516,16236,35
10833,23344,74
32407,14599,20
9524,38604,33
809,9139,46
28627,35504,68
27319,28229,32
4605,1126,32
9488,25695,64
30858,28659,22
30162,18489,38
10677,14556,34
11616,35759,66
16796,14531,23
9263,23498,80
16755,27247,15
8713,21910,45
31063,6423,42
8445,15340,29
33349,20728,29
1744,1818,40
19197,4732,20
14597,36862,27
4183,31235,52
4954,22517,54
37772,7646,40
16707,13657,24
25081,28698,15
13139,23636,91
7060,3065,21
3454,25262,17
10664,33854,31
16540,32428,19
15807,30081,51
31090,23496,62
15267,16798,19
35425,3816,98
13575,3339,27
769,5653,30
33309,31264,37
32296,36056,24
38301,26596,17
2681,31206,46
10602,25742,58
17626,34123,35
1258,27336,22
9220,1959,48
2477,15367,44
29598,25791,40
8256,27250,25
30180,27815,46
9143,20607,30
24170,16533,20
3109,17382,40
14388,11565,22
19052,24411,15
15952,362,39
25911,15274,44
4914,28891,26
20253,9897,50
14417,28752,24
20620,22055,26
4965,3386,28
37162,6055,47
1863,6474,52
34892,24018,17
28976,23268,64
37697,12057,54
14611,8393,33
20253,32642,10
33875,851,27
30914,32307,18
7962,24075,25
2316,30011,54
756,37,24
21828,23753,76
4230,5647,54
32672,30246,26
27390,36497,20
36339,13021,55
27953,14502,40
22161,31648,48
21098,15020,52
37649,16514,35
22643,9777,88
21815,18826,30
24323,32396,17
15208,18147,28
37254,31871,39
13601,7174,20
5305,15206,20
6252,14660,44
4605,3520,28
26492,16144,45
6984,32670,15
18225,21152,64
23300,1842,72
20609,6265,34
4029,29453,46
38752,14648,17
19077,37827,30
26437,3492,26
12812,9404,67
13000,1119,57
8449,3778,63
11339,16878,21
25628,12182,66
25268,14391,15
31724,36506,40
23572,14628,64
31591,9202,52
26581,156,18
21146,18502,64
4095,4740,56
19660,16825,17
20765,27296,6
32477,3246,22
32716,6443,40
26331,5593,24
10669,28954,34
10673,20744,24
1522,1531,40
20277,11610,12
28764,26436,24
9481,18506,48
16541,25144,14
14501,6940,19
12934,37908,63
36496,22033,40
1194,19134,24
10805,30953,32
2634,37660,60
2475,37070,51
25527,4091,78
34646,18754,14
31102,16096,43
8338,23743,73
33205,17526,53
37777,14519,36
37814,15486,32
23654,2367,88
12067,4978,44
7975,25901,52
10139,7596,64
19179,9085,34
38526,38292,10
6510,32665,40
6230,2544,68
1757,16918,31
37542,36908,39
4595,7229,21
2720,10124,84
23018,34904,48
35741,37807,80
281,13093,45
945,16756,29
36195,37701,40
21087,10780,66
18975,24327,15
28263,33169,55
14591,759,30
26451,17410,38
36265,34111,25
10664,29423,26
36988,22633,55
6130,29475,36
30281,12315,48
13198,9862,87
11530,28069,38
33255,24367,36
10516,9304,50
6484,33482,59
36084,32621,24
17602,30137,44
15887,38704,38
38740,19834,11
21928,12381,54
35659,1039,74
9193,34046,37
16122,2300,69
6890,8293,28
35663,3131,70
19583,4150,48
28860,6170,44
7576,34874,24
34139,19509,15
27985,13914,41
5500,34140,21
27041,32423,12
21168,30506,62
4918,23020,54
26295,29642,16
32020,31774,48
30027,8000,34
21485,2004,64
3912,29574,46
17275,4060,68
32526,19114,14
3419,1954,34
36522,30976,26
25243,34609,11
7208,21306,51
12339,26669,42
3479,22998,54
3845,1569,62
26699,26481,24
35727,10638,78
38664,9400,33
950,14561,30
10633,37205,37
10507,11541,32
26341,31222,22
15454,6180,40
22933,9153,68
18828,4049,48
19148,3419,20
10000,3959,90
11705,19838,16
18365,6397,52
25913,6196,68
22861,27756,68
15207,25252,11
7604,8669,37
9276,27399,32
24145,20411,11
2751,3434,50
33857,3849,51
9232,239,34
17490,26592,38
18834,32701,14
5705,30516,30
33069,25101,30
27881,4800,42
30328,7098,25
32518,36385,24
24322,21197,53
12431,3011,44
25236,20511,5
14688,26428,24
22005,23586,76
30462,8629,39
16667,3921,53
22590,30046,58
24913,20687,5
28047,21872,52
15929,5458,45
17391,32023,50
1704,4020,62
10009,28929,60
26285,23451,64
16567,17403,37
19065,4153,48
38566,15509,13
16002,33290,60
31175,6472,42
21402,7891,60
4709,26593,26
3213,236,20
4234,12958,81
14524,38414,17
30083,28966,30
26716,12925,51
21458,28268,72
27100,35771,60
34518,36908,23
26371,36831,27
35020,24206,17
1082,2608,54
2384,16042,69
36897,4058,57
36365,4871,30
35297,9293,84
16604,7672,27
18363,9192,48
23596,2479,88
35428,11353,66
31732,10268,72
10268,35478,104
31123,179,16
22801,33190,67
22590,32691,48
21029,4979,58
2459,8465,57
7259,4589,21
9835,20309,50
30356,8452,39
14602,31928,36
5338,31731,36
19175,6057,38
6912,37195,22
10658,29015,34
37557,18484,44
33118,3917,69
11536,20765,12
24153,16144,42
33772,8444,30
9812,25125,51
1009,10768,40
24269,13705,22
19902,20414,8
5758,13588,25
3835,18318,62
32305,34693,16
22634,25592,76
1576,983,38
38611,19790,11
5462,5629,24
2465,28989,48
8770,370,27
7208,16094,40
12095,11656,40
24862,23735,55
34535,14590,20
6408,10215,80
24021,37750,33
309,37767,30
19813,32709,14
3444,4814,28
10767,25931,58
36779,14599,27
12769,22902,79
18014,37697,44
12015,11356,40
32558,29657,12
27922,4135,70
12893,28928,51
12084,10038,78
835,13768,31
18757,17006,17
13118,24036,48
13541,15976,46
322,35315,62
6492,34047,41
17692,24911,29
36251,37136,31
28175,13947,41
12076,12116,60
34944,8468,29
3313,13794,27
19132,37706,30
22130,11378,34
1186,23595,70
21011,24829,47
12926,9338,67
18493,15338,28
8663,36385,37
23372,1168,70
35394,28230,84
23478,17527,78
32308,31917,32
28728,35629,68
19574,33144,33
22912,487,46
15513,5428,20
27834,15459,36
11479,29561,14
34872,9795,56
18193,33511,47
11390,30855,20
6310,38546,37
8669,30282,39
2320,13114,75
14725,26747,24
37509,3263,38
13819,12060,43
10813,33179,49
27478,17407,30
28983,28806,24
261,33285,33
26629,27103,16
25999,15488,44
31664,37263,39
27089,33514,31
1087,31847,42
4963,38653,19
37188,28099,43
36069,20458,18
27985,7895,44
2628,18394,56
10895,10896,44
35431,9323,84
36412,21130,60
10941,22566,62
17274,7181,33
38309,38471,10
26544,7067,19
11670,9066,38
31235,15344,18
13511,28818,25
14745,11429,22
16050,10605,55
24995,13053,42
29262,22810,44
12222,31619,54
30918,14458,22
24086,9519,37
1597,14324,32
17419,26498,38
192,30425,24
6991,17693,33
16159,29447,37
16254,11338,43
22511,1789,60
22553,13887,53
31813,804,42
36268,27219,20
21952,12173,54
14529,13834,25
6158,22946,72
776,36086,34
3819,21991,66
15958,28867,45
18910,1083,24
23293,16639,63
27404,4661,18
8330,24062,30
30461,15890,51
15070,31607,32
3176,13112,53
19078,976,24
15783,462,39
27419,34709,12
20492,15825,35
1106,15308,26
16781,28943,23
19849,27926,34
21484,27942,72
28255,27373,32
1191,1511,38
21490,13021,83
5672,1766,32
3755,12776,81
38325,17519,31
23721,8439,73
4800,2543,50
38467,32650,13
33205,7923,43
4611,27271,18
7526,37689,40
29613,26738,16
27877,2433,64
5702,10748,34
27380,19843,10
9854,35525,104
11615,11580,20
22944,12852,79
17715,10249,74
2374,5479,48
34965,6980,15
12961,24314,48
28940,171,18
36182,19991,22
24518,3421,23
7649,31741,40
13118,34609,47
11005,31523,46
23771,24091,61
30176,18091,38
26427,414,18
22768,38449,45
29381,11405,14
7241,26303,19
10588,16924,33
37824,7240,31
24350,258,15
10901,14561,34
19549,27468,10
13820,25257,16
14696,34537,20
35359,38770,61
19238,12121,36
17495,22071,50
10030,36489,64
24269,1667,29
1898,4750,34
38001,11436,34
22843,31588,64
19738,22971,46
10949,4764,36
22216,22553,64
12254,20018,36
28844,18458,32
35733,36496,72
30203,31235,28
9108,5374,40
9779,983,66
22918,13845,53
16606,34583,19
21308,22903,84
23762,29343,56
16090,9005,61
6301,25689,68
192,13586,19
7740,29332,20
9424,4057,70
26450,1883,32
8774,9108,49
15145,25115,11
11762,36157,26
801,9087,46
1735,29002,32
21762,1690,44
15087,33932,17
383,29700,10
9852,19968,54
32610,13849,21
24001,32589,17
14493,6495,44
23774,8488,73
9475,16141,61
814,24777,21
28180,4529,42
6185,27410,36
14713,2392,48
10232,7681,64
22735,12796,79
19048,8704,27
12299,17367,56
16200,4266,75
14761,24477,21
37900,17358,50
17657,36358,42
31706,36496,40
10063,2459,84
32650,28197,36
89,8261,27
110,22037,30
35415,6933,63
27954,28981,40
14738,15805,45
34700,31543,32
6102,23409,84
13271,16747,50
15281,25937,44
34273,22617,49
2368,6916,43
33917,21919,33
11707,29625,14
1180,32723,26
422,31619,30
10930,28973,34
18123,24074,29
18074,1998,40
27400,37091,19
33253,2259,63
31646,2394,60
33347,25138,30
15857,14471,45
37517,9465,52
21783,34771,32
3112,10059,62
33284,10820,49
7513,22918,56
30101,19130,24
20267,14400,14
27280,18910,10
27026,16011,37
14293,3356,26
10231,28056,76
18008,992,38
10158,19716,54
11280,20300,12
7863,17643,42
10123,10608,70
27439,30481,22
4147,1939,62
23611,14662,64
9778,11010,70
3953,19731,48
29335,37994,28
4149,32321,50
6239,20338,34
34544,29334,12
37788,14287,36
38669,28915,17
13165,18855,45
12489,23478,82
30754,31687,34
9861,33163,75
6114,1003,50
28186,9328,56
3880,3407,56
15268,492,14
22168,27986,52
30286,24965,21
33307,27411,31
29329,32291,12
33842,22985,49
28626,18957,18
22113,31195,34
2385,28238,64
32497,29704,12
38023,17402,50
30433,38286,23
9355,27181,32
15306,29380,12
24110,253,15
37750,7779,40
21173,22814,84
18283,36262,36
38258,6479,37
35726,14672,68
30113,5000,32
14277,15202,20
13602,6257,45
37271,37794,39
35392,32703,64
28979,8335,33
6007,7014,39
35706,30756,66
38277,38420,10
1123,18362,38
7524,8347,37
15756,10728,55
7661,19981,22
20471,31091,12
128,15337,14
15938,33492,60
37631,18365,44
19885,13007,45
15831,31037,43
21408,33235,71
2529,34734,44
259,22189,30
33143,18899,33
6901,4885,21
10845,26528,34
28885,29682,16
8439,22023,45
10255,16681,59
13202,25885,75
33333,37210,42
22133,9802,72
10119,32687,56
240,13226,45
23669,4712,66
15499,31056,18
22963,819,58
25554,20413,38
19881,15365,14
24349,34124,18
31573,22756,64
13843,14502,25
22613,19682,46
12945,24885,42
18155,2318,56
19840,27253,10
2409,5621,48
3255,27331,18
1675,36260,36
15509,4992,22
24077,7664,25
27093,22588,44
31189,24936,13
22718,27232,44
10266,19906,54
26742,21286,56
16981,16697,22
8583,25850,57
33784,1943,29
13650,31522,37
19585,312,12
16091,30506,51
31694,32263,32
2663,1820,56
15299,12816,47
13846,34878,21
32345,28791,20
30379,28171,46
13773,3234,27
13076,38534,44
34905,19661,14
38632,9014,33
24029,18282,29
11008,7668,38
29257,38451,9
37887,1763,44
89,8372,27
28682,12152,42
18056,11626,30
8253,32519,29
21885,9269,52
4256,218,48
16771,4260,53
27930,15878,61
33915,8581,30
1935,5323,32
13864,38369,18
29327,9940,52
27215,23497,56
3912,27298,46
4103,21106,86
7769,13861,29
1749,23325,72
12493,36108,46
20333,34777,10
25192,33091,30
36499,38505,21
23700,34093,61
879,35528,74
26693,6,18
15932,37692,57
31790,30895,34
6780,15506,15
31777,7961,40
17643,19265,32
35018,3164,22
25186,6947,10
36951,18051,35
4813,27003,18
36445,2597,52
5251,28944,24
30492,31006,28
17749,5761,38
21023,30506,62
21445,35602,100
4749,1169,32
32463,35411,64
20563,12133,32
30395,29375,22
21193,22080,68
10672,18879,28
27382,33865,13
22872,24864,43
31600,15878,57
26765,34180,21
12762,7027,46
9892,36223,64
12466,18926,36
4008,36171,58
4709,12985,53
3002,36522,30
9090,37610,52
36370,31941,40
28225,20438,30
20715,15344,10
21175,28968,56
25866,33145,63
32569,4640,22
47,38680,11
8315,212,27
3359,22130,38
2394,16711,47
34523,19258,14
20661,15359,10
19854,19150,12
9984,8316,69
3501,16040,47
6269,31914,56
21939,28079,52
7071,15226,15
37032,32603,23
29477,32018,28
25583,23731,88
17000,13037,50
35570,485,62
20509,23712,54
36342,370,22
4573,36428,30
31655,35619,80
16033,21058,77
13803,22202,37
2463,24494,45
33242,6812,34
16804,14421,23
25783,29690,40
36379,32594,24
7624,36457,32
7130,11660,17
13686,15486,21
4684,14709,26
33442,22610,67
4748,32376,22
27833,4665,42
32350,33406,35
11021,36803,37
2374,25083,39
29614,25898,40
29336,16640,15
34550,31130,18
14354,3091,26
31103,31609,34
16534,26268,23
22902,3118,54
17254,18861,32
29677,33172,31
10911,31224,32
20295,24902,5
31012,17757,36
22020,8437,45
32635,5736,20
2369,21891,60
10729,36865,37
15819,6239,65
911,1747,38
35354,13556,69
33519,25878,63
76,15231,14
25665,1274,54
10065,35361,104
20757,33235,29
19539,21488,50
15897,33844,42
3493,29423,18
11726,27196,14
36876,21300,59
9443,30024,46
17688,19160,32
5535,18454,32
18441,23671,72
27038,32514,12
23725,24180,61
28273,29571,32
25188,33996,12
3258,5617,26
6313,4897,46
34662,32262,16
30926,37080,25
16832,31676,35
841,23757,70
10847,322,28
16898,33894,20
9192,35582,84
12383,16839,41
38536,18317,25
21991,11590,34
9959,30429,66
4681,35768,70
30131,32663,26
6300,25808,68
36909,19157,21
1513,6055,52
28649,25800,48
8594,17419,47
18197,27113,24
25008,15306,11
19006,13557,19
16012,14754,45
7580,21834,40
33084,8727,48
10816,4527,36
11329,6920,17
19146,13557,19
16532,21992,35
30844,28243,38
23255,10730,74
7769,3072,30
15822,24764,36
32581,14266,20
21797,3435,38
22956,7688,56
5604,19755,18
38592,10928,27
33864,37938,33
1896,17604,46
8473,22858,61
33373,19866,33
37883,1899,44
4753,4740,28
5480,7739,28
3501,24228,23
20349,37847,26
8727,21271,65
16858,38318,16
1194,16818,29
37767,14553,36
16626,33068,38
29418,35314,60
7676,20015,22
37140,38260,20
34111,21136,53
1963,4771,34
33095,15339,35
28151,13656,41
27124,33161,31
24872,4932,17
11367,36094,26
29304,21524,48
15761,20578,35
34040,30041,27
31681,33463,51
20488,32692,10
7783,30905,26
38389,10113,53
13157,32565,47
1184,132,24
29636,9131,32
3994,10636,64
29604,15129,12
16736,9954,59
8387,31018,31
36320,1814,36
19267,2746,42
37698,27293,28
30231,10096,66
30518,27222,22
24152,33895,18
35553,17772,82
19597,4856,20
25941,1218,54
25897,11584,46
22774,270,46
31821,31068,34
27515,34761,12
23255,4234,94
27817,34788,36
5001,15875,47
37815,21858,48
4625,21781,38
19166,3109,20
10961,6346,54
5677,16902,23
3271,27128,18
4049,30353,60
28842,37239,27
24900,35440,59
24180,25837,45
16731,21305,55
8369,30327,39
4902,5317,26
18495,300,26
17612,32335,34
9372,16113,61
27850,8559,49
23448,16709,63
25063,7056,10
5688,33362,39
13721,1528,33
33018,25249,30
28810,7799,28
21500,29274,48
24773,34829,11
27336,31557,28
13855,21471,57
12865,13147,78
27154,25198,7
3256,35267,70
32021,12873,63
15841,12879,72
7562,29755,20
23456,28630,64
16268,19080,39
23385,37003,67
25702,5521,48
15085,11269,18
37162,34802,23
34997,2655,44
38298,12831,44
25838,24057,45
38451,8294,26
32408,19508,14
13960,14760,25
22549,7228,47
7015,34144,16
7686,34500,24
15028,21947,32
37031,33972,24
36183,25144,19
3887,15788,75
13653,33409,40
19723,5481,18
14646,14367,24
6202,34812,40
2744,13920,49
28642,7236,19
3503,8615,35
4929,9496,42
38438,36018,21
6868,15867,40
16238,19952,39
3263,13178,53
6331,22046,56
4605,8314,35
6168,10220,80
33033,26447,39
15888,16567,44
9893,3950,90
28125,17253,54
16068,19203,39
34667,12753,47
17409,27103,30
19216,15932,39
3414,26419,26
27208,3843,46
24029,11666,19
19862,31813,30
2362,770,54
31264,27009,14
31242,8412,31
16666,6410,43
42,1997,26
31684,33067,51
362,14762,18
36917,32290,23
5603,978,30
13911,12966,52
5493,1103,30
5472,35280,68
8471,16947,32
30879,30923,20
32419,25032,11
758,33088,45
22955,6372,72
38420,31086,15
27058,23764,56
38669,24379,14
38404,3791,47
22102,3894,66
24426,10645,31
5748,21991,36
10693,15523,30
19072,1921,26
10720,8460,43
1188,11307,28
1890,30193,38
33363,27929,55
7690,13902,29
10910,16773,33
10712,7810,38
29468,36898,19
5559,12986,51
25604,24395,45
19684,32450,14
38322,1213,23
28270,28028,56
6288,31142,42
26018,10901,58
37738,30410,42
1597,30028,38
29332,22188,28
19030,11003,28
9759,16621,59
378,2297,42
14617,7014,19
1146,16014,51
465,22234,30
36921,36275,31
35743,20774,58
5384,7782,28
34118,7728,25
12268,34020,39
126,8730,27
7071,35744,63
3161,4880,28
12144,3902,72
9459,11727,38
21208,2363,80
4689,17394,40
20749,10090,50
19094,28272,34
1274,27115,22
14370,34268,21
10895,18925,28
36498,10224,64
30121,276,24
15988,7092,40
14294,9150,40
24443,30208,27
24812,1602,23
38492,28158,33
11688,18958,16
33017,31921,51
34984,16837,19
23425,11481,62
28106,8364,49
6267,21802,56
37235,9500,43
8538,8679,42
20408,11534,12
38579,25512,41
28157,27510,32
37668,24927,27
15816,22628,73
36096,24864,19
14449,13695,25
1077,16556,29
9939,29681,52
4911,37915,38
22869,450,46
25578,12493,66
25949,9360,64
29511,12376,34
12448,6970,37
7907,6860,23
18103,32269,28
13871,27760,41
15811,10097,81
8282,1903,41
37986,38349,29
33841,27813,37
10203,3175,62
35263,201,62
9812,5617,60
13037,1259,57
34248,3946,51
36812,6405,47
9345,37946,52
12412,30344,48
20574,5505,14
11717,37092,25
11486,6406,42
14604,18118,32
25992,8696,57
28618,11719,22
25628,32464,44
3868,33234,69
6098,16180,65
33833,12055,39
30793,363,16
28060,6840,35
33934,32456,17
12514,19699,36
12325,24379,39
20682,37630,26
2628,10843,58
34712,7692,24
144,27412,10
14347,31254,22
3119,30180,32
26722,18848,18
6944,4703,21
2021,9131,48
5569,36242,28
12029,6818,37
22626,22174,64
13976,31532,37
31604,8662,45
1601,69,26
29355,19992,10
18015,3024,34
33179,27837,55
30764,18965,16
18078,22586,60
13533,4230,55
4024,33438,69
33047,27158,31
3461,13544,27
3149,1796,34
32280,31237,18
16936,16898,22
25839,16610,47
11404,13055,49
410,18924,12
11339,31892,34
37049,24243,24
10524,10591,44
24399,31910,33
10784,4189,64
26529,29758,16
3903,29499,46
33471,32708,35
24999,27249,7
33295,4944,41
38623,19010,11
10675,18072,42
25752,28531,48
5593,38439,17
10065,1061,66
6141,37839,56
26542,20651,14
28581,2257,48
13776,9868,61
5471,24752,15
23328,18379,72
32345,4505,22
207,30473,24
65,1237,24
27143,33406,31
5765,25751,48
21462,15750,77
37871,31692,48
19147,26458,18
7852,34268,25
22112,38632,29
11463,32534,18
7970,33974,25
24103,22140,33
9876,25710,84
29004,1672,32
25765,19609,42
31635,33195,51
10249,11565,58
25831,15439,44
819,2418,54
29303,29673,8
18078,18307,40
4056,15892,75
36056,9129,44
38278,10185,53
24797,27824,31
32535,27809,36
4968,30446,32
36124,33494,43
28707,15509,20
6371,16753,43
36485,2542,52
22501,16856,51
15233,12810,47
29483,393,10
12954,4032,81
23702,11332,62
37556,21780,48
12242,10984,52
23310,26575,64
29708,34911,12
3088,25589,50
20528,3411,16
33859,16073,42
14348,15158,20
36376,21245,60
11528,28593,22
13242,21754,63
11293,3108,24
18407,9199,48
28687,11737,22
11349,33324,37
31806,12254,54
37828,16216,57
25917,2552,72
4016,14699,54
18949,3393,20
20730,27344,6
29002,17369,38
12235,3007,44
21168,31248,54
8500,12488,51
3880,28649,54
25262,34230,12
28697,31178,22
10521,23656,74
18280,22560,60
12770,20319,41
24057,5572,21
30939,21977,34
15380,36893,23
28081,17506,54
24793,11353,13
830,32512,26
338,13565,19
36765,11336,25
12777,8695,60
18416,10942,42
9950,33858,57
25177,38276,8
18147,12511,50
2262,23329,88
4048,9102,70
34634,1992,28
32356,1985,28
22575,19132,46
16009,23664,85
18193,30077,38
2557,22556,76
4022,20408,44
1137,10012,66
6862,3972,49
11708,9847,58
17397,14341,38
1891,17596,46
22055,4590,38
8736,15861,54
17355,9968,74
5359,25811,48
36235,34131,25
8318,17570,47
11574,17744,36
7955,19879,22
11719,33471,37
20438,33935,11
24981,27880,31
20541,34135,11
20571,17003,13
17329,7150,33
36349,3293,30
13574,12853,52
299,16675,17
30274,10700,40
20366,38323,7
10742,24130,31
7534,28915,28
34929,34500,16
25606,10701,58
28123,20602,30
34678,261,14
30140,18335,38
24838,9078,31
25158,8597,24
5266,27328,16
8320,18390,41
35474,23746,108
22988,26407,52
25738,1863,56
15968,21963,57
32337,29747,12
25061,5296,15
4042,13603,55
27348,22991,44
30025,29563,22
27377,2279,40
23359,28085,80
10011,7918,64
479,23501,58
17431,15365,34
18973,7221,13
31747,2345,60
25077,9813,51
27942,31579,52
14763,4128,54
18998,25615,42
14757,21827,36
1851,22617,60
22981,23718,92
14485,12158,42
16874,22089,35
25971,23766,88
27781,9493,56
14291,16251,45
28029,26623,40
33757,1258,27
34506,25177,11
21262,25056,47
33301,24888,30
35018,483,14
4927,17649,40
24087,7094,16
30934,36455,26
15946,15877,66
9272,32346,36
886,14746,30
15494,37504,32
11702,35465,66
13578,37633,37
34733,1812,28
12495,2467,66
28567,21039,56
22087,33367,51
7720,12374,46
20396,18079,22
17259,10909,48
7763,32562,24
35326,24210,65
6469,18219,52
9109,3847,70
14023,36452,29
5719,19571,18
23474,10597,74
16509,6806,18
7644,33168,43
18138,20380,22
22119,33189,51
760,30903,28
37251,316,21
36060,38307,21
8431,28774,33
36008,13673,29
11447,9985,58
36468,21811,40
4840,14456,26
37760,5605,36
19059,1519,26
5399,21867,36
18200,24205,29
21060,32709,52
28664,3845,54
2558,31000,46
15369,33445,35
19036,34702,14
38587,29419,9
9188,4873,42
27127,30440,22
12953,11397,49
14507,18984,18
24850,38754,8
13643,37730,37
27438,33348,31
12093,15900,63
27056,38594,9
9488,11707,38
18169,32543,28
27934,38665,33
25790,25700,72
7618,35669,72
5639,24215,21
34752,13997,21
25968,5283,48
21509,12217,74
21803,33889,33
3460,6016,46
29468,13240,43
5255,32739,20
65,8632,27
36109,35649,72
37014,31954,39
19539,31607,30
12034,28127,58
6360,6080,64
19274,13113,45
14478,33018,39
2482,19557,42
215,23572,58
16616,35342,67
30237,32618,26
28652,12416,42
7590,24828,19
12172,36768,45
28169,23533,80
24133,4572,23
19516,2394,42
32733,37272,23
26647,2659,48
17423,28121,54
6484,26016,68
14299,26406,24
37128,1086,33
30120,27034,22
37123,5348,27
27053,7840,20
31856,5448,36
14565,33190,39
17663,985,44
36838,3941,57
19132,38005,30
19127,3074,20
14000,34622,21
22655,15085,48
35375,27973,84
37949,37158,39
10221,2461,84
10208,24116,57
22114,35430,80
28034,29659,32
10501,1138,40
15270,37887,32
6062,238,38
36046,15311,24
25828,36407,52
36221,19832,22
38022,28132,52
29309,21370,48
7274,32373,15
14297,25226,15
3352,19869,20
36202,16131,49
36463,22105,40
6196,27013,36
5296,23683,64
800,6315,50
28780,38619,17
38773,21509,49
28562,32736,20
384,32520,14
24779,12019,33
3330,37953,38
35597,19837,62
24271,33847,18
23729,24512,61
22816,31986,64
24373,1239,27
36990,14344,27
35021,24211,17
16107,1026,51
16626,7867,27
11352,7961,26
17274,20003,32
33450,34036,36
14466,7015,19
35501,14661,68
6348,26353,44
19885,24454,15
10919,34854,30
25699,18951,42
285,15264,14
28967,4699,26
34095,24438,18
3471,16178,47
15318,17448,34
12766,2017,59
22158,16157,57
15325,17335,34
36392,868,34
27357,17573,30
30963,8477,31
28663,38012,36
30451,19129,24
3868,25608,78
9411,21843,52
12372,2388,66
22827,28921,52
31807,13976,37
11011,21118,66
37827,36171,40
32707,12174,38
30345,32709,26
2597,13113,75
38393,11605,15
12312,27870,58
38718,22661,45
16610,36511,27
19777,16222,39
15428,21398,52
35321,31804,80
16059,15045,41
6336,19014,38
37231,21186,59
37015,38607,20
9251,31079,38
22206,16905,35
27452,37881,28
33911,10027,57
37829,17570,50
33359,37891,51
14642,12972,51
20728,33950,11
36953,13143,54
7860,24206,25
18982,16129,39
20357,21965,26
28055,27509,32
19062,34685,14
17386,36386,42
27355,9782,52
19836,35338,62
24939,25773,39
29708,34081,13
6847,26371,19
11304,15507,18
31209,33890,19
26502,35385,68
26474,15303,20
36404,20328,18
21901,17667,50
19557,4064,48
33494,20522,29
10249,7516,64
16120,24402,42
15212,10557,30
4764,33114,41
35521,26381,68
22517,3239,54
16903,2477,47
16740,9834,59
20711,36519,18
15476,12041,38
18242,12092,50
3463,31955,38
2003,28961,32
31911,3452,38
5723,2270,48
27139,6787,11
6150,12942,71
22105,3989,66
6951,25974,43
13016,35590,95
15261,13162,47
19826,6095,38
420,29550,10
13016,1180,57
23348,1002,70
29704,5683,16
35513,33070,83
4265,21495,86
24282,36986,24
21352,29616,48
28839,19515,18
35713,21862,80
331,7187,13
4633,9958,62
27315,4943,18
31559,16058,57
7960,23573,68
17760,9928,74
2291,16684,47
4594,10870,36
17299,23258,78
34977,8621,29
19566,23705,58
36286,20406,18
11629,7201,17
26341,20675,14
15185,13870,21
9825,18109,68
34133,21443,53
10769,30446,40
1974,23657,72
15823,15826,66
7269,32511,15
36122,13881,29
7792,13191,55
29554,18522,24
14515,30146,30
4236,36192,58
12287,15926,63
21094,29300,48
20371,3515,16
824,6812,25
30912,3150,24
8381,35453,77
26605,30868,22
1727,3099,34
21810,36345,40
20345,2689,38
29433,20471,6
499,2524,42
19971,27902,34
34770,6485,40
5666,33505,39
17633,36346,42
21093,17608,70
4216,30922,52
16010,282,39
3931,9806,90
26445,15179,20
23001,4270,82
3253,36856,29
9191,19848,34
28704,5414,24
25520,20630,38
11640,13577,23
36498,38496,21
4610,18486,34
34243,11630,19
12310,27938,58
21887,17446,50
8424,14716,33
30053,36831,33
14279,24457,21
3458,4265,56
25869,21497,80
19769,31607,30
34613,27241,12
22045,8644,45
34501,12873,47
34199,19908,15
18368,33339,47
28087,31955,52
18324,17022,31
8294,188,27
21886,6161,56
21974,21432,68
12420,35368,86
12102,38743,35
2598,319,42
4891,54,20
19931,13173,45
14706,19043,18
15511,4049,50
35298,753,74
37825,37565,48
38506,37555,29
26751,22857,52
18895,31172,16
18866,17347,32
21099,15227,52
32423,7705,24
31597,18512,44
15893,6503,65
21807,21099,68
14758,30489,30
27308,5522,16
33032,32546,35
35762,10026,104
20719,13961,15
22869,30098,58
24318,22007,33
38301,30788,15
21999,6973,31
3284,32578,22
32711,18954,14
23341,14450,64
2615,17648,62
38392,23443,57
22734,9397,68
22911,20610,42
34819,27831,36
1090,31741,42
22054,26284,36
34069,37787,33
25509,12262,66
15367,24048,17
37065,18199,35
4767,2394,50
12964,22025,63
19254,16655,17
6022,21228,76
8623,14535,33
14439,7141,19
38752,16538,16
4212,9012,70
7724,9803,64
27855,25896,64
23714,6482,84
10919,24295,31
37168,22917,55
9248,25145,31
7768,2273,52
15063,7228,15
33000,36147,43
26471,9113,40
19932,21842,30
23509,25561,88
38345,11310,15
2018,37258,35
2546,36421,52
35617,10745,78
30374,32425,26
31225,35288,66
12016,36015,46
12775,16841,50
16790,12297,41
35689,11294,66
17492,22753,66
4018,32505,50
7644,305,22
23582,34835,60
12503,28709,42
1997,33119,47
7211,20303,9
6799,34748,15
36151,13098,55
26498,27376,16
28523,4760,26
9518,34751,36
1843,25752,56
19965,28235,34
4693,4253,56
18147,17446,46
31731,1165,42
33104,7995,43
31521,22512,64
11331,922,28
19807,38716,11
4012,11607,52
1152,7088,25
10563,26285,34
13841,4179,55
37857,32677,32
21145,24998,47
10987,4049,64
29428,17482,30
8611,35759,77
20409,27942,30
24454,19773,15
8658,5496,33
4263,8010,58
2671,18154,56
23502,12235,82
18196,16236,53
17319,20588,28
20522,38448,7
7225,19990,13
16901,10922,33
26295,31149,22
9251,9947,76
15944,7568,49
34675,2543,44
29694,23016,44
18481,9237,48
15124,30418,26
25620,35639,92
18928,25147,9
18268,8646,41
25505,27955,64
24431,19168,15
14657,34916,20
11583,6018,42
24791,6136,35
1787,19848,26
7025,17728,33
10521,33338,49
12362,21086,74
37258,24364,24
31679,2755,60
29679,24164,13
24488,26370,21
8765,31196,31
16638,26544,23
23440,24081,61
36374,4548,30
24464,27794,37
24301,31238,19
11549,3082,24
35428,9381,84
24404,36876,24
2001,54,26
36915,7851,31
15223,31971,32
31897,5258,36
22866,21263,84
21517,12259,74
10248,9332,76
30375,15185,26
7056,11629,17
27160,7233,11
5745,22569,52
10961,30812,32
38610,26495,17
32269,27887,36
11526,15056,18
21080,25684,80
15945,24033,42
27418,28893,16
28621,5586,24
32426,10510,30
24477,28657,21
21016,38662,49
7848,9262,44
33785,38363,14
28227,31988,52
16076,15110,41
10260,31732,72
1850,19650,26
3912,36832,57
31679,6428,56
30306,35523,74
3260,25097,17
29762,24003,13
18133,37908,44
25241,20303,5
32373,32717,16
17378,23770,78
16156,30766,43
22680,36210,56
20395,20285,4
19669,36279,22
37743,15172,32
33983,4060,51
18926,19849,12
32668,14453,20
22095,42,30
28554,19139,18
254,27482,10
6218,35344,88
37969,11493,34
21056,12288,74
30289,30225,36
16662,8386,32
24022,10266,57
6948,11298,17
22806,37596,64
35553,1536,76
2558,9251,64
8434,23582,73
390,32500,14
21013,63,50
33037,11639,37
31650,29564,28
18378,32002,44
6994,38730,12
3967,12277,72
34629,35743,64
37683,21043,68
33073,28260,55
24034,20486,11
17012,37761,35
10927,25669,58
7909,16541,27
4596,244,20
6362,36096,48
27361,20714,6
37218,12979,54
15898,25751,69
37040,37105,30
22031,1751,44
33854,38730,14
29434,27315,8
33223,22639,67
2611,38324,41
27196,9896,52
26519,2295,48
20642,28769,14
33020,11499,37
9969,16781,59
472,3837,48
25065,18398,23
31832,11439,34
35372,4877,70
20425,25793,38
17451,968,44
11536,8345,31
37202,30252,33
14545,31629,36
3877,35309,98
15924,38573,38
16043,12107,63
4537,38754,19
37268,26749,27
27934,7615,44
24830,12410,33
3072,20450,16
29628,38398,9
30217,34612,26
12121,13143,69
38540,28583,17
33256,7768,43
2702,25726,72
9213,10641,50
19543,22693,46
14684,5570,24
12071,36785,45
3827,5383,54
31622,12295,54
37208,16854,26
32614,22861,48
10722,9847,70
8600,37078,36
13174,24832,42
27432,13216,43
22554,16205,73
25859,19081,42
15392,234,14
22547,35542,96
25939,36478,52
21207,29695,48
17326,8761,47
4515,37510,38
1826,27812,48
17504,11015,48
24927,1540,23
15129,12348,38
19063,10200,54
34592,18941,14
4134,12425,72
2364,32598,44
33092,9968,75
18957,35500,62
32709,9087,36
28597,33243,39
38511,3069,19
33872,12785,48
8371,6134,53
30111,30770,28
5523,16895,23
14694,35688,68
3437,9950,62
32430,21847,32
28870,9870,60
33240,32393,35
2427,8378,57
31715,7965,40
13570,30120,31
13850,30831,23
7747,24844,19
22711,28580,52
31520,7852,40
7976,9278,44
9334,13606,41
12363,19877,36
37859,29316,28
16183,32772,41
16607,10255,59
5313,1165,30
13251,16712,50
31590,34008,33
29268,1686,24
8281,3125,35
6514,12146,62
14526,25109,15
20395,35514,58
34833,880,26
29268,18185,24
36344,3024,30
28915,26400,24
27114,4871,18
20609,1709,22
10551,13812,35
35522,6219,88
30133,21290,62
15134,16851,19
28843,28875,24
38489,21835,29
14346,12443,42
14744,17400,38
4016,53,48
5456,8358,33
32454,3809,50
21211,37721,68
9889,32609,56
23611,24194,61
26401,15765,45
12476,12830,69
3008,33175,41
34668,23484,60
23494,3957,94
29654,23474,56
5536,9068,40
5277,36317,28
19877,31969,30
26500,3888,54
26357,13758,25
36507,33212,43
27060,37592,28
20632,9008,30
16172,36800,48
6302,16819,43
7968,34988,24
12244,12005,60
16115,3067,47
20713,19244,8
4067,29692,46
15840,20444,35
9895,37654,72
36255,5603,28
36394,28168,44
4615,517,20
27806,15187,36
25223,4507,17
10685,26671,34
18171,33430,47
2636,1827,56
27837,37608,52
16197,25024,36
6265,32714,40
12394,13090,69
27826,24402,37
3267,3994,56
21179,12795,83
25062,0,9
6927,31867,31
35693,9197,84
26403,7745,28
18793,35321,62
1966,15958,53
33119,16652,38
27089,9053,32
29610,22691,44
33151,2003,47
32474,2293,44
9152,20416,30
11416,38414,15
216,4260,48
6453,30827,42
1539,10215,68
12915,14472,51
1057,30,24
13628,30467,31
6084,7866,48
38668,6089,37
13839,12065,43
33974,27083,13
2251,31895,60
4759,27978,42
33233,36234,43
893,164,24
12213,18845,36
22632,21986,64
6518,29645,36
31055,7912,26
35699,15034,64
11400,30931,20
7551,17432,42
13910,18046,33
32384,851,26
36366,34204,25
27463,35400,60
19660,21500,50
36486,32340,24
421,19645,12
24873,17301,29
17721,2656,62
33476,11478,37
22540,6757,47
8439,5620,33
5310,12166,42
36216,904,34
20677,25727,38
1842,18101,40
9054,12808,67
22533,12013,70
26707,3957,54
17712,28914,38
22164,3794,66
33482,32545,35
2639,16116,69
4757,22791,54
32369,17449,34
21429,5413,56
7670,29285,20
25668,28047,64
27803,18,34
37029,29322,19
9392,378,34
5673,14637,24
36448,186,22
35758,15789,89
14637,22087,36
12095,21134,74
16667,23558,63
21219,30229,62
38540,20001,11
22764,37250,55
21499,19680,50
13663,34545,21
17745,30091,44
30391,20657,20
10531,13690,35
21935,15335,32
6023,4066,74
74,10592,28
9291,6080,60
32289,30011,26
36476,133,22
9266,33109,55
26504,33954,21
32444,15352,16
8515,199,27
27950,1573,48
10198,30906,58
29752,23681,56
11369,25760,46
35639,10148,104
28565,26677,24
4263,17599,68
20475,11440,12
19894,5378,18
16758,21962,35
2459,32343,44
31902,29325,28
12477,1791,50
22110,34665,32
19929,33182,33
33243,30857,37
18401,22041,44
24325,15180,17
11337,12779,49
10688,30151,40
4049,823,60
30051,6357,50
32316,29500,12
25731,15792,69
27440,34876,12
11743,29726,14
13093,13751,52
20483,35492,58
7556,24352,25
32306,6846,15
38508,30007,23
9854,7577,64
19237,38558,11
22836,28758,52
31754,16547,35
21331,22185,68
1859,998,38
26330,34675,20
10240,11345,58
7515,27904,44
36491,22970,56
27124,14350,16
38502,31719,29
9416,12063,58
14293,15009,20
31576,36487,40
31225,20400,12
22653,23007,80
30973,18199,30
3468,19130,20
11554,20024,16
15306,10863,30
25113,13750,16
8268,27103,25
31706,37934,48
27897,16150,61
1862,24157,29
23608,21179,96
37036,37756,39
3344,12888,53
21231,522,50
27470,1664,24
23536,31156,62
20651,16184,35
25725,6815,43
23672,17,58
31812,35507,80
19907,37258,21
6147,24012,41
10196,6318,80
17530,37750,50
29631,21310,48
25642,30140,54
2560,11021,58
21955,9796,72
488,34041,15
5550,35463,68
22,33759,15
32262,21196,52
8671,28156,49
37923,34640,32
36975,9464,43
864,22781,58
14540,33448,39
17546,31159,36
19528,10742,28
413,25554,42
26007,4963,50
15900,37031,48
1957,37091,35
16969,34945,19
14438,2629,48
2650,25861,72
8452,16966,32
15163,5383,20
18320,1802,40
32589,6095,40
18341,24074,29
18108,25945,56
18372,4887,34
24155,11604,19
8667,29409,25
38305,13852,18
16945,16647,22
30143,37900,42
4864,33458,41
17755,33365,53
32521,1589,28
1039,816,36
31954,27021,28
30265,27022,22
27928,34100,37
12319,19596,36
21133,4962,58
1186,21227,62
15386,28066,36
9877,21763,72
12915,29414,43
20610,4258,44
8322,16173,54
23295,29397,56
30467,21489,62
13806,20006,19
29707,8460,25
13173,23695,91
30281,19669,24
36357,35611,72
17495,17334,52
29348,38596,9
21198,19976,50
2254,23280,88
31861,15056,32
38427,18150,25
11580,21414,54
126,26406,18
13550,34170,22
4539,33064,41
24943,14734,15
22526,10600,62
12189,14600,42
29490,8282,25
28829,36107,28
17660,27790,54
29460,32375,12
35306,27976,84
14254,29257,16
22728,817,58
9345,27882,56
12450,897,48
16920,16700,22
22707,19221,46
37544,22688,64
14003,5673,25
34541,3803,50
10935,4760,36
10271,37066,63
37859,12029,54
16766,22991,51
38492,34124,14
29347,3767,46
24396,35425,65
13195,2595,75
30953,28893,22
30802,16875,21
24301,9134,37
11486,10144,58
9110,8724,49
10143,21177,92
22919,5000,54
27508,19105,10
16773,30150,29
29575,7816,20
1539,18446,40
20768,14265,14
2362,13671,49
13630,36818,28
1634,5667,32
454,16996,17
5580,31572,36
37084,6314,47
17622,13063,65
15134,25583,44
30392,22508,58
33902,15065,17
33971,5434,21
32565,32428,16
16800,5639,23
10949,5389,34
22146,37029,39
14672,30319,30
1961,32250,28
2252,35334,92
16717,24824,14
4270,20315,44
7113,18139,27
32439,9519,36
23736,19142,58
21068,18088,64
9077,9113,56
30442,17588,44
31225,4557,24
19799,11268,16
2302,7979,52
16130,1985,53
38282,33382,32
8397,31064,31
34784,28622,20
33819,12855,48
9391,35353,84
36850,20327,17
14742,10667,34
33914,25828,45
5481,3223,26
13903,9909,61
21141,19562,50
21250,16848,55
9750,9301,76
16573,27006,15
22689,22767,80
14308,31076,22
28867,16210,45
36796,21847,39
882,16784,29
37070,22960,55
33375,37014,42
37724,4787,38
25245,15448,11
17695,3986,68
11011,35682,78
8666,4514,35
12523,33384,57
28022,23346,80
10568,20763,24
18984,24951,9
7839,30997,26
35331,13643,69
5306,37165,27
22989,27237,44
13109,7740,55
27136,10806,26
33260,29320,31
33956,13535,22
856,24285,27
27994,12764,67
29001,3453,26
36753,1670,35
22633,27965,68
9472,15182,36
4519,26338,26
12361,25747,66
13775,13519,26
1954,16203,53
27945,24980,31
5529,2416,48
17722,12514,56
952,18046,38
6764,27091,11
22975,24911,43
16205,27344,37
23601,21159,96
25601,18905,42
38544,20686,7
35704,36075,72
4863,16516,25
33245,14435,39
36053,34053,25
8016,1802,36
22238,16692,35
31849,4216,66
38729,29006,17
28831,9295,40
17402,7102,33
1535,28114,48
34260,22931,49
23292,19795,58
9270,15165,36
15476,14289,20
10535,38412,27
35634,8473,77
28981,37770,36
12406,10607,52
25871,28096,64
23531,26318,64
7694,4790,30
23528,28186,80
5713,27938,40
8477,32298,29
9853,28516,60
6057,31138,42
25822,26296,48
15160,19795,14
137,30313,24
28150,32403,36
33485,18029,47
32685,37531,32
3111,26355,26
198,30947,16
19906,21904,30
18154,25712,56
36504,29288,20
18926,29599,10
20617,17573,28
4670,38770,19
31954,25731,60
12396,32637,38
38527,34107,14
33828,35435,65
30974,28078,38
21863,36480,40
10131,11296,58
22673,22924,80
15466,24844,11
4090,5294,54
12142,25703,66
36069,30090,34
16148,8338,54
38584,13225,44
37181,25018,18
14293,33251,39
6125,19582,38
35644,32746,64
22208,33284,51
35514,26569,68
22765,33464,67
38441,7940,21
14303,2503,48
29289,18893,10
26406,19786,18
7624,33899,25
20283,7556,18
18101,28966,32
25939,31902,60
36974,37756,39
33140,38508,32
16241,18033,53
16838,791,29
2544,7143,43
6370,21183,76
31615,9799,72
24162,29536,13
36299,12171,46
34129,16696,20
13011,11647,49
22217,20358,26
10707,33801,31
36845,27387,19
31121,7746,26
29741,927,22
20410,22717,42
30326,5710,30
27336,29665,8
3778,24145,51
13102,8626,60
32335,34530,16
2336,28114,64
7764,21433,60
28964,21263,56
24449,20733,11
14273,35258,68
770,3502,32
37716,19125,30
18249,24908,23
37593,28169,52
15898,34206,42
4675,24143,23
16511,5257,23
34094,25645,45
31097,22073,34
25968,36059,52
38650,30012,23
942,7517,34
29614,6893,11
4785,11428,24
14580,17344,38
35633,15404,64
16805,6438,43
4785,12837,53
27474,38688,9
10191,33091,75
22700,27060,44
11759,2018,30
22911,13975,53
38299,22841,45
12257,12412,60
20419,27790,30
21152,26449,56
10666,11546,32
12904,32341,47
33799,6272,41
4149,25940,78
29318,18235,24
21985,36360,40
9454,3481,42
13817,22658,53
14368,29395,16
8273,18913,27
32268,1667,28
33862,4827,23
27379,19898,10
6428,37202,47
5750,10960,34
6220,34771,40
12969,22062,63
38,20642,8
36077,29516,20
24465,897,27
3246,5743,26
9489,17559,54
14393,28238,40
33359,38019,51
21762,22781,64
6970,28147,35
6876,10573,29
27009,6754,11
38656,32691,13
30485,28608,30
25745,26350,48
2404,28785,48
16148,32617,41
31191,30857,20
21473,24018,53
33495,18284,47
27361,1804,24
2530,2254,72
9023,35514,84
9145,31634,52
25762,24897,39
3296,25204,17
33391,38667,32
37894,7590,40
17770,6177,58
32398,31806,32
8539,3499,35
2685,188,42
210,21378,50
3839,31736,66
27361,35480,60
11517,7604,26
27804,36860,43
37615,15843,57
38360,21382,49
10048,13551,61
9254,19980,34
5760,25739,48
11646,4904,24
1219,15142,26
6005,17704,58
33174,15033,35
29708,24429,13
32695,15037,16
38394,9381,33
22842,18206,60
25691,19991,42
17767,15990,59
3104,38445,19
15514,14365,20
22216,2586,60
18134,34979,28
24174,16122,42
15761,19557,39
333,33097,33
22683,27522,44
28187,35534,84
27221,15859,37
6901,3907,49
20254,22251,26
27257,21433,48
5401,9127,40
7863,6406,48
1117,38282,23
20343,7789,18
3404,17433,40
17344,37129,41
9855,4582,62
211,12827,45
17286,23634,78
25206,34771,11
27943,15366,36
18859,4010,48
17702,25131,29
1520,6963,27
165,16171,39
25056,29497,7
18411,28629,32
16698,15985,44
26591,37572,36
23455,29434,56
16268,983,51
4914,10737,36
16259,9962,81
13887,22190,37
33187,29699,31
22026,1655,44
4208,22226,66
20600,29746,6
18802,21066,50
1527,34668,28
37748,4146,66
34558,1873,28
10913,8396,43
2395,18790,42
25884,37951,60
20350,17252,28
29402,38667,9
31727,12998,63
5586,18225,32
3207,33162,41
28725,20362,14
12067,27037,34
27382,24883,7
19523,3175,20
12121,34878,38
9256,10935,50
30800,21997,34
14447,1723,32
31640,7706,40
37727,37148,39
1899,18156,40
27767,4929,42
17257,24522,35
26733,29283,16
5523,4669,26
28596,30241,30
16912,14659,23
25169,6263,35
16109,12212,63
26339,2406,48
37147,35336,71
21044,20600,46
18152,4221,62
83,31682,30
29448,17462,30
25745,27107,40
35252,2486,92
38349,12426,35
10147,23483,100
15151,4821,22
16985,36047,27
11545,17577,36
21910,2651,60
30303,31539,42
36123,28671,28
34133,6451,41
35718,33772,65
24936,32649,11
10789,18240,42
26455,19238,18
1020,30869,28
1130,8252,39
30973,31144,20
8709,28072,49
25867,24472,45
11293,3870,52
33034,352,33
21804,20688,26
454,18771,12
29743,29270,8
16633,3844,53
4569,38011,38
1721,23534,72
28914,24970,15
35663,22563,96
12220,25970,66
9863,20298,50
27319,21169,48
30083,1813,38
21051,30845,54
25189,34748,11
29441,9849,52
17559,29396,30
8286,16998,32
36516,24028,25
18013,30402,38
30260,4196,60
3120,16604,25
11747,15956,43
23390,28006,80
14713,10028,60
36910,12048,45
29525,34571,12
3117,12137,44
23481,808,70
28744,1582,32
13727,6805,20
15857,1201,51
28221,30411,46
28248,28575,40
18881,36833,21
13851,12051,43
20019,2269,42
24145,22774,49
6953,2639,43
16799,7713,27
3973,7006,49
4967,27417,18
29432,2509,40
33814,36325,25
2282,22025,60
26709,20269,14
29629,35762,60
15034,30757,18
8366,15279,29
7157,6209,39
11620,28953,22
16874,33969,20
20002,10028,54
6834,12908,46
9144,17772,54
3190,25501,50
11020,27365,26
6905,22265,31
36939,9250,43
14306,24076,21
34168,26729,21
13584,10057,61
31009,24849,13
24070,3772,51
23736,21505,96
10702,10949,44
9408,17576,54
32275,8258,29
28616,1662,32
28514,29506,16
12957,33417,66
36875,11385,25
11389,22650,50
33887,12452,39
9909,3202,62
33968,33904,18
6309,5384,44
25066,38359,8
32579,12066,38
13960,3156,27
36320,18452,36
18206,14297,32
11001,15307,30
27286,11371,14
22571,12859,79
14327,28243,40
28812,14261,24
19554,29566,10
19770,12266,36
23725,5516,64
19141,37822,30
5753,33437,39
33961,18411,29
24193,928,27
22960,28123,68
27964,25221,31
15763,4062,75
36821,27464,19
1056,25847,54
297,18790,12
6181,34561,40
27912,8686,49
22780,11662,50
36806,3389,29
13052,35523,95
10780,18266,42
34971,25537,44
9910,25218,51
7825,16878,27
29465,33130,31
31141,22266,34
26018,14574,48
30960,16661,21
17729,14364,38
15327,31902,32
7128,21351,51
32316,1192,26
32582,38598,13
22053,29634,28
15931,3899,75
3523,11605,24
25741,37829,60
33473,25896,63
6994,28943,19
21203,18211,64
15428,19733,14
29663,8515,25
38515,24905,8
22194,20003,30
4727,7196,21
13501,21419,57
38539,8411,26
18361,2411,56
35401,31912,80
10638,10158,70
27085,15322,12
6345,19867,38
31237,14422,22
36492,16027,49
16160,4060,75
22844,8275,61
25152,19061,9
24413,12412,39
20763,30858,12
34674,23510,60
34560,34942,16
8592,8742,42
25566,2590,72
5329,5430,24
34849,15777,41
4956,22044,38
29750,23364,56
15397,21055,52
12332,33425,57
12047,22996,70
34887,63,14
17332,16255,59
20311,33441,29
13624,1870,33
20359,33427,29
28270,5413,40
37049,27750,43
27448,31169,14
3046,14296,26
29427,5611,16
32747,20477,10
11503,7763,26
28578,15274,20
18826,36314,22
30223,33799,27
10785,20259,24
21429,19017,50
25819,17407,62
30276,1938,38
24775,14711,15
20600,107,8
22660,328,46
20713,22752,42
28717,9975,60
8623,3141,35
31762,3308,38
36427,31694,40
4924,27770,42
25546,2336,72
9516,2268,64
12895,11451,49
10671,32308,30
1686,19237,26
34918,24952,11
19851,945,24
12816,1795,59
10618,21498,66
18071,4529,34
35562,30825,66
15908,18507,53
19907,9958,54
33393,3775,69
20282,6435,34
16867,32705,19
928,12167,48
6759,2486,43
15393,7738,24
25270,25729,39
22804,37651,64
27050,8294,25
20618,25600,38
12228,22000,54
2586,21120,80
13205,29763,43
7747,31907,40
19988,12265,36
173,14690,18
13807,12167,43
25097,33226,30
18150,25831,56
23651,7034,59
941,22972,58
7669,19225,22
28851,4653,26
33102,31983,51
15305,36072,24
27511,21488,48
25906,34553,44
9391,15082,36
16912,38253,16
32292,3162,22
31921,84,30
27195,31050,14
30235,9095,46
26265,28038,40
13074,18987,45
16640,17631,37
12070,3114,44
9034,3485,42
23577,7612,68
1171,25955,54
1572,15836,53
29008,7842,28
27891,7730,44
6181,32526,40
11675,3237,24
15361,18287,28
30466,23449,70
16816,27957,39
149,6071,38
11519,515,16
2508,26693,48
11715,7124,17
14525,21101,56
19805,6389,38
15118,2601,44
16073,21244,77
23413,28831,64
26572,12057,42
11404,20666,12
21928,3039,38
25970,18310,56
30245,25236,21
37819,2516,60
17536,3857,68
27511,31739,28
20557,523,8
34695,24354,17
10853,10138,70
20334,9946,50
36241,26317,28
11320,7979,26
6872,9161,35
16193,3261,47
7173,7919,23
18332,38746,25
13123,19532,45
8384,5273,33
20666,37045,17
38002,27312,28
32579,19760,14
26617,1625,32
24403,6846,16
9290,17696,54
10,10061,54
21291,36846,59
19021,2017,26
14554,19990,18
167,7748,22
38468,3926,47
36075,4809,30
31091,30798,20
1064,27195,22
31615,8481,45
21189,23618,96
9478,1151,46
21390,34258,53
3017,27410,18
16919,10510,33
15067,30394,26
8480,29462,25
15128,37235,23
16552,32572,19
33933,20418,11
19172,22953,46
28668,7263,19
24434,6507,41
33792,9237,37
37060,26567,27
22905,37946,64
17352,12051,56
1683,38400,25
36008,7589,32
8615,10548,43
31798,31235,34
22513,1899,60
8410,22580,61
20452,9010,30
29347,2326,40
15146,10228,56
31168,15383,18
3973,28508,54
16139,31635,57
38336,142,11
36336,19063,22
27475,14417,16
2297,19721,42
36950,1789,35
9493,19757,34
35561,22201,80
26510,24175,21
23736,25956,88
362,28915,18
31643,22145,48
1993,5454,32
9508,26326,40
10162,8375,69
15857,28846,45
11622,26590,22
19747,5725,18
31901,27793,52
23720,25055,55
28972,1096,30
18237,6350,52
37161,2418,51
10230,7809,64
12802,26599,51
29467,17468,30
10689,6021,54
18887,36085,22
479,24991,9
5560,38454,17
25750,3923,78
20525,14699,14
36900,20334,17
15989,28908,45
2413,26663,48
1120,37879,42
34767,18250,28
27091,18909,10
9479,33322,55
17587,19238,32
26290,29616,16
16243,26460,45
18417,17386,46
21829,4780,38
17308,11302,36
32651,27375,12
35679,38401,61
26687,25242,15
4727,32389,22
34774,38545,13
29259,36389,20
31861,6431,56
27051,37880,28
25680,12230,66
24458,3898,51
15025,28635,20
1869,11499,30
33369,22914,67
857,21903,42
17727,34782,34
4200,12339,72
17437,21495,70
13932,9234,41
14388,37538,36
19500,13042,45
8671,30009,39
31248,31162,20
30104,34640,26
29319,9167,32
23321,8661,73
14767,8595,33
14710,368,18
22002,9334,52
10897,16073,55
13672,22154,37
34993,34222,17
15777,13153,72
15755,22502,73
2756,2602,72
28854,22221,36
7877,20404,18
2555,23736,88
37936,26601,36
1004,32350,26
6272,37823,56
10704,36340,38
19210,1881,26
9750,2327,84
24855,13642,16
11633,34557,18
14735,11422,22
486,6490,38
37697,15082,32
15783,6511,65
6050,24509,41
22880,31151,50
5420,19655,18
4201,23590,94
18360,6380,52
17442,18365,46
13673,21800,37
1866,35421,76
1714,9231,48
4060,7500,58
22033,6797,31
30823,34740,18
14002,16199,46
11727,6072,42
31939,34698,32
38773,7736,21
4111,25859,78
180,26507,18
5013,8341,35
12465,36420,46
2349,22137,60
2676,10878,58
8529,22918,61
4777,2252,50
31783,27099,28
8618,3857,63
14590,33042,39
23329,27982,80
16076,22922,73
15215,34118,17
25582,21151,80
10786,36824,37
10268,28177,76
30830,16187,43
18938,2513,42
32314,28747,20
35269,18227,76
19779,4739,20
22637,33223,67
21105,5632,56
23311,36423,68
38355,25840,41
9245,18449,48
17748,9161,54
21413,36471,60
13749,24413,22
34809,20498,10
4029,5409,54
36505,3770,58
8501,12471,51
8359,4632,35
6099,3876,74
20655,30394,20
2380,37529,60
21019,5263,56
9151,25592,64
17692,34130,35
2470,38670,41
3126,22681,54
16621,23570,63
2510,24294,45
24949,19519,9
27332,32482,12
31148,19726,16
34949,26548,20
16214,25053,36
18493,25236,23
35393,26395,68
31745,18166,44
11514,36354,26
8523,3160,35
18939,18178,26
9477,33797,37
942,9499,46
2261,8023,52
29261,13807,17
32430,18036,28
12925,6870,46
19592,2389,42
17684,26465,38
17716,5746,38
38253,37703,29
32611,31155,18
10204,5480,60
5652,26618,24
11722,24167,19
24995,22014,27
31994,9918,72
6995,6804,14
31918,26640,36
28020,5342,40
16537,25592,47
27508,12479,34
14427,4567,26
25658,34771,44
31019,17686,36
24940,17495,29
33435,350,33
31010,14736,22
30460,38707,23
7131,967,25
22092,31167,34
37603,6799,31
30356,27299,22
11386,24103,19
34504,4706,22
1160,13165,57
24763,505,9
4095,28132,70
779,21120,62
38404,20318,7
21812,27007,28
23570,10078,100
29559,4215,46
20416,12458,32
5305,36462,28
37210,9500,43
38545,5508,17
6830,18166,27
33174,3133,41
21367,1194,62
14528,6281,44
34610,5599,20
13550,18305,33
30883,28112,38
17579,24756,29
2528,32296,44
13635,13924,26
37034,32504,23
25921,3385,50
30923,17418,36
6990,25984,43
33388,2728,63
30451,16150,51
9186,17678,54
28046,28995,40
32353,37204,23
21843,4239,66
1121,373,24
5389,33272,39
27784,33969,37
17438,37274,41
23546,23376,104
8369,26252,33
15342,7729,24
31707,26021,60
30773,4855,24
22659,9126,68
18225,3168,34
12359,17478,56
18285,27148,24
20525,36070,18
17641,38773,31
10740,38345,27
36236,4723,30
34612,37683,32
29646,13093,43
36311,8411,37
30134,17653,44
14486,13066,51
6882,27844,35
10102,10170,96
9035,37726,52
9404,32581,36
19164,20365,8
3856,32490,50
32656,30342,26
118,117,12
37894,28219,52
360,14606,18
19104,17751,32
7836,11759,26
36118,9961,64
35287,31983,80
10802,32275,30
7076,34863,15
24339,35386,65
27503,16899,15
35730,319,62
36107,18968,22
829,1242,36
35650,15266,64
23010,33772,49
22610,4955,54
10969,14589,34
37145,6837,22
28072,10171,76
19201,30306,24
970,876,36
12270,25030,33
27287,2754,40
8300,19607,27
24903,25874,39
37637,10631,46
15891,15268,41
16739,33004,38
24150,18236,29
38004,13843,37
28224,37934,52
12417,10693,52
12307,27762,58
22106,16102,57
841,6865,25
3449,32722,22
36442,22251,40
10538,18424,42
6836,1610,27
2016,37029,35
3910,7698,58
21941,976,42
33034,18981,33
8639,16078,54
28051,7833,44
127,31913,30
25694,30310,54
20386,9381,30
13726,31175,23
24801,19699,9
11411,35389,66
25218,2755,39
32701,25696,44
28942,16083,45
14760,12873,51
33468,5267,39
36214,7728,32
21505,13066,83
29295,31687,28
12461,1684,50
4128,1915,62
32023,17626,50
14470,8741,33
19105,765,24
4197,16799,53
37027,13200,54
3434,25997,50
27416,17719,30
16181,17508,59
38475,6891,12
18876,18892,12
13776,26497,25
6190,36298,48
27200,25849,40
31584,37548,48
28927,25548,48
11282,10139,58
32475,15834,41
31159,37577,34
23474,20549,54
37252,1137,33
15080,24479,17
8718,37865,45
7043,13637,20
33099,23572,79
24327,10650,31
8453,31660,45
32373,30182,26
32620,359,14
18236,16144,53
35385,7006,63
9174,18834,34
23526,16884,63
21075,1551,64
6904,22538,47
35674,5378,68
30082,10872,40
940,18326,38
2607,34865,44
15459,24461,17
17337,36491,42
29762,1710,24
29405,19646,10
3007,7719,30
8670,10263,69
28158,6269,60
143,12324,36
10676,16169,55
31585,11001,46
6488,17383,58
16981,36884,26
21921,4849,38
1082,4265,60
12188,15316,38
8722,24295,30
18197,4738,34
5465,3170,26
28550,27842,40
37085,28724,27
24888,34754,11
8666,18407,41
12166,21460,74
15969,16648,44
9132,26328,40
9778,18431,68
32261,1117,26
22556,32587,48
21340,9453,72
24325,8295,30
7902,14625,28
13041,3218,53
34845,3994,50
30419,20525,20
26024,4869,50
14480,6168,44
28868,27054,16
3284,29479,18
11716,11371,20
17469,13871,39
24413,15253,17
21797,12788,63
13574,4794,27
33387,22021,51
3151,29019,26
20298,6923,9
38447,3843,47
21076,16877,55
24300,28508,21
33954,2743,45
9072,16719,39
26381,16548,23
9975,25725,84
11746,35649,66
19031,16898,17
33118,15219,35
34985,11616,18
31509,32496,32
13078,13717,52
29640,8018,20
7654,34090,25
6385,33812,41
27784,33869,37
7776,7866,32
3817,31212,52
21189,512,50
19883,31243,16
25868,10199,84
1144,20476,20
1761,37551,44
21055,34166,53
37678,38606,29
24128,4126,51
32543,16749,19
28041,38013,52
30354,9189,46
24402,15934,42
34525,25923,44
4537,5619,26
20707,800,20
38319,3393,19
25186,9849,51
18123,7527,36
4069,15818,75
35717,6098,88
2009,10555,42
12001,14309,42
23721,8020,68
27271,24336,13
37511,26454,36
24200,22566,49
11637,34721,18
35602,31690,80
15246,24487,17
15386,5699,20
14545,37854,36
30837,25686,46
34590,31758,32
17447,35698,82
14446,36334,28
36119,31197,26
38354,6423,37
15486,35699,64
6161,33809,41
27788,10959,50
33299,23764,79
27422,26384,16
13011,24318,48
38646,1870,25
12764,4821,53
19563,16883,17
15818,36152,49
21129,24521,53
21762,10233,72
15290,27370,12
3298,21147,58
19,19531,12
36854,33973,24
458,2557,42
8634,26497,33
26631,1179,30
19195,34996,14
30459,31819,42
3445,33936,23
8474,10069,69
18345,1031,38
10631,34985,30
27147,21868,28
33032,38334,32
31733,14723,36
26012,9181,64
23442,27774,80
7620,4592,30
23671,12788,91
18343,33036,47
384,29322,10
32535,33211,35
22244,30124,42
22220,6095,56
27882,30051,46
26471,6071,44
36856,10013,63
25657,6012,68
3367,14690,26
24247,34028,18
22685,32458,48
21255,34049,53
9524,2767,64
14306,19176,18
22717,17271,66
23704,31752,76
10844,31944,46
36255,35742,72
12410,34910,38
11298,21904,34
31003,12509,40
1836,22582,60
7784,36818,31
28005,2769,64
26527,10026,60
16906,358,17
20480,19905,8
31667,6805,31
7829,10685,38
36360,26296,28
19561,33788,15
10164,12853,87
21083,25879,80
37897,213,30
15088,12765,47
9870,2005,68
34709,37632,32
28203,11279,38
25885,9810,84
7852,10217,64
15120,15401,16
14537,20295,14
28943,36856,27
25935,201,42
12851,15438,47
33207,6916,34
26365,37995,36
32301,21432,52
33951,15340,17
4067,252,48
15519,1036,26
7810,16052,49
34839,37255,23
4777,24097,23
19841,22024,30
34801,22116,32
24765,14493,15
14400,16940,23
27315,34004,13
4166,24963,45
15413,26634,20
2467,2368,72
917,24473,27
21475,31525,68
37149,19837,21
11369,2523,46
28561,16152,45
36134,28093,44
7084,25173,10
1566,31872,44
28632,15157,20
9015,34931,36
30412,25556,54
18269,1553,40
18460,12498,50
25601,33864,45
7714,10772,38
1635,28524,32
19828,19916,12
25635,22912,76
22765,21252,84
33042,6457,59
33837,27950,37
23265,8490,73
17419,6172,58
26741,13130,51
33114,9073,55
3518,16954,25
3373,8409,35
4212,24014,51
33443,24145,36
28964,867,30
22565,1999,60
14322,22045,36
15408,27197,12
35368,8658,77
30268,15018,26
8534,33460,48
15465,25664,44
13805,33349,40
25194,19082,9
9978,52,54
5747,22850,52
31978,25962,60
25550,1171,54
10856,32497,30
9151,24960,31
9239,3892,70
36882,35533,71
13158,21041,83
4613,30020,32
10611,24068,31
3230,33169,41
13066,8589,60
1066,37996,42
19154,12963,45
3197,22961,54
1542,24855,23
34586,36835,23
36827,31229,25
3242,10021,62
22868,3361,54
38399,29413,9
15523,17258,34
24751,2566,39
3377,22553,54
33060,14447,39
12809,32736,47
19578,1974,26
12260,18085,50
9359,21507,72
27167,33781,13
22899,12354,70
37572,13905,37
34898,26563,20
17491,5532,38
23455,22214,76
5494,6322,44
2430,12754,75
20688,1697,22
3828,17394,68
21761,6299,56
31611,28139,52
811,871,36
22743,6881,47
24453,17651,35
29559,30520,22
30097,6893,25
18346,20368,22
38556,4596,19
28973,11542,22
29466,30504,22
32575,25705,44
28875,13716,25
8430,25202,24
6457,33109,59
56,9061,34
5283,31905,36
16910,3015,25
26565,22219,36
5514,19181,18
34782,6782,15
3198,15885,47
3066,1679,34
16853,1094,29
24260,26545,21
28147,25064,31
15318,37521,32
32527,32287,16
23647,25116,55
21185,18308,64
37207,27141,19
3237,10846,36
34905,21487,52
33060,11358,37
27237,21945,28
35512,17509,82
19567,22169,30
4213,14688,54
31,12473,36
22873,26488,52
31752,24439,33
8484,32442,29
17615,16218,59
9175,33068,55
11772,22894,50
27040,34848,12
13671,22984,53
7161,14003,20
30105,16935,29
840,16851,29
16740,30509,29
10120,7088,55
6441,7094,39
22743,21056,84
17538,34873,34
25893,15076,44
35704,34935,64
8424,16502,32
9504,34956,36
23019,15434,48
6187,31270,42
30263,13911,31
15845,19997,39
36808,34000,24
30961,31775,34
19568,32364,14
6472,16626,43
35689,30886,66
35672,15047,64
34016,13891,22
37779,5007,38
9097,20649,30
296,9427,34
12393,37183,45
30277,18798,24
6917,21889,31
9159,30330,46
3880,5477,54
34174,23441,61
9027,25972,64
24981,33785,12
2528,29312,40
14424,16217,45
5280,14552,24
13887,28226,41
22581,5464,52
31694,30023,42
38417,15929,38
31821,6032,56
28871,27476,16
35277,5343,68
18163,24758,23
8355,28765,33
4838,20498,16
34274,9823,57
2399,33138,63
6859,11663,17
37036,38000,39
16994,15276,19
7981,9316,44
1648,21201,64
1022,7781,34
17014,27406,15
3088,13877,27
5748,1501,32
153,17758,32
16758,31010,21
2546,4034,78
6006,26295,44
36360,9928,64
16209,7574,49
23329,26559,64
3853,3235,56
10519,28791,34
21889,27880,52
7998,30486,34
20013,8741,27
3073,27805,42
25584,19566,42
24110,4653,23
36962,24930,18
15459,15103,16
35671,19098,62
28721,1015,30
18342,32707,28
7640,16209,49
21448,14504,56
25598,8736,57
25083,22139,27
7561,12362,46
24931,3034,17
34666,13995,21
18316,16760,31
38561,1653,25
23639,12824,91
22899,34133,49
37965,27786,52
18227,13084,59
24034,14545,21
13825,7940,29
5518,18286,32
247,30251,24
30085,30921,28
2324,16607,47
7566,30363,34
27247,27419,8
28595,7714,28
24972,30132,21
24404,24102,18
5651,29398,16
13700,11648,23
16916,28078,39
1929,37849,44
1519,20529,22
363,24247,15
33078,34535,35
12097,10918,52
37172,20251,17
18274,11376,30
0,22667,46
7871,1839,36
19708,38455,11
15993,17638,59
4633,29596,18
24409,16743,20
21816,2687,60
34979,36039,24
21166,14323,56
35317,10250,104
14467,30970,22
34021,31261,19
29514,2544,40
7647,8476,37
28222,13808,41
7206,12830,46
10221,28899,60
28225,87,34
23432,7122,59
33258,28697,39
27237,13072,43
13530,6222,45
23338,37825,76
23251,31794,76
28110,29362,32
35479,34120,65
4921,22240,38
26300,12437,42
19137,7597,22
10019,29012,60
6511,24022,41
10217,9784,96
21495,19146,50
9402,38630,33
36362,30941,26
26441,10915,34
23355,22199,76
23555,3085,66
27352,22,10
10595,3121,36
12760,33424,66
17319,9400,54
36068,34013,25
28671,9973,60
33030,9010,55
24770,28991,15
897,8663,39
37976,25676,60
30499,9898,66
37248,21013,59
37551,5393,36
31158,27125,14
34126,23586,61
1755,37981,44
32447,31763,32
11019,21496,66
9331,6067,60
19716,7879,22
10730,3509,36
31740,20308,26
15380,10939,30
26663,21906,36
20538,22962,42
15340,18137,28
27756,25804,64
16037,22601,73
15508,22618,48
52,9011,34
13870,28674,25
16642,24060,20
31934,14668,36
8621,16815,32
34501,23478,60
8573,21906,45
17611,18411,46
37007,36278,31
3785,20446,44
9847,21239,92
33145,13961,40
3327,4060,56
28241,4261,70
6281,27897,60
444,35554,62
3499,38668,19
5375,9021,40
29418,36361,20
38326,34913,13
36181,3839,58
24812,3446,17
22009,16691,35
17559,6261,58
5493,13726,25
27301,22018,28
19763,20261,8
12922,38622,44
24856,35736,59
9133,2671,64
26639,32506,20
38474,14289,17
30854,14286,22
7078,24324,16
38306,5268,17
6854,38258,12
4831,31875,38
25191,30171,21
36258,4658,30
31561,16084,57
35440,15800,89
34044,18227,29
17541,12366,56
10820,35505,78
27206,2748,40
23452,35427,108
2370,11512,46
30012,6877,25
37813,13882,37
31742,6768,31
2265,24436,45
27309,16686,15
24220,30277,27
27877,7155,35
9001,26442,40
12773,5711,51
19594,8490,27
16503,8616,32
36276,32546,24
34741,34587,16
22240,33243,51
33140,5628,39
26327,6919,19
1504,1108,38
32522,35486,64
1046,23293,70
3816,6864,49
22234,24906,27
27481,20735,6
26611,33986,21
34558,6495,40
30181,212,24
28122,30835,38
25841,20497,38
10740,12236,52
19900,33356,33
31902,9914,72
26013,21377,80
17340,6306,58
29256,20263,6
7940,21806,40
30815,35591,66
26467,38266,17
18374,9924,68
10798,23602,74
22635,31111,50
31008,14627,22
1700,12783,59
19193,6919,13
15452,14510,20
27758,3351,42
23579,22851,92
16758,16044,44
21126,27445,48
31885,27923,52
20538,25555,38
16264,17750,59
7019,35550,63
36789,13150,54
16578,5628,23
34640,21072,52
31518,3299,38
10700,27932,50
7747,19021,22
21201,8400,65
10523,6180,54
31693,7124,31
30355,18811,24
24485,10916,31
33946,19130,15
6451,36059,48
38312,9076,33
24160,27515,13
21760,7514,40
16187,2596,69
13942,29279,17
23335,6420,84
14355,405,18
27896,29272,32
27312,24958,7
18960,26295,18
11695,21155,54
31202,12374,40
15330,22100,32
10518,22056,46
24782,27179,7
7991,10869,38
4922,17348,40
15276,19680,14
35476,29011,68
17393,31773,50
12386,34169,39
17361,27224,30
4788,18448,34
7001,21014,51
23361,37252,67
4029,38406,47
1731,6158,52
19900,29018,18
4028,24089,51
17564,29615,30
5575,33911,21
36244,19913,22
32403,14349,20
10514,13229,61
28015,12072,58
23515,10098,100
25573,6940,43
2686,12473,66
380,6413,38
3328,20439,16
23456,25131,55
7744,5555,28
5314,34696,20
6307,31272,42
1115,15355,26
12459,24127,39
26584,16898,23
31741,9009,52
1908,17021,31
12476,13552,43
36875,25656,51
5326,36321,28
12973,23408,91
30289,1612,38
37888,30224,42
13849,35014,21
27513,21218,48
32407,9054,36
18867,24935,9
10212,31895,72
23588,23572,104
16530,24058,20
3231,23643,66
159,13939,19
33494,13247,66
19654,29617,10
9924,34763,56
22157,25668,60
20412,34584,10
35432,14769,68
31977,22537,64
12820,24149,48
23706,29519,56
14365,5461,24
22841,4770,54
35277,31996,80
19963,38329,11
5672,30134,30
27346,13070,43
3471,4559,28
24478,15160,17
21007,4206,86
11358,38316,15
37600,31682,48
4203,34231,51
4113,23530,94
19841,30499,24
38338,26431,17
16056,29742,37
30200,26543,30
3153,36488,30
15893,27988,61
36053,19871,22
16149,4968,47
3419,1765,34
21180,19015,50
2648,9968,84
29396,21870,28
25998,5502,48
21425,7072,51
30424,23252,70
33120,4254,69
20422,24403,11
28709,35429,68
30131,22227,42
38664,19262,11
15433,6358,40
14344,24267,21
1549,7795,36
2505,15236,44
31916,38580,29
11533,30158,28
4875,6875,21
2441,33375,63
9809,32721,56
23707,12952,91
33800,3048,23
21191,18268,64
7056,36767,22
8526,32523,29
13936,3057,27
18145,29486,24
29492,37625,28
21856,14530,36
27906,38622,33
38000,16863,35
15498,6312,40
36093,15184,24
20738,34990,10
36771,29482,19
9304,16080,61
32430,32304,16
36372,15235,24
20501,22772,42
26370,8489,33
24173,37253,24
975,13091,57
9193,12949,67
38565,14735,17
30083,25721,54
22517,3361,54
37877,6388,56
27421,8585,25
29625,4672,18
4535,28578,26
38612,26481,17
19944,34511,14
26692,4235,54
28021,15073,36
26507,10597,34
20594,15909,35
38606,35532,61
1154,28867,30
9414,35685,84
1042,7140,25
23734,27214,56
12168,34156,39
4182,25245,45
34861,15452,16
1802,30100,38
1551,19601,26
39,2483,42
21002,37000,59
10140,11341,58
18855,21969,30
3185,3474,28
19050,31260,16
10981,38751,27
10705,13911,35
7640,28527,28
18912,26468,18
18947,7988,22
36082,34911,24
30904,14455,22
30489,31671,42
22155,17523,50
8600,10702,43
13043,35752,95
36038,23499,68
2633,33179,63
34535,9444,36
1730,6927,27
374,19763,12
18280,4200,62
37749,10018,72
36108,14688,28
32687,13612,21
35287,31729,80
12842,20709,41
2336,28114,64
37949,13805,37
21828,26314,36
14528,1172,30
36134,29397,20
38628,18047,25
17708,32595,34
29283,6319,36
32514,23354,60
7084,11263,17
15523,16118,41
12273,4126,72
20273,37890,26
6217,21292,76
20753,6833,9
22758,13571,53
31034,10967,32
9121,954,46
31038,35726,66
19760,35747,62
2273,13731,49
30393,1604,38
15808,8429,54
25650,15335,44
16058,26413,45
10731,37847,46
9049,36030,44
12303,19232,36
23387,18482,72
29356,8701,25
12966,16921,50
4685,29667,18
27507,18001,24
29289,25992,40
11358,23298,62
6940,18090,27
26624,10138,60
5258,25978,48
237,26455,18
16183,36830,48
5386,15799,45
12815,22830,79
19202,18112,26
30274,2520,54
20296,4601,16
26582,36389,28
38365,14302,17
9911,38615,53
7532,21225,60
18192,35400,76
22554,32556,48
37202,36449,31
18043,10846,42
30443,886,36
13679,28861,25
7204,23474,59
25974,25115,39
194,1066,24
25998,21837,60
31965,1076,42
7761,11513,26
9495,26379,40
31124,32516,18
24919,16211,36
10553,19574,28
22820,21342,84
32557,25160,11
33513,29443,31
22059,22600,64
38573,31856,29
1869,15947,53
25008,25243,6
9127,16145,61
6352,24513,41
37057,7148,22
1935,10013,68
32660,18118,28
7140,22946,47
34717,27885,36
22585,12074,70
7866,5272,28
15212,6851,15
9171,13174,67
21791,5665,36
16623,18169,31
36006,20714,18
19608,26331,18
7902,7108,23
30215,22942,58
10519,21081,66
35510,1213,74
14565,25074,15
36137,25230,19
3252,15154,22
12192,38643,35
35605,29491,60
29301,6210,36
13506,975,31
37061,38756,20
16718,19672,17
18961,12139,36
38512,13697,18
19208,14376,18
6150,2686,68
13522,37606,37
1258,1240,36
27785,31551,52
11297,30933,20
7695,37091,31
28606,16700,23
12883,33947,48
8566,34568,29
27331,27957,32
2340,19663,42
16546,10797,33
13746,14570,25
6801,26252,19
32256,3900,50
37555,30788,34
34236,12054,39
21102,14664,56
13977,38327,18
28147,3258,42
16652,12158,41
3955,998,60
15885,33458,60
1934,15859,53
9012,1018,46
6456,38362,37
14345,32372,20
32558,33237,35
35651,35459,112
32264,839,26
5517,1997,32
19578,13656,19
36751,5290,27
32287,9997,56
312,25537,42
12437,17251,56
20564,37770,26
12935,23006,79
6357,28109,60
38692,168,11
13770,32487,21
25991,7612,52
34232,2422,45
3353,19758,20
7127,30486,25
17511,34001,35
15175,5671,20
30424,4620,32
27892,6503,60
32481,38302,13
24938,27921,31
34640,21174,52
6954,1875,27
12769,22747,79
15801,25817,69
12935,28132,67
3001,37507,38
24996,28806,15
38389,31673,29
10722,19822,28
3217,8638,35
36137,27223,20
278,34680,14
34000,22064,33
4189,34018,51
10601,32612,30
21238,9824,92
8523,1072,39
7851,35631,72
19585,7829,22
3320,7625,30
18272,13886,33
8016,10677,38
4673,21106,58
4111,31853,66
3496,18046,34
15239,1682,28
12178,11554,40
21008,22700,84
15050,6438,40
12180,29414,34
27178,11695,14
18997,10695,28
2557,4661,50
18428,37564,44
21109,11259,54
25102,28925,15
36369,21986,40
19988,5436,18
24289,35367,65
30852,20012,16
2484,10115,84
28013,9070,56
25658,21352,80
30922,38461,15
1518,24421,29
8679,25026,24
15103,2355,44
34625,26370,20
29746,8541,25
9767,965,66
33222,31906,51
26410,14597,24
1223,2399,54
37194,19708,21
36111,34743,24
9346,18506,48
20285,31521,26
16117,33951,42
20666,5615,14
19930,27799,34
20425,32274,10
21200,1701,64
31674,24788,27
21241,30880,54
33155,1632,47
38742,15297,13
11583,18440,30
16263,5573,45
22198,12767,63
11639,4630,24
13766,32434,21
17704,26747,38
18791,12194,36
837,30177,36
10614,25526,58
37708,28821,36
10002,17283,74
8305,33200,48
21027,7802,60
33862,34889,17
9165,7515,44
32256,29655,12
30920,270,16
20768,23349,54
35006,20621,10
28545,21883,36
4930,13769,27
23699,28841,64
37116,902,33
31557,3799,66
15098,27818,36
20000,4966,20
30762,29700,14
19704,11366,16
19529,19715,12
9185,20436,30
27053,36378,20
37137,10086,63
26365,19553,18
30499,3843,60
2677,11442,46
19754,33827,15
53,25701,42
26580,21136,56
28854,3111,26
13221,10967,61
30247,13215,57
11706,33943,19
38714,7145,12
27411,28886,16
6046,18000,52
12995,23659,91
7053,28025,35
12857,10584,61
37871,9894,72
28145,19656,34
3392,9343,42
14667,17375,38
25857,14492,48
28086,783,46
15194,16178,41
36490,27514,20
22520,14631,52
23610,24769,55
20320,26751,14
23303,35280,108
6097,4716,46
8713,13023,60
8751,36362,37
36497,18168,36
36036,17672,42
31708,14463,36
34777,962,26
32772,18161,28
32443,36343,24
3844,21501,86
1748,28094,48
26379,12920,51
7864,1801,36
25673,16020,69
16039,13811,46
6173,9197,60
18141,34899,28
2369,30161,54
33944,21460,53
20348,12110,32
10175,485,54
21495,10555,66
34895,21836,32
8474,10791,43
23618,9004,80
21856,19025,30
36016,3119,30
8369,12149,51
23522,4534,66
25560,30519,54
6979,20485,9
36010,23471,68
850,3284,32
8657,7840,37
36835,17279,41
10637,133,28
11629,37917,34
28610,11708,22
2430,37086,51
34993,22219,32
393,37029,21
22261,24865,27
37638,4164,66
12773,27141,43
25819,28989,48
35479,27355,60
12377,9765,78
24780,9815,51
36192,21386,60
8555,490,27
36920,8741,36
35318,1874,76
3111,21031,58
5472,15029,20
3473,9015,42
37965,16585,35
36095,8005,32
5482,32332,20
25073,18314,23
12138,20516,32
25768,16955,47
33303,21148,71
16948,24842,14
7964,7700,32
1199,17512,44
11360,12103,40
36324,1637,36
6202,35536,88
20463,4732,16
25727,19623,42
5678,11370,22
26451,25810,48
13173,9844,87
35366,3136,70
22189,22580,64
16096,5657,45
19040,31210,16
1562,13041,59
19237,34833,14
12236,27397,34
18786,17323,32
15366,283,14
4728,23428,66
22995,16148,73
12142,8347,51
19742,28086,34
5023,13703,27
3975,12779,81
22887,10976,62
1159,12091,48
292,5320,18
12424,30264,48
5620,6882,19
25118,23545,55
4180,15298,50
38353,37272,20
11700,25591,46
38697,25015,8
28155,32396,36
2269,35727,92
9185,26261,40
19113,30178,24
9336,316,34
24975,10645,25
24362,21473,53
21090,36521,60
17334,5282,38
24507,37843,33
6106,9222,60
33907,24166,18
16852,32320,19
5307,15193,20
16150,3361,47
20013,12790,45
4521,23456,66
32741,31270,18
9298,4534,42
1967,9788,68
3028,1995,34
34785,36840,23
3323,6010,46
23612,19083,58
31707,31537,48
36847,15191,23
3315,28831,26
34254,14500,21
36402,22908,56
29384,20768,6
17552,25586,62
12331,32367,38
13861,11750,23
18167,7075,27
5664,14543,24
15446,3962,50
12122,30847,40
17339,30475,44
5570,16091,45
7517,36489,32
26649,27276,16
8322,27134,25
3243,18361,34
25894,27488,40
24331,35609,65
9518,12110,58
15750,33275,60
774,19717,24
3960,19654,48
37730,29331,28
33849,1895,29
19961,26400,18
34982,28088,36
18945,18326,26
38743,5619,17
21280,11381,54
13918,1510,33
23440,12212,82
22239,7823,40
32261,38757,13
12884,4520,53
22932,16142,73
33209,16660,38
7031,10534,29
10228,18101,68
16770,7225,18
9843,13732,61
24117,22791,49
6349,10610,54
38021,32550,32
9215,27223,32
31556,9410,52
37059,313,21
22117,120,30
2732,38502,41
14337,32321,20
1685,25971,56
2728,22575,76
35514,14338,68
30191,30876,28
12899,17305,65
2486,10852,58
1948,19706,26
31097,2679,46
25631,32642,44
10516,10778,44
8355,18315,41
14663,10566,34
2330,36259,52
35647,4242,98
15198,17006,19
18271,38768,25
28217,8289,49
26700,35012,20
6087,14659,44
19949,9431,34
1755,32505,28
27883,14613,40
15772,30428,51
29264,21180,48
10791,29385,26
13152,17642,65
28125,22081,52
15337,7516,24
18432,10124,68
4635,6780,21
3306,23011,54
34253,24394,18
30199,2352,54
6062,5745,44
1613,8701,41
13958,28218,41
1870,11568,30
24128,11258,19
9966,1960,68
3064,33973,23
26569,8686,33
3095,30203,32
25677,4058,78
52,16633,17
37909,7234,31
15338,12207,38
37189,7513,31
18779,30495,24
38385,9116,33
19753,6756,13
27130,12062,34
21378,22542,84
21024,28549,56
34206,32381,17
27820,30320,46
38442,18864,11
15068,8428,29
24440,13583,22
8312,28897,33
34931,32436,16
11624,8553,31
22865,30230,58
30007,28706,30
24803,6849,10
8378,13785,34
11257,1263,28
25713,20729,38
20375,31241,12
21384,22181,68
20489,10229,50
6884,24513,16
23377,160,58
12062,5440,42
15924,27208,37
1647,28976,32
14425,20276,14
20542,30812,12
20616,13072,41
12983,4977,53
5348,10703,34
31062,13896,23
16754,11394,21
27492,6296,36
1534,10237,68
37687,31758,48
35669,30080,74
23490,6298,84
7210,30847,17
4765,15317,22
4631,26268,26
7791,35342,72
1776,7074,27
13146,14293,51
22654,11640,50
28520,16056,45
35644,8490,77
333,23535,58
13109,22576,79
17730,33841,35
20735,38361,7
36957,23420,67
6796,26430,19
37638,20394,26
6874,1569,27
13251,27055,43
35600,6763,63
10009,36397,64
19238,5424,18
7181,25941,43
24767,37145,18
34962,26480,20
3764,20430,44
34647,25256,11
28716,28547,24
25823,18413,56
24279,34142,18
13690,35642,69
8629,10544,43
1669,20450,22
19086,36523,22
28796,10571,34
34559,20485,10
18869,994,24
22,9275,34
24928,11250,13
16756,35655,67
12404,5006,44
9337,34248,37
1528,31952,44
19262,7919,22
28716,3779,54
27277,11447,14
34242,11400,19
16765,1630,31
24903,36337,19
29019,28953,24
29424,16828,15
33277,25972,63
27514,24972,7
37504,9398,52
28163,12054,58
37718,5539,36
15015,13580,21
33889,21761,33
1222,20544,20
37184,2504,51
16272,2019,53
13868,27847,41
5550,12936,51
27122,1173,22
19055,24060,15
18333,14678,32
38297,6066,37
6106,38398,37
2424,1072,54
28696,15081,20
9863,21753,72
31006,27188,14
7851,38584,21
27156,32347,12
8001,15495,24
27300,3355,18
10720,21358,66
25914,754,54
10604,4847,36
22527,31034,50
26515,4808,26
32381,30316,26
14638,13535,25
3215,25135,17
7970,20757,18
30819,8310,31
13264,23396,91
36968,29337,19
16632,19890,17
24364,16147,42
26620,11640,22
6436,13788,45
31968,24214,33
2696,31719,60
34538,20617,10
37786,10201,72
30412,28562,30
32498,7181,15
12395,6049,62
4199,1914,62
10149,25173,51
23496,24052,61
24065,21308,53
30123,12951,57
26404,19517,18
26761,10668,34
1025,36424,34
21514,18501,64
10267,23635,100
1647,13513,33
12840,7124,46
72,32607,14
12505,23491,82
8626,36892,36
3861,35250,98
11348,3358,24
10863,3470,36
22682,17421,66
3969,33886,51
36189,8608,37
38749,2679,41
38003,33816,33
24480,29543,13
11337,3403,24
30302,11539,28
2766,7809,52
2751,33766,45
34922,17007,19
27235,16610,15
9876,37512,72
11518,10201,58
33105,12109,57
10046,9457,76
13043,28776,51
31639,36292,40
35509,28650,68
17577,21365,70
4991,37079,29
37156,8513,36
10540,36788,37
35418,15862,89
28887,18927,18
3441,4162,56
24405,19048,15
15101,34985,16
27756,12285,58
20362,10516,24
24503,5333,21
12008,21902,54
18854,10743,28
17412,4024,68
11739,15115,18
18051,30316,38
27387,30330,22
7014,18965,13
30329,21973,42
4750,1866,34
1187,29497,22
31971,21811,48
10518,37700,46
26592,25711,48
26714,35499,68
16713,16663,22
12338,22513,70
34544,3997,50
30096,18389,38
4515,22253,38
34516,26632,20
8418,26606,33
18078,19663,26
8773,2498,57
12195,34897,38
16043,15425,41
1227,20396,20
30036,18299,38
29437,13607,17
13069,16193,72
31023,13262,49
22933,2304,76
19669,25994,42
16045,13503,46
3328,24270,23
13145,5289,51
14269,3306,26
13634,27313,17
24004,19921,15
37937,1574,44
22551,24847,43
13666,36096,29
38656,10741,27
36994,11499,25
24413,4255,51
4815,4920,28
18514,4226,62
21890,14444,36
13522,945,31
37114,28811,27
1984,23268,72
5453,17606,38
26658,24451,21
4910,21916,38
27978,37600,52
14363,15247,20
33237,14741,39
19153,4150,48
26494,1220,30
18878,6135,38
23295,14016,65
489,5649,18
18227,9464,48
7273,29503,11
35282,14388,68
1742,851,38
5736,14306,24
33349,10273,75
26523,23286,64
33756,15396,17
30008,25236,21
16261,27075,37
26492,15319,20
6426,37250,47
31084,11475,20
6502,34270,41
9126,25074,31
25557,17346,62
12982,17774,65
9326,30980,38
3365,5311,26
9171,12373,58
8521,31142,31
35538,27141,60
29327,22033,28
19592,21498,50
9453,16852,39
6987,1994,27
14461,7562,28
20727,4896,16
10244,12029,78
7057,34962,15
11598,25877,46
10088,14432,60
21992,28746,36
32548,6483,40
37652,19641,30
11652,13638,23
28742,24838,15
4629,36783,29
24196,23363,61
2251,9258,64
19800,7561,22
22051,938,42
14457,27871,40
26530,7047,19
4729,25245,17
20581,9889,50
27958,36133,44
12369,10181,78
35567,24047,65
27250,6844,11
6380,33399,59
32261,33423,35
13840,21816,37
34140,27481,13
23507,20449,54
38720,24811,8
5565,20604,14
27942,10849,50
31015,6079,42
20574,795,20
11384,292,16
19880,4071,48
37647,21251,68
10584,18837,28
17769,25530,62
34086,24182,18
358,36373,22
29613,10746,26
15088,29662,12
22166,29484,28
6950,14377,19
38630,14436,17
29462,12300,34
31971,20335,26
11435,36195,26
21442,7639,60
2318,7940,52
27833,17251,54
12291,30000,48
23622,31885,76
36076,18041,36
6083,25843,68
7777,38002,40
35268,25743,92
21374,18964,50
23680,28846,64
10197,12046,78
24958,25124,6
35764,33993,65
32389,35507,64
35707,29741,60
8494,9442,49
4774,27480,18
34034,38493,14
1131,13024,57
32671,35485,64
32461,23260,60
26024,5707,48
25052,37936,27
4035,36297,58
26700,14636,24
3438,9268,42
11472,25635,46
5403,11014,34
10711,29532,26
31543,208,30
37774,228,30
6976,9229,35
34854,25223,11
18193,26444,32
33859,10038,57
26509,32599,20
32343,2499,44
21996,23260,76
24877,32299,11
30511,16857,29
27203,31799,28
12008,13634,43
16833,29284,15
36913,8352,36
225,36187,22
34258,14773,21
12018,1714,50
3285,29023,26
33011,3868,69
33920,10901,31
31787,30353,42
24098,20408,11
22991,378,46
31543,12314,54
5602,29347,16
22798,11567,50
20306,10220,50
5758,16549,23
22744,18170,60
35336,37139,71
38619,34634,13
36937,16823,26
19106,7585,22
13221,17463,65
14715,26286,24
9168,10935,50
7231,34875,15
12905,36889,54
37898,10804,46
33803,21346,53
27377,14397,16
11464,17285,36
789,32279,26
38734,13751,18
30382,25758,54
23385,1746,72
18146,4965,34
3893,11736,52
14434,31989,36
13704,10504,35
6762,12089,37
27802,38633,33
30009,36173,34
38496,1629,25
15427,28026,36
1895,4690,34
32335,27982,36
30508,38403,23
841,9023,46
28832,24361,21
20603,27158,6
16773,6328,43
13249,14287,51
16134,33283,60
13115,26284,51
7849,19975,22
1772,34246,29
19051,33443,33
502,23015,46
14653,35588,68
34662,33865,17
7984,37974,40
10908,10669,44
35323,21401,100
11690,14410,22
34086,23023,49
18767,28659,18
4885,19196,20
9522,31725,52
36520,28226,44
10,29278,10
4111,37889,66
31212,22797,50
38733,27398,9
7613,31226,26
4954,19676,20
18102,29395,24
6117,13548,45
17725,35476,82
21515,10140,92
12099,31269,40
25741,37507,60
9900,14683,60
22129,38567,29
1987,2391,56
20349,4953,16
3783,37183,57
6949,12128,37
31240,7685,26
34167,30181,27
32341,5437,20
852,31719,42
13822,25741,49
20019,9461,34
27884,24508,37
33151,35309,83
37695,33879,33
1047,26506,30
27226,8608,25
24023,30059,27
14329,20680,14
7840,26634,28
1073,32673,26
37974,3197,38
4696,35405,70
36768,13666,28
19125,25140,9
24347,12920,48
12126,35519,86
1695,33280,47
1593,26547,32
36047,29437,20
13734,11332,23
30145,21172,62
15044,12905,47
3169,19726,20
5507,21216,56
15179,12833,47
16724,24348,20
22991,37900,64
10925,20345,24
18318,22689,60
29272,1199,22
26678,5675,24
9382,16153,61
27964,8562,49
1656,6159,52
28642,8718,33
3078,15281,22
14416,25730,48
169,31193,16
13663,18335,33
30271,23366,70
2281,30137,54
30061,6796,25
31648,5251,36
24090,19834,15
15141,15793,41
35451,37725,80
34694,10589,30
21903,34635,32
10653,33802,31
31564,14469,36
26016,13920,49
6019,18384,52
14020,17380,39
28197,38666,33
38664,15075,13
23651,26717,64
10165,440,54
37097,37517,39
5332,28022,40
28266,25736,64
489,13109,45
14708,6775,19
30507,4684,32
3142,12051,44
7580,2308,52
12884,6400,71
6397,21026,76
35019,22519,48
38443,28617,17
32592,25068,11
38556,26385,17
7666,31166,26
24896,25076,6
20712,11397,12
31217,32551,18
2278,21001,80
34795,17680,34
9297,7575,44
19814,31637,30
32606,13133,47
10927,36316,38
1935,13578,33
13619,11267,23
22998,24954,43
22519,19885,46
2575,13919,49
11604,23385,62
23576,37194,67
16113,34722,41
30965,28961,22
36960,37938,39
8254,7752,37
6009,17599,58
27758,4715,42
4929,30868,24
24041,2632,45
6187,7143,39
33477,26489,39
9178,21508,72
35327,23508,108
22203,10203,72
3197,31545,38
11359,7020,17
22802,17332,66
2495,37547,60
21907,17601,50
4752,29300,18
9928,29644,52
19215,15980,39
17524,15318,34
10976,183,28
20676,34516,10
24484,13,15
25768,750,54
28896,976,30
1023,11267,28
24953,19665,9
25572,15967,69
16982,4709,25
22228,26590,36
18297,19733,26
34007,5583,21
18958,22265,30
35253,24854,59
18189,11468,30
15989,9332,61
30756,29567,14
6816,16828,18
3417,26629,26
18507,5757,32
12079,101,36
4159,3816,84
14583,19545,18
32751,4693,22
25754,18867,42
19892,24790,9
10826,34124,31
15379,10999,30
34084,16214,42
4652,19751,20
13137,420,45
21854,21945,48
13179,10238,87
38498,12879,44
23321,15760,85
36768,25066,18
23500,24839,55
10786,12796,61
10660,19560,28
36180,6756,23
918,931,36
19758,11739,16
17381,20703,28
36844,33834,24
37194,16912,26
122,34893,14
4685,14756,26
14389,25953,48
21842,18316,44
10007,17539,74
6181,3385,46
1737,4683,34
14639,34193,21
17424,16921,37
30330,1700,38
16839,1041,29
27823,18816,34
346,19057,12
4711,36105,30
34135,4529,23
10737,35453,78
15004,3755,50
17439,2269,62
34806,6324,40
9484,24036,37
12497,261,36
13577,37528,37
35292,33362,83
38270,11011,27
15771,5715,45
10260,1574,68
25142,15113,11
27857,12508,58
5543,26358,24
18055,6828,27
36280,15077,24
13070,21276,83
20297,31570,26
7727,18799,22
17551,27090,30
12358,38668,35
36518,30450,34
21497,38690,49
28158,21158,72
17473,16658,37
28132,20499,30
25586,16627,47
31183,2414,46
16169,108,39
38305,22180,29
6920,25205,10
18460,37075,35
8365,1730,41
6457,32498,40
7634,22864,56
37006,228,21
28724,24779,15
2310,4655,50
37137,36207,31
18020,17601,46
19261,33374,33
26289,29750,16
18508,13664,33
38691,15425,13
1217,30851,28
21902,2434,60
28006,30113,46
27513,10797,26
11386,22054,34
11511,33978,19
3163,18937,20
36487,16515,27
18214,10977,42
34881,21050,52
34602,31145,18
33377,6083,59
11627,30166,28
31008,37868,34
1921,34232,29
31604,1930,44
47,28604,18
2288,25023,39
12028,18204,50
8325,28595,33
28815,27415,16
36179,3931,58
19699,25268,9
30815,3838,52
9034,35660,84
26445,9433,40
25150,21791,27
31553,34158,33
11705,34641,18
9247,14762,40
8338,19643,27
7045,23728,59
9054,14518,40
19575,34650,14
33327,26307,39
38706,2761,41
25862,27755,64
15321,824,26
31836,24094,33
3127,16057,47
35307,7152,63
12464,26577,42
22673,36788,55
6988,19041,13
12979,29380,43
8758,26472,33
1564,14506,32
1118,28838,30
29364,11362,14
16762,9405,39
38315,31635,29
18149,30762,30
1118,24867,21
17682,15016,34
15792,9522,61
25722,17762,62
19510,28781,18
37946,16221,57
26331,36122,28
35521,36817,71
37269,30348,33
13118,12153,69
17472,1847,46
418,11592,16
23600,19621,58
10922,24902,25
34985,22844,48
37163,36759,30
2341,10691,58
4864,34902,22
16248,4132,75
357,25700,42
23255,12441,82
37553,2273,60
15794,35416,89
4950,15248,22
34539,12063,38
22753,21961,64
30836,36001,26
36354,15288,24
6062,20529,34
15102,32657,16
36077,22710,56
23561,16257,85
7560,33308,43
13901,14752,25
38024,27915,52
5489,25712,48
24385,2640,45
24798,16262,36
6052,788,50
16191,36787,48
37091,11324,25
10629,17595,48
7554,30410,34
2287,36466,52
11692,12340,40
5265,5351,24
11699,6821,17
13920,30355,31
12193,24065,39
5367,20265,14
31664,26602,36
34984,9991,56
38556,28936,17
8464,11567,31
22180,22235,48
36000,11378,26
28091,16951,39
27403,3092,18
9128,18762,34
37740,34634,32
35471,17668,82
4036,16188,75
13591,19678,19
38556,25067,8
4224,29591,46
27788,22036,52
23632,38553,57
30981,13549,23
34128,11541,19
1226,27859,46
14735,35478,68
24932,33276,30
13882,13992,26
28523,8383,33
26735,15913,45
30048,6284,50
10909,26638,34
11693,36517,26
1144,15110,26
1521,15252,28
16222,25687,69
28736,1918,32
395,25946,42
37243,23650,67
27789,14472,40
1785,19061,26
33216,9318,55
26740,34927,20
951,16849,29
11023,34015,31
10108,17352,74
37128,27946,43
36047,36417,32
30302,13900,31
15188,15519,16
32662,23601,60
31076,36872,25
19708,14753,18
35427,32288,64
8322,13528,34
18783,18066,26
37705,5457,36
13603,5613,25
35527,10768,78
20324,7102,9
24818,8764,24
17651,34145,35
33054,16956,38
19907,37714,30
32282,24763,11
19750,17009,17
35592,19815,62
4256,37057,57
23715,3376,66
24016,24472,18
16946,21099,55
16547,1636,31
23399,9077,80
34935,37940,32
245,3973,48
3853,14471,54
2568,18174,56
32707,3463,22
21998,33807,33
24063,4552,23
24088,36938,24
21489,35627,100
18250,16894,31
14552,34626,20
24868,37008,18
2262,8468,57
24807,13147,42
21855,28561,36
34677,31600,32
16909,33114,38
19036,2416,42
6274,2458,68
36961,30057,33
6408,3036,46
15974,1270,51
31653,2351,60
19922,23330,58
3783,14476,54
3401,18901,20
21776,15381,32
33359,13021,66
34959,2019,28
24213,2481,45
33939,33929,18
29609,31898,28
15756,1076,51
36912,4619,29
28501,18140,32
2594,16535,47
12797,8633,60
13983,36939,28
15519,32355,16
9153,5516,40
21404,9148,72
24232,6010,41
31137,6805,17
36816,5023,29
5302,11582,22
1643,18932,26
13516,6768,20
24888,3508,17
33465,28707,39
18419,8424,41
3919,34770,50
12401,20653,32
6954,30062,25
29594,33150,31
2579,26672,48
25996,11695,46
24159,16676,20
12088,36126,46
14470,18133,32
3869,30827,52
10060,24008,57
32503,207,14
15099,35670,64
22554,37024,55
18128,18518,40
35409,17772,82
8738,4249,63
3782,13597,55
26422,31530,36
27871,18232,48
29337,902,22
11692,21761,34
27169,13963,17
19195,36751,21
6985,17552,33
6000,14694,44
33423,9856,75
4705,21860,38
12760,916,57
25071,8410,24
7832,24176,25
32267,4601,22
10594,21977,46
361,7667,22
16520,19948,17
16501,21257,55
19089,6283,38
10994,9918,70
33134,1027,45
30792,5538,22
31663,32629,32
29007,31752,36
19196,35323,62
26726,12420,42
22978,36267,56
34988,24327,17
7814,10227,64
34166,17353,35
37863,5516,36
35359,18088,76
35379,24496,65
5266,24772,15
14554,8531,33
33188,36320,43
30508,25812,54
25671,30866,46
6944,17518,33
4872,5750,26
36051,11264,26
3293,23503,66
18258,26649,32
3369,30804,24
4641,23398,66
27428,34198,13
31932,29646,28
18051,5508,32
10771,23501,74
23475,3231,66
18997,34089,15
8313,4961,35
28581,5284,24
30509,12501,48
22736,20522,42
8518,35752,77
14689,25851,48
8586,38690,26
26629,33517,39
7156,6760,14
15231,36350,24
7153,35514,63
36159,38393,21
5349,8736,33
35428,34068,65
14510,36063,28
30855,34738,18
28156,27980,56
18824,23275,58
8471,17416,47
31653,25012,27
3016,18177,34
1630,8685,41
11457,22916,50
13576,38288,18
21190,36439,60
26341,22087,36
28122,36306,44
11533,32660,18
33351,34753,35
18254,7900,36
16717,35750,67
21029,3945,86
5662,17435,38
33,276,12
14298,38437,17
23581,37913,76
31104,24495,19
19647,23571,58
15416,35532,64
36107,14518,28
20418,8414,23
3493,30049,32
25969,9233,64
21959,9412,52
9368,37158,43
6513,27128,36
25065,15346,11
29733,19640,10
27945,26476,40
22180,14575,36
10634,1115,40
8314,36168,37
1222,3106,32
12031,24413,39
7104,25162,10
4866,30351,32
33757,37032,24
3086,19237,20
33496,21999,51
33399,33126,54
20404,5735,14
36900,16871,26
4539,21432,58
30343,36513,34
9172,8502,49
31569,31654,48
27975,24240,37
4573,23696,66
146,2679,42
33934,27130,13
14312,36980,27
10697,5644,34
32618,26671,20
21228,35389,100
10579,5416,34
23571,985,70
13182,38369,44
3814,10612,64
19683,15274,14
31866,944,42
18341,23564,72
26280,23619,64
21395,36354,60
15157,31900,32
14312,3876,54
18079,13101,59
3103,36838,29
29368,21946,28
12098,31156,40
17349,35581,82
6259,12785,71
32706,21206,52
33825,10523,31
35414,4554,70
36291,8664,37
33031,25989,63
6371,9995,80
19137,25773,42
35318,12124,86
6215,31992,56
25072,36913,18
29005,3967,54
4789,18209,34
37054,6307,47
21151,22862,84
35403,36096,72
27127,14007,17
18318,15147,28
9416,18920,34
22864,30497,58
37127,18983,21
8719,13177,60
18255,26261,32
36405,37002,31
20702,7586,18
36846,27397,19
3322,9943,62
34175,9996,57
24293,31501,33
22045,37,30
9357,11505,38
23634,36960,67
5473,6839,19
5413,28615,24
17532,13263,65
22160,28187,52
34584,16181,41
22521,17021,51
3061,28717,26
15436,23331,60
30922,9345,38
22990,38665,45
33756,2509,45
24190,1709,29
15801,1825,53
15293,6835,15
33917,27217,13
14268,8008,28
32722,28578,20
21489,27378,48
3075,6847,21
13168,18194,59
17570,21855,50
35481,3197,70
27074,38508,9
10747,17531,48
30,8261,27
31581,2680,60
6423,11525,42
36148,6981,23
6366,29757,36
14496,21856,36
3510,34005,23
20619,28648,14
20431,17312,28
11552,13550,23
9462,18497,48
28246,18264,48
18291,518,26
4173,38720,47
24387,27444,13
30230,475,24
8604,9874,69
34054,33770,18
34181,22879,49
37827,16923,35
33003,37656,51
26568,1950,32
11501,147,16
7028,27494,11
37855,10804,46
5563,23413,64
25268,24154,12
33391,33,33
19132,29355,10
18335,17476,46
38567,27488,9
12915,15154,47
30218,33464,45
7736,21416,60
37159,23744,67
30436,18488,38
24119,11649,19
3266,35568,70
36106,34845,24
28257,35723,84
37573,37686,48
25177,7892,19
824,21257,62
37802,36949,39
21089,6349,76
1582,11650,30
15907,32266,41
34789,27522,12
19683,27226,10
16151,15324,41
19929,22656,46
3400,9215,42
4849,8418,35
10796,6309,54
36366,34884,24
30235,18768,24
34159,28776,21
22163,25558,60
2437,17606,62
11259,15785,43
12825,12925,78
13952,4636,27
15306,3292,22
27522,29678,8
30107,11381,28
38429,15054,13
28856,13600,25
358,38464,11
370,12359,36
13950,1142,31
32538,38266,13
7054,28756,19
1691,26596,32
18107,2481,56
15806,11626,43
11672,883,28
19202,16602,17
28694,980,30
36108,7838,32
27923,7153,35
28156,4631,42
8344,11626,31
239,868,24
13223,30844,49
11438,14296,22
38358,2472,41
10839,840,40
8751,19071,27
36240,16948,27
16647,18518,31
7526,34863,24
4091,27257,46
22867,19742,46
27148,27772,32
28987,21252,56
6880,21258,51
4873,15222,22
19188,7106,13
32572,15230,16
23565,19064,58
20328,1018,20
31921,22965,64
31180,16151,43
28038,3087,42
10932,34996,30
20706,9111,30
38277,16604,16
9476,34089,37
30366,15412,26
37783,26256,36
29413,31593,28
36256,5756,28
16575,13859,24
6848,2439,43
38600,17697,31
19635,29008,18
25274,2716,39
357,22657,46
18504,34563,28
38369,34989,13
7745,6054,48
31648,36974,39
9174,24423,37
31944,19069,30
7883,13727,29
15103,12293,38
20524,17605,28
27756,36899,43
4656,27405,18
7701,31776,40
9077,9313,56
32300,13182,47
3086,17287,40
2531,30896,46
36844,31022,25
23024,9188,68
19007,23672,58
25572,18118,56
31271,37125,25
17003,18367,31
16238,14555,45
2762,37687,60
4613,17443,40
3389,27205,18
2644,25823,72
24412,202,15
31127,15457,18
17348,11294,36
6911,28822,19
23276,13626,65
28552,2503,48
77,14575,18
25971,4960,50
12140,27132,34
24772,21937,27
5254,3353,26
11386,17271,36
25961,37891,60
19153,2332,42
34236,19192,15
8325,7155,28
15983,8609,54
31659,34081,33
18932,12146,36
36265,9148,44
31642,15521,32
37035,6893,22
24341,19235,15
10672,22743,62
19061,36289,22
29525,29502,8
36385,19213,22
4947,26753,26
30332,37799,42
27346,15040,12
21519,33477,71
22600,10009,88
7614,38730,21
34544,27817,36
9931,12220,78
10140,16702,59
3076,21883,38
12792,6045,71
36391,35624,72
28142,37750,52
29373,3243,18
20366,1880,22
25055,24125,12
32526,33754,17
1602,33765,29
16105,26614,45
11278,37115,25
24847,1531,23
38,34915,14
30479,23519,70
6881,15755,40
4672,35580,70
26567,16938,23
12133,256,36
6989,11380,17
35436,24057,65
24016,2612,45
3819,22984,82
37712,22255,48
31922,4518,38
35670,14338,68
8509,22855,61
22688,30003,58
7078,33909,16
30915,5755,22
10106,3984,90
35642,35735,112
33048,6222,59
30255,16171,51
19178,14693,18
8363,20435,23
12245,7799,46
16575,28073,39
10004,27404,52
3882,28730,54
36948,25811,51
7588,7743,32
36214,11773,26
29711,9785,52
8550,34753,29
25591,37042,51
29437,29492,8
33367,19167,33
17757,3229,40
27311,24382,13
12320,18968,36
32518,19615,14
3910,11751,52
26598,3961,54
36822,9352,43
13598,31040,23
30840,38372,15
28132,34904,36
2596,20654,38
24982,24857,6
33316,33802,36
24849,26647,15
24315,25549,45
33881,16870,20
33780,36159,25
16178,20470,35
976,4019,60
38661,21301,49
13032,37797,63
17616,31644,50
10953,21817,46
10566,27469,26
27992,34785,36
3127,28977,26
5522,6011,44
33495,30470,45
17477,19274,32
4116,35489,98
22142,11684,34
36014,27804,44
381,24470,15
32433,7842,24
36877,829,33
13831,8305,34
12855,33229,66
28795,27903,40
22530,26717,52
29446,28800,16
6185,28677,44
7703,5024,30
17644,4622,40
11267,34513,18
34703,33341,35
12831,19024,45
4869,20618,16
18893,11470,16
17640,34736,34
21377,26481,56
15131,5614,20
13792,36826,28
992,21377,62
8658,7111,28
20006,25688,42
28895,34940,20
3992,13232,81
134,7274,13
10879,2537,58
33985,36176,25
5283,16514,23
13506,13770,26
12771,18042,59
19790,1126,24
16650,31938,35
4738,24940,17
17434,8546,47
32506,31950,32
3505,758,32
31519,21827,48
6426,26319,44
4925,19785,20
8412,16067,54
33820,3465,23
25745,1729,56
23459,4047,94
10218,15961,81
10748,28702,34
37124,26275,27
34979,35302,64
8631,22006,45
12972,33053,66
7551,15194,24
13238,22082,63
20546,2251,38
31533,27146,28
13560,36010,29
8268,2554,57
21093,28791,56
5341,3861,54
18307,18931,26
3136,27804,42
11456,24110,19
4967,37976,38
10706,38568,27
773,5645,30
15406,30804,18
6218,2424,68
7694,18194,36
31554,21070,68
26318,9804,60
15494,21851,32
25777,24440,45
4146,26592,54
23441,34052,61
10045,10000,96
10846,4027,64
38371,18054,25
1225,17638,44
11618,36842,25
2285,831,54
36108,22648,56
31098,3296,24
3815,28602,54
12291,22916,70
20642,36164,18
30503,19651,24
26330,32649,20
23386,37920,76
22099,5329,36
31719,8434,45
27418,46,10
3879,26401,54
10861,34809,30
19895,21465,50
23540,32511,60
26326,37011,27
10687,16224,55
31061,11405,20
11289,37682,34
27041,15961,37
13506,3823,55
29368,6879,11
37182,16131,48
38415,16989,16
17747,8597,47
21014,6289,76
15098,4165,50
17543,6823,33
6348,19054,38
14444,14580,24
9993,3285,62
24363,7852,25
13611,22944,53
23343,36280,68
316,25128,9
35513,16232,89
30986,10246,58
16554,22755,51
2496,20282,38
24161,3063,23
34109,32311,17
24087,25099,12
11424,19159,16
29492,1805,24
31899,8321,45
12259,34034,39
38413,355,11
26741,28773,24
35279,26688,68
31104,24293,19
3180,10666,36
13507,4881,27
20658,1975,22
6512,8635,53
95,439,12
17349,28857,38
10587,1695,42
22094,18384,44
23480,3251,66
21978,5678,36
32004,18949,30
3753,18155,62
2697,3909,78
34080,26388,21
4737,19105,20
810,15767,51
30964,30207,28
37127,13523,28
1858,36168,36
1124,10194,66
7532,18854,22
15333,1656,28
13645,31816,37
9928,38341,53
38611,3984,47
6902,18369,27
12382,4885,44
14641,17670,38
34826,22772,48
16517,8309,32
37253,28762,27
94,36268,22
30085,29651,22
27764,9930,76
12524,21105,74
14641,13145,51
38520,808,23
25977,7876,52
22949,31766,64
8345,31889,45
27233,16693,15
1012,15911,51
10092,37200,63
15460,11420,18
137,31685,30
15196,9132,36
4203,21869,66
32556,20586,10
13815,18412,33
28160,3073,42
10649,36452,38
858,26523,30
17532,35639,82
6012,31602,56
1590,15177,28
31096,33307,37
22658,22902,80
6884,28222,35
18266,10963,42
20674,25040,5
972,9990,66
6813,16570,18
26386,16506,23
6126,3481,46
9009,25651,64
25538,27340,40
35015,5551,20
5513,992,30
28679,17408,38
11407,16938,21
25992,38596,41
15388,18965,14
12212,5491,42
2372,23680,88
18000,24360,29
99,33227,33
29575,28888,16
3046,7820,30
6490,9465,60
31836,3834,66
31042,24084,19
7059,24167,16
19797,28019,34
33796,36931,24
13549,18766,19
31594,18074,44
38764,5371,17
8596,5617,33
8017,4126,58
23638,17711,78
23593,10518,74
980,12949,57
24161,28042,37
37881,8345,45
5538,24143,21
34644,15305,16
2415,8449,57
1953,10556,42
2002,10077,68
38562,38022,29
31198,13113,49
11677,5481,22
13813,8436,34
34987,1109,26
31657,19582,30
9496,5592,40
2437,26638,48
12141,29512,34
13834,20318,15
25678,197,42
20404,35759,58
23624,21883,76
4517,35007,22
12409,37125,45
24147,1723,29
32695,28762,20
18921,37043,21
13987,33957,22
17347,37667,50
32767,11436,18
3848,4800,56
10183,38610,53
17435,4685,40
7926,27983,44
17431,21099,70
27210,18320,24
55,6763,13
17439,7654,42
9033,4252,70
16092,11481,43
33132,13868,40
23540,1792,72
29496,23329,56
33911,19829,15
32636,24055,17
25826,3164,50
28880,3179,26
35722,8379,77
32597,10123,56
27220,35469,60
24991,29272,7
17485,37123,41
6446,18309,52
18365,822,38
23270,35399,108
30505,14286,30
28019,34698,36
6797,24828,10
31600,35024,32
12803,37104,54
5347,21522,56
23615,12132,82
4702,32290,22
24329,8513,30
5667,31124,22
20002,14329,18
12309,2361,66
12831,31968,63
34135,13895,22
2657,9232,64
20253,28797,14
15310,22157,32
17559,28077,54
13794,31065,23
37504,20262,26
6175,24750,35
17664,34720,34
15344,32497,16
23545,1708,72
19967,23518,58
26386,28736,24
17373,9126,54
35762,12236,86
35010,18302,28
9763,6165,80
7224,22837,47
24166,23397,61
25224,9893,51
37767,4119,66
18014,5570,32
1237,15271,26
25545,36434,52
29488,15302,12
36884,34534,23
35328,7727,72
21199,21475,88
16178,35765,89
24062,5673,21
3902,6454,74
31542,33434,51
9354,15434,36
36006,30201,34
14431,7906,28
31067,15021,18
37039,4892,29
16261,7872,49
12498,38444,35
7029,13133,46
17596,38728,31
25556,24147,45
21362,20710,46
20421,8471,23
7627,22252,40
20766,12802,41
38022,30462,42
9350,24869,31
34816,31852,32
19159,38534,11
20721,29439,6
32,1592,26
38451,7748,21
6241,34852,40
13074,36777,54
38702,23260,57
7778,1934,36
13644,27752,41
16826,30805,21
32468,7580,24
20617,37724,26
9896,30362,66
20554,8768,23
21179,14545,56
28937,37179,27
34772,30910,18
1550,19207,26
455,6018,38
15463,22115,32
22906,26378,52
21861,6227,56
19975,12124,36
29703,34836,12
1859,26265,32
2617,13965,49
10720,22793,62
12339,291,36
16150,37515,57
8636,2575,57
6329,11307,42
482,28184,34
36374,26482,28
16533,17416,37
12442,35550,86
21846,27186,28
34160,23518,61
7847,38452,21
31202,11712,20
25717,4,42
34896,9917,56
19005,33364,33
2645,2441,72
21414,1576,64
10620,12958,61
960,15889,51
16928,17573,37
30488,8402,39
21030,6913,51
3103,2398,50
30012,6410,50
2723,19920,42
30928,13208,49
5511,6862,19
33503,26651,39
179,28616,18
20490,22666,42
10220,5725,60
9137,27976,56
3901,35531,98
1590,38250,25
14476,25143,15
18054,6193,52
1177,37118,33
29712,31240,14
21928,31263,34
9344,1554,48
26598,20760,14
3913,4120,84
8629,28706,33
23416,35001,60
1597,5561,32
37253,34580,23
4151,33151,69
3028,1094,32
8702,4946,35
30154,25037,21
9419,36149,44
22797,1177,58
13129,1995,59
28083,16853,39
25838,30375,54
36838,15509,23
13813,28931,25
32343,501,14
14609,2484,48
34015,27508,13
37758,6327,56
14436,7672,28
21416,6102,76
12905,9488,67
28009,14742,40
21006,33443,71
7874,17647,42
26755,31785,36
28181,13242,67
30845,15395,18
34824,13246,47
4158,11734,52
15005,27513,12
12276,23599,82
28959,9511,40
12508,20301,32
32253,26712,20
12990,7984,55
31203,31863,34
104,24417,15
25993,22601,76
12133,30974,40
22621,36297,56
274,23481,58
3515,17680,40
506,24029,15
24485,28887,21
23761,17492,78
19982,30114,24
8018,3188,30
25688,9999,84
6990,38523,12
28048,27221,32
1842,24795,23
10961,1989,42
13650,14503,25
14370,35321,68
17486,37935,50
34610,19560,14
33298,37794,51
32562,34810,16
1125,19655,24
7150,19575,13
36456,23573,68
36850,37230,30
18300,22613,60
7566,30329,34
8353,34181,30
30833,12135,40
33964,3115,23
8660,12858,60
19758,29012,18
26646,25998,48
4573,3155,28
35746,3061,70
14284,14350,24
986,1733,38
16733,5545,23
14008,25696,49
24189,35357,65
12132,6759,37
9112,18107,48
12402,9518,58
24163,27331,13
27314,1882,24
38723,13034,44
2531,15777,69
15037,22861,48
1835,24211,29
6777,23438,59
11425,37765,34
37927,25645,60
20628,384,8
21008,16249,77
37892,25226,27
37858,19245,30
21861,29432,28
37996,21020,68
14738,4026,54
1693,22534,60
6308,34761,40
33501,36345,43
804,22670,58
10235,27235,52
10223,14468,60
4633,32482,22
16001,13795,46
21479,236,50
13069,21919,63
10972,8377,43
16597,7726,27
26302,22907,52
13244,4800,53
479,28859,18
15115,21402,52
35657,22069,80
28222,26468,40
36501,5714,28
33485,10735,49
28701,8519,33
18473,36215,36
25581,33307,63
4209,31165,52
27505,18875,10
10549,10096,70
36505,25223,19
6330,5594,44
12955,1987,59
38268,34937,13
25591,19574,42
18216,2278,56
21230,16151,77
18130,11585,30
20722,36430,18
16507,29313,15
24987,19660,9
38730,4569,19
25654,11758,46
11610,13184,49
5699,18881,18
37822,33108,51
26751,36132,28
19040,17637,32
28189,10643,50
9815,3476,62
31617,10624,46
8766,22868,61
23693,12076,82
3352,31642,38
826,13011,57
22773,16009,73
2570,21164,80
18193,15939,53
7709,11591,26
9060,36326,44
37134,33393,42
13936,10251,61
9197,4690,42
33167,17636,53
28781,18209,32
15756,7633,49
16250,10170,81
21054,10812,66
33130,4576,41
7112,21801,31
12423,12760,69
29557,36112,20
15223,14527,20
358,11389,16
21807,4855,38
25216,37615,27
30302,9297,46
4173,35352,98
2596,8728,57
7961,37757,40
11466,31834,34
36210,3874,58
31630,385,30
30389,22130,42
5555,34523,20
409,6318,38
2444,73,42
25093,27112,7
20606,24983,5
29707,23677,56
38543,31884,29
20344,11605,12
34010,38348,14
30913,35501,66
30408,26355,30
14566,1145,30
28138,18962,34
17353,47,32
21869,38563,29
31661,30395,42
8611,29692,25
7659,5572,28
37108,3114,29
17640,37995,50
19710,26383,18
313,35500,62
26541,23657,64
36335,38488,21
28017,16736,39
21233,15760,77
16178,13980,46
28187,37210,43
4105,19636,48
33916,5535,21
908,25191,21
37944,7972,40
31550,12325,54
16164,6888,40
17715,12968,65
17430,2596,62
825,27870,46
4915,25685,50
11598,14526,22
31886,4651,38
19896,37927,30
32300,28078,36
19537,24097,15
15349,12466,38
25776,38751,41
13056,37546,63
27172,7899,20
32580,17697,34
5639,4177,54
32633,23274,60
16593,13896,24
369,29755,10
33790,4524,23
11751,25957,46
13599,14347,25
13776,33825,22
15115,30231,26
24931,24152,12
28811,34080,21
28998,28069,40
62,20343,8
24033,15475,17
30761,4093,52
36435,30001,34
13583,27257,17
9177,29367,32
17446,15045,34
28078,24905,31
15097,901,26
38443,4519,19
913,15889,51
36393,31935,40
33273,16849,38
10152,20708,50
3465,12233,44
24873,22598,43
31532,25545,60
7791,31934,40
36942,5260,27
4869,7923,30
16991,35463,67
2428,31956,60
11433,4255,52
8460,3133,35
2005,36487,36
19148,11767,16
37125,25724,51
34610,4989,22
10534,9772,70
8327,27403,25
33229,16128,60
3157,18235,34
27373,123,10
15519,4961,22
26540,21255,56
35482,36855,71
24024,28229,37
9874,13575,61
10905,33922,31
19964,4261,48
13197,24864,42
379,20295,8
13851,16745,24
9172,28717,40
36966,38392,20
29449,38438,9
14573,9221,40
29411,3426,18
16818,12921,50
11465,38690,15
15268,23358,60
37887,30977,34
16272,31174,43
15876,19830,39
26393,4902,26
9508,12336,58
19238,22741,46
14560,17531,38
4037,19214,48
2465,35467,92
12190,29343,34
33465,38493,32
4906,35666,70
22896,8365,61
34663,27515,12
37206,14660,27
126,3975,48
38301,7249,12
925,28088,46
9273,10809,50
4016,25920,78
15141,28873,20
28893,22782,52
33980,22861,49
14449,17764,38
15278,2448,44
6326,18914,38
15931,21037,77
27763,28177,56
12211,21960,54
9831,404,54
32679,12770,47
26440,10610,34
34699,27771,36
12328,16734,41
179,34264,15
