card_1,card_2,card_3,result
4216,25758,871,96
24010,27226,2468,49
27345,31121,238,20
2286,8478,2336,93
32559,17703,2730,70
4751,37244,31806,53
8671,24034,10508,52
25842,27147,19908,46
37258,22249,4239,81
30130,2491,35506,110
36041,36856,22546,71
19525,7108,17726,39
33807,35567,26432,77
32377,16575,25117,22
16065,13651,7819,62
7266,2593,21275,87
26020,12521,912,84
38361,21463,32282,57
818,25050,18304,41
12293,1274,9027,76
31138,9958,30134,76
19910,21174,26715,62
868,12952,37882,81
34623,294,16736,25
26573,35399,34577,76
16891,5539,19194,29
32432,4025,23382,102
30186,2693,28606,66
16808,12338,34667,49
34552,38664,26283,25
1546,44,14724,38
27378,33139,7710,47
26489,33899,11292,31
20529,33128,4851,43
27414,13233,28519,55
37531,4124,37197,81
14499,17685,2347,74
34632,18454,38630,33
15932,35365,15838,122
25058,21935,1566,47
6486,28169,36811,75
27939,30386,31047,56
18837,7772,13272,61
2685,20312,30979,48
7944,1187,31999,58
840,27924,28678,58
21256,37,9181,78
37750,12289,31522,78
19267,30446,24511,33
11292,15496,9449,46
9312,4829,28896,54
34186,1166,2517,63
17630,442,28225,60
31217,18955,29326,20
38535,33150,26686,44
13865,8428,34052,43
27941,23583,14380,92
34263,38741,18503,34
14759,7979,28193,56
6357,33302,35675,115
1035,35278,35583,130
5697,29414,15497,24
13235,3187,22674,93
5702,36008,11445,38
25089,10764,25914,61
23382,29018,25681,100
3449,27471,34180,27
8614,30357,30304,57
27010,10850,28549,38
26509,30356,11717,40
10789,4150,23372,116
34032,30236,17590,53
4770,28164,3988,84
5269,31028,31842,46
11380,25699,11616,56
1159,21047,5467,74
16798,14675,3109,37
16669,2495,10266,95
3870,24029,35290,107
34810,28763,25593,56
24798,1196,237,27
33081,4581,4687,55
27236,21401,21300,92
38004,7855,12035,70
22883,13661,19559,59
19508,18373,30484,44
30759,30975,16214,53
5017,34896,11337,32
23003,27878,30825,78
4834,26475,485,32
1911,16940,15424,39
9344,30058,21025,90
30372,12083,2771,84
19052,11621,8267,37
4852,11723,7686,40
2587,18050,25845,92
25954,15128,6760,51
31123,32372,21362,62
22783,27181,21484,88
35405,35312,7150,119
19267,31949,21213,74
30057,35374,3387,88
7608,31820,304,46
38453,28847,12314,47
18439,14543,32264,40
16960,12816,5473,62
36933,26724,10880,49
477,22871,11353,56
24845,17284,29622,33
10656,31660,21899,70
31656,26416,30163,54
38440,35285,4660,75
36487,6980,10914,45
13894,36981,2481,64
28900,11678,4126,64
29367,33407,9426,59
34519,28538,37732,44
33969,23425,4639,75
29438,16100,25681,73
14419,5498,24137,33
15100,34612,31841,40
33507,27794,14022,68
15779,27267,31927,61
15929,486,20507,41
1266,10846,21993,64
24349,12762,36953,63
14454,23319,37942,88
24033,34563,8773,38
12417,1848,19084,56
6980,18021,30855,37
37137,10748,25520,73
12928,16209,29262,76
3783,29579,15262,54
21776,1656,25257,47
25736,33352,18507,83
25731,937,33879,63
28808,22576,23529,104
15828,2444,31104,79
34141,22216,36409,49
241,23679,37209,73
16847,3921,8528,74
8631,11490,6459,63
10176,24099,6277,89
2281,9396,14429,76
37884,29511,35409,84
21167,19232,37935,74
15347,34869,12236,46
33413,18444,11472,57
3863,14013,33762,64
25741,6254,8547,89
15203,33447,18324,55
34773,12493,28693,50
19846,36159,25224,25
24517,34916,4012,59
26458,32435,14638,32
12858,12006,3206,83
4229,7508,7561,74
32319,4202,4899,64
30320,16964,9808,77
33188,8495,33896,57
111,25178,7805,25
2638,12789,25031,78
21842,10949,4526,60
27358,31233,19266,20
31225,7545,12322,56
38455,38651,9966,58
28068,12243,30212,76
349,24175,25216,18
28040,24083,7910,53
13915,22233,6189,69
31205,5693,4845,36
25578,19952,36857,57
28878,26300,20338,26
28899,1127,17714,56
26689,7642,3468,42
35677,1613,21405,120
21930,21439,19140,74
12874,2769,25695,111
2280,9796,4851,98
18262,24365,33502,56
11409,36785,26340,37
23297,27014,18253,76
28745,33256,34109,48
27192,28769,35017,24
36196,15795,7926,65
27238,10526,2338,62
16174,3467,15946,80
23352,31601,23292,128
15045,3523,36113,38
28030,22208,14464,64
22090,1598,22681,84
15928,19945,331,45
37120,21236,8652,80
6062,11679,10843,64
38532,17744,862,49
34984,36101,12368,54
35023,368,17733,40
29318,24246,6041,45
490,22051,9022,58
36312,37610,27488,44
12315,35294,24880,89
12923,26635,25803,87
21020,38477,2648,85
6825,6484,14318,51
1955,30331,29623,42
30916,36885,15904,58
25742,14631,24097,57
2251,28966,23257,100
30851,26269,24912,25
23504,12098,33952,91
31082,19901,24128,25
15905,36991,37846,72
24166,10508,2411,67
36205,16934,14734,39
11446,23253,4115,104
10867,30260,26022,76
25258,9179,15373,39
31007,34582,29694,22
369,31737,9230,58
15121,2573,5713,56
13541,10785,22199,59
7152,23361,4266,101
15482,37267,32258,31
37876,14357,429,42
13901,194,20517,21
25582,10730,38548,63
6027,32417,18101,60
25651,1266,29695,58
6852,13238,38323,51
6082,43,15397,46
28942,33088,6897,46
29744,37829,25523,64
114,20271,6410,40
33958,13537,24054,31
4856,34203,6850,30
22073,20510,25049,29
16774,22737,31061,61
15119,28992,31791,44
8376,3407,13558,48
3073,12287,7572,60
23335,32321,15778,93
19112,19649,31822,36
32475,18198,13059,67
13119,26379,36821,66
17533,26520,10802,60
10068,34980,13024,95
5649,2274,16237,81
6069,6104,6425,96
18890,4086,19220,54
14684,4675,6403,58
16771,38725,37185,31
4262,36913,29257,61
6268,35328,2023,108
27954,9914,1725,96
24486,17017,33277,47
27189,32289,14616,24
14680,32414,22132,44
17281,4768,1889,60
775,10732,37838,64
5324,32690,2746,56
28625,6523,2465,80
2621,10107,5622,96
16765,17678,5432,49
33984,13092,37104,63
33983,34752,7511,33
29618,14315,34509,24
35511,36118,24399,81
26395,6830,1559,39
26392,3331,14276,38
31629,31905,33126,75
29487,23436,6496,88
36795,8454,9021,64
14666,24836,266,21
31727,6853,2632,67
15756,8501,34564,62
24282,32417,27951,45
6759,20277,11305,19
5677,30359,26432,42
6352,30897,13995,55
25500,27976,87,70
21831,22859,18898,70
35704,36754,17360,97
2477,30828,4914,60
7517,1054,35462,90
16184,27161,15513,45
11648,12839,28785,61
5263,31143,14721,34
7667,3324,9897,78
34014,12508,36303,55
1561,31192,34242,39
32518,35769,37717,88
4631,6523,24136,55
32581,25870,31131,54
33520,21000,27987,99
27353,12072,20518,36
4157,30810,9101,80
37019,2697,25050,54
32465,17588,20574,36
7644,7245,37754,47
18361,38598,13732,38
11353,31640,8642,55
3752,1833,28504,74
31639,30022,25553,78
36384,19876,2361,58
3111,3101,14383,40
26535,8529,14551,45
14608,6833,5712,31
19778,2568,36151,58
5610,11393,2524,58
35486,9005,27907,112
5402,2009,13786,45
27123,33513,31923,55
15054,23673,33043,87
13830,10500,17512,61
19072,4553,18175,40
37062,23352,28693,79
32709,24912,3895,53
10911,9183,28523,62
11500,291,6957,23
20694,37740,5435,38
19563,13887,19195,25
38678,25046,24416,17
26405,32634,28115,48
16185,12756,18151,92
19521,15085,10627,36
26681,30325,8296,51
29709,12172,17642,60
21061,22629,20628,86
33880,22618,20499,51
18299,22191,6524,76
20627,25752,25781,74
33402,4979,13750,54
15216,8518,16133,62
18953,4994,30128,38
2529,6149,13155,107
34569,34108,7985,33
22610,33004,1066,85
12057,15295,8606,59
37274,19562,30333,39
15861,5375,11501,55
25662,38317,34267,50
11519,36041,32752,34
9415,5280,14364,52
24847,27774,2395,67
27320,20383,33921,15
33477,2491,4214,105
19732,6157,16994,49
28774,1633,19800,38
14564,25096,38634,20
14251,35018,19606,26
31834,9113,1007,70
29368,27518,12329,38
18150,14315,24236,41
33394,31951,3010,65
17302,2734,1797,82
36912,34264,9886,72
32531,28742,24064,29
34820,34251,12243,47
8420,36177,6159,69
27874,9009,6999,63
35272,427,28035,90
17350,4823,9244,68
14416,11644,18013,42
25678,3064,19900,56
19543,280,22669,52
16239,2257,7197,76
16948,5481,10874,45
13811,27391,9499,45
27247,209,11479,20
22846,3269,17558,80
762,35311,19205,80
7127,3212,28822,33
2307,3439,225,56
37195,29310,18897,25
34127,4697,23264,75
37001,29646,14415,31
20567,32009,14002,39
34820,17480,25856,70
271,22129,12360,60
21253,13522,27122,61
24985,15800,30817,46
1056,28800,18439,50
30944,31664,31137,44
12877,23640,33481,118
14024,19267,32629,27
28998,19859,12934,57
12262,31992,4035,96
22709,4154,4549,96
4103,3812,32362,92
25725,14675,22676,88
16223,30204,38611,56
21106,31243,10951,76
18977,27945,10207,82
31063,7191,15453,25
24060,28026,16157,70
10516,8643,30269,61
9072,1144,3340,60
34519,9922,22975,96
12453,25842,3362,80
23470,13882,30332,83
21847,22186,28031,76
23453,10988,37181,89
4118,34827,14737,62
36083,3990,32727,66
21773,18197,13192,83
9262,7257,26683,47
37043,6509,8664,68
6781,7502,27130,27
30195,2653,9171,82
14580,28033,16641,51
34622,34914,5470,28
8298,125,34665,35
1230,431,25561,60
4231,20557,23657,96
24072,5509,15835,54
31265,3077,28670,36
7089,20540,9936,57
1554,1615,34055,49
16819,9123,12871,78
26008,4664,14583,62
12139,100,7985,52
13874,8020,6292,61
28529,18424,24180,41
16970,7253,2615,54
15416,1088,25206,29
1921,28897,37179,47
19585,11456,16656,27
14335,36298,7756,44
36768,2434,1696,71
13955,4034,18848,61
15934,8703,13077,93
17756,19589,36094,48
35647,11371,12886,105
4271,16959,13067,92
34175,33326,25222,39
25790,15077,18270,64
31152,10919,36108,48
17297,35009,26742,46
24347,24501,2527,54
28224,3398,3306,56
16654,6333,33484,70
28570,24105,23713,73
30140,3277,28811,44
5527,34757,22504,60
15148,19829,35692,70
10977,28900,22714,74
25549,7806,24467,61
23282,11653,15940,95
3344,34824,27106,26
33765,18988,27158,19
2615,19694,10078,90
2303,34587,30516,62
23590,23492,10937,126
36106,3838,19559,64
1173,28724,30218,48
2360,10044,19710,90
28238,36180,3349,58
37648,1252,33115,69
3454,16164,38502,52
12070,12082,34104,69
24127,25794,31058,55
12425,18159,22862,90
14463,22103,4158,78
15292,10996,10084,78
3038,2573,35499,106
22652,8620,29668,65
18981,26267,21779,42
25501,37843,33450,87
7199,9286,29576,39
30833,29717,7259,21
11696,35693,25187,69
9233,16790,10689,61
3944,770,11575,70
37893,27773,13251,91
16525,35593,7865,83
23332,23475,4523,118
72,8661,6034,59
27936,18073,13516,61
7910,22056,34248,49
17322,26371,9110,66
25980,16854,27820,75
25894,25196,7826,55
35706,3413,28557,82
17591,21464,38529,75
35733,13159,28697,107
3817,6999,35595,105
4962,27003,23481,70
2294,12410,21824,90
27756,6807,16887,46
17358,1778,3813,88
24772,22832,18445,63
9057,12759,31862,91
11735,38410,13979,28
20536,6066,3178,48
14408,194,22097,42
857,4181,4949,74
3850,18401,20454,64
35326,3038,18449,90
3824,6365,463,80
9152,38467,8734,54
20012,33024,6408,65
1225,18242,33402,65
27822,33365,17499,81
11470,32404,20307,20
16238,19130,27196,43
4161,3388,9043,84
37749,28113,25936,88
12274,22970,38452,75
11711,13019,15927,82
25980,13708,10813,71
25602,37771,27241,64
37872,10210,21192,116
18473,229,35262,82
13784,34947,29411,25
3176,31049,17385,50
23525,8631,183,79
37051,13028,6181,86
3010,15068,15382,30
21507,26302,26665,68
20454,19139,30439,26
13849,33210,38380,45
31198,27976,983,56
14730,24232,16915,32
34145,23251,9377,89
20335,4790,34095,25
10628,13013,25201,64
29306,16948,17541,41
38605,15440,7542,29
33986,21964,1517,53
31082,4649,2010,44
15928,20670,37933,59
33298,29347,6152,63
15996,27760,12367,91
5720,25911,34030,57
28605,16510,4614,37
3471,25250,21355,61
34144,25660,29677,49
32452,20358,19203,16
36948,33251,20280,44
16211,31042,9779,91
16074,1601,8750,74
5468,25150,9754,63
7946,31022,26008,62
33800,4817,27507,27
8007,9085,7708,60
23301,19051,26615,70
11254,37268,24074,34
3042,27850,10961,64
12770,479,23718,97
22847,12442,8275,91
3318,37772,12174,68
16229,1557,2717,89
36437,13234,22572,95
31671,11269,18440,54
11348,34151,9058,47
26705,31912,6848,43
18494,32305,5690,40
33882,32339,27370,21
3412,14477,3050,40
27269,13131,13562,56
4162,34505,38691,55
34804,767,18347,46
31817,5606,25039,39
9272,9814,9848,124
35643,35620,16885,123
12241,8338,16162,84
7209,36050,3301,37
37195,13785,9146,56
27896,32583,937,54
30763,1678,37885,54
35365,3810,4580,112
37158,6845,33951,31
7758,22959,4569,70
9826,11583,17518,84
36981,9109,21132,87
22822,3101,30999,64
4811,28149,31544,66
20445,18772,17561,34
38417,3302,7588,35
27898,33299,24085,64
37629,3918,33288,93
21384,8280,34069,74
28945,22217,22066,60
6853,2718,17309,69
6026,4787,19161,52
34228,26592,4976,35
12503,7270,6950,44
21498,3751,16663,97
22235,18272,19166,50
1947,3992,3380,76
22749,5537,29774,56
6147,35584,15369,96
28162,22825,6804,75
5704,28045,13256,79
36383,30797,31081,36
26462,29563,6026,48
15061,27115,283,18
17338,37523,25768,86
3862,12090,31256,82
29355,31742,34764,36
19558,18423,36237,42
30002,14518,12005,60
18760,3340,28210,48
16540,35374,26419,79
3155,26719,19976,32
12275,12074,15421,68
22863,10223,22028,112
21251,21942,8383,89
23251,23679,5440,116
26381,19542,1778,38
25660,7526,15308,60
15513,38265,38630,18
10847,6120,12430,84
3422,21793,14429,50
15424,26491,29656,24
27868,13125,13192,106
37904,28630,25742,72
15101,26334,8355,41
18808,32447,151,20
31244,33177,12130,67
1097,21368,15910,95
12860,24319,30234,66
11605,9217,25934,74
20352,28233,849,48
408,15772,31736,63
21246,18334,28077,92
12817,19606,16037,78
36016,27987,3296,58
6068,25270,38419,40
35260,32635,25834,100
36026,1536,14644,48
15400,10761,29703,34
4020,18130,12206,92
38496,22620,11589,55
1679,37662,12394,74
15834,20305,11742,45
21254,5761,18161,76
27444,31687,9096,56
35621,20728,30340,76
31622,1720,16059,77
12459,8385,20284,53
21115,10786,8273,87
21313,20364,37129,61
15859,22944,15364,81
31890,38271,38513,34
30325,27280,15253,30
27293,34802,20578,14
35262,16778,35369,123
23551,28573,36133,80
17528,23666,360,84
22673,27293,865,62
3131,8725,23634,87
4512,6772,6239,53
34760,7034,32399,23
21976,26484,6371,68
33511,18067,15508,55
18257,27864,36856,63
9942,11713,29314,62
18196,9175,10644,70
8502,30361,6203,71
31565,30935,22711,74
19543,28875,1817,38
28208,29013,18993,46
23535,8017,8567,89
10078,26669,20340,62
3987,16162,16537,86
1553,13867,18754,39
9273,2400,10229,112
3249,4175,3310,70
7915,34755,3937,66
19128,24517,33801,24
31123,10251,34573,66
20478,6237,29665,38
7701,4899,32541,38
32682,27994,4187,78
27830,4658,974,60
20600,4885,943,34
13785,20335,1195,33
26617,12275,11464,52
19221,7763,18412,42
32404,3059,15118,30
36996,21878,10869,61
21289,1922,22841,104
21013,31013,12264,84
27040,6300,12496,66
21792,35326,13926,93
13918,10103,36026,77
9269,33457,10175,103
13524,36010,30837,39
12050,2603,804,84
13553,25131,11739,26
35667,30394,23751,126
31729,33310,32682,59
10939,5748,21818,58
10168,19725,33229,81
3397,24801,138,23
37633,18040,13759,57
8744,25206,30781,34
21860,37043,4274,81
33463,16031,7632,76
1840,18032,36983,55
1159,35669,29670,78
6023,29358,21383,80
37693,24838,21758,51
22078,34206,25665,69
23009,229,23410,98
14300,32559,5351,32
36042,1500,6351,68
6044,31110,15409,50
19565,2264,17306,68
180,33012,32382,41
30522,30250,22769,76
37264,31250,20292,27
33230,35361,23021,123
519,26679,5299,30
5470,4792,6076,58
32636,36346,27477,28
16268,27052,3801,79
28906,13139,31720,75
14731,32591,25969,56
10576,22621,8,68
34833,34665,28748,28
2566,10217,34254,93
6818,17700,27928,61
10041,1550,884,86
19780,33255,26740,45
31967,24300,13113,72
32688,30840,17407,44
29597,27474,24825,11
32515,31622,4536,46
33121,25748,19679,69
7508,18333,25721,72
21179,33184,2633,107
10830,23755,3296,88
37953,3991,11276,76
13174,11509,28621,61
6051,9875,15080,88
2589,9121,12751,103
9818,4261,24789,93
8580,24121,19523,36
8297,36416,34142,46
8768,25770,14624,69
16550,37829,31648,59
20698,468,29509,12
15342,4055,19942,56
19024,27902,38649,39
23486,31783,22513,116
13807,21803,1609,57
25833,20763,16634,49
33927,4919,30512,41
1911,6040,9082,80
13251,38519,7698,60
33889,31880,36839,48
22197,38494,18122,49
32492,31580,6283,64
1856,7933,31072,46
16789,33855,11645,30
177,30770,22258,40
11685,12864,2666,85
9385,6959,7962,51
6960,27782,21846,59
13151,18260,17541,85
24203,29675,36324,29
20405,20633,7629,20
6886,36885,3149,36
27254,13876,7241,24
977,30981,10765,50
27514,36074,16600,31
38458,20281,115,13
21825,21260,8724,89
6053,2430,34869,76
8012,3320,34815,38
13761,15293,25681,57
26439,37958,9331,64
35705,32457,27856,92
6456,34648,26387,52
19644,14743,25989,54
28647,7089,11274,29
6362,35604,12191,118
33510,15951,13033,99
8574,34831,18163,49
1081,16743,31902,53
10176,38471,7806,69
28222,12094,963,76
28132,21273,35448,128
30345,33276,28069,73
2389,12058,16063,99
10656,16835,6418,65
33503,33016,1163,72
18450,16265,4753,67
30972,26723,34957,30
16601,27056,21488,59
19571,13915,6485,51
24923,32701,36336,27
4602,19782,6488,52
9040,15967,21880,85
18761,38581,28824,23
31730,10543,7109,53
10892,26395,37805,58
2323,25119,9215,67
24909,19173,34067,18
10241,35286,26457,116
3940,16852,24302,62
38255,11392,5472,27
3449,3431,10735,50
35364,13253,25567,131
5347,37101,12342,57
4001,20274,20469,46
30178,26,1567,44
22556,3755,37689,106
29473,34171,29518,17
3167,31800,19696,44
7187,6268,1134,57
7077,1930,12835,66
18252,7641,22838,76
20343,20701,23417,56
21933,18451,5263,56
37075,12093,13935,58
36465,25231,4227,61
37533,29665,33309,55
11003,15467,12,36
21145,21005,9345,116
25228,17346,25922,65
29412,16972,30899,25
23439,906,9849,118
12442,20483,16025,65
35272,36484,1928,92
32650,13949,3306,35
24106,6153,3405,55
499,33193,38288,38
22778,38383,8468,66
11654,1726,24822,33
10604,35616,19930,84
25856,5574,29420,52
33433,15509,32428,43
33756,34973,28080,45
1114,36034,28742,46
9427,13635,14022,54
6508,4178,1656,94
36038,1084,36986,49
3009,16074,24438,56
16100,5661,12933,84
14545,6106,22820,84
18167,29435,9825,72
35344,8267,30916,87
14400,12848,18868,57
32307,10996,3314,44
29446,30907,34076,23
28049,19093,34241,43
29498,25110,31661,31
5582,28082,31248,50
24859,23668,25108,58
27962,31656,31061,62
11373,32645,17572,44
1099,4267,31955,84
33257,3964,22991,109
33433,36022,13884,56
29735,12520,35694,90
38491,16039,25642,74
2648,15789,10913,91
30197,35259,37501,98
13041,4114,8547,102
11329,23715,15256,70
18054,21263,27981,92
38352,5289,4015,59
12224,16635,8644,62
3306,22210,4613,52
496,26718,27751,46
11496,1822,27082,34
3349,4862,22785,68
31638,23665,32504,84
25237,12192,37699,57
10810,15835,33255,82
3159,28545,11707,36
36874,35418,22880,111
20005,25932,36097,58
37759,29772,18770,34
7536,5323,25903,64
10574,26295,24285,43
2501,22944,12214,106
4993,30819,7864,40
18521,10752,33783,51
15246,6129,33212,67
10251,20773,26257,62
10803,6421,38526,59
6439,21801,26006,92
1130,37976,27478,46
17451,17719,26265,64
20415,1547,12508,52
3406,32346,24033,31
12138,4793,11701,54
25216,6850,5757,22
34798,5286,15195,28
30217,25037,35718,77
31601,34590,33411,59
56,26340,24509,27
25241,965,16878,32
15837,27212,8748,58
26706,19192,30106,36
12079,36966,8311,66
28037,5408,31759,64
9438,26416,20283,42
37065,5383,23510,79
17480,19045,35621,88
33276,11688,34674,45
9006,20469,9135,58
22206,28972,27095,40
36076,29011,4850,42
12198,34600,32498,46
25901,18352,14337,68
18827,31057,31995,40
24084,9429,1010,55
15888,36027,886,67
29515,13713,31590,41
37778,1693,32476,52
26764,35733,25099,71
27482,449,21946,34
21200,8377,12895,104
29445,7841,38631,25
5578,18805,32277,26
30330,11640,6465,60
19976,20714,14292,20
881,15508,22148,50
30023,16987,22955,69
14558,12058,32712,50
13704,27502,37852,41
34652,8437,18837,35
4996,2585,6511,82
30195,11558,4552,42
32360,35369,30213,82
18947,38404,1071,29
13779,26694,33212,52
1909,31516,21962,68
9015,15323,12453,66
9969,13170,25037,90
31936,13678,37712,61
21097,22613,6170,116
7857,20574,24362,27
17677,10999,10616,70
21105,18520,9290,92
25024,15923,16977,47
1083,7564,33165,61
21379,8293,28700,77
21470,1077,3085,76
2468,30824,9132,74
28982,7844,11533,38
9764,21466,30512,110
13111,9868,5557,99
25161,6139,25088,38
34542,17760,37985,58
28633,25261,7567,31
28510,28918,917,42
23674,10570,27438,78
35751,17275,34641,90
1995,22149,33861,53
9863,1159,22677,106
38712,35656,9267,89
18002,21817,21161,88
5625,33210,34935,47
26385,21487,23472,108
17586,25006,824,47
3421,24798,10734,39
16618,36141,6848,34
6481,31186,7772,58
19576,31218,34039,25
38271,7126,460,18
33222,4786,31996,65
11492,33962,31836,43
1772,3953,25896,98
38369,12983,19918,50
9020,22103,1974,72
37685,7891,34843,48
36231,26678,5693,40
25922,22679,32621,84
255,1790,1153,44
16878,3119,16261,58
13084,6870,28515,58
25813,34827,21954,68
4595,36522,9186,58
1212,7949,19598,40
35496,33056,13085,122
29464,14339,26762,28
30203,28065,11409,56
36406,22824,24873,59
20019,17464,28793,44
6394,21126,30165,94
25889,22759,6089,108
21137,1072,38647,67
13121,4749,5576,65
14475,38743,7182,24
33144,8638,20739,50
18486,18425,10954,62
19675,4541,30259,38
9190,12245,7843,74
14367,3120,8718,47
6080,11380,858,60
5584,37748,32621,44
2410,19504,5309,54
17516,27229,30114,48
22139,1012,15968,75
1664,5422,9763,80
4872,12853,22679,93
17724,30328,26326,56
13771,7269,30363,38
2019,27355,10865,46
21459,13910,8013,73
28002,20694,18179,50
9118,4047,26307,82
3473,17020,10139,73
34722,37829,33108,59
14360,36105,37908,52
9194,7008,4502,49
14695,6985,32380,27
2531,15228,6391,76
25548,31877,37015,75
21828,8439,27491,49
21293,16798,20683,57
12036,31761,7833,70
12061,7272,28558,49
34147,38397,6352,46
2511,37209,4151,93
38006,15934,6335,89
32691,27848,37656,60
19783,18104,10693,48
4580,8549,7999,51
26393,4886,17560,52
7057,15861,7110,47
28238,7783,37711,68
36430,21027,16154,93
26437,4894,11018,48
34752,12874,22780,87
34173,37896,19271,39
3089,33276,10147,89
21313,8447,18946,71
38712,36192,32358,29
35403,16904,30944,77
33448,35735,7101,90
36185,31948,33212,67
37054,19597,9028,49
34729,33802,3827,59
13106,18230,3922,101
32734,4007,36357,66
27253,4824,18815,24
29587,1095,4814,36
32643,2768,30003,62
8584,16009,16155,87
37961,14417,5747,48
33938,25573,36855,60
15938,7749,10541,71
9425,26641,8607,61
38587,187,36861,26
25785,28229,9062,92
35406,26266,18283,88
4171,6916,21374,93
27515,495,24079,19
9344,14409,21036,84
23441,26470,25609,100
10542,12181,28644,64
17735,27461,7940,46
30000,2631,4003,96
12075,18445,28205,78
22636,32746,10164,96
33858,15351,25165,20
33867,12198,2769,75
5379,35426,7864,84
17455,16950,19597,43
27031,37236,15852,52
31662,13931,17761,63
18013,31539,35545,100
35557,10805,10920,100
34013,28946,25140,24
14723,23535,22672,104
4630,29006,8392,47
11263,3496,10719,46
19761,14344,6964,25
34142,25600,25871,81
28988,25587,26768,60
30773,25843,32438,54
23544,4503,25820,102
30463,12222,33106,75
7670,9246,2568,80
32011,36202,13168,79
36900,27996,9090,71
32393,35766,21365,108
7764,8678,987,55
31247,25193,4978,27
30850,14632,32592,30
7976,12007,8632,67
36763,24388,28741,36
29737,19585,36450,26
36125,357,29269,26
26680,4246,16955,65
3209,868,29375,36
34912,5703,4066,62
21298,510,37195,65
22574,18034,15772,93
5311,1204,24446,39
6814,7844,38336,28
25056,18139,34778,31
13647,35293,36208,85
4738,23259,19563,72
31872,27199,25066,31
1956,26410,33110,59
30941,6055,27157,46
20762,8342,15191,31
33288,12417,32476,65
23772,22933,20562,94
29640,3383,9404,46
4043,432,11378,58
34973,30412,9979,74
36766,14500,2413,63
16672,15103,17586,45
7850,391,14520,34
5750,12320,30348,60
38550,13024,34792,52
16932,407,19203,23
38460,36960,11305,30
38700,11359,12903,54
21930,34802,7140,39
36252,7013,17608,49
19689,25906,3161,56
33097,27493,9950,79
10531,32509,29514,34
35005,33385,12348,65
12203,375,36242,52
24231,22913,31583,73
34537,25824,10714,66
9309,4738,23018,82
28844,14629,7501,40
5593,10888,4222,76
18478,6374,30307,70
24267,28884,37502,45
17265,24051,36237,51
2653,20580,24486,47
6274,19638,26477,50
15449,36894,7051,30
32454,6989,30159,33
28668,33866,37881,45
178,5625,16651,29
7605,38462,7159,28
17691,14459,17501,64
38329,38673,866,28
10846,17757,9047,76
6773,34171,32323,24
8501,36010,10657,59
28016,20507,13534,43
30072,13578,9098,59
22112,3111,34971,46
33856,15355,6347,49
3228,30480,6259,64
4934,34133,15422,31
37734,25079,19696,33
11307,2306,24984,49
2743,30235,5474,66
7018,17453,14569,45
8020,18469,10177,84
33483,21266,17354,97
26506,37100,26595,39
25931,14717,6381,80
29761,14366,7811,32
12761,13786,12498,82
14549,10995,34231,43
22560,19952,12040,76
4768,2411,14406,62
9904,24210,1029,75
30203,6199,36860,65
27781,27168,13054,71
7878,30260,28107,62
15868,22573,16269,106
34871,16175,32301,49
33140,18079,18429,67
12368,26010,15377,74
879,29338,33754,31
15346,5691,19227,26
6091,13228,16612,82
22828,16961,12435,81
30969,20006,31661,40
3868,5630,22834,94
36839,9343,32728,51
30156,33310,35327,101
9436,1638,5554,60
1029,19245,17257,50
25201,28911,18939,21
3085,11703,7179,31
25075,3418,26259,29
26476,37787,3864,78
23268,25531,15814,121
16873,21332,15264,63
4996,284,38701,25
13575,5371,19651,31
28500,28630,28113,52
2671,13746,6151,81
5017,18451,32618,42
25996,15243,17508,70
10573,15110,34676,38
25517,2,29743,46
33365,27442,1,37
33441,15946,12104,90
25013,4882,33014,44
34214,10591,16201,64
1158,13236,3316,71
12524,27933,8649,79
27911,15973,31135,71
31674,26701,10007,84
5509,14559,4783,38
38260,31810,28081,57
31964,2722,38481,65
27923,22918,37,74
33214,15893,18001,80
18019,29016,27110,36
31925,7696,31666,64
30774,35515,2695,102
6323,36781,31804,71
36489,7104,16994,34
9471,23408,36188,96
7176,13824,27947,48
26544,26750,323,30
18265,21852,26608,56
18870,9416,21138,78
36233,38667,29319,25
36075,36169,7857,48
35274,776,9811,122
5487,27242,31142,26
19540,8490,5646,39
34263,4750,6802,30
24139,32418,37229,32
1794,32353,9272,56
411,35617,11690,72
31999,28035,24210,61
13266,22127,8638,84
24931,28972,22898,55
18216,19644,25757,62
19508,15448,17483,40
12866,23460,29315,95
16875,12469,16004,74
26758,30934,34261,31
22902,9469,15323,76
30383,23769,10072,118
10815,9502,38580,55
7011,36125,19267,29
1769,13512,5505,45
13912,10110,23347,113
16144,6381,23465,117
12361,26519,8347,63
18017,17589,19699,52
12280,37647,27211,58
18822,20578,2517,44
7178,18400,26013,63
30203,20761,38659,25
22093,11738,28797,46
17773,37228,31258,51
5407,21822,32393,44
38498,15858,2423,74
31517,7640,37031,55
23582,4588,8440,87
32674,15223,31138,26
5629,15039,19735,26
7769,21085,36043,76
35579,37588,24455,89
7516,21266,22271,84
37503,36001,30776,50
10738,7884,37853,62
7064,31922,4812,45
14525,33384,27467,43
9477,4784,7126,49
24497,15107,31981,41
3349,29384,10867,40
24986,6773,12842,49
15178,26765,9910,68
22061,32433,37583,56
30446,19695,9991,72
820,5724,20700,32
34236,30410,10672,49
3092,11401,32292,32
26626,28521,25016,27
24989,17254,6920,36
3900,8467,28175,91
12827,34689,21322,91
6292,18228,3445,66
5474,20676,10056,62
18294,32453,32347,36
15970,36148,38366,54
5007,4271,34147,65
14639,19093,4198,60
5474,31983,2625,72
33299,20534,12124,59
35755,38651,26416,73
17344,3192,9469,68
14561,27115,29520,20
18170,10214,12,74
28115,15091,32324,44
35540,37159,13612,84
21303,5419,4007,98
12250,9981,3194,92
12091,38560,4223,77
27000,11708,11618,24
9224,7788,28878,56
37052,31157,30155,43
11640,3507,3995,66
30469,22090,17001,53
34521,21025,34688,60
32628,34164,27982,45
11689,22106,4603,48
27878,23720,36481,96
35646,28198,3331,98
9433,24873,7809,47
26330,7772,21288,72
31108,33063,38259,42
31223,14414,20465,24
33177,18215,5342,59
25685,30079,10842,76
15007,11562,25126,21
22206,30844,16587,45
1798,21240,4660,78
6272,12401,11337,72
3028,5424,22627,66
13122,34684,32327,55
21946,30190,9118,70
37069,20569,24128,26
32303,9482,36123,52
30245,21266,4774,76
13932,20571,28145,43
4092,26300,8003,70
2728,3904,10901,100
17686,11663,21011,80
25173,11253,28210,41
23626,30851,29650,66
7273,25208,28710,22
7747,14378,13946,41
26495,6334,187,50
18225,38278,19856,31
11693,3033,12027,54
27886,24132,18993,43
26565,23440,24515,73
35597,36286,9485,100
21073,33311,29727,75
22902,20468,29553,46
9923,13668,18786,67
33221,13146,6107,98
11633,14757,5619,34
36255,5625,10568,50
29532,22705,5360,56
24325,6157,26625,53
16214,28836,6906,52
27420,28803,7088,23
6150,16066,7664,81
24925,14389,23608,67
36053,99,2676,58
11664,12508,10256,88
28100,28630,16867,51
36791,13693,20720,30
28765,35735,28616,80
18364,22507,10960,82
14409,5538,21873,48
35327,18227,4582,90
12153,23578,33063,109
30055,10814,18347,60
34001,16895,33378,47
26518,32512,10024,68
27478,21079,18799,54
33355,30814,36062,53
2307,10708,31695,82
856,4846,4610,46
33392,16761,12085,68
19891,28183,25191,37
16273,22120,1149,75
30845,437,24352,25
22764,13635,7630,69
26445,17768,21293,82
26725,15293,36360,36
27181,19585,33905,19
37753,31853,20601,50
2473,9081,14022,77
17444,32521,19262,40
10984,16887,15867,66
17296,11743,12145,66
19888,6167,7085,45
17653,35627,5006,96
30752,18396,10539,52
24076,27839,3473,51
28057,21238,23350,124
34854,13252,5568,59
27976,24042,29409,41
2655,20321,6508,70
18887,6805,15481,21
33386,3016,1658,61
24474,27384,3820,55
19544,11453,305,22
18222,105,36789,41
18150,21083,38692,69
4770,1662,19777,40
21288,6238,31043,86
33453,38750,9175,60
25025,34866,26575,23
7768,31602,22620,80
33470,11765,3221,51
1850,9406,8687,69
33051,29538,329,37
25692,31043,3944,88
19051,36110,2554,58
13202,15797,23560,124
25760,36414,21929,76
10784,12804,7655,77
33303,33101,10133,102
36929,26319,22782,67
13272,27142,432,49
37931,18507,27116,48
25880,21362,1841,100
9378,38721,27788,61
20469,18033,30048,40
24349,28705,24325,30
11337,13595,9971,71
21251,16534,10685,77
24100,24366,12877,57
25059,34210,11637,22
7800,22679,938,74
14647,28192,30868,50
35001,34062,21523,61
9028,16237,768,79
32416,30998,25964,54
38276,14010,20357,20
18382,33257,30261,65
6194,9065,13960,73
28002,3012,35268,98
9338,36263,19905,50
28591,12052,12119,72
18786,6497,24274,47
28744,17011,977,41
30497,11648,31522,52
15494,7109,31849,39
12903,13537,33882,61
26756,35000,36242,36
23,14404,34813,26
19534,34036,4173,57
22951,13900,38541,58
7888,38605,38512,26
30911,34224,27819,47
34645,6191,24504,49
3378,34228,24003,32
28270,34821,12077,66
7061,9930,23533,107
18458,27176,35361,80
33124,28941,24214,48
34713,30225,7051,33
1068,9346,6046,78
7565,31760,37074,55
16174,32553,33931,50
917,15144,6245,58
29006,826,19877,36
23432,21458,21039,140
37551,8600,5601,57
1641,15906,6325,85
22193,12155,14346,66
36086,28773,10236,76
37008,22562,10907,77
28659,18059,20694,34
37588,37184,30277,57
5467,3874,36132,70
5671,14641,17424,50
5525,13898,31262,35
28274,24427,11606,47
21955,37925,30488,66
33998,19938,34616,23
9133,25710,33507,91
14424,16090,6019,77
24303,9988,25078,60
24374,17639,29497,39
3118,4677,11579,38
27222,1258,37908,46
10558,22883,33938,71
28677,32472,33020,47
11384,11506,14587,32
16554,16689,18201,42
14023,37059,12844,67
32739,32349,30012,34
27145,25945,15091,48
38436,18494,6385,57
35667,18280,5574,88
17520,28254,38507,59
7140,24919,12511,40
22970,36763,6041,87
25709,352,34068,51
25057,9443,29010,43
3114,23360,21345,110
15464,28152,35749,92
194,31270,11676,26
6380,37991,24431,65
16815,21976,34614,43
27436,764,13572,35
34970,19720,31069,24
18093,28538,29306,36
16128,34662,30801,51
11336,26740,13921,35
30836,19669,6231,48
26610,12509,12418,72
290,1694,30416,44
4751,18910,13775,33
19695,7669,9312,50
7228,1515,12349,57
27049,4186,6504,78
36513,28053,360,50
28501,11638,18960,28
20004,4830,23714,72
30227,35597,25154,77
25543,35749,33950,101
13745,29329,6369,49
1638,3451,33260,61
16848,31804,278,41
21450,1875,30861,74
22028,6459,28807,68
25798,33784,24267,54
33040,26451,24283,48
2452,24295,18864,51
38256,19027,378,17
5470,25903,25542,84
7904,32653,1765,44
16147,23478,37059,100
33046,36287,15771,76
36991,18861,24781,24
26711,37685,37620,60
14020,17002,10270,72
19781,9938,97,60
34260,9348,28213,65
14627,22812,35276,108
13768,34038,37761,46
28003,4081,6964,77
24963,21186,34768,55
2699,34807,21471,88
37872,15317,3840,74
19084,12862,20337,47
6137,18175,10022,100
16606,6992,34199,27
1876,20676,22105,46
11282,1614,19887,36
10778,33824,4848,45
10207,31192,14665,70
8490,3105,24816,38
440,33951,28210,43
3939,16936,1914,73
31779,30835,7557,50
37015,36073,19900,37
37703,16651,37917,59
8506,36484,22142,61
32758,21349,25856,88
36280,1805,12090,66
33343,171,9141,61
33853,36092,25554,61
37698,17751,4637,64
32599,23320,34018,69
1120,22666,18324,78
4810,15829,17534,73
20553,30039,18454,40
32363,11645,33400,45
12353,4016,17335,98
20491,9780,30921,60
15107,37806,25995,68
7821,15767,30116,67
34001,6102,26764,53
38456,17323,33984,40
22555,29547,13136,83
15022,36513,15189,32
36142,31540,24185,49
32004,5741,27044,40
14732,34849,11286,30
6851,33763,34062,25
14520,24356,4063,63
1615,21135,23449,116
9407,13179,34087,76
1823,17577,22843,86
12040,13166,25600,105
8018,24962,28192,47
31570,25761,6837,67
32460,35395,36291,80
23566,37795,32620,84
1623,28043,9360,76
32258,25595,6758,51
27905,7085,29438,39
28755,25257,36361,31
19762,38508,31069,21
27778,12928,25105,70
38465,28063,11570,43
36093,18289,3940,78
25061,1533,7871,39
22744,11309,20577,52
27247,27015,6295,40
23627,5357,13133,103
34930,10744,20646,32
17522,2356,18841,68
178,20605,4057,50
34521,15952,29566,45
38630,28676,25515,53
19651,16226,33807,48
28739,22824,31761,76
7082,8529,25143,31
18937,5010,28882,32
11769,30988,24796,23
10739,36080,35773,94
3187,495,995,38
34691,67,6441,46
21302,806,33351,89
12888,28623,10885,73
19915,34549,229,20
38579,4938,15843,52
21135,7966,31256,70
23739,9367,13637,93
13648,1530,2621,69
3237,38367,38271,24
4972,19603,164,26
14729,13158,33260,78
8767,7013,36788,43
27801,9243,3762,98
5680,6802,38519,24
24520,2630,20687,47
15089,31529,4157,74
30959,30454,24499,37
18259,8689,10133,89
1265,6851,21268,69
18015,29662,32573,32
30974,3479,21029,68
34057,12379,23322,91
19120,36322,15871,55
15867,33277,36471,76
33333,10563,28881,61
13656,24149,2672,58
24295,34779,24767,20
22813,16066,35601,129
29345,16081,4669,51
17403,1909,2590,82
1554,38252,29477,29
38307,28752,5770,29
32390,11561,4615,32
4632,33388,25542,77
20309,36105,25815,54
21409,6853,36879,66
4096,21846,35353,122
30096,18486,16607,49
17519,29375,17600,56
12784,36900,28840,66
2486,16156,11710,79
16262,14755,12877,84
30262,8546,24455,48
21494,2748,7894,96
14484,3259,30500,44
18826,24062,28652,27
25820,14567,8567,69
35647,18310,14471,88
6871,26681,27921,47
4726,16888,18129,45
34869,16075,24373,50
25567,26640,35638,104
37114,16141,31063,58
73,4603,13840,33
15048,10137,22790,96
6035,10846,28787,66
33901,22950,14283,61
15392,19127,912,32
25967,18075,36476,72
17527,27042,5295,42
18059,19004,29705,30
8669,5578,28062,61
7034,25550,10183,91
30194,22023,10989,64
27123,25271,14709,19
28222,9120,24514,65
37727,37966,10042,96
4986,26685,21489,70
38364,24439,16834,25
8736,21100,38459,70
17735,31100,19980,42
21294,19589,28695,62
2690,33023,970,81
22737,4855,33364,81
30442,12423,25168,51
1268,2485,33013,81
24353,888,33017,54
17540,10117,28708,86
17510,29260,24773,33
10634,16693,34066,42
16783,35714,22850,107
15094,17014,37888,43
22746,3879,8465,103
7763,10075,16239,97
4571,34909,6018,54
4777,22569,34997,62
11560,3223,6419,56
1793,16634,26446,43
14,9017,33016,61
1066,27395,25663,58
30030,9203,25533,82
37192,55,20420,23
828,30762,14007,41
3063,29683,22672,58
19241,12513,34823,44
8363,10569,7016,50
13267,10950,22074,85
13988,16746,22652,64
31674,7512,4039,82
34619,6467,30254,58
32667,38516,38368,18
15890,34912,4056,83
23592,37796,18805,82
2543,35543,29359,96
24353,776,20376,29
21273,29386,21949,72
16679,34665,13983,32
6007,38541,7720,53
17300,12416,10157,104
13857,15904,6198,78
23757,14675,16972,75
16693,6371,29619,47
13851,22977,12974,92
13632,3217,35503,83
30101,7551,33167,61
17321,33519,21877,77
20626,5685,209,20
988,16887,30370,47
19524,35332,35336,118
6862,26555,8601,40
10582,27291,28888,38
13801,4864,3232,41
9867,3187,5500,74
36270,11753,26456,38
37611,29751,27922,56
8682,19807,18327,47
24892,1691,17275,49
34892,7731,31069,34
9268,30138,25104,49
30831,35554,22599,106
16853,18456,10146,79
8419,31149,6325,63
28919,22137,15516,44
4919,3958,20451,58
17694,12351,4862,70
25136,21004,29731,51
21435,37652,37939,92
12765,29649,27144,47
35003,23627,28732,72
35585,21890,17604,106
37236,26388,37223,42
13586,21822,36975,52
23463,34164,11580,71
3085,21447,22892,98
24471,35423,17020,76
21052,28079,25593,108
33503,22998,31743,91
7680,30324,19545,40
21194,35591,32435,108
37849,27236,37590,52
1853,33040,19947,53
26015,4874,23521,102
13205,36955,31127,64
22786,22822,1510,100
28711,36254,14497,40
8347,18970,28893,39
36203,22631,34986,64
28778,49,31023,28
13590,6090,12087,75
27921,12194,25138,61
6072,9256,32493,68
38313,5018,21914,43
6776,29616,13835,24
18188,1602,24020,49
9349,25545,25897,100
29664,30506,20408,24
19610,37730,28646,42
31805,13093,26553,75
22620,9153,37939,92
30871,33888,13847,32
10612,982,3935,82
13735,16640,22078,48
22890,27309,20530,46
31630,89,18376,50
21877,6974,20754,33
27507,19931,22635,50
20333,18056,17501,48
8565,5769,6048,65
17442,19069,14378,44
24754,27360,5621,19
30200,7232,31590,49
16754,4156,30092,71
16972,33179,5301,50
24029,17587,19504,41
10589,782,20698,42
7747,30096,17257,60
37521,12970,29261,67
36269,12066,34832,54
26447,37775,29277,40
15959,18896,28202,67
21007,33858,16690,64
13026,8434,19240,66
32537,5287,29307,24
36774,38305,34234,29
31937,38454,26447,41
12233,33036,19986,63
15495,10233,11334,66
7128,33305,25594,70
17510,26296,23684,90
35403,20624,6514,90
2523,18086,27267,60
6956,37094,9753,70
25647,3880,7610,94
13990,18924,18964,25
10167,10547,18432,90
11340,5749,3838,64
7222,22241,430,37
18044,34977,31207,38
2583,4612,2585,86
10674,21213,16156,99
6481,31830,32022,80
18193,28269,28613,60
6989,23552,5594,71
20283,8558,32507,31
32507,14311,24923,23
2005,2588,4586,70
11415,5597,35267,78
30995,13715,27204,27
38265,36879,15414,28
27107,12380,33177,61
9510,13805,17675,67
4104,30267,7803,76
35522,28961,17606,94
2601,12423,20353,68
35003,33329,25815,71
38647,35538,5437,73
29702,13506,29596,21
18294,151,28025,54
14635,6295,24967,47
26277,36309,4569,42
12978,33948,34010,57
9436,21419,21349,116
38001,11319,12136,64
19188,10126,38495,59
17317,29309,37666,54
33297,17347,33813,62
32462,27135,10650,34
15288,3432,24762,25
24479,34981,3251,31
36516,396,2,28
25216,4827,21448,61
27754,18329,37202,63
22941,26406,4874,66
33969,21911,7932,49
9219,6995,28863,47
37908,9121,33999,61
12452,31587,10732,76
32663,10772,6221,62
28138,24204,36960,52
14521,25637,3404,62
15244,17632,16714,45
37607,2578,27416,64
20364,22760,22268,66
19227,3042,19839,26
2407,16098,31930,93
2697,28890,11700,58
11384,31244,29269,24
30461,4738,14454,44
21513,24289,4054,95
31258,4196,11546,62
33407,18479,34853,55
18901,6777,10194,61
18398,17651,3820,88
6357,35293,7876,104
2419,25167,4840,53
34057,18931,24368,24
27169,30091,15942,55
2750,22868,27500,80
16176,21477,32735,85
1688,2716,32397,64
31734,411,30105,48
16536,25634,30372,65
4712,31028,19264,30
21467,21948,6236,100
5684,32518,15208,28
26547,32678,19701,26
23561,31071,9486,90
9494,10227,38522,81
27418,27392,27981,36
37719,30910,7927,50
16918,11271,27446,25
13918,21880,14526,49
13195,29440,24204,52
36402,27918,6210,76
28762,15054,25208,23
38258,10768,27236,31
19252,36521,25245,25
37144,27254,9921,67
36209,34066,15793,58
30936,32012,19508,40
26585,29506,19803,22
9849,28515,855,78
23448,6959,16123,92
37552,12087,32725,62
10684,27108,8651,47
25185,30062,25177,24
31896,33447,35362,107
7186,10703,28229,57
15322,31666,15820,65
31717,13841,34208,46
32000,29004,20748,38
22196,8251,13702,58
3753,27030,25227,49
21871,19883,12070,60
9362,27322,13793,45
19554,33987,7178,22
15462,11388,19863,24
2,25513,24378,51
34108,8577,23464,82
216,12952,14698,57
13128,32766,9955,95
22057,11503,31730,58
16624,26610,8590,44
13135,21827,13621,76
25500,1661,1713,76
28244,19749,16126,67
25903,37131,4831,65
20679,22097,16719,37
21255,21,27484,54
1824,32586,27840,56
13858,15218,19099,27
19740,7806,38358,27
28849,5358,15792,57
13076,10032,23531,139
36086,10881,34805,46
30324,7214,7958,41
34185,37099,1059,42
873,13698,27024,35
31979,20443,35573,82
19855,21487,19112,56
14446,32712,368,26
7630,11495,27947,54
21517,7636,25612,96
1063,4892,26273,44
18769,30917,5656,28
19828,12451,33414,63
28673,6147,9856,92
18142,19522,31665,50
33401,17533,23472,105
34242,7897,11646,35
34946,38714,7130,20
23360,30113,36341,86
12814,25893,30169,93
10537,16042,3181,69
8669,20585,9801,71
25935,25007,14561,51
34055,28124,7131,44
21758,30066,21863,66
9269,26448,141,46
31826,18388,32774,52
18902,30432,35446,80
5505,13153,1559,71
19551,36107,21483,66
2579,24392,27068,49
10126,18937,6009,86
23480,18104,14715,84
25633,19874,28018,70
28073,4523,19021,48
22862,11772,3769,92
33018,22156,34579,59
5603,6368,7024,51
33977,15267,19579,23
31223,21088,18871,60
22535,23623,4075,134
9072,33917,6044,69
21987,21456,12203,98
338,27524,29504,14
37266,15483,32326,31
33052,11384,33252,64
8386,37053,6829,43
34156,12381,12511,69
18307,9274,4083,90
21376,31663,21234,112
38729,18443,15979,58
8476,12022,18353,71
498,22626,12980,85
24000,38506,12265,44
16749,9373,29378,43
38606,31769,24075,38
6378,18339,33318,79
408,15140,12109,44
5444,4070,9123,82
27221,22828,24968,47
37163,6471,19668,53
37566,28801,13244,75
6464,23339,30473,102
23523,33324,10891,101
15896,16629,32632,52
917,24926,21344,65
8692,32438,21764,53
27046,20364,5443,18
24971,838,29723,25
1017,9978,4820,80
8361,27261,38635,30
17439,22004,37950,74
7636,36876,21816,55
8741,35395,7720,93
34522,7960,22780,64
31648,2632,34053,69
37813,14565,19951,42
23675,32723,74,66
18905,3998,34205,57
6218,4907,24781,49
7938,11354,7273,33
12058,23271,4159,124
37599,9113,12522,82
24462,31022,30256,37
2416,26432,23002,88
26553,17425,914,56
31836,9453,33059,79
27408,15779,34578,45
15799,22630,8297,94
27210,26,22959,50
18494,16967,12314,61
107,20445,24324,17
29593,25727,31155,50
12291,30850,30474,58
15006,8262,3090,43
25007,33861,28036,40
24084,33032,22193,60
6229,12396,4758,76
34630,10222,9081,84
27067,16094,21898,61
31635,3776,15985,99
20590,11762,34905,20
1251,34750,22618,66
21179,35300,11639,110
38672,34979,17634,39
32349,13744,138,27
36058,4042,36834,73
34745,13549,7619,37
18019,15994,18286,73
17747,15310,21033,78
28739,10133,3344,74
15818,3295,18946,53
6492,9886,32495,88
11467,9475,7507,54
34644,25893,19741,50
34183,4108,33783,60
12139,16269,26003,99
18104,28112,8742,69
21016,11752,5393,66
10665,25533,17636,84
31688,7244,17689,57
6204,5628,5652,56
10260,28537,19640,66
1802,16978,21192,75
25616,32459,32417,52
2697,30025,19856,60
33101,10693,31695,73
13912,17690,12768,78
6238,172,31253,48
23644,36290,15463,76
30831,11503,31747,44
27392,23286,34522,64
10813,21430,21042,110
34245,36187,6836,32
14429,14428,11564,34
12827,14683,14312,63
19826,31805,1755,50
18295,25061,37519,47
12314,26499,14557,54
33830,29772,34891,21
30358,23308,2646,106
6330,10058,4681,94
8292,32600,20019,35
2336,19033,32552,50
3921,9404,2462,106
18996,34639,34675,22
19847,13853,20381,21
13077,17292,18861,71
37214,3164,27435,33
24760,30191,28215,49
34106,35531,1260,83
28628,1578,8498,53
11328,22840,4244,92
314,26344,12982,57
14591,4243,22139,78
22590,11768,30990,60
6146,9924,29005,92
38414,32702,28764,25
29409,23663,23584,108
13098,22879,38376,84
17640,37747,9296,78
3389,15065,12267,52
5752,16139,15116,53
31612,30476,824,60
28581,22121,9958,84
28016,13571,11394,51
3971,1783,19827,68
19011,27998,21468,78
31665,24058,18460,53
15172,28949,5709,32
36081,31253,8734,47
19237,1964,38334,31
8276,9875,20662,71
11283,15287,6831,25
14606,910,21856,54
10081,34856,35582,112
38619,30868,14610,27
28572,37189,33304,54
21345,24131,27306,57
35416,32493,30969,74
12793,5663,33146,78
36516,19000,28091,50
3391,33867,12109,53
7082,19646,6751,20
33952,29761,6331,45
20706,2346,14323,50
3348,2333,6402,82
8689,2498,34070,66
31678,956,4870,56
22241,37959,4569,62
15206,27092,36027,28
27297,24203,21138,57
30836,33111,28725,49
9793,1691,34698,76
16868,17727,27061,41
38378,35340,32608,69
25054,33361,8515,51
1016,18384,12099,68
20641,33235,18755,35
10517,2471,37503,82
14264,33944,16734,32
31933,18418,23462,96
3984,22653,20527,84
35272,25621,1118,110
25121,38304,31606,32
1172,11274,18361,48
33963,28212,27040,41
23735,63,23668,110
3499,11329,13601,37
37085,36433,25963,67
9487,15172,21520,80
3781,38434,10935,69
8762,14582,30132,51
36212,12994,37728,79
28997,4070,1679,74
4054,12471,24454,81
29678,28001,4894,46
20683,24501,31635,35
13027,10535,17282,87
36925,31541,35746,95
37904,9283,22955,92
2355,17641,878,80
29340,36769,14744,31
28766,18901,31985,42
33437,32262,29322,39
13822,23605,4855,79
26381,6781,24967,22
35010,16844,8713,40
3501,6007,37262,61
16249,26686,34734,53
25183,36430,9138,47
131,35448,28705,74
30993,32413,7073,25
23545,6474,30474,102
29413,34950,9993,60
16810,19100,20285,19
36068,10638,20475,40
4635,8010,27974,58
38504,19140,38668,16
25113,29385,30048,25
16568,24003,24288,29
22927,36209,1065,74
10861,1912,11008,64
18104,13647,19996,39
16233,35293,16915,100
8525,11676,30024,49
26351,7694,38708,33
24800,32318,29250,15
14713,16119,5413,57
37878,1990,14595,56
27255,11021,26714,38
4827,15452,19052,28
82,22956,10186,94
1967,14610,21832,56
3224,38598,14395,31
6118,17726,10977,80
4045,12280,23461,124
19025,20709,14552,20
35301,20532,33760,67
22513,29684,12185,74
30460,37081,24221,42
21394,22564,23427,136
29572,34143,9345,41
7624,34517,7946,40
38324,12346,27069,39
2495,3335,813,68
13131,16870,32658,58
11425,22154,34011,43
38635,17747,30189,49
3269,33210,21969,65
27942,13203,24288,76
27210,20477,2588,42
15272,23492,37640,84
32494,13853,13858,34
32266,3306,27753,50
34534,36300,9473,52
15118,5573,33192,47
29699,17313,19703,36
7704,6773,31745,47
33096,8743,22680,88
23506,3491,23473,118
26646,2452,7077,55
16698,11479,10119,69
3883,26452,20494,56
38678,33780,36057,30
23677,7138,27296,63
35296,14582,13179,107
36036,27991,31202,54
3436,33458,4941,55
12934,12348,22885,109
12214,8594,38408,56
25528,21957,21,66
34826,30264,3041,40
9884,24433,34803,65
16614,15985,20600,46
5436,11422,18919,28
5281,25929,19212,54
4993,1926,14421,46
873,4757,18491,52
27423,5385,24904,19
8746,17510,5518,59
6502,22861,34870,80
28560,12252,21295,86
13755,35515,34125,78
8331,27168,25935,61
16220,4757,5450,59
117,37874,9484,58
30308,30924,26445,40
1712,6151,25625,88
31118,21258,12367,84
14632,28740,12171,54
35441,10864,37682,102
2741,9283,1579,84
36082,30481,33996,43
22805,24046,18773,55
22596,7051,30041,65
29362,10545,24116,35
23725,30958,14707,74
30231,21082,12333,92
31099,14722,8437,43
816,26262,3011,44
10724,30479,8544,61
32293,13537,33098,48
25810,21472,28899,92
16846,29641,27168,19
524,28770,20562,20
38409,26442,36458,33
33075,12135,22878,97
8308,36933,30879,46
37631,33508,14500,63
25019,32669,7673,27
4011,6241,28762,86
10010,8008,22857,104
30344,31876,20728,44
22201,18263,12313,74
25101,4977,233,23
15217,25140,1924,31
37646,28820,20738,38
18308,34122,6420,61
17652,11592,16579,47
20003,10871,29394,32
5622,14768,27951,52
33870,32612,6212,49
2530,970,8423,75
1063,475,12009,54
17639,6148,19597,64
26659,15778,3918,87
38550,10845,37199,42
22823,14567,3258,66
3031,30891,15113,32
16959,8699,2328,68
11544,8506,17254,57
7702,12898,22977,95
19769,28172,31753,58
30471,28864,7691,46
964,23560,36428,86
10777,9900,7761,86
8585,30144,3906,81
22728,19652,22728,86
10596,17407,28185,76
2528,6855,21330,87
4233,33819,35576,107
15894,16139,36144,82
19522,25041,7996,25
4082,35593,35503,154
18835,17425,35709,88
6417,26014,4672,82
24186,14003,15192,30
28049,32447,28628,48
26266,34075,27138,25
28684,1656,27873,60
4639,268,17543,46
15764,34254,21766,66
12872,6498,30031,89
37567,27802,17255,78
16576,31659,32553,43
13502,7637,23268,81
30395,32490,30271,44
1982,18176,16780,51
16019,26725,16832,56
31995,24989,11309,37
2491,35346,21040,136
30999,3974,37631,76
20560,17327,34237,37
2258,28635,35529,104
25827,11266,8593,67
35529,20632,1165,76
21877,25185,23722,79
12271,2451,8307,87
5282,21063,4141,98
3224,9815,30421,80
4740,37751,5269,50
35335,16060,32334,97
7135,11628,10570,39
2747,1974,33796,65
32462,10102,18422,76
16113,11399,31502,67
32548,16788,21325,63
5360,2306,37880,72
4952,11507,1197,42
37823,22638,2492,100
27306,6778,19660,17
37049,10752,3122,51
866,11679,20660,30
20292,13142,35576,97
38432,33401,12261,62
23323,29404,3960,98
19023,25257,8741,30
9924,31739,28830,84
29,14649,37989,42
5629,20283,33999,23
24314,36262,27798,53
6818,37044,14488,34
26658,17611,20436,40
12206,11491,36334,56
30077,17384,18868,50
38634,215,36431,27
25210,12459,28128,61
30517,10046,3874,108
37076,33052,16644,53
22089,29739,37703,52
12353,21237,15308,82
36256,30228,6486,66
30911,23626,25900,98
31083,2701,33314,73
11517,20428,20512,14
32005,3459,28187,66
32009,21061,454,74
30330,27199,26010,58
8365,14346,4657,47
37071,37773,33880,48
18861,25674,20631,44
11738,32601,4799,32
22886,35445,12451,126
26386,16906,16056,56
14494,24215,7786,37
3396,2276,9063,78
2748,34132,23318,97
36359,20756,12438,48
36469,16094,17642,75
26640,11334,13529,35
2646,9977,6143,116
23311,27981,5712,92
9135,15761,6506,93
6260,21502,6503,108
30370,33062,10017,93
6262,8651,11473,63
26346,7511,33177,55
25019,33480,4639,44
26495,32275,7999,36
16239,21830,15018,65
20282,15327,11294,20
28087,26316,21115,84
23735,22873,33229,119
5299,10168,4219,102
9114,12797,25898,103
31925,20301,26556,38
15959,20550,9810,83
20268,36752,22532,57
23459,24828,33275,82
17539,8725,25036,50
25252,36506,32754,27
34027,12364,5417,51
34962,4771,22888,62
34666,16040,22785,81
27364,9820,3386,66
25902,203,27825,70
33507,20482,21263,73
18838,308,18450,32
7117,11492,16675,28
27326,3867,22847,86
201,33161,9140,61
35727,15489,37832,88
30969,4664,33375,51
8327,33106,19152,54
10223,759,37208,81
24313,27771,11524,47
13936,33855,3954,64
34692,1755,23607,80
35251,3841,31806,122
16939,7863,16917,38
19050,17355,10773,54
26313,12914,12499,81
10092,34700,32357,64
19883,18098,28060,54
9344,33057,21501,99
1894,18119,27007,44
13170,17530,38375,70
9841,19934,35573,110
83,6287,17490,64
31554,32749,31830,56
34776,18202,27952,56
19783,16579,5397,29
28721,29649,27376,20
18160,24347,16588,40
9979,28724,24317,69
19511,30185,4678,38
29625,8686,32420,33
21082,2373,31171,90
25174,34849,5687,23
33057,10016,38007,99
24216,11624,22042,43
30974,37629,6968,41
20627,7938,7977,34
15851,20716,38497,40
21176,14761,2452,92
16714,7709,3082,41
19875,23322,17637,84
18798,28537,14614,30
435,25249,13849,22
5709,23745,30969,74
14726,26686,31734,48
7095,13862,3811,62
28192,9975,28522,88
7546,5751,38476,33
7097,37807,14685,43
5324,35763,36066,84
29337,14543,35455,72
29657,17565,15848,63
25664,4204,32437,86
5451,35755,3074,82
9297,36199,12341,74
21391,11530,15123,62
15368,849,28168,54
38548,2324,35684,97
17609,16086,7562,75
16226,35376,36006,105
3317,26494,34065,35
18927,753,24782,27
26308,27790,21106,84
864,32738,22803,66
12340,32539,20647,40
31121,31670,3791,76
14725,2250,5720,60
21242,8018,5523,72
23528,29710,36409,72
15446,2671,29481,48
9979,7750,3012,78
19127,36291,11311,32
10129,11568,925,76
21098,6918,22805,91
24275,4978,21364,67
15210,395,1847,34
4693,25089,30518,35
16663,14648,27790,51
22902,1564,29622,64
37625,12915,28780,75
4059,35427,2681,134
30043,18157,22097,62
34194,13550,31123,32
20413,24394,25915,47
11495,1059,6243,60
13619,1936,31119,43
15925,7070,33201,67
25141,3995,29571,49
37883,35735,16940,91
31104,37068,7150,32
37947,33326,34080,60
7161,21049,35422,107
8508,33909,19766,36
24240,28930,1170,39
19774,28539,9482,46
9908,20720,7843,66
10914,33957,8399,52
32354,27890,27923,64
7528,19857,1028,40
24211,21272,10070,101
37032,9270,37547,67
36295,33193,27089,47
19760,35409,21758,86
22703,36223,26683,68
6843,32317,11380,25
16071,36145,10877,71
22273,20330,4077,68
34620,34651,22213,40
23659,17339,19774,84
17496,6286,1174,76
34748,28185,25797,72
16213,16502,21837,68
16663,18463,21312,75
7184,15805,19515,46
7690,34938,4655,38
22795,12249,26378,82
23387,32435,1510,80
31770,30842,37053,49
21304,24783,35272,103
34255,6508,24322,50
12137,36413,35542,102
28976,24187,15279,29
32702,28699,34631,28
12056,36518,17694,72
34652,38260,12098,43
22699,4831,38007,78
15076,8716,16824,40
18827,25626,38283,47
25887,36026,36234,68
38581,30223,28083,51
21459,15350,23286,104
487,22926,24223,55
32664,35484,21833,88
30319,34894,5638,38
28143,25814,35562,120
22048,34950,95,38
23707,33009,24273,88
2348,11488,18203,66
23480,24047,22888,101
18476,3331,15194,42
9397,15001,6274,68
369,34042,13871,28
27965,2444,25610,100
16967,19597,22044,41
12155,36938,24771,48
18173,14362,7707,48
29739,10005,16898,63
33389,6305,24012,68
32658,12781,28568,59
16579,15939,3930,86
1717,3467,5456,46
34878,35661,36751,79
33124,30180,33765,54
9803,11500,18254,78
13678,18113,22958,73
36771,34201,30325,42
23295,26450,16699,75
9303,25016,33071,58
1191,26625,16642,41
1036,36231,8329,55
25688,4044,4990,92
19215,2482,16910,53
38374,18960,29406,15
1128,4504,6197,64
32669,37579,1775,52
7990,27447,22630,60
12811,24060,28929,60
7229,10547,13858,42
14013,11420,15985,56
38372,29271,13715,22
38754,14748,2484,53
3858,34615,16,56
20573,142,24019,17
19889,34081,11674,25
18777,972,30215,42
24025,27803,18816,43
29483,765,15953,55
31715,18492,457,50
7524,31754,22034,64
33927,369,33969,24
7640,25838,16892,63
30034,15820,6912,58
25140,25271,1892,26
13181,19822,15059,53
2665,7734,276,58
13232,10582,2298,97
22143,3876,22598,106
18304,4536,9212,62
28020,28573,37841,64
3010,14265,10846,48
30472,36433,6269,66
990,4817,20530,34
12832,9942,16839,98
27440,31719,26254,40
24382,17641,2455,71
5656,27196,11437,26
31248,20468,14462,24
32456,31715,34557,40
19716,33242,27920,61
35763,38693,4697,75
18410,18084,24149,49
30414,23562,288,76
3507,21016,171,64
21220,16117,19025,83
6807,32773,27492,19
34256,17484,22840,75
17524,4803,20597,42
2707,18813,36099,58
18127,17,33100,53
10009,31899,37709,96
6103,25578,7916,84
13641,10238,30797,71
4190,24445,1020,69
33422,6061,458,65
12345,30186,5618,60
1877,20650,36432,38
27033,30933,30435,32
36067,19781,27247,26
5773,31887,15791,69
2545,30269,15928,87
24228,27359,18130,33
38276,877,502,29
8538,5728,9461,61
17020,31190,19247,27
29433,36821,27835,47
26403,16823,37251,38
13067,23773,32740,99
25915,28786,8774,69
18500,20319,32257,30
840,30805,11494,38
11312,11017,19223,38
30998,19180,3936,58
22108,23015,321,70
10772,34913,15119,38
38603,22846,15988,78
30492,25699,11597,64
4850,12028,20468,46
68,32630,10071,62
7027,10996,21199,73
9892,8769,15342,77
3064,22781,7588,70
8265,26750,34835,41
32663,11532,28766,30
22834,21390,7186,91
5675,31194,16744,33
33237,24804,26002,66
15312,19080,31545,38
23596,3347,7971,82
4599,22249,28039,66
28083,17475,1932,74
21785,25736,34093,69
38613,2728,4232,83
28142,35000,15903,69
27311,15089,25917,48
14566,30815,34927,30
261,22075,26678,42
17673,21799,18057,70
15348,38711,22871,53
10269,2658,11635,94
22784,28149,24815,71
12424,12752,37687,93
22966,9781,21145,132
13989,13796,1261,44
2678,16544,30833,57
21970,36034,12310,70
30468,4600,24078,41
28631,32268,23357,72
23374,3980,19258,100
31934,24064,31754,57
8290,38316,17557,52
38339,38530,37198,25
13663,2599,15075,57
4532,25201,35329,73
30337,1075,31788,60
35570,24441,3914,107
2276,30893,28167,74
33114,21519,10068,119
1924,35601,24381,85
20448,8679,3437,37
2295,3396,23756,102
13729,29291,33104,44
32707,23543,26407,72
33850,322,2770,51
3808,27203,13172,85
21020,13830,17488,83
6891,28976,37534,43
2616,20746,12245,68
37804,37683,7907,64
23632,22766,21388,136
27085,36119,1985,40
5354,10936,1219,52
14522,22670,10877,74
3421,18223,21854,58
35765,4016,9309,126
13534,30787,34081,32
33461,15944,6433,92
19178,25976,1534,62
35726,14524,34595,76
10219,17662,33807,83
31064,37819,5285,46
19014,16998,14634,29
10734,30906,26646,44
3354,11310,2427,60
7067,36838,12224,52
27245,30336,29494,26
32712,14426,8459,41
35678,517,32535,70
4516,25783,20327,52
38602,5315,16818,28
25024,10972,6380,57
25971,1153,25051,57
22034,10536,23583,98
7959,31840,15930,73
19263,12030,24853,39
34963,25924,17448,70
38001,9233,6860,59
16602,22547,2599,87
37065,30774,8366,46
26467,35586,1875,88
6277,34582,16690,51
9036,23018,22557,108
36042,37072,13921,44
2334,31569,26330,72
7679,33755,36862,40
6179,20606,19992,40
6418,10217,37609,104
22903,18755,21237,90
24310,37204,10508,46
16596,31943,1116,53
23720,24070,36038,77
9431,28052,7916,72
16016,5290,2479,81
12865,32442,9340,75
19179,5386,20285,20
22787,25545,20740,78
10595,26531,34233,43
37756,33904,22520,73
1554,3290,26746,46
13168,11258,6428,81
34502,30877,24880,21
24262,15474,27496,21
380,13823,13222,58
37779,37766,10675,70
12239,8400,19902,57
3796,9215,3348,84
27933,37159,3074,57
14757,27826,4693,54
14301,10018,22516,100
25967,15408,7847,60
11743,5013,21249,68
3776,19014,2005,68
5707,9943,5016,74
4123,10683,28769,76
25523,13961,32277,57
1819,6285,11351,62
9788,25006,4853,65
28503,16506,15391,31
19890,169,11015,34
3234,1700,4810,48
24160,25757,32019,69
30893,34614,10117,66
22769,31800,6141,96
476,9522,9096,62
13809,30983,37923,47
28209,30878,29695,42
12327,34549,3091,52
34998,3505,23722,74
8602,25902,13117,96
9284,31959,10030,100
13604,32497,32732,29
6231,32611,10208,88
18238,38445,27420,29
23281,10177,23626,152
6027,38744,3237,51
19080,3836,33217,75
6,26720,26349,30
1202,12316,35343,104
9851,2713,4758,98
1816,11746,33334,57
17496,24837,2508,65
11550,16675,15242,29
17560,9510,37930,78
35673,36958,6038,103
3927,24128,29468,55
24509,19673,22742,55
11372,4737,4543,38
32299,32543,11405,26
31860,11594,26310,46
29663,25830,9251,68
24025,1649,11742,39
35548,21859,14422,92
16811,19136,33881,26
18952,33251,17429,59
33221,115,33767,42
37826,19885,15365,38
169,31265,34885,24
24219,30260,6260,59
32569,36048,13731,37
11688,25693,5619,58
169,7167,25828,49
19201,21019,30218,68
20452,35397,18975,64
33073,28150,13133,94
12289,29329,901,52
34035,36774,23571,76
6188,31706,18780,62
1531,31603,36998,59
28822,18929,35628,74
23464,37760,6307,108
36404,31182,31960,50
18196,15479,38433,33
18441,4645,1172,52
36215,36927,20669,33
27836,11272,31023,48
21449,1051,11405,72
6009,6096,7069,71
29463,22050,1763,48
17363,19877,6808,39
1729,30801,10143,78
2731,27186,18119,60
24913,4143,13762,58
2613,16647,35734,103
4212,33147,8340,90
18774,30779,33467,43
22198,27426,29619,32
19732,18289,37019,41
9314,16787,8614,60
11355,24443,5374,31
32544,30522,32250,34
37698,37699,915,66
5372,32553,10563,42
15148,3916,15221,58
30030,13578,27824,59
7782,37192,9978,79
2517,17017,26688,59
26588,31546,1761,56
30770,37858,283,40
22757,26509,19177,58
1554,34784,22602,68
55,29289,30203,28
3445,7693,6995,37
26528,38527,22188,41
33986,15353,17732,43
19095,36985,33251,48
6091,27043,2773,72
2299,30505,7087,61
16528,1999,9947,79
21049,2682,30438,98
6094,32319,6327,72
18147,21236,18434,84
37101,24762,7840,34
27759,7508,23523,96
12377,3339,27008,48
30319,5340,11690,40
18308,27455,23682,76
6369,37971,25913,92
30135,28777,17363,56
18255,9185,9764,96
28613,30866,18899,28
3899,4112,6999,91
29326,6844,12019,41
24046,13100,9157,76
19173,8015,14343,34
1171,27460,35327,78
32294,2451,17464,70
20023,37608,24123,39
30844,30240,15180,36
2674,33508,23330,115
10665,33997,22587,71
19827,30441,12258,54
10065,36142,34120,73
37151,38434,5258,32
36239,8630,16705,48
38768,6046,24328,46
2503,26008,33847,81
16983,24993,15194,22
4575,11624,25542,60
37663,28624,3396,50
33194,9775,26599,87
31873,1656,20590,46
8722,16240,14580,66
36401,32387,24258,33
4961,22182,14401,50
21177,38678,31252,59
4519,4714,38562,33
889,19806,1209,42
15091,34706,13830,29
30979,3074,15940,57
9272,5364,24399,49
19721,24788,7258,16
25787,11001,3284,72
31969,37719,27478,52
27001,13515,19598,23
7181,18467,18929,33
34854,17555,27874,62
37617,36458,2645,76
1023,18352,11565,48
24406,9179,27402,41
6015,19589,24465,47
3780,7781,16805,69
11286,19973,3000,30
20340,27095,7927,22
21083,23481,1230,114
12811,5493,25991,87
4923,30938,22668,64
21762,2666,33388,87
28007,4949,6357,74
29404,20770,18413,26
3852,15868,35732,131
5671,18299,27503,36
18992,24519,26433,27
21191,33815,16080,86
24357,19195,31661,39
35687,12389,16545,97
7187,7200,7139,21
6922,18984,4539,27
29523,902,30023,40
9201,35333,12863,123
37211,26483,6141,59
29434,31644,36926,43
18405,29422,18406,44
6092,36901,18470,67
13835,7769,28132,57
28649,22996,24149,61
34197,7581,22787,65
21045,33858,29538,57
34775,22251,34076,41
10800,19992,13083,67
2260,33913,17536,71
14551,29629,9287,44
25033,1747,26444,35
31540,12489,19693,60
19912,6134,37700,62
32581,13673,18472,41
30154,6381,21171,94
1967,7512,27871,64
6295,1060,33828,59
21974,19644,30093,48
37722,27220,2410,64
24007,13650,16519,33
3230,24995,32293,25
25210,21181,10269,95
10248,1657,17475,94
23307,18463,3941,114
20612,3182,15431,24
13,31129,18514,36
1039,24142,21132,71
7854,7790,17391,58
27327,6348,16080,69
35520,14018,27173,73
38766,30149,10920,45
17373,23299,25827,114
32726,18503,17399,54
15422,5354,18345,40
30463,38384,32561,31
36441,17360,15035,50
1878,14557,440,38
27834,20501,37854,54
12843,34759,9188,75
22774,12218,14354,82
36504,1855,26297,48
31528,16572,3360,49
36438,20301,31810,42
437,28842,15079,26
27520,32358,1581,32
7672,8543,30340,55
32721,29729,33218,39
15420,37083,34560,31
3303,24268,234,29
37702,21097,38633,73
28933,3340,14597,38
19617,9322,22631,74
25950,20741,20502,40
21467,17312,17367,96
6036,2005,14281,64
10901,30510,9323,68
2495,12136,5314,78
4685,5367,29689,30
12911,14014,27815,80
36783,6852,12012,52
18354,3516,34798,42
31713,31715,7615,64
15836,8261,14014,67
23272,13142,6252,123
23597,12503,25637,118
24214,4039,36333,67
30290,24180,32458,35
7255,4711,5350,33
28140,3146,4640,56
32547,36956,8327,44
13875,20455,9348,43
6132,31854,27336,60
32546,26412,33859,29
29701,18170,16713,35
6125,15785,28173,93
1029,4574,5514,44
2714,29591,25199,43
24796,30224,24163,30
18269,27237,36231,40
13166,3476,31548,77
16211,19951,1017,57
4136,27174,12520,76
5430,19185,16263,51
15817,32012,7951,73
9806,9937,9213,124
14570,12317,23523,94
1171,4611,29676,36
1740,6147,18500,72
26326,13838,30390,43
38484,15191,37251,28
31681,4024,12465,96
23664,33055,24798,82
32436,2435,6318,76
21044,33979,3806,95
1197,925,6830,43
3763,38535,3042,61
947,9224,28737,58
23453,31612,26766,88
12290,10530,19062,58
30450,19638,8580,45
27881,23769,29628,84
1527,971,10721,60
26549,35549,15059,76
20604,27417,30066,24
29481,25664,9778,88
33063,3753,3912,111
31008,8434,2350,67
6481,21330,30934,86
21368,9907,23517,144
9787,36250,17337,90
37872,16243,21019,101
36858,24506,11699,34
34906,34510,13609,29
12993,23386,10801,113
8000,36156,28182,60
29503,19896,34616,18
30406,17759,22995,84
38374,25139,34038,17
20269,2317,22942,78
3906,2323,1172,96
27377,1250,25589,58
35671,18408,28984,88
19725,38462,5739,23
14636,13215,13647,64
11590,13799,31126,33
22247,6341,21772,80
2018,38434,23598,77
21009,26316,13037,95
30303,29283,10533,44
16,10626,19770,34
24919,18821,2261,45
7163,3272,29387,25
25073,23420,16966,66
26544,20599,3838,56
35388,30079,322,80
1809,4809,9394,62
26439,21467,30792,66
38732,8551,7904,42
22926,23258,20771,94
3979,21434,31101,96
14709,2671,34209,57
6347,15985,19858,71
153,11301,6942,23
19890,8671,2567,63
16228,4897,36779,62
1578,32531,14573,40
27307,13917,37101,32
16058,35336,13915,102
3919,33965,2354,87
22074,18013,33,50
1176,4225,37999,84
25551,9137,32668,72
14765,7583,33774,37
21352,25642,15237,88
28555,22160,3320,50
12500,37745,21162,98
4212,27501,4815,60
35478,34638,26689,76
10739,33294,3377,63
26711,4535,6923,33
5321,31537,5463,48
16587,4138,36072,69
13958,27958,24467,50
15923,272,33944,48
1695,8700,18080,61
35706,21087,21784,124
13751,26655,29754,29
4902,5578,24328,35
20666,23686,16921,65
4853,22863,18968,60
18074,26636,25245,35
24351,26290,21830,45
34243,1808,36025,45
15773,33901,15322,50
16061,2716,36030,85
3967,26713,19916,60
18075,13719,14283,45
13537,26509,7639,41
21032,30257,13704,75
22094,6300,10075,104
4268,6005,31814,98
7700,26417,9268,56
27158,26305,16635,27
25638,12387,13968,79
34934,10702,26544,42
6249,14616,38545,49
255,34842,36801,29
1918,38491,25916,61
34601,4916,6842,29
34679,34636,25098,19
22757,10143,14734,100
22625,26661,7091,59
24928,38541,34724,16
4195,10920,5474,76
4004,20636,7097,51
1534,32698,19058,34
1869,32535,1942,48
31146,1951,24506,39
2553,18892,26608,54
349,4570,16516,31
2395,19572,19843,48
17005,32518,30780,29
37549,15971,24427,66
26299,26439,3828,66
15075,3001,23360,74
24789,788,12122,51
30114,30014,15461,44
29340,2444,29545,44
24439,9403,5377,49
13113,13040,25540,114
36063,36039,1121,50
18261,18336,37668,64
28221,35706,33993,93
30840,822,30273,46
22930,3152,15167,62
27089,9411,16236,65
8364,27806,19241,55
3088,36383,31247,40
2665,13559,12954,88
8397,7875,15515,45
2020,9108,31937,72
38761,22770,24432,54
15089,9439,17443,62
10095,34611,38481,61
35256,6787,10777,85
25564,11530,36348,62
27876,16821,18360,59
919,12754,19557,63
10787,30319,35270,96
6388,23700,25590,120
7884,4520,9996,78
12216,22171,23747,106
21885,9199,2279,88
21957,10164,15489,80
19694,24137,33796,24
32382,20683,25052,13
31123,29341,28965,26
14516,26701,2556,60
18167,19725,26385,38
33448,16122,4211,102
6779,27178,16775,22
33781,12773,12927,87
36414,9139,14698,56
33855,29718,24363,22
22716,32321,13271,87
25207,1127,32404,29
28698,34999,25998,56
34927,10564,4742,44
16693,7834,30852,37
34773,17379,32735,42
34019,10814,14588,43
22873,29694,22703,84
30519,33503,1144,63
8457,7780,33511,64
35703,16545,11012,89
34027,13814,22106,46
17275,22559,12446,96
15939,2357,38674,74
13144,26655,33101,78
7151,23273,10739,81
21351,29657,10111,96
18176,38686,4999,39
7526,36995,21045,75
32654,2512,8657,65
16175,3445,11731,57
22852,2507,13884,89
12351,7821,18951,52
17261,7080,7237,40
16909,17669,2290,73
35754,21792,5539,92
35475,13655,33220,96
28127,10960,2765,86
37721,13061,27012,67
19509,439,29423,16
23655,37185,33291,94
7844,6068,2401,84
20307,36797,12780,56
12929,16075,7159,79
34692,36394,28888,36
37884,23024,31062,74
11387,13026,9153,77
35701,27238,12382,90
13779,37533,35697,93
38576,23461,34057,66
29404,26671,28944,28
27923,23329,1135,98
388,26462,30442,36
21294,25548,7563,96
15418,12248,36011,54
16815,27001,10596,37
13148,36934,9469,82
19140,21858,3163,44
32655,22908,5269,60
7714,25551,4636,66
37257,21121,25524,95
37929,26412,8696,57
17292,21865,26281,62
20317,24292,10969,33
2454,27233,31925,64
12225,32316,21191,82
15368,12038,27277,42
34038,7169,4840,30
9806,19250,32536,62
28701,38019,15048,44
5551,34509,37950,44
17636,17402,18040,72
8565,22266,22565,85
5262,33828,4960,35
24262,5757,7022,28
13554,31517,37698,61
1772,98,147,32
28539,21046,13270,95
13933,35004,4873,35
32663,27218,13968,25
5773,34876,34781,28
36055,36115,3239,46
22100,24310,12428,63
20283,15952,15925,68
4160,24212,20605,53
4918,8006,23680,82
17529,33244,15365,61
30282,36000,3273,48
11747,36394,10108,74
1514,18958,21850,50
21108,4721,15444,66
11328,31808,34692,42
3380,18960,10150,68
38676,31141,991,33
22693,8509,5401,73
2540,20418,23440,90
30395,15793,1034,69
12304,14459,20730,44
37557,17022,297,41
35478,31062,22248,90
30107,21378,32517,70
8600,27900,1144,67
23683,13514,8398,86
122,37203,9348,49
38271,6781,13248,51
14372,21991,25590,72
6764,30768,16774,28
9293,38638,30440,51
788,37569,12524,72
4984,7631,38305,35
32560,18163,32589,36
18426,20627,18772,28
9459,26390,18216,60
28600,38496,8021,33
6054,21386,26538,88
167,10735,10716,50
7758,8353,21773,61
18361,16651,7716,47
18920,14568,38373,23
19203,6199,32565,46
26500,38633,26538,29
854,7006,13526,38
108,37694,30336,48
7196,13594,12156,50
6504,4920,25542,82
23764,31835,15246,84
6199,21203,4977,90
37038,36373,38000,55
12938,15313,24515,56
28106,35391,30826,94
29628,14567,18354,36
11017,29364,18142,46
2639,25689,26540,84
32378,23341,30390,78
38598,1656,31744,49
29629,27242,4878,22
6309,17293,16121,91
97,31957,8580,51
4233,33140,36408,85
13763,13716,4140,68
16545,33141,18171,58
23404,25586,11624,98
19562,34107,12962,54
21000,21482,1019,106
4979,37534,33366,65
10110,5631,14285,72
37966,14528,28051,64
14771,22069,18433,56
17284,9499,322,60
37635,30992,33424,61
328,23474,35687,114
20704,1735,8418,43
25831,9306,15515,72
22800,25964,34837,84
35740,3381,37943,94
26402,3246,31226,36
10842,20709,37215,39
34613,32620,6856,23
11269,37649,15939,67
19914,36901,28204,49
32527,18757,26443,26
9277,29262,22186,56
1066,1244,23401,88
26424,21751,14387,48
16615,31146,6327,53
19243,34615,37990,38
28946,24240,9753,69
21182,32706,12857,91
8461,30944,26393,43
7872,13810,20257,31
34073,19023,1585,35
12427,34154,22194,63
33174,31120,349,43
25064,24816,19024,12
36348,23501,15516,76
38516,10738,10755,49
38484,12093,32715,43
4836,37826,1136,56
436,1013,25135,27
20562,34731,18863,16
22675,10028,6257,120
15415,6929,25933,51
21492,13938,21267,101
25146,30020,31920,45
29508,18830,14633,22
12797,12752,23724,130
14763,36409,25604,64
2500,8441,1663,77
16740,5639,34803,31
6030,15278,30868,50
28871,16666,23649,75
17390,32285,10559,56
32625,14770,4066,62
34837,4179,26581,62
21772,20404,6232,58
35535,19270,28815,74
8340,12075,23379,103
6094,25921,31820,92
11698,25630,34508,54
23001,19995,19040,52
35708,13771,37168,84
3432,13084,12916,92
32459,358,33861,23
37772,18085,4831,58
27851,28911,11495,50
21212,33117,13069,110
36396,20559,20572,20
15461,18307,34086,37
31078,11282,14685,32
19169,10087,14684,66
17307,32423,7906,50
10809,37533,4586,60
2366,35554,16915,103
13196,34196,25072,51
6191,19538,21935,62
307,31869,17502,56
34754,6136,19036,46
18066,24762,19069,29
27015,6191,964,54
6894,27238,36143,27
18849,32717,27370,18
20251,38572,6030,39
5405,37715,33335,63
23456,9077,29600,84
36328,22187,22122,64
34929,1511,8513,49
27127,1092,31761,46
7501,30251,163,40
21064,6008,12938,115
15199,16631,33337,46
24440,36775,8490,45
25783,24203,11610,55
3243,16548,38344,30
3396,23284,10708,88
23772,24240,23322,113
23628,19568,26646,70
36959,18242,11426,45
28214,30937,10053,86
24049,34193,28106,46
18330,28566,1889,52
13973,15767,27180,50
3230,21433,3268,72
24058,35678,21507,109
1769,22561,29737,64
18404,13091,3447,73
11607,11396,30451,38
13005,30396,20707,59
7792,37784,6828,47
4968,14730,1581,46
29733,34045,18941,19
15235,6963,6087,47
34884,3221,12311,52
18256,33394,27995,75
29562,11560,34871,22
28739,30126,38313,35
28068,4981,25832,78
28647,13023,37776,75
13085,34073,13803,61
16552,7579,37232,42
34963,4668,11356,32
4624,10065,25544,98
7760,27523,25208,23
31010,16598,22020,45
1760,33120,18057,67
29265,30375,3332,36
2591,36233,4077,94
35457,31111,6363,98
28638,24320,32708,29
504,9935,10783,76
17530,11676,15023,44
9076,21131,3484,86
38547,28594,7574,33
29283,4609,33931,27
17523,9426,4130,96
13229,32672,14376,59
24129,16672,16265,53
792,15475,23763,78
7986,12778,1981,75
15201,17766,11268,44
28976,14326,16803,35
16807,17290,1927,57
14524,28715,33410,51
30159,23564,7042,77
6447,32692,7583,56
6519,27298,27182,40
2329,341,4921,56
32477,16113,23474,93
6972,30986,17423,43
22744,18285,26435,72
29443,29565,36223,24
1205,33499,21063,89
11382,5492,28894,34
30146,22220,30381,60
24413,34678,16918,28
4678,15409,28696,34
15029,13060,25676,83
22647,15159,23622,100
37133,27903,14440,55
11650,18472,16194,63
9832,6867,7599,71
25876,19869,10735,64
5344,19137,2562,54
9114,12216,21344,102
10622,38507,31073,37
27085,1876,19835,30
7794,5510,26654,40
23376,5511,16570,75
38432,166,38598,16
26501,30433,1660,50
10743,231,21219,72
19119,22258,24491,39
13643,27477,26559,29
16196,27108,35491,93
28131,6797,26478,47
13199,6357,16646,82
9296,37628,33119,79
15215,17604,4716,48
29348,3417,19179,24
28259,21800,3952,94
9371,7117,31037,45
258,38522,15208,19
19152,11657,6792,23
14492,51,5286,30
36427,33904,36232,41
13714,25655,19728,55
2439,17002,16746,58
7018,27143,13950,24
33902,3858,18269,71
27798,29612,22255,56
18231,28015,29466,52
24429,26400,27240,25
18965,23720,19028,64
15273,35663,22559,104
21466,9515,36407,88
25161,30779,8280,34
3217,5391,3381,40
8679,26615,11420,43
24899,13033,7701,58
19071,29584,38562,15
13626,27219,27283,21
2311,35693,18841,98
5303,10766,38648,39
24454,19880,30225,33
21007,19506,26685,62
15267,7662,28150,52
33911,37031,10563,46
21831,26593,12398,66
6099,12825,21322,115
30820,4104,14551,64
25010,23497,27835,83
16201,32466,5633,53
20560,15449,9440,38
12146,8773,9507,79
31993,20566,28874,38
18816,18133,26668,38
30354,19254,19752,30
13795,37733,29296,41
25669,12382,169,72
6445,8253,7688,69
38373,7601,25842,57
34579,29742,16894,23
24487,26297,26712,33
34557,38607,5707,25
21137,35408,36399,116
6852,23580,27510,63
13059,25911,11714,85
936,7793,34832,42
22817,25242,33460,70
30879,21327,19979,60
14260,2772,36188,64
1736,24878,26557,35
30165,13607,8459,52
19538,2338,9870,90
24182,28932,5438,33
2726,2485,16205,105
4526,16508,9471,53
29682,25047,26000,43
1101,18228,10010,86
33767,35642,5416,77
21113,31974,38292,73
37858,11348,7872,50
16707,37068,33498,53
8413,10768,437,49
22524,223,8484,67
32751,2475,372,50
30794,36160,16953,37
32262,24084,26521,29
28158,13798,37155,56
11534,34750,4935,32
29007,16683,14666,35
4605,3850,274,62
15113,36869,24750,26
24807,1245,4225,63
9916,1817,35289,124
5353,17016,7660,39
34526,11422,5631,30
8726,24379,24501,39
32291,28217,2451,72
24754,971,9249,49
9141,37929,6344,84
10994,35364,16711,89
30763,12008,24142,49
14598,16888,7140,30
25626,29740,33450,67
19668,25553,33771,51
6073,28219,27148,64
4655,19573,34998,28
7908,12510,25123,49
38563,24249,21785,38
28825,20603,35710,70
36051,23366,37838,92
31197,19734,25891,52
24378,329,1529,35
36765,8731,10508,58
4088,4969,2505,92
34547,30063,4880,40
24015,36306,7553,41
5657,21110,12452,86
23552,28597,209,70
37631,4012,28847,78
13125,2609,15754,108
22958,7031,18451,67
1993,37958,3070,58
12901,27993,35399,123
1748,15359,36121,44
16784,1268,29654,33
9156,2729,34982,72
22127,36827,10711,61
7155,22104,33178,58
36348,18189,22898,76
8587,1076,29726,43
34186,322,55,21
16606,16887,19506,28
15270,18875,18274,34
21909,10963,17608,72
23713,12110,28551,94
9513,34752,8535,57
14265,37581,36820,51
33905,10956,8441,52
33778,3412,36371,39
8350,1744,9254,69
18313,28676,9213,60
9176,8252,16814,60
25814,10810,26770,70
27001,18263,23290,76
2554,21829,13925,73
13024,36464,1886,75
10543,33235,11647,59
13927,14521,1957,45
4519,18522,34820,42
18115,36416,3100,50
28992,10565,17659,60
21153,5696,14471,68
21247,25851,37762,104
4121,8537,38343,68
4245,16567,37099,68
20005,2441,15775,75
35578,36459,13547,85
37262,28740,29576,31
38431,5533,37006,32
36428,13044,15315,63
37087,9148,1992,63
33950,17723,908,53
5614,15515,14258,32
5475,1028,20566,32
4044,30074,26737,72
9257,24507,9992,85
16524,22756,21078,95
17395,23566,28524,90
34880,2422,14,50
26571,30079,14568,42
19059,5748,31637,42
26599,4596,11459,36
4967,27806,25036,45
28754,20370,16220,47
18441,1674,18195,60
38452,3225,5726,31
25856,19017,2,48
14267,29006,28627,36
9152,28711,8728,61
30811,38004,20517,36
24975,10036,18075,71
18955,6772,27901,41
13750,9818,25579,97
18415,34782,12075,58
36136,35682,20542,74
7962,30943,17009,37
29426,11010,7991,42
22948,103,3022,60
11501,38443,36128,31
23771,24100,32011,85
3277,22170,28148,66
24428,31077,31170,29
20268,26572,20399,16
22108,8578,507,51
9114,36290,14734,56
25207,11740,17581,39
5654,38259,32737,25
36890,27906,19188,49
29384,16556,1066,33
25797,24438,7090,52
4997,38401,5417,31
5661,34948,15450,28
26732,24255,20506,23
37022,16263,28224,76
23437,10148,25627,136
9265,26443,13808,53
18869,7034,31696,37
35629,24926,37243,74
15249,13662,11293,31
6362,29579,38520,41
26562,37541,14322,48
30140,3783,22218,84
10073,13779,35370,117
20625,20567,33022,31
31598,1918,21833,68
498,29500,17475,36
19793,27117,20468,12
5741,22120,14381,48
2531,26328,13871,61
4105,38698,35659,103
9919,9496,1572,96
12264,9129,19512,64
15383,21981,16643,43
25167,24157,33264,39
6772,25761,37674,67
30280,38552,6027,55
28925,27040,19125,22
34821,10123,33087,83
17557,34753,19511,40
15160,18414,3980,70
13023,8417,34147,69
21030,23606,30204,114
21122,3380,5455,70
28684,32509,5527,32
14468,2508,14688,60
34120,34135,36907,33
28244,7000,12861,74
22955,16270,7222,80
10116,20448,16233,83
14609,7006,11633,29
10078,2538,5562,96
31227,30776,10032,68
31630,2386,27511,64
24462,28159,30766,47
12971,22242,33469,90
33842,22664,15142,57
28009,6210,4123,102
5423,12264,37121,57
4828,36055,4170,72
15338,12429,15158,46
14607,31155,17430,48
26660,35547,31675,92
1899,1587,7069,47
7998,22230,21435,84
18019,35579,3855,118
15814,17307,29337,63
37639,11254,29421,38
5562,32402,28544,32
27452,37065,19765,25
5667,24410,4096,63
7177,14640,2318,55
18799,15387,33871,23
32358,19940,28182,42
15498,29747,33000,39
5501,29006,26656,36
34804,37933,10948,54
37982,32740,30303,50
21209,19956,22253,74
16712,14652,24214,32
33443,4165,27840,97
4833,925,8392,53
33873,13118,27016,52
13746,22865,21387,97
9011,25066,17476,57
22201,30286,25764,78
10998,19754,16972,39
4165,832,29652,64
30995,14446,2660,58
38593,25075,18379,28
4612,3899,3857,98
3072,19152,19135,26
27139,11259,37122,29
14715,27947,12266,70
22531,16087,7519,89
34632,5303,34180,29
25153,15374,1886,31
8362,17700,6804,54
6815,25545,10541,65
17565,33478,2295,89
3321,9134,22907,82
27925,34104,23003,77
10248,413,933,72
8609,10674,11355,53
9496,36385,21098,88
12213,20445,7117,39
18265,16035,24482,62
30406,32531,25881,62
20738,32000,23418,78
38593,27066,34046,18
27454,12028,3194,48
15364,17764,24266,43
8360,4504,399,41
38315,793,26624,35
5492,1528,14562,44
36235,9216,1511,64
15233,18207,9246,56
6478,29311,16193,69
27132,33299,38006,55
9403,23697,36802,95
8444,32417,28890,41
20358,29575,17262,32
9962,26669,12924,99
1202,34030,13195,66
16595,25700,6014,79
9909,25181,31082,61
7051,12826,29287,50
14566,38369,9130,45
38771,16874,21078,60
9352,29263,15362,40
16511,21832,16918,46
24881,33446,15758,63
26615,19692,30982,28
33901,24332,12111,48
24044,15865,5459,54
34791,22502,10649,70
24919,11284,23005,53
23020,35439,32304,104
2735,21392,16774,91
28212,17558,37731,78
38553,4865,37902,43
36972,37937,1,45
36875,12141,38542,50
22022,11642,28214,62
23407,14716,11017,86
6972,6010,35555,95
14418,33065,18754,45
19261,11377,12808,55
26604,30427,34611,38
7977,25027,3375,33
9007,9108,28151,84
32019,18189,19013,50
31668,6906,10507,53
34543,33796,3421,31
10121,19697,20252,56
33824,30509,11450,37
13209,20695,18898,47
38495,37200,34704,28
18204,25868,24143,65
31127,32494,37059,33
12841,7193,14296,58
29577,22164,33981,37
29763,32465,25835,48
8674,21409,28721,77
24046,12285,22131,63
31667,31896,19025,54
18463,1889,33120,67
19570,31588,31595,54
2251,25818,34859,80
22093,19218,19126,36
37755,1105,35687,98
27323,28901,11528,26
22735,28852,1642,72
306,4253,36774,63
6943,32531,10184,63
9290,4082,10627,92
37806,34714,12365,62
12809,25845,34141,84
19538,32626,30768,24
32681,27309,31705,36
12078,21850,29284,58
10048,30947,21874,82
6851,13059,10091,94
11588,13007,26412,61
34645,3145,21495,66
33453,25982,18261,83
20280,34155,24475,20
9239,25101,9482,59
30937,28081,12219,68
32291,15102,23425,68
18328,5657,17435,58
28879,19799,37885,42
27143,30223,31130,32
6970,10775,30953,39
36917,2010,24010,44
13766,32498,22139,45
28246,21890,31973,76
7701,19938,20482,24
25506,25129,15116,47
23509,33360,9834,127
9340,31667,12278,82
21779,16626,2747,71
9443,7751,4523,58
18128,11722,4752,44
28141,6496,7121,67
4560,1743,21236,78
38006,17402,31745,74
38613,36893,18351,40
27080,24049,4069,55
12229,10078,22999,118
28914,23766,16652,75
4959,4796,25570,64
38735,13183,13588,57
34250,37908,8716,54
12390,30414,27261,52
26394,8711,13776,46
7795,3994,11671,68
26769,13131,29759,55
37974,25600,4525,74
16831,9516,21460,83
31089,24252,14299,31
6890,14479,38304,24
26425,27485,5547,28
30245,25736,21433,98
29328,6831,27171,15
11379,4565,1249,42
29717,19274,6220,42
2504,30257,25269,57
18199,3802,20518,64
17429,30869,18146,56
12398,18320,37874,74
16139,13117,17524,98
18964,36280,22102,46
4727,21333,9133,86
33065,17282,32765,61
15973,879,12324,81
1602,37986,7001,51
28002,27085,34883,40
30831,29321,13557,27
3933,29317,30273,64
36443,32495,21364,68
24383,25964,7125,52
30115,13184,23630,109
14425,5016,11470,36
25997,21940,17356,86
37929,7501,14419,52
23397,15454,2601,96
17309,34921,17462,60
30479,31882,34027,51
15894,3495,19911,53
15449,30442,38624,31
360,24273,30005,33
10980,12099,23442,104
3330,7710,20422,32
205,21158,34209,59
17367,17275,22861,92
19138,37913,8656,51
32479,23,4978,28
10679,10509,37104,59
34048,19807,10099,63
25695,11426,1669,66
29743,24920,32497,15
24197,36233,1117,43
3957,4839,3057,70
14295,903,3039,44
16741,20675,12278,43
7570,13243,19977,61
13574,13624,10630,48
30409,21952,24431,51
29728,6473,6837,43
520,13033,36481,61
13541,14401,7570,41
27281,19183,3904,52
29545,27360,5382,20
33498,7054,33130,61
4769,21872,7769,54
21469,7195,33046,78
22579,24506,12817,88
12284,16946,10077,89
8568,2743,19863,63
12821,38712,17327,70
27792,18915,25567,70
8527,38732,32577,34
6442,7270,326,45
2406,5425,2650,84
33493,9018,25523,91
21792,14716,3860,78
10078,36519,12448,94
37710,4741,10137,86
36223,25581,18357,72
25254,19122,8426,30
25082,33862,405,18
35766,18409,37843,100
6778,35279,13993,76
4759,23417,34950,74
38624,24759,16591,19
10999,4636,13025,75
16766,36377,14634,39
7816,33965,14305,37
9185,12279,34667,66
6521,12816,27956,99
38315,11535,247,21
19506,38349,13755,24
6080,15519,29743,44
2741,17619,5492,74
11381,18904,1254,34
32304,17005,6276,51
31791,29680,22047,52
1244,11442,31089,38
9160,10797,15341,58
31832,29763,10733,50
28073,30518,10534,68
16892,9914,33471,86
33266,15172,25258,38
23509,32604,13731,73
338,21302,2291,86
35293,15221,21350,108
320,13923,375,25
7672,38708,11645,31
10986,35511,33772,87
2540,3444,10243,98
7018,26559,13511,32
24910,19835,9038,37
783,7944,6380,66
7093,9957,13977,68
7963,6922,9178,51
36857,37793,22582,79
23427,33140,8769,100
21969,30118,20639,44
28908,14627,5620,36
8575,8487,38297,47
13529,2330,37930,73
15524,5491,37184,35
25839,13585,7819,65
26540,22597,26304,64
12011,32325,31774,62
21094,3081,3513,72
23515,36794,5474,79
14479,28716,6970,31
21282,13672,25806,93
37688,36109,16140,73
10736,24789,20003,31
13691,10139,12340,91
5593,32398,4572,34
20726,10718,11493,34
32648,9909,13095,95
26685,3419,19159,32
16781,34185,30522,38
37731,19945,17772,56
12297,362,19588,42
37055,34983,4637,37
21760,37636,10674,70
33080,2540,11723,73
28737,8561,7993,49
37150,6840,3489,36
37981,27247,6184,60
18902,2619,3116,56
21783,830,18522,62
19850,9091,17672,60
16880,33841,36176,36
10910,27750,9307,78
20417,17306,20638,30
34936,12123,10707,60
23742,14626,2538,100
9126,29544,29008,44
34917,17333,6969,41
32445,5605,278,26
17768,28692,15809,71
22083,27027,2,34
7186,19013,35723,69
14487,18393,26318,44
24475,32342,23656,69
28126,9516,24919,59
2291,13252,2559,111
21076,32408,19230,58
12201,7912,22900,86
25722,31007,37616,70
3176,32019,23329,90
8529,29448,3484,39
23317,36502,26606,80
1058,22026,38664,47
3339,18417,7116,41
9827,28932,1510,80
15315,33232,9811,83
5755,25091,27017,19
30870,1854,31255,40
21847,24979,33322,54
36363,24171,24086,34
18806,504,19859,18
30035,32393,22873,66
37756,30371,4535,56
2495,25136,7631,55
3137,17595,521,46
32315,26435,19203,26
31027,6095,38380,47
31951,14000,20612,39
33058,4754,22586,81
37991,31773,10121,96
28990,35720,12789,107
28924,21273,25684,92
34690,15520,3961,58
19620,6368,19260,44
8617,17305,20005,53
33923,2475,29496,49
810,31686,28606,54
10713,33382,37808,73
7183,1203,1007,43
18767,17305,28671,44
8357,31145,15091,39
30881,25954,27512,50
37746,32734,13007,71
25098,37004,13510,31
38733,36228,3974,63
15315,8616,6,35
32634,38767,29716,17
30974,18355,28593,42
23484,31685,3272,90
30387,37706,24171,51
24488,21868,22963,73
19248,10919,18408,48
22232,17288,31893,74
34023,1668,28127,57
20428,13982,15107,23
20316,36948,3976,59
36317,36169,13691,45
3772,12278,3241,86
36052,25015,36118,35
31931,37901,16994,59
37185,32457,17437,49
37829,5324,4717,50
24083,18796,97,21
2641,15136,37048,59
11402,6047,12315,72
20268,11523,36418,28
10935,17771,26739,60
35285,3803,34903,106
10058,909,14536,78
22201,13860,11660,47
6928,22822,6847,54
19515,5397,25756,54
15965,5533,18131,65
33079,9377,22966,95
25026,19712,37272,24
36085,31578,2665,76
19744,34502,29597,18
2498,16173,38695,74
7567,38608,24498,30
27406,4895,23461,70
27950,234,834,52
29282,22123,32560,36
6001,10507,36084,70
10523,8366,2256,79
22078,9243,1896,72
19522,15165,5396,26
16554,34794,25926,55
22228,28225,14295,64
1180,12130,16749,59
16175,5598,38636,50
11399,25707,31717,70
28914,5613,12104,54
13182,22956,369,85
20444,31089,21861,36
7643,3305,5263,42
27329,38442,33932,18
18504,12842,22004,83
22057,10741,21104,90
8524,6077,34817,61
27869,18843,34620,42
24801,28661,10165,63
8585,3972,13925,76
23545,6337,35260,140
28033,37723,31524,76
21190,10915,21102,110
33300,6776,27822,62
30419,10689,33867,49
20758,14557,5385,26
36907,27047,32647,27
21087,14716,19949,62
4768,193,2470,56
32761,10765,38432,35
9049,11652,24929,41
9235,18393,2424,84
9118,476,29612,38
31678,35317,26593,92
10167,3341,35480,118
12280,17678,20017,62
6116,27176,10081,84
5635,15248,7908,36
14587,38740,13969,30
10181,6329,3845,122
19881,28929,22135,42
26665,18950,37046,33
31597,19985,36905,45
3183,34600,17499,48
17329,12976,14571,77
4048,24011,25766,87
32681,31796,31195,42
28939,24872,1062,33
32771,21051,8501,73
10766,3902,19118,70
19144,4555,3357,34
13636,8516,8745,55
4889,37973,1678,58
30204,8760,8309,60
14616,11399,10969,44
15469,16579,776,37
6099,19792,38585,43
13701,6132,4013,87
4769,16712,9919,73
28540,24398,3124,35
7965,36127,2451,68
14565,22047,9994,84
1028,25183,9935,69
6066,11584,23583,94
24494,34707,25835,53
3459,9294,5547,54
11627,6230,11445,52
15897,3908,23378,127
13968,31961,7999,53
22788,6300,7564,88
17460,25769,31261,72
34706,33170,34868,43
11695,30333,3817,70
13748,13665,29479,30
9997,14343,6461,92
12982,36828,22832,94
38712,3456,38617,24
31654,36025,19696,46
7061,6918,1946,34
11494,9113,864,56
31008,18320,16784,41
20266,2621,19714,44
8670,15106,8592,50
10880,7517,25965,74
22521,5465,12149,82
4129,36910,4638,71
16094,12119,1044,81
21827,14525,19911,42
17422,21512,17754,96
9941,21080,3414,106
21200,21842,24162,77
29433,34193,36010,29
21853,21038,7573,84
13661,2595,6021,81
259,23359,10673,80
18204,25130,9985,71
5638,23015,13148,91
34798,9223,18934,42
9071,13603,7670,57
22268,1584,26736,56
16085,3100,11002,69
1553,31612,13684,57
29318,27242,25548,44
15006,32485,17,22
22172,29502,21278,72
38554,12866,12895,83
18082,36512,24424,45
23771,20726,9144,82
1856,26624,6213,64
18866,16170,2338,75
506,4110,32007,72
3819,21890,25132,69
36462,15009,35606,80
23361,498,22021,82
11722,23573,13632,75
7620,14524,20378,30
24333,21318,18253,73
19210,9901,37862,78
7984,1517,27489,40
13192,35647,38589,100
3511,14631,4679,40
37107,1637,29755,39
22611,34165,30447,67
10677,10999,25862,80
8412,7192,18163,48
38250,31595,5352,41
27128,16152,14688,49
26307,18466,12806,71
25799,247,4118,84
28067,4025,32422,78
20671,34198,10143,59
2412,12094,10065,114
10535,24147,24331,40
25892,26593,27341,52
18414,20575,37997,46
37777,35468,15212,88
25157,27147,1746,27
27524,1992,27780,52
9477,20266,28659,42
12827,33444,26015,102
34017,843,8022,43
18174,31578,24013,53
27754,15878,24443,70
28906,15448,21190,64
10859,30101,24802,43
36754,16014,25568,84
16734,24075,25831,56
15025,17739,25888,70
13099,23326,37796,115
7192,198,6187,45
20527,27244,36182,22
6886,28149,20425,37
15306,8479,8381,50
31588,1752,28027,72
18463,14337,18236,52
12860,1840,16671,70
4223,7587,14271,70
1167,25040,10788,43
34688,9226,3509,50
36035,15513,6197,56
21075,27121,5251,60
22817,25879,18910,82
13995,24281,15885,55
2528,29296,22785,80
13977,37010,12427,58
33433,17348,8494,74
38369,21797,22927,69
37821,38282,29437,33
35728,6139,19933,94
6427,15302,37117,55
10895,18171,18078,62
6859,36252,2606,59
37769,35004,23469,84
9494,5455,22714,80
21833,4693,22994,78
34245,27993,2695,73
1219,16066,18809,57
25153,7188,18867,16
19770,5315,27164,22
9512,28805,29492,44
16930,10058,23274,111
10793,9210,4863,64
35441,16844,27782,95
32551,35542,3347,78
4787,25251,27079,21
38381,36913,21152,64
35673,4679,5631,82
30227,3278,22747,72
12889,22737,25980,115
7845,24367,11650,35
14518,34564,15864,53
847,14706,32757,38
35767,12421,14485,98
18022,31744,20639,46
6091,31041,18805,48
23340,27404,24327,65
2772,1752,25102,59
17574,10750,371,54
6046,28645,26544,56
24829,30266,21996,45
11624,4850,12988,63
15180,11637,35337,74
23022,21141,31561,108
9809,24763,29606,55
8533,20555,1892,43
3174,24337,13211,62
5332,25588,5332,60
7833,38302,9982,69
24458,21299,22093,77
19942,116,8534,33
1107,38612,29319,27
34573,7776,13706,37
5620,29008,17433,50
31146,19520,22098,40
29349,28848,18342,36
24908,5597,31620,39
12293,17407,24809,59
17482,1210,3803,86
10069,33101,1945,95
13822,4688,1663,47
13580,6090,36449,61
11456,10649,20257,34
23365,30267,4608,84
10816,25830,31118,68
25227,19192,4016,51
4580,6248,2407,82
23601,24033,27208,65
1905,441,5735,38
34898,1900,38481,33
24786,17704,15148,37
33441,36923,12491,72
19042,27451,21921,34
21018,36404,47,66
27945,18841,19762,40
17415,36523,21355,86
4059,33779,28682,63
32462,26013,12386,74
22704,31165,36293,66
38340,5435,4938,31
18835,16930,19072,23
32721,11352,3049,32
37245,24966,19687,24
37019,12281,2705,81
8013,1054,21035,78
33972,13945,28655,34
31745,32275,19244,38
25172,5551,27173,19
36081,23475,13788,81
16205,4178,8729,96
5728,5000,18135,46
12949,37680,28973,75
9230,32503,6102,68
215,9384,21905,58
33272,12858,44,72
26626,4044,18950,60
27254,37507,35719,84
15058,21074,18450,72
33277,16657,33780,47
22213,19539,19982,36
5281,33441,27397,43
1527,30896,6943,37
27380,25180,1187,25
37961,9384,19580,58
26353,22527,28668,64
3127,4940,34007,37
14713,17405,38561,43
3404,34582,21853,46
10507,14255,10132,82
2561,1254,2016,74
38618,22662,24920,48
18097,23497,17703,98
9754,27897,15352,84
2765,19933,15168,50
28787,36939,12430,57
11716,34175,24464,28
38691,2430,13588,54
20475,38289,8686,28
28562,10231,4531,74
21211,11544,19869,60
10598,22840,7623,78
6387,24274,10001,89
341,6222,13092,77
25795,27287,19181,46
7836,18999,19883,28
37972,17377,11454,60
27107,38528,24786,12
7826,22051,22744,80
27307,18418,10910,46
8316,37946,7643,61
22221,14476,34049,45
28119,27778,31506,80
34011,19960,18822,21
8579,6014,22981,93
9182,28240,11586,66
10222,6311,25677,116
13231,35529,21016,139
1802,19068,14330,38
27231,30370,33155,49
34651,38662,10762,35
22722,30105,7229,65
9930,37083,24410,72
27048,3804,27851,74
2562,15035,8420,65
21347,24287,28791,65
12759,18143,4667,73
24179,18061,25741,65
24488,5489,29261,25
5657,13741,26411,37
34979,36079,24791,27
4113,26709,10704,76
25820,31811,16581,71
36113,15494,4233,66
1560,17728,24998,49
13968,756,25972,67
24136,513,31691,39
32425,18391,10827,50
4605,11553,31850,48
3409,25018,35585,73
14678,36909,28179,55
31167,25241,27218,17
27143,31535,33282,55
21993,9773,24289,81
36889,16,25624,57
1515,28933,4562,46
27186,34661,13930,25
38339,17699,15428,39
34745,21401,33043,79
856,28691,29660,34
8316,36122,9827,85
19003,30366,31123,34
11735,2721,4124,88
33198,20533,18242,49
4891,9339,31073,52
24754,11539,26594,25
2602,9315,9139,92
16163,2006,19184,59
3453,13712,11753,37
7016,29498,26730,23
14457,20661,6068,46
30294,3027,37905,56
18917,36912,11659,31
22255,6825,16902,42
17006,33245,19751,44
28725,30377,15953,63
25041,33159,17734,56
18015,24829,26447,35
29445,31911,35432,84
1905,11674,37790,54
31937,11015,17338,72
35655,3455,6329,102
6979,9434,2672,71
3466,31107,10174,72
20516,15413,28906,22
20524,22061,22108,50
13711,156,8769,40
20009,19112,32548,20
22779,34987,13841,61
7101,3760,992,67
27854,35617,5644,96
8553,32687,14019,42
32696,24331,10106,65
22803,7989,32420,64
20424,30387,36450,36
31701,37257,29340,43
10628,38434,37768,51
38517,22658,38564,50
4210,34509,5529,62
17543,33849,31527,59
16111,1114,33324,78
21939,35681,27407,84
2516,16743,31780,71
32386,22918,10705,70
38625,20278,7041,14
16552,967,13003,68
35642,38585,29593,65
24859,22566,246,49
33039,10974,13094,88
27414,4797,5547,30
15793,8385,38362,59
1749,32261,25181,31
35278,12751,28184,123
28800,2421,33268,75
36244,27018,963,38
22105,37850,24050,57
10910,8400,33140,70
5756,983,21115,74
30346,405,16973,35
38518,9776,15808,86
4728,6393,26298,58
22973,10900,28238,90
12893,4186,27986,109
13240,37673,12040,93
4519,27438,27,24
38363,26609,38371,22
8308,24315,15163,38
11706,11346,13589,33
15922,20686,25524,71
27861,12505,21968,82
28568,12845,6322,83
8399,36160,29742,41
2619,16767,21812,71
12045,38602,36880,50
22825,288,9171,74
34837,24449,28020,45
38640,2021,21408,69
24040,27757,5308,49
26508,28257,10126,88
9795,17536,10948,96
15100,3342,33988,31
9465,36844,30751,53
9778,37913,13219,111
31665,8459,14751,57
29250,255,30778,20
10793,12844,38476,66
22891,19966,28242,74
27992,36171,25074,47
12470,18773,32300,44
28090,34582,24387,45
26428,22591,21286,96
3344,33058,7037,48
9452,33512,18964,61
12857,33126,17379,92
1976,18124,3117,54
28773,1651,15113,40
15384,4797,24832,25
5297,6836,12780,58
33043,11510,36835,52
7964,1620,11445,46
18765,25088,24340,18
34047,17753,18817,41
18229,34639,26422,40
1620,9826,6305,100
21515,31690,12276,98
21246,30518,22956,102
131,22749,5010,60
1610,30191,22212,62
25005,10110,7673,67
19588,16883,7236,24
35547,15831,24324,98
3287,32711,3213,36
19645,2535,7119,49
28076,23534,23397,132
10697,4781,38753,41
26702,1889,7034,39
10753,3368,971,54
8460,10868,12327,73
1841,14726,13622,45
24875,3505,15192,25
12974,38718,13706,57
18243,7660,16015,69
17313,470,223,38
25684,17774,28832,74
2672,28889,36762,63
30335,18240,4111,80
38536,13530,24829,21
12312,21378,37686,98
24421,32491,8533,38
34093,18475,14591,41
25198,37072,27473,22
781,4147,28083,88
16558,32419,10048,67
934,4657,12200,62
10646,13912,31891,59
29677,877,19035,28
19076,35410,27971,90
12823,7196,31669,70
22771,20301,27995,70
19173,16175,30067,57
32402,34794,130,22
14356,9798,36965,75
27308,25028,30091,25
9966,32666,30917,66
29526,26516,21249,60
37924,33243,2380,87
4763,23666,37630,90
15946,8605,7022,61
9249,35721,8266,105
9777,36161,29556,68
6400,213,33861,47
1642,13715,27040,37
27378,29689,19246,14
3851,30918,16236,85
13506,11583,15227,31
3085,10990,32250,44
29335,18510,36225,40
31908,10988,37687,70
15177,16832,12482,49
27926,17372,18013,74
25954,31572,17489,86
14414,20395,37136,29
34065,5372,15403,29
16506,22780,22154,75
11722,9524,29412,42
15180,14390,21997,44
29443,30310,22500,62
7693,11717,2318,62
12375,992,16114,81
24141,25037,35587,68
22876,28185,1906,88
28929,7519,29594,32
25565,10692,25903,94
464,16658,19833,23
6127,19121,3091,52
1515,33007,6851,54
10164,33425,27768,103
1710,30082,15341,46
18769,21889,29332,34
34267,38485,11632,24
24267,17550,21368,79
15917,30254,16036,84
10657,25692,19783,64
25225,11424,30037,31
24192,21891,27004,37
1513,38531,31881,49
12126,22030,8725,75
9511,16699,18201,59
33038,283,1588,53
19814,30235,2489,60
31237,1707,20365,32
14487,2353,38381,53
22795,25500,108,82
22840,1743,24089,69
9395,16870,23588,91
21355,7575,4633,74
33253,34718,28534,47
2426,25867,29006,84
3778,38587,16813,58
29471,13264,460,49
14563,33314,37561,63
5295,29590,22985,56
23410,10579,25564,110
13519,17669,928,57
25210,4964,16188,50
14461,22591,24995,55
37791,17450,27420,54
25665,37781,11562,70
25716,20342,9854,86
28913,22261,25705,72
21374,29544,33792,57
14716,32533,26291,32
17720,22917,16605,77
25685,19537,25035,45
21507,28835,36453,72
7079,16238,18326,60
15186,7788,35257,80
37052,26260,14275,39
37124,13695,10977,50
28533,7822,38673,33
22113,21974,14464,60
31179,28816,4556,36
22697,4935,31564,78
22507,12147,30362,88
6799,37635,36348,47
758,10606,30881,50
7253,38617,16603,23
25221,12058,9316,61
29461,8293,38524,30
114,2579,6860,49
25008,10848,327,31
22709,16762,28569,63
12947,21439,5632,95
7093,6478,30363,57
5551,27899,14574,52
29354,14013,897,35
5350,5323,16977,35
21068,17734,18371,90
10716,17388,7093,55
34674,15228,8738,37
25186,3075,25596,53
4521,28710,23657,78
17468,3339,4793,54
19624,1220,13077,63
12348,31834,20587,56
62,37524,1682,50
80,31617,37167,45
6112,21000,31765,100
11691,12874,13604,62
10682,12987,25853,97
31560,12822,27952,91
5290,17332,37181,53
33906,23257,19258,67
19033,13024,23373,97
20409,31974,36835,41
11422,17610,31626,60
26265,14767,26666,36
12935,14445,1604,71
26496,25853,36280,64
22557,28953,27353,56
37561,27130,16516,39
34955,21003,35567,108
966,24295,7985,43
36868,4604,337,35
31736,2537,25877,96
22945,35729,6386,128
19571,6933,26741,25
15254,15795,28077,69
38728,12754,24377,53
17395,16084,14715,71
23481,31807,34642,84
3855,3490,1179,74
36050,37863,34072,49
25884,34250,3077,59
36284,27030,4259,62
36493,38394,10017,69
38763,15157,28806,25
6879,28990,6015,51
25580,33880,17762,71
19154,37694,4797,44
17301,33000,9028,81
4024,12985,9406,109
30374,29267,1183,40
21031,21804,6892,75
24065,24321,7893,34
33834,19859,4787,29
27925,3847,31810,94
28791,29497,22810,56
18986,1642,30012,44
33418,776,15774,78
13012,25937,26673,87
25201,16982,19608,20
15834,28944,2473,81
16684,31883,15851,68
25812,7630,14462,64
25551,9887,29276,88
27815,31515,22158,76
3386,28159,2643,78
35578,29580,23355,112
1159,10511,17717,66
4917,10986,15209,44
5271,6890,7115,26
4769,9138,37975,66
9816,16235,28818,93
27946,30124,8763,67
9506,26465,31856,64
12411,21235,13027,113
781,30117,36930,51
18798,10804,36111,44
11636,35704,26399,78
26407,26465,3144,38
32670,2751,25961,80
14590,19050,1546,38
15448,28832,31259,30
3908,4025,25145,87
2313,13836,4041,91
12275,4682,21459,88
9127,3876,4047,112
25623,33911,10015,93
12153,9317,9114,86
32256,11449,19088,24
31046,4005,13161,91
29675,15779,20274,39
6088,24827,27192,39
28597,10005,35021,68
3008,24423,4253,65
13035,5342,28821,63
20764,38370,34175,16
34611,31516,21234,76
37833,25227,35744,83
6081,3014,36371,62
25263,9118,1035,49
6486,5626,16516,55
13993,9470,28903,53
10126,22000,16163,105
33488,27844,37898,79
27898,21218,21994,96
4552,29412,9513,46
7610,22610,21378,100
5626,334,832,36
26717,27045,24769,19
9391,2283,29334,68
17017,13261,21216,94
2255,29316,8262,61
34981,7052,12330,45
18114,36133,35555,92
284,2319,16023,75
37586,2743,9383,88
30488,12769,33856,66
6427,12772,33948,80
13044,3003,3158,67
27499,36421,896,38
19187,15209,35545,70
15786,18174,14409,65
8000,2639,14723,64
37147,18956,18228,41
36955,30384,16771,44
34783,20548,6792,17
35683,6877,32452,71
36910,23712,11301,77
23702,27765,8004,96
28862,36231,35558,84
16538,36041,36013,43
33384,15128,3363,49
3934,34552,30436,68
6142,360,34676,46
3789,1611,27820,90
30049,9384,12140,76
33009,24919,388,36
31873,4082,21333,110
1057,18057,21386,82
9217,855,32652,54
8628,3368,3075,49
21033,6249,24310,85
36503,13259,13014,94
24008,21455,16992,64
10999,32273,15269,38
1586,34219,35608,85
30191,33285,8610,66
13794,7560,25872,65
25507,3000,18226,70
33951,2370,23459,97
35365,17507,12370,112
18372,3196,14646,46
38515,18763,11288,21
24872,22138,3151,41
5306,19790,4851,32
6110,29384,27378,40
27806,3114,25647,78
6111,17257,25599,94
33295,16917,15970,71
10899,22684,6756,69
9464,28010,9849,104
36045,18859,11542,32
22501,35763,17358,122
16939,16996,2452,58
5378,24793,27931,43
15370,28274,19586,42
14739,33174,372,45
19610,7585,6462,54
17498,25935,18818,68
11432,1716,28664,42
15186,7047,11661,25
16153,18215,33056,80
5525,21985,24262,45
29428,17009,6291,47
1752,19611,17564,52
34572,32529,8498,37
18470,27416,2402,60
29340,35614,13712,73
18384,23536,32671,80
33197,29737,5756,43
27820,10070,37252,91
37804,30368,1885,62
33925,5551,33190,48
38729,16093,21,44
9163,31714,16111,85
35274,1906,35355,132
23666,6067,1611,104
9166,37557,13736,65
9366,33194,17292,81
36873,38650,12135,50
36889,11445,7718,41
3877,14662,12489,84
26251,6274,29364,48
25995,25910,37878,96
21885,33007,12061,81
9283,35325,3842,126
15265,27024,9183,40
38447,8524,3396,40
28825,27356,14743,28
28621,443,15284,26
15763,35508,25264,92
7943,35401,12139,102
19190,357,31163,22
10050,20380,19559,56
17493,31266,9016,64
14455,16618,13743,36
2687,3318,9394,78
28692,12764,5281,63
7769,8497,37890,61
20650,32307,4547,24
28124,17268,23004,94
31266,20411,21940,36
24960,34832,28857,23
27790,13865,16948,52
17689,20009,14564,44
10217,7614,30784,74
24347,15267,4601,31
21106,24412,7573,69
35009,34055,1593,37
37188,20700,36145,33
23298,14475,21845,88
25780,18955,28266,70
23344,19744,32684,66
17646,25984,29487,66
2755,7941,26557,64
27237,13258,14496,55
24151,1118,2750,63
8574,37760,2757,81
19583,18146,8513,47
28109,18010,8612,69
21227,27116,22751,88
30261,3260,28144,60
16778,34889,33977,28
30477,32338,6850,33
3926,37844,34539,74
28247,29489,12094,62
19895,37044,11003,43
3938,26305,16235,87
36377,24517,20527,27
20686,6045,19178,40
23375,15887,27813,113
173,135,16889,23
20600,34800,15509,18
37176,13921,14490,40
5548,37904,7526,52
9339,33873,13985,50
21039,28229,25105,75
5533,19030,14517,30
19798,33514,23361,85
13961,13528,24118,35
27774,32418,30930,46
10675,34818,32252,38
5774,4015,37205,69
27523,37769,21940,52
27510,22782,22887,84
21855,12137,28609,66
30915,32579,15440,26
34741,4555,1867,42
4745,33026,13180,80
36998,9126,19112,49
27517,3896,29652,50
18446,38752,10256,73
12418,2652,7737,82
28184,30260,9514,74
30787,34599,38337,23
18842,24243,25215,18
33289,21958,10752,73
34586,21855,38668,37
31036,4004,1892,72
30360,2697,31253,64
23449,17703,27156,82
17629,6999,29,39
18864,35506,25163,65
7852,15485,974,42
7504,15109,30388,42
12373,36261,36068,62
1927,27518,22260,48
23751,24967,35284,111
29250,23493,3209,70
38371,6258,28563,49
11722,11648,18425,40
27065,27918,19,38
10706,6416,24278,63
23287,29024,6133,96
37743,2539,1773,80
15824,28771,31848,69
5639,8440,2656,69
19551,19526,1914,32
5665,16552,3798,65
18079,29659,11666,34
26015,24981,8620,60
959,1985,4569,52
3417,19058,32453,28
18805,38614,17415,37
31200,21785,17394,60
13607,13872,12027,56
24780,5276,27896,43
4737,18819,38458,25
30471,31587,25851,78
18501,14502,15265,40
36078,29545,9185,48
518,20428,16648,19
15480,34049,10810,39
34833,36990,28615,35
12316,428,963,54
14639,33916,30244,39
7514,30414,32630,42
29675,7063,28002,39
16742,24427,12826,59
7912,13994,16812,40
15814,21171,1564,97
17342,31196,37987,60
16916,34555,28897,31
28198,21796,32590,60
25636,13127,30196,93
30449,26364,30141,48
36097,10080,13677,77
6911,1903,21343,71
28544,34661,31119,30
21380,25943,13081,119
25998,36896,19985,57
9408,10634,16056,83
36111,7041,24112,32
776,21160,1972,82
23578,13955,14346,77
22143,23567,6186,108
33925,14721,21295,65
18457,23345,27410,76
2440,2257,8427,93
7064,10530,22148,53
24775,91,1163,27
24078,19606,22081,39
34190,34724,2753,53
21371,19649,36955,65
4273,3870,10525,106
6232,32561,860,58
34718,9214,7152,43
32530,11756,10856,40
9237,3025,27771,70
9280,15891,37194,76
14429,9461,21271,84
1556,2412,2711,92
25950,26270,15356,56
18351,6832,21972,51
27774,27108,19186,38
28166,35379,2684,120
26542,10067,4728,74
33476,18398,7011,54
34059,13745,34668,30
32668,32493,19523,22
2707,14688,16685,59
33223,20726,33972,38
38448,34997,34733,21
36939,8441,27274,40
4721,19059,1685,40
24268,9991,38670,62
38659,24884,9871,56
36407,4667,26279,42
10784,18425,36307,58
24464,11365,5327,31
21070,36960,11348,69
17733,29739,29723,34
31887,26562,3184,50
27258,34044,16085,46
32343,21178,519,58
34075,12831,15843,81
18776,1721,15810,59
16250,3278,29024,59
1670,3850,37154,77
1767,31670,1508,64
26426,13239,27040,55
24189,36007,26470,37
34942,16044,2578,77
18962,19770,24378,21
38289,33442,9284,60
25530,26396,37751,72
33801,28610,31545,45
7204,11608,23665,69
5709,15174,9037,48
33765,10220,1594,77
19922,25024,27033,13
25213,4147,28095,73
811,18175,38662,43
30097,28128,29742,50
9046,29537,9187,60
32327,30841,11522,28
1763,35554,15245,84
32690,26351,10906,42
20619,18755,7591,24
22166,23501,27265,80
17374,22925,27059,70
15269,10181,18065,76
25261,30883,26431,25
10893,16964,25073,36
35703,13546,1049,87
3212,24822,34082,26
279,1008,31836,48
32700,21048,10521,74
1895,29328,23596,76
25074,15008,33405,38
35606,12037,30329,104
805,27417,1110,40
20259,25930,12128,68
28247,19915,8355,55
35440,519,30060,80
20359,814,2741,56
38418,22683,10927,67
36365,22925,35758,112
33398,37539,21213,95
2367,5263,17405,74
23255,23447,22932,144
36298,14294,24103,37
23577,47,28646,70
20265,9270,9087,58
12848,24242,20286,50
3226,30521,34656,40
36215,5695,22738,68
7519,34061,6386,57
3446,36318,17470,56
984,16157,4901,65
35527,3340,22778,110
25595,4154,21084,122
12021,33494,31584,81
20630,13272,26422,53
8692,13065,6287,92
18346,11507,31239,40
30448,35408,1827,94
12781,17677,19755,71
13653,2577,28769,61
16011,10793,9105,83
16737,27752,18300,59
23437,10122,24976,103
28555,1841,26563,44
8362,17681,2620,83
38483,25216,34638,16
41,12887,28705,57
20373,6446,1944,54
26351,38435,8664,38
25554,5475,37697,72
33856,18912,5623,27
26683,9359,10855,62
13183,12187,31678,93
24431,35564,10775,87
20627,37272,35434,73
32627,20006,22890,54
7201,1999,1686,47
38489,35432,29415,65
37988,9362,4985,66
28211,38000,28221,80
28501,6979,23262,71
1254,35667,22891,114
28070,19156,31786,58
5423,12362,21524,86
27516,1066,35336,78
19806,3505,5291,32
33058,15946,16989,71
21483,36862,22107,83
4150,14344,19967,60
37980,33356,31554,75
20708,10722,7979,40
32023,9180,30430,70
25623,10876,30383,76
12846,18877,25542,81
33826,7503,28819,37
158,38539,35279,67
2595,8514,12810,96
15360,20403,16827,21
66,27352,7012,17
28856,10099,13163,99
25956,9787,27246,88
17339,22761,6848,73
18235,2582,1071,74
5636,13798,37843,49
37958,34855,5643,44
1231,34638,15391,34
37689,21462,22641,108
21388,23020,28034,112
3958,12844,32620,89
4108,24132,26479,63
2755,15021,3027,58
38744,5497,13195,56
15032,22589,3416,62
28645,1196,22251,54
6792,4531,23290,73
25578,6897,4201,85
19906,34719,37802,38
17470,4602,29392,44
37867,11422,3029,48
6521,1148,35656,106
14669,22771,29316,56
16892,10539,18393,53
24308,14457,37274,36
34689,28022,26561,48
285,5381,24443,27
27000,15241,29707,16
21499,11705,15852,87
27168,17338,4845,44
14641,16147,1182,63
12006,3466,18887,50
6419,34266,25994,77
32382,2018,7535,44
28192,22952,37251,83
14747,38323,6163,49
28192,22264,7948,68
25964,23459,14527,100
8605,34507,15870,62
23449,2488,14395,100
30273,22651,877,76
9496,1143,33187,73
26303,23565,10707,86
31123,12997,313,55
1005,25149,25110,24
29693,6769,25075,14
15411,16144,38588,46
7115,2449,34990,51
12412,15935,18320,83
15935,884,31555,75
4512,13119,17469,79
13610,17532,27345,43
15487,21954,9983,80
9268,11539,38359,43
6781,2674,28581,55
25223,10768,31807,49
10155,16779,12850,98
33004,4506,33218,68
29404,37964,4798,42
13522,11485,30380,41
31101,12180,16771,51
17533,23344,6516,110
26326,11454,18018,42
11674,33276,33465,64
10024,10663,7717,86
5356,251,22970,58
2554,26023,30524,90
21091,13777,24859,60
7749,34142,9785,73
33783,4136,1605,71
1595,37572,26376,56
27371,28248,4802,46
11448,10955,11365,42
19510,37737,27330,34
2646,15266,14407,56
25880,30855,37068,61
3954,515,1721,68
4519,20639,759,34
9932,26455,13641,73
37908,8355,1584,65
28634,5732,3366,38
17441,1112,28209,72
25860,35621,25766,128
13769,257,504,25
27026,1998,30111,42
17562,21468,24003,79
28224,37872,2767,88
147,29659,16104,43
13510,31073,7085,30
36239,10073,37163,79
15471,9141,25828,72
37058,36088,29469,35
10578,31152,29288,36
6241,19539,30822,48
30804,24231,29017,31
25716,24075,28115,73
8343,18,9858,75
15204,19135,18898,20
3140,12338,37234,59
1061,25905,6888,61
21122,34569,21488,96
7173,344,33487,40
28898,512,5330,30
24242,17734,8267,56
10224,29462,11318,62
35669,30261,37778,98
23606,3424,31983,90
12384,9133,38642,63
17503,27171,36920,45
30183,27444,28250,50
7051,17265,22072,57
4156,36468,16558,69
24782,11735,5711,25
21798,11530,16127,67
7218,22842,6510,79
29493,34022,17295,39
14689,23562,17616,90
17273,33308,22985,93
21390,2394,25915,116
33194,21285,30433,89
30917,13131,14359,61
11599,33324,16611,48
2621,16641,1972,67
8769,14769,29496,37
23009,36318,18989,62
24356,11499,21375,63
37617,4658,16204,71
36139,31992,27903,68
19635,20589,34242,17
13759,5652,2356,61
19763,7015,38591,18
33944,38471,3348,28
20736,8560,26710,35
19064,35528,13600,75
19257,24004,15361,23
37139,37049,26558,42
298,25131,7164,16
18096,23384,30814,82
12338,38499,15845,68
424,19928,35439,68
17413,3961,3771,110
21479,33787,24089,62
18444,10207,26567,80
18853,33960,38285,20
16560,11742,13185,60
26378,31702,27047,40
477,11380,2473,52
5386,33369,4529,53
32704,14589,30780,30
7794,10223,10619,86
8404,520,15836,60
6052,12187,13748,75
3771,23260,30918,104
18028,28742,24032,41
3795,8294,18974,69
7008,14446,19943,25
38487,4620,25827,55
24889,24393,14273,24
38680,22526,25766,81
34872,22956,15820,81
32677,19675,17766,40
31559,10097,27776,100
12954,35305,20762,97
10990,4091,28971,76
30224,10040,2484,102
15461,17352,14007,47
20290,34019,5695,23
18022,15903,25599,89
21267,828,29283,66
3788,32738,77,56
29251,21177,37927,72
12360,20517,38497,37
6866,34102,8536,37
13586,19756,12987,58
30101,4793,37912,56
15232,27371,21813,36
12498,7630,31047,56
21946,12308,18351,74
38747,29627,27509,13
17737,6839,15099,41
36381,18205,38449,41
1608,13910,12005,63
37188,18978,16137,54
14414,37230,14372,39
32374,233,37126,29
25967,3492,28673,62
27358,32594,19543,18
11381,15180,29642,22
18201,1006,3904,80
20654,38559,10561,29
19975,13750,28273,47
36074,11400,23257,78
9054,332,10270,82
15989,22533,12986,112
7222,5401,12487,49
24034,37134,3456,38
37614,29617,7657,44
38320,351,21498,55
6856,7640,23270,75
27371,22124,19202,34
11609,7824,1153,44
32473,24310,21834,41
18921,22263,19544,36
1768,23319,28915,84
22873,24436,24851,52
6259,19152,29292,42
30364,38524,26269,35
22176,37030,18934,45
6877,16787,30073,36
36972,24773,28844,30
19010,15085,18340,34
36035,27329,31543,44
20252,27016,23625,58
29407,10185,1057,70
13643,15802,24304,55
24121,11678,29382,23
32692,3522,1054,40
22849,36115,20268,58
15329,21806,911,50
19207,15136,19921,20
30394,20258,18226,40
10989,8413,27973,71
17675,36982,1097,59
35746,24180,37051,80
9304,490,37222,49
28610,19203,24161,27
25795,3860,27915,106
14430,27932,15516,48
9860,1260,33177,93
31187,20551,30232,30
4933,1232,16844,43
12021,22061,7855,70
30486,9429,350,52
29441,16911,35600,71
45,33990,22086,39
24009,16560,2444,56
35423,18494,31121,86
18330,7540,24791,39
9254,27990,29480,60
11568,14726,36424,38
38325,37876,8292,50
11396,35772,35502,122
15223,17750,6220,66
32492,36113,32349,32
37017,19960,2648,57
27893,21008,6861,79
7032,10668,62,35
19117,25584,17482,68
29627,9022,36968,47
3175,29312,3292,32
25916,3504,22732,90
3816,19680,37126,63
12111,3853,38304,77
28928,11401,30395,40
23764,19724,17350,84
30825,385,33993,25
37187,32636,35755,79
12426,5284,15344,50
25897,17282,38460,67
22908,6233,10844,94
24841,28155,36799,46
15241,38284,32641,21
20467,32420,1020,28
8000,9998,13020,103
10733,18422,36805,57
32690,14415,37526,44
18101,2737,7752,72
23544,22625,21936,116
11663,21918,38702,39
37540,8731,10007,93
4927,8374,24031,44
144,7871,29534,26
4202,16123,7043,82
14674,18772,10077,66
8005,1149,18190,54
12078,3758,15868,105
19863,22790,5430,58
10056,26424,11688,70
28172,24907,3819,73
30870,3375,31648,48
22127,9011,27203,56
21750,35588,7661,96
25121,11311,37791,37
16623,28239,32009,63
33326,26601,33868,48
30842,13736,18054,43
21518,6511,15418,84
12450,34756,9274,66
12479,12511,29675,64
6512,36960,13954,60
25735,10541,24768,61
12153,12123,25022,63
26731,33507,8356,60
26615,29270,23367,68
35629,27469,10546,82
20263,14337,19817,20
13115,38720,34096,53
1780,762,5323,50
5321,9931,1265,78
9917,7711,33853,73
29774,46,25810,46
31072,14690,22093,46
22130,23769,21168,120
27771,3316,22513,82
38744,10899,21514,71
15222,11315,7787,34
14391,4128,15219,62
21939,26406,36364,52
37758,34026,24980,36
8475,4873,19098,41
14686,13034,31240,61
37519,31876,37968,72
18232,34924,16982,39
1084,25943,24433,63
31072,1626,5340,42
27884,24859,4787,45
37064,28928,17008,38
21883,15278,16610,43
3260,11334,15482,32
27173,28041,15362,40
19970,12010,22071,60
8260,12452,34982,59
23486,15250,31249,70
25967,27136,23523,92
34034,25504,24494,54
18445,24042,13681,42
2631,28939,19583,54
2517,18244,28254,84
26298,14414,22235,48
31104,36246,16042,59
11552,28140,15866,71
38403,17553,31832,55
10613,9201,6335,82
5288,1935,11714,42
1163,21522,27506,66
15495,21421,29578,56
35540,12004,97,92
36826,21307,19980,65
4758,9078,3184,56
22782,10859,5263,74
32679,13622,17398,47
19655,3853,7575,64
9789,956,16711,77
6243,12067,38299,67
36319,26765,18206,48
34173,26431,5578,33
32666,33041,27272,39
33852,31023,27418,23
3515,7948,13067,69
13544,4943,13808,40
7777,13618,23421,81
21918,32495,15278,40
10248,829,37850,90
21208,17771,9184,98
465,38740,1935,31
33322,5427,6165,71
29542,19616,7810,26
32413,5013,30360,40
11728,17676,5563,48
5509,2014,16692,43
18138,19874,35701,82
36343,23653,24118,77
15160,5748,17264,46
19823,21387,15502,58
25881,36421,15145,60
34535,2766,36444,60
6792,4599,12268,51
37127,11253,22646,65
23525,19660,29253,62
23620,37863,9384,104
6826,1606,31679,51
13852,18479,2468,69
26373,22792,9177,80
28593,33843,18357,41
37773,28088,32702,60
9324,37755,28793,64
6440,26419,25087,47
33415,37817,35494,107
34057,28665,26705,33
12508,9077,20404,60
31609,26316,5447,48
19030,1995,20265,28
34825,25988,8349,65
30936,14278,28893,34
35597,4049,38290,103
4717,11506,37737,48
27025,101,25068,13
762,33505,37946,69
117,29306,17006,21
27242,11597,15862,47
7959,6417,16237,81
15376,8423,22541,69
34942,23264,20501,62
10248,13094,31768,111
36203,7224,37076,38
27446,28742,13668,29
16873,21813,36771,50
37702,11363,20259,36
23552,32320,22555,100
6950,24101,34138,25
36955,16246,11252,58
33407,21034,2583,107
23023,8427,915,79
4274,30242,34578,68
19050,12516,4948,50
21872,4553,302,44
6219,28512,14386,56
35520,34880,20697,66
16950,813,8005,45
32322,38741,15301,21
37640,36234,895,58
37798,9144,29400,56
7189,3502,12177,51
26677,4532,27447,30
26334,12523,16840,53
8642,37963,12084,75
15065,8363,23727,81
16086,38271,7814,54
17253,12890,8362,86
11422,9396,9398,66
34882,21196,26496,64
21121,7860,27964,88
21251,36394,28068,88
37031,13945,25764,64
15014,29719,9425,40
31808,34832,30370,50
3173,23458,1105,84
19173,21491,6088,82
17312,18247,33996,55
24781,2362,11533,49
23332,10965,30117,92
23611,8438,38450,78
31995,7667,14002,53
229,25578,6964,49
9510,36508,1194,62
15903,16928,26326,56
1885,35337,6245,108
9775,29620,5719,64
37110,25892,33987,60
3204,30442,5701,44
37126,26533,822,45
16806,9985,14504,71
30344,37980,37830,66
36464,3196,37554,54
32289,12364,22636,78
8464,14706,7253,40
33141,36179,332,49
35566,22909,27921,124
18230,7228,33314,54
28755,11009,27154,38
17720,13803,33051,66
16098,30294,36094,67
9802,8448,489,75
28567,5548,33412,51
6506,3343,15306,54
22730,28076,22591,108
33504,29680,9901,79
6419,12178,5686,74
35397,22889,11281,106
4657,18152,13168,73
26381,18046,14360,44
18819,23010,18460,66
12454,9061,6926,65
19181,983,12179,54
6832,13078,33077,73
22656,28028,34254,77
10211,34084,38286,62
2454,7006,13068,82
20774,19554,15249,16
34258,22884,301,55
37020,16925,30508,44
29298,36370,30350,38
4137,34689,3847,92
19540,29329,17479,36
14767,37,26305,30
19905,17447,32727,40
10252,27395,33440,79
37614,29464,9976,76
12102,12883,35420,125
11549,25906,37598,70
10184,4163,25531,126
4187,26646,38757,59
7817,23322,26330,80
18339,37793,21964,68
26611,6381,33237,71
22214,37030,37831,63
8625,37694,28961,57
16924,15928,19769,50
2440,32372,6865,51
377,17691,8399,53
20426,17745,7061,35
13858,22657,37086,68
11366,27312,34158,23
4174,17460,20333,70
6137,25262,7962,51
27191,5452,30904,26
11267,9163,6000,70
12752,28906,6138,83
2287,8491,33417,84
15172,26732,37605,44
9350,350,21129,78
19734,10523,30911,38
12298,20598,47,38
10005,21023,7649,108
22254,31995,35679,104
18007,26584,10119,80
10069,26756,6140,92
36766,16068,20519,50
9908,1562,21411,112
21365,16067,34672,85
19756,11685,13822,29
16978,38649,5750,28
24383,22846,27460,53
10700,11277,33392,59
10691,8613,30895,53
13242,11346,2400,85
18073,29563,29677,28
31612,28655,21012,80
26313,11717,38481,27
34535,10775,19986,36
31630,35409,16076,113
12137,10755,3118,66
1241,3981,172,66
3251,30158,16719,43
31697,6495,65,62
36877,20598,995,35
10691,22079,20016,52
23705,8766,24337,82
4793,19969,24070,29
3140,37703,406,44
31695,3067,10952,60
23266,34568,12236,90
12437,13606,1895,63
14349,7146,6958,26
21341,30972,10207,102
10857,9017,78,56
9892,36776,21240,107
8679,10977,35562,99
22061,12832,33236,90
29694,33792,12261,43
9205,1946,6267,80
18928,26643,15523,26
5474,24911,16827,26
6353,17324,22116,82
6768,25519,17653,69
34879,34525,18809,22
24942,25595,13208,78
26526,28267,29330,44
13924,37150,25067,31
1023,31580,29646,46
9518,32745,33884,45
14426,26253,34864,32
17554,9331,31121,64
33914,35445,27201,69
9375,17412,27935,82
12778,14641,27515,55
3114,36924,17767,55
21161,7554,14533,72
19137,7078,24960,16
2591,1057,12101,84
33202,29500,770,49
24486,8689,4978,44
24910,16812,34013,23
4125,3119,27084,60
29507,17710,30257,48
16106,10685,1783,75
3994,33051,33389,96
34986,28106,24987,39
17334,26769,30023,56
33385,8518,32489,56
36128,17279,33911,51
32683,3933,33019,77
15094,20542,30752,20
17673,12041,17555,82
33006,26670,11469,49
3425,34620,30826,32
24182,17470,27851,63
37563,16607,5763,47
21996,11263,38250,39
33068,30858,28637,49
29701,8376,24084,34
27126,24802,20575,9
31690,5424,14013,49
13142,8637,21503,104
4500,30057,33822,41
14631,29599,34948,24
19875,17021,8000,33
27456,37970,17583,54
21899,17393,13506,63
13088,14582,33291,78
7208,32333,3004,29
3902,18068,18222,82
5610,20536,955,32
27880,3432,13561,55
23735,30228,11534,80
12967,11750,995,67
13890,10196,19635,67
10501,23712,23735,126
5659,14444,6292,56
26548,6447,9229,72
38369,8294,22080,50
19972,9338,4889,48
17450,36081,8731,63
29554,26527,29365,20
27850,13024,23516,119
11414,15383,22562,58
37029,15500,28178,51
3844,11710,28006,80
34131,23618,21129,105
13203,33885,16835,59
35646,38452,25238,64
7900,1903,28792,48
32252,13104,29352,51
20767,27965,32419,38
28243,13158,18355,87
1932,6006,38754,57
9430,16073,19505,67
18750,32621,25731,50
24524,31175,8361,40
1708,21960,38633,49
28512,31934,15298,44
31686,16536,23282,87
34604,25972,27267,48
34547,2376,29699,48
2586,6073,9188,96
18015,38567,36160,41
22803,14372,22991,92
281,32404,15796,47
30893,22500,18179,70
19081,27479,34814,18
33369,18988,22064,57
4196,15521,29383,54
19747,8542,19723,33
10652,5486,9274,62
25139,13517,33267,43
2297,12802,37788,99
15327,12039,37123,53
10050,28539,31692,84
21231,15274,21884,76
27389,2469,1595,60
1274,32315,13840,39
27378,33149,24779,34
27366,31027,16626,25
5002,12042,37859,68
30956,22215,16681,45
33887,23736,2286,97
31261,14514,12032,52
11755,13896,16875,34
38388,11681,29420,19
4039,27092,2285,82
6104,24860,7029,42
27490,31514,20619,30
12250,9524,35363,114
26332,32420,36350,36
15888,4995,37910,71
34733,28508,16875,31
26692,26748,1059,42
32498,11745,27224,22
7533,25862,16134,85
12994,13683,5014,66
5737,12870,31538,75
35687,14357,6109,100
29461,25988,24101,49
30118,3413,1719,52
22230,30126,16878,53
33176,34526,6980,42
22652,6837,7810,63
15247,6176,28230,68
15878,2545,33885,78
18459,11521,18405,50
16206,10671,32453,63
27168,15166,34779,20
27415,4674,25638,54
9022,8508,27923,77
462,30268,28091,52
31145,7175,19892,23
1116,37791,35283,98
23768,38329,9758,105
20573,15289,31739,34
27432,2347,6924,47
3332,26351,8682,47
9952,10086,1211,114
5265,21474,33172,83
34999,36013,19972,30
7510,23563,241,74
7269,12263,20518,39
33125,11303,20390,39
7779,13136,20406,57
33751,1504,7222,36
21145,13916,15903,90
20460,8416,12098,53
19964,30842,21003,60
6862,33176,17408,60
6398,6475,28115,92
6133,18338,18108,72
22220,18116,11265,54
31655,32618,18306,52
12252,14522,34150,51
35556,18005,7992,92
8518,9021,35619,105
16834,26345,7691,39
30298,10050,8416,87
34054,9523,35470,93
9977,13651,410,67
34898,15072,37785,40
15243,34541,23377,68
19061,303,16,18
5438,24964,18318,35
16954,35547,7163,74
17594,30358,6813,51
13198,14693,9463,79
36302,22997,31597,80
37931,30194,12896,81
9163,23488,20715,82
9938,18215,11481,78
19884,19066,36751,27
30828,25124,15383,21
27805,11543,12201,68
12900,34771,35304,103
26264,28009,35662,96
35656,37729,11687,90
6942,34585,1735,35
28145,25701,19627,70
30008,23285,19985,76
18985,28077,25064,37
5375,1834,5701,44
25883,3240,10251,98
8471,26543,1535,53
30036,4894,16266,65
10088,34887,24825,59
33350,5417,34906,47
35276,15911,29013,101
26716,18799,18768,24
28876,10026,30225,78
18075,5470,12061,62
1004,29311,9330,50
33796,26477,14750,33
12864,35531,239,101
18763,24969,14551,21
22964,24411,20443,51
15054,14363,8543,41
29362,37785,11745,38
4668,34994,12830,61
38759,30445,37126,38
18282,21443,29382,68
12077,33185,19,63
3178,27464,37942,42
5359,36287,21398,72
3851,15989,15290,83
9453,24303,18069,57
779,28780,12890,69
13733,6503,31973,69
29353,2641,5642,52
6517,38682,36502,53
2539,11304,17633,72
8492,33784,36255,46
23281,8510,14302,85
17460,6080,30944,68
4872,9457,5474,54
5512,30050,12094,60
5367,13089,28236,79
36428,326,10582,44
21825,25584,6332,92
24981,17394,33391,56
13136,7258,12050,76
18899,37091,22010,45
1119,31232,2400,64
25569,2378,16243,105
10099,19839,18453,74
38257,38018,7675,45
26692,3935,20286,56
15440,3804,1857,70
27074,19949,27512,14
27357,15351,3051,26
18846,21147,34696,58
193,21075,1653,70
1115,5690,28024,58
33207,12071,17285,83
19965,31996,30332,48
25182,19140,17650,35
26724,10727,6838,41
14558,30237,30982,40
37843,32562,36511,48
24514,36967,12798,63
11723,33047,22732,77
18014,5252,31508,56
30113,24074,16996,38
30132,4708,6110,64
27017,1612,37127,39
18147,10820,35433,98
26597,15075,19996,26
32469,30438,9219,54
33791,3119,31723,47
30401,753,36973,51
29492,7508,27393,24
953,4042,20587,62
26318,25024,3472,29
6956,1048,7657,41
9073,17457,15980,87
24016,28257,18170,57
36798,31078,9213,53
8558,37930,16852,56
3790,20483,4571,58
19236,4841,31081,30
10145,9754,8412,117
7604,16776,7792,43
18905,21501,36781,65
451,37129,24026,30
34252,25732,464,51
31554,22740,38334,69
38601,17448,5570,43
32428,5468,18751,26
12216,6147,7961,78
4990,26524,36961,41
7724,23688,28229,96
12281,5296,2429,78
22603,17622,14376,78
34741,10977,37754,54
31176,13525,31954,47
1813,26389,8292,53
33808,21129,31686,77
29746,30839,1757,34
20577,2312,36346,54
34748,6055,6852,47
32004,34231,16037,66
23591,21386,10949,118
22985,24272,23655,101
22944,18224,8335,81
1778,36882,7930,51
35626,19770,27945,90
10789,23531,22909,114
21436,29443,26294,60
2694,36199,36057,68
6451,7230,32422,47
18127,21232,10011,112
18778,24408,4038,57
23745,7053,30110,77
19189,31912,32350,38
37272,32372,7067,30
1613,2686,37523,80
38019,36441,13852,53
34700,17768,18243,54
16588,38482,9264,44
20504,21762,37756,50
34593,13829,26638,33
3060,6973,30850,31
5475,15859,7192,52
10690,10893,13749,57
37969,34761,13952,45
20679,15246,25005,13
13990,37652,5512,49
13038,10142,28009,115
7075,38561,5601,24
16132,5641,30432,63
34127,11738,22016,43
4699,5319,20411,28
36376,29723,25569,56
37223,7204,6016,54
30060,31564,33102,69
26618,13675,24003,34
35023,18934,27126,18
29532,28148,9486,60
4064,2301,28125,106
875,4952,25612,68
6020,8577,19878,59
28738,27276,35413,72
34690,12920,32646,55
23772,31755,10686,98
38559,5464,5591,29
1628,22018,23550,96
10154,25044,11357,61
9134,6040,777,78
5255,21909,12264,66
14531,12889,11577,61
1834,21782,19066,50
7769,33263,4821,57
17658,19971,35416,88
20567,26010,35336,94
10813,13840,32677,43
17392,16881,24516,46
21260,19812,27441,54
36856,19515,13615,34
38527,33756,5501,26
22833,38608,36984,60
6402,35665,8745,109
3825,7676,18169,78
27268,10157,34091,61
1238,3350,19094,38
7761,19712,8654,43
4024,27973,22864,110
21951,17530,34937,58
24262,4019,37150,66
22031,996,7938,58
24062,20547,7599,27
5003,2381,16998,61
37654,5282,34540,44
33461,1765,14589,59
9355,27056,37261,47
17646,30102,34872,52
23266,18854,35531,114
30468,17661,25532,80
34593,27799,18770,42
7004,28997,22542,59
24499,4254,34270,60
3418,37622,15275,46
21992,21159,24496,77
33930,11267,25939,55
188,17344,9391,60
34991,30810,27146,22
35344,3282,32472,78
889,17009,19931,35
2696,22249,12956,99
6453,3386,33206,73
4578,35653,36161,86
257,31855,15235,38
34112,15794,31034,52
22528,17609,25568,102
34802,30979,12937,57
19747,33384,15391,41
24286,22512,3218,63
31950,29251,19809,34
10185,19878,7685,70
27965,5646,9511,68
31240,1087,21909,52
27317,25700,36132,56
6147,18902,12447,68
2561,5537,30093,66
27348,35697,19183,66
38598,32661,21765,37
27256,16953,12901,54
34520,21405,28500,64
12953,16572,91,56
38407,13589,27059,22
1013,26715,36843,45
156,4948,18946,26
4226,21507,1512,106
9512,34530,27064,40
6815,28813,19753,25
10003,6901,6189,87
20009,25984,11320,52
21289,35522,22269,124
25794,27827,4831,78
7662,23429,6813,75
28144,7046,38763,40
32416,16133,7730,57
22867,19845,7854,62
26422,27434,23395,68
20252,11395,7676,28
478,37003,38008,45
22953,10177,173,94
33772,33945,27222,22
15783,23326,38612,90
19015,19046,19151,18
21974,18484,36051,60
6797,6450,13738,52
17628,407,4877,46
24484,24276,25595,54
21397,7589,20706,62
30381,7612,6268,66
16632,20425,20284,15
30213,30435,14603,48
15859,31898,25929,93
27786,29664,28698,44
11296,8377,34534,39
2617,36985,30378,69
15964,36386,27836,77
25639,17391,7628,78
16677,11008,34809,41
38405,25004,28240,36
9876,36033,25948,100
27993,18867,13928,47
23345,36812,19800,73
16116,8292,16821,65
34787,19164,25169,17
2649,11480,27917,74
15906,24972,17365,62
26467,24463,18434,41
33285,25021,22780,70
28269,3233,32529,50
373,1509,3174,40
14374,23299,23756,116
23769,15517,38586,65
1985,23578,3233,86
37062,12064,30237,63
13696,11524,19059,29
16588,24341,6913,27
14755,28724,5763,36
8642,4595,9331,63
10668,13661,11642,45
25545,18452,17551,82
13568,37504,28705,49
18772,33475,27479,37
9093,4085,30392,88
15981,36976,3964,90
10887,17655,31628,72
13009,18284,31602,83
35301,36170,32009,96
21140,20421,22820,86
167,30097,19041,30
4843,3445,16146,61
31062,32299,3785,60
13241,11770,23283,101
18978,22902,34870,54
17669,33424,24037,62
8608,14454,15346,41
28648,3494,3399,40
19153,13568,8257,40
30332,2466,15480,62
36494,15127,34175,33
36929,37823,15371,47
4929,23005,11293,64
28260,23619,25832,116
17683,18121,21069,90
12431,21865,20422,56
270,38544,9,17
13865,2370,17687,75
32514,8340,38477,34
21049,23625,3861,138
9135,26281,19934,46
18242,33353,24066,56
37095,38735,18792,26
34243,28106,16213,70
35675,36031,26773,84
8326,3241,9133,63
3868,23466,14760,106
29494,6966,1173,29
4929,15380,15430,30
21374,13063,9458,111
11744,16786,1927,41
17591,3440,13204,79
28175,8697,26488,61
10167,400,30351,72
5732,35289,35677,124
38476,10888,37978,51
2623,11770,1078,64
19880,13091,20558,47
1895,36881,33501,62
9898,27034,10914,74
24909,28250,25960,67
10817,31665,28128,74
30172,25988,6133,86
36441,7659,13516,45
21325,31525,29707,72
17634,36934,31945,65
13598,7989,11748,39
1131,38500,16982,34
28960,35417,7570,84
37176,18447,27435,39
37569,958,7619,58
6465,24778,22873,75
26601,30219,38768,35
15418,9798,6972,63
19775,6856,6072,45
27523,19784,24507,19
16142,18016,28603,65
14009,19802,28520,31
10252,34563,10775,78
31554,28615,31134,46
5546,6090,7739,60
28742,12466,26450,54
11380,37629,18040,54
34184,22705,8302,70
2014,14364,34024,41
6009,1949,37219,67
5721,32741,1676,40
11001,29715,35390,82
33986,17751,5009,49
16109,36751,8735,69
31882,33100,5320,63
6821,2342,19774,49
3789,31509,18152,86
387,17669,18271,52
34666,13668,30282,39
21096,21288,16940,99
21861,15884,37927,81
18875,3131,25885,56
33901,5671,37893,45
30,34871,1641,34
36233,22103,35008,48
18498,5303,5392,44
11439,9009,25241,41
5774,16994,23511,75
27509,5407,37686,40
3480,37879,14713,50
501,27089,27091,14
20715,6964,13116,48
12182,19815,32700,44
11673,15929,22818,83
31166,17694,1862,56
14538,28272,21100,84
13152,24254,15523,56
18048,7250,1658,47
11539,34674,24370,27
31524,20021,36317,46
25986,4128,17580,104
30869,10540,29442,36
8644,31040,36193,47
11393,16605,27926,49
4140,32650,36754,65
4234,13835,3433,69
19908,38007,13741,43
22138,5464,17636,62
17519,29597,16958,41
36926,31076,3450,39
26627,24971,13728,28
23709,6778,10672,81
34921,12047,35330,94
5761,18870,6468,50
1126,34607,20771,28
25169,6944,8417,31
37530,29319,28849,40
7995,36878,16133,64
30761,5338,27442,26
37006,29373,29516,23
25130,4670,10237,65
12843,25799,1824,95
17335,4658,4150,82
23401,3125,12880,105
25996,8511,2764,93
292,11366,1922,36
30222,16123,36293,67
21866,31569,4756,62
10191,24457,19826,63
9231,2588,1258,82
15483,6808,16740,26
3849,29573,10815,68
29483,3791,1154,64
5477,7516,21485,72
1977,29637,8286,45
22635,24490,24037,58
7873,4044,30091,76
31521,18372,21384,88
18966,16642,26569,29
33518,16530,10576,60
4500,10016,35622,118
31797,24857,20707,29
21950,10809,462,52
30998,28127,15058,46
36254,31193,10755,48
7566,27917,15427,52
18882,20401,16932,19
13982,2008,173,39
27062,24760,3517,21
21079,9463,13261,111
24209,22800,9140,77
31704,4995,15144,46
33400,29660,22618,71
1588,26517,11289,42
32333,13733,15458,29
27238,3432,10103,66
20605,16231,29425,39
13242,25517,2533,111
11631,31153,198,26
19222,3875,4150,90
14532,15354,15034,28
8575,13685,1700,54
40,4718,7603,36
8761,34635,17751,55
29402,12762,28814,55
11277,19852,37779,40
36319,20497,38393,23
24397,21936,15444,41
15438,10644,28502,42
25258,18758,34772,17
29510,29419,3757,50
33993,37661,36259,49
18885,806,33169,51
28126,28064,35291,112
33886,1605,27143,33
38355,37202,9516,48
19671,10847,13105,67
25996,23611,19596,94
19966,22807,22124,70
32557,36106,3156,38
38728,33005,6972,39
3137,12385,27260,48
2340,37180,32677,59
27756,29649,17451,58
16139,33160,2671,96
22933,16519,16596,62
10582,31687,23339,98
28982,954,20687,32
14745,21887,27236,40
32403,6302,22621,80
32348,20686,26297,22
11485,8357,13884,44
27,10931,26742,40
10908,36852,19014,43
10794,33992,15498,39
15823,9070,21044,105
31658,15512,5564,44
12241,10520,363,58
18258,22703,16606,71
27953,37972,6253,84
22061,22194,25215,51
20302,16587,17745,39
37077,27190,13833,32
5720,18753,22117,42
4065,7729,30866,68
27136,15269,15188,20
38386,24385,34548,22
33786,18028,35678,85
30057,7044,25258,28
3073,30879,35553,80
30943,25523,13635,59
4803,31069,5468,36
22211,25930,36054,76
33107,23675,18977,85
11260,11724,3220,34
9118,28586,1811,60
16672,17494,38259,42
26614,38743,25668,53
11405,20489,19890,18
34172,7536,18452,45
30337,15315,28728,38
6775,3325,33845,30
67,2319,18290,62
10236,16074,9352,109
13677,11288,35502,79
30168,26754,7584,46
17354,33383,14560,65
13149,10219,6480,119
26542,10205,32256,68
11002,36982,23287,89
11343,24196,27261,23
37942,34824,10088,80
29699,30324,11354,32
26483,34722,6191,52
3168,12140,435,50
8611,9438,4951,63
6171,22120,1148,74
3989,29613,6420,78
2556,36959,18880,57
28590,14302,9829,72
15462,31913,38383,37
31604,9167,212,58
22512,31960,9398,92
3494,3249,28764,40
16073,21498,37790,101
5550,3241,29311,30
28942,3397,13559,39
4743,3461,6082,60
10964,38569,14648,39
17456,17411,4158,94
7219,37930,7000,38
38463,7150,1122,30
21956,13004,34892,71
30468,15035,37265,41
22963,23272,33408,119
9452,21131,1610,92
31002,9863,30937,68
10989,11708,16612,43
26579,32533,12252,50
38708,19234,12350,41
3421,26007,21834,74
6011,16748,14605,55
22693,10069,22869,128
31078,33874,22601,59
33519,18317,23762,99
38546,31654,38718,34
27169,30752,2433,50
18346,16624,393,37
16551,10664,12761,72
3980,26671,26610,66
16692,7957,36500,43
20282,26274,31253,24
23704,11713,19600,68
30785,18072,14395,42
19831,30091,38407,29
4191,7806,23273,110
26517,29678,27434,20
14606,25536,20426,50
27062,5484,30175,34
4696,12142,31121,54
3965,25672,16102,111
35505,1192,29594,78
6831,15387,10047,63
15165,33824,20766,19
814,3377,9115,60
37209,9164,28888,55
31132,16670,31881,45
37804,10718,9204,74
12113,21890,32013,78
31696,7740,18274,60
6078,15898,28804,77
18284,1843,25767,76
9382,22680,8751,89
13947,13860,17730,52
38321,25119,4024,50
7161,24077,4207,58
15204,17589,9361,62
2737,17643,21500,106
10661,23319,2482,110
36269,37838,4611,54
19166,16701,30257,35
21896,30884,30203,52
12777,27886,19583,73
33285,27212,759,49
11386,26015,3333,60
34655,10973,16003,63
2288,11253,12802,85
2628,38296,30321,59
12759,15337,4976,61
10815,36778,37971,61
3171,38560,18427,39
19035,35468,31028,72
30189,12264,5364,60
13838,33430,34551,48
36771,28238,10584,65
20005,17583,9211,60
19994,8728,20465,29
14564,19946,33478,45
33881,2465,25722,81
4746,25688,25895,86
21023,4761,6236,90
6328,31524,8357,77
7723,227,9962,70
29375,7983,4752,34
9751,34229,34724,65
27511,12450,16174,67
2348,16548,13118,86
28689,8449,8605,54
15840,12863,7206,79
10102,12012,33221,105
38599,14279,28911,29
8439,12251,12174,81
28766,15917,13924,58
30257,6319,35638,106
18344,33124,15340,55
5611,37202,34187,36
6128,35263,33789,97
37917,6167,18830,62
10545,4712,11312,46
7687,29490,16899,31
37149,7019,8546,43
261,38428,21853,35
22182,14475,21182,80
5702,24914,5277,27
34212,12892,16804,59
11264,28786,1118,40
33127,828,21099,89
3403,36313,22933,70
12840,13604,16741,63
33373,30809,7685,53
34825,3898,12111,80
19501,7241,15271,21
13824,21952,12334,67
28679,21320,10081,104
24439,6314,33343,68
21020,25525,8645,101
3403,30350,38581,37
11470,3371,5376,36
3879,13643,5266,67
14270,37568,21401,80
14569,3113,35744,82
11306,30107,18318,48
16722,17771,37937,61
31671,24154,3948,75
28049,31700,13140,91
3992,6972,14268,61
8568,213,26658,39
15350,31166,17405,44
3490,32410,4557,36
24810,3884,3094,59
25882,911,28264,82
3506,34802,463,28
3200,19215,21969,44
17699,14656,25254,41
6088,469,35290,94
16828,16008,15005,52
9098,34544,26686,48
20541,16025,6118,67
14278,5446,17738,50
36277,36911,9148,59
20632,23658,28197,82
28757,20616,5717,26
28793,2630,28921,60
7626,13690,38429,34
9992,36316,30401,82
31008,16629,13523,34
12814,4663,9907,101
32263,37889,27989,60
8741,12236,3335,65
22860,28749,35640,108
14731,16251,17486,71
26337,9293,14569,52
20014,34177,14502,27
18070,36136,11648,46
11015,19545,15027,36
34801,29617,34930,20
3908,37887,31147,76
36091,13812,26582,41
33384,26502,1814,59
11378,3910,25506,88
18521,15321,32354,36
17563,24813,20254,31
31186,15954,7501,59
7977,3397,21768,54
4720,23651,14515,78
180,11616,36861,31
25655,20527,8410,59
26375,25147,10729,37
12763,27778,31787,91
15880,18301,27107,57
37733,37881,4258,90
17473,3777,269,74
21205,38462,11712,59
29386,18418,5287,36
9765,15385,17422,82
31076,24264,13743,32
28084,19020,38652,39
9751,22714,32426,96
24047,36433,12251,55
28124,8486,21199,93
8016,13921,3240,43
10180,23744,7771,116
18823,12798,38544,50
31738,1179,37249,57
33242,9765,11523,85
23386,7153,34757,67
12215,33916,9479,67
5370,28574,20695,26
20001,37979,5282,42
33056,11588,24308,46
37500,36960,27084,43
13117,1771,1893,79
32722,11316,31985,42
473,20710,22219,32
5323,21040,37233,71
1720,7920,5669,48
22152,15195,9288,60
192,34658,27348,18
36125,24996,11015,41
3207,5567,18289,46
7571,4067,36838,73
6436,5329,13942,57
20281,37099,2430,53
31852,30425,23571,94
21137,14700,15516,64
21355,9214,20670,74
32628,31092,28140,46
4082,21808,15936,99
31997,15807,18884,63
24062,11312,6333,51
19133,10543,3156,42
21965,19586,25582,66
12915,12346,4891,83
6764,21961,37036,46
9978,36823,10225,111
8380,7229,441,34
6142,1780,23657,104
2258,38560,22930,81
424,38022,17561,56
5573,18418,36427,48
20397,30085,15339,28
29591,24928,4200,49
16639,828,11304,39
10565,12283,30247,70
10530,8486,25979,79
442,15305,22751,54
31951,230,24936,33
5655,28027,37973,64
5531,7935,19910,34
20615,36809,3381,31
403,37735,29487,34
10780,1576,18120,62
19787,19804,36251,28
13160,23730,20508,93
29478,35510,18487,80
31589,7261,6438,63
35016,5020,34999,30
11329,42,17449,42
30954,37105,4079,67
28756,5324,1677,44
5472,2602,36389,64
1533,17430,28548,58
10207,9,36511,70
24054,11594,19600,25
31684,17009,25858,71
36045,22932,4886,70
34140,24927,38429,17
17476,33461,36270,69
18032,37555,34913,52
21435,16504,1044,73
36993,33102,7716,58
38460,1132,10041,71
30913,31223,35311,76
13867,14409,19834,31
35515,27941,12806,123
4850,13053,6821,60
27462,7991,2435,56
3059,19677,9444,48
29642,29529,35750,64
10550,16596,10992,55
28061,37549,37939,76
29754,14717,27785,44
9786,37106,26641,75
7155,23254,37124,74
32408,35391,4623,78
29006,24231,34540,29
13692,30152,12515,61
10866,1043,5740,52
22577,24950,37875,67
37177,33255,34696,50
8748,25996,9414,85
15969,16005,7584,82
9084,22829,33762,77
2730,30992,25034,49
23536,17291,5689,90
24052,8606,31697,54
27050,36010,19847,26
17370,837,13680,57
1653,14003,9797,81
17315,18806,6181,64
30974,15382,3820,60
31147,33452,36834,52
12203,33759,11601,49
27066,28682,36474,32
35305,36188,3161,86
479,38280,6058,43
22766,15924,8609,94
14637,7829,25849,64
30899,28639,25063,25
15143,11442,13572,31
22864,18898,12409,76
18449,35496,29326,80
36302,4840,29519,34
33004,24466,33148,63
29751,13689,33940,26
14614,36179,28704,40
13253,36488,37730,79
11684,32262,19167,24
7034,12851,3039,60
13003,34761,28709,59
6853,32694,326,21
3337,24363,16656,34
34988,28028,1622,56
30039,33140,13620,58
21460,34867,4240,94
19650,15951,25517,75
11332,12359,6388,72
7014,8745,21156,72
788,8482,24213,48
7947,32637,12275,54
36982,5023,18457,49
12205,30328,4555,62
34911,371,21122,58
8697,32693,213,35
35406,22196,952,98
9881,25132,21959,75
29383,32349,16527,23
1727,24180,22669,69
4187,36076,21446,102
18756,37028,1659,41
30759,30932,18194,40
37224,33877,28170,52
16025,22594,43,79
22131,16606,27487,39
498,2468,32649,50
24903,3054,22650,57
9003,5630,8632,61
27946,8433,16779,60
32321,21428,31550,76
28620,19833,38660,23
29574,1066,1236,40
10918,36255,29741,42
9097,29480,27919,60
36361,31540,4840,54
10973,18782,10105,76
22728,33124,17751,93
22093,29572,1138,46
27071,27109,32771,16
10140,17267,37082,89
31112,30433,4143,70
29414,34858,29530,16
26488,13892,24800,28
9783,11625,21933,82
33838,37240,32681,32
6018,5472,29687,48
38311,12093,18034,55
1073,15957,32346,59
27903,31196,18874,44
832,28653,14564,42
28016,10974,37622,74
17462,1167,9095,72
3794,34167,20011,57
38404,37988,9822,77
9027,20613,31951,54
30273,17427,16714,55
22079,18287,9921,92
7865,12291,26530,58
12453,27258,36939,49
6497,16818,36994,58
24151,6100,7756,57
15451,14731,16531,31
38447,10193,19768,59
22274,15140,38343,37
30295,19547,37906,48
6967,27942,19898,41
33902,25751,6942,52
9236,36924,28170,71
36898,3979,44,63
4222,37883,34210,75
26409,13242,26512,63
21851,5634,12309,66
6862,29514,15456,19
7791,481,34821,30
28146,19617,21100,78
31147,31612,13955,47
18208,13225,27018,63
36032,22264,9908,88
36221,20549,19685,24
4861,12146,25606,80
16189,17693,22774,99
492,37145,16909,32
6890,28569,18468,39
8770,32432,3440,43
11459,28217,5446,50
24370,34761,17645,43
24129,18992,21197,59
15887,9843,31229,91
20706,19930,38724,13
18034,36969,6235,67
829,1972,37177,53
19840,29303,19109,16
15035,4799,33404,49
21935,3240,403,44
34116,30807,25970,55
21083,1725,31610,88
4891,1141,30989,42
31637,34545,22021,56
12857,16052,3275,86
27145,5251,22507,56
28066,38629,1253,51
27205,29007,15755,49
26261,31703,31912,60
3236,12967,36078,69
23286,36098,36983,83
16815,7997,11384,37
194,10262,17659,80
9024,33517,22996,95
32681,18020,26403,40
19259,26254,28,24
16682,4216,34969,61
28162,10739,17407,76
31596,37038,8260,60
3897,3961,15058,92
28103,15294,7251,43
9971,5458,27137,64
19532,35614,9367,90
4822,28219,7899,58
26507,23639,2679,100
33139,30205,37869,69
2457,36971,24401,60
27502,395,28906,22
10963,12777,9955,109
12787,309,10077,93
23287,6044,11412,94
30769,24254,10815,41
38408,17530,32342,39
20357,12033,25880,68
29690,22584,3315,58
1266,17004,4603,43
32299,19517,22257,38
27891,7629,19817,50
7601,33076,29626,47
33404,31075,3037,51
19148,32450,1104,32
15230,24283,15965,50
16861,17365,12104,67
4121,38649,6522,79
17560,34951,1113,52
36396,37054,19166,37
14371,22158,3459,50
1626,30984,30271,48
15478,31655,15101,40
33320,17433,27431,57
35389,32612,10822,86
32749,17483,34966,42
355,7030,33,19
33933,28849,28573,33
30769,9396,34245,47
36200,12441,19905,52
6277,24034,24345,50
33524,16623,26489,50
16150,9020,26458,73
26515,14573,4628,38
11741,19989,10033,64
29285,12136,5316,46
29751,1679,18168,44
34599,15312,19921,22
36110,4554,320,36
13669,37115,7711,44
24417,13731,19686,28
32564,33066,34575,43
3918,38767,9183,75
27940,28841,126,46
8630,3171,12803,74
37264,1685,5364,47
16511,19984,20594,19
24138,32263,29322,21
18325,9286,33773,57
24408,31206,9213,47
13577,15452,9004,49
34915,1662,28899,40
38569,7949,3168,35
1082,17377,25146,47
27254,7555,37894,44
34972,13647,28524,33
4073,2642,32630,86
12914,14532,36064,67
1003,21402,20282,64
33769,23429,3903,103
9285,19235,18447,54
4580,2530,11598,60
4504,35561,28764,82
27260,24021,10823,35
23722,31848,30466,94
17449,12454,33267,83
29722,25936,8312,61
2,30992,12456,46
9375,16587,15063,47
30059,36191,21044,78
29351,20361,21400,50
32308,918,17774,52
6149,53,16778,49
28728,15869,7874,61
22935,36142,31908,80
14650,9290,35006,48
37719,37174,28782,51
26273,1220,31003,40
193,24425,22102,39
10541,20460,24859,27
35363,2516,27853,120
35648,7164,27884,91
25108,25274,20747,8
9060,29683,25153,35
24346,10775,18239,51
20440,25133,34087,14
15017,36000,27121,28
18178,1222,16720,49
13915,21044,29423,61
32651,14550,6029,52
10933,1660,1983,62
34096,7785,16803,36
18848,9396,9792,82
28179,33118,33506,82
9925,7947,28811,76
35439,16251,26268,101
27227,20730,28111,34
38317,24225,26389,26
6061,16502,27343,47
3153,27264,12271,48
10679,27774,10618,72
28540,27941,12255,70
23704,27458,30896,66
25708,9470,16794,75
30388,14613,35023,38
36308,27137,306,26
29570,30192,15896,55
10960,27309,36822,41
28636,27228,31555,40
19274,33771,26727,27
29355,22072,37684,52
10833,21352,20527,68
16973,15110,6480,51
14605,27976,32692,48
30402,37898,23725,94
8486,36259,32395,45
13128,37662,6851,70
32358,13993,11498,31
23254,3489,8474,87
11351,6807,37051,32
3030,22802,1103,72
24105,17629,3478,49
16575,7763,19172,33
32278,29584,21271,56
8743,23575,28945,85
913,28610,24123,39
383,16642,21521,61
27490,30165,34244,31
35549,23361,34529,116
5696,29656,447,22
11372,12999,26007,85
5522,16197,6135,77
30376,25646,32717,62
15524,8611,28795,41
19722,1715,37214,41
21351,11,22226,74
38494,5577,30907,27
1061,13034,33041,84
3349,1936,191,40
16563,15280,27366,23
35707,29440,37654,84
10856,36514,27421,42
36842,37245,34625,38
9485,3197,23387,94
22728,2376,28853,88
15461,30488,30235,44
26310,20692,17671,40
30358,1555,7914,54
23298,28875,3838,106
24873,20472,37027,20
6929,33932,5457,28
36451,10160,6844,71
19152,5301,22923,58
12815,16079,7711,88
3480,31734,38477,43
34882,11481,22709,58
9069,28842,37894,64
9993,13681,6004,93
3933,35575,19707,104
18190,6161,22669,92
29664,12439,25579,70
28579,4794,3100,40
30098,31207,30041,46
4975,9292,36172,58
17470,29019,4820,52
32605,1971,21912,52
7944,9878,9908,112
9231,12267,38556,63
4986,37555,6090,70
6522,38639,22024,61
9871,5697,2298,96
32312,7602,20580,26
32635,13081,995,65
9146,16865,12188,69
30018,36782,23516,85
34930,31645,6390,64
22746,7071,21915,71
22835,28928,25826,88
26287,7816,13085,67
11292,20558,26635,24
20687,21969,14740,38
19619,9905,2562,90
24117,6441,17530,67
16269,18408,6437,85
27069,792,30750,32
26651,25196,9909,63
27320,29007,27361,20
6421,28648,17540,70
22958,9869,19012,94
37648,12308,5342,66
17310,21331,32019,94
12260,21828,14773,66
30518,7230,1994,45
22056,10520,28239,74
9520,7778,15853,77
13252,9928,38744,92
19067,1061,11717,34
88,26732,16748,29
37665,18755,5395,42
38011,10867,7115,53
36924,10000,20481,65
23443,800,30100,88
7573,767,22505,74
28865,19760,18225,38
5635,13757,6891,32
23297,36233,34902,76
5757,28630,12796,63
16945,1766,25612,67
25719,22031,10593,82
4857,19638,24893,23
30141,4591,11419,42
785,4548,38759,37
13759,3974,4249,97
6456,3467,31795,70
16623,9827,20772,61
35595,6287,38586,93
25713,14325,31941,72
17011,26501,33965,32
26503,1980,22931,72
9008,36183,13546,57
31727,6143,18138,76
38567,26554,13243,56
27137,6968,22898,51
5527,31773,24486,45
16194,3086,29424,51
15333,5007,3457,36
32701,19600,25722,50
23457,16594,8529,84
2258,11721,21764,70
1989,34710,25732,64
22771,23703,8629,113
38015,37248,7890,55
7683,11582,12200,56
13085,18899,10633,67
4857,9031,23442,94
2259,2408,12409,102
35293,35758,30440,130
8652,34136,24842,33
6823,14371,9445,47
5291,10926,4701,48
12041,35763,18183,106
36982,29637,16207,52
2649,6243,36075,84
38578,19234,25786,47
31715,33827,28732,45
991,1767,25799,74
33414,21098,32739,79
14415,4675,17468,52
29307,16614,38481,20
19236,7033,38711,18
14457,16062,20542,47
36229,4632,14471,42
11589,31554,25550,70
11309,29261,18316,34
2630,29250,946,58
25766,38593,29618,45
13945,29654,21223,61
19227,8262,17323,53
5465,8603,35288,89
21043,37867,475,74
31179,12921,23746,101
8755,10716,22835,83
1103,23298,5461,82
30865,18778,13755,29
35511,8262,37984,101
37576,26617,12150,66
5630,27213,22887,56
7187,1660,6227,59
19121,26301,36798,33
30855,8400,18087,51
10881,22228,17436,72
31001,10691,12824,71
3256,2482,16063,83
1818,21242,31805,88
20444,7710,12110,48
173,24504,3799,57
24873,8748,15056,32
17295,11575,9511,64
24204,17507,1102,53
38680,3127,37614,43
25964,11020,18025,78
24227,29365,37685,37
34135,4846,37271,38
29573,12786,21236,87
23700,16721,10732,85
8537,34695,23324,81
19598,18262,20677,28
16016,36797,30774,58
13859,14576,2512,61
14401,31131,1115,40
14488,13963,24523,34
10874,20409,19784,30
32758,17711,28842,46
37045,15003,1004,41
7806,23638,37123,83
1702,13951,33189,60
112,1147,30857,34
7893,29358,10181,68
19158,27771,12999,73
15371,4743,19873,28
17634,24193,6185,67
357,34924,14557,26
2308,33454,13000,102
4631,8565,8294,56
16194,3437,26499,59
20772,25267,9206,33
4984,5709,28022,54
28648,32484,7101,27
9786,10580,4536,84
4888,18849,3859,62
4003,17296,24986,71
6191,36292,10626,70
34033,1867,33501,56
15754,3283,27332,51
34561,18312,28718,40
18198,17273,6505,78
2312,4091,2492,114
5386,17299,27492,42
19002,19260,32734,20
24821,37139,35670,74
2507,10147,16524,95
30982,7675,24239,35
30071,22757,34257,67
19925,5567,10703,40
31778,30514,14601,54
26470,28145,22794,80
5703,34853,19645,26
30244,9257,6309,78
21256,23021,36034,100
6124,192,38717,43
6967,15412,1111,33
38408,14430,26673,29
9025,18908,19259,40
25815,24798,10835,61
84,818,37752,48
22503,20569,20716,44
5421,22559,34825,60
37893,13805,31933,61
7152,29743,21094,55
16878,33343,10961,60
15030,9199,18945,42
16966,14385,5547,35
23704,35690,9068,136
16169,9890,21076,125
4721,36487,14699,42
19709,31571,18314,50
21026,37500,20669,70
6517,10858,23260,106
1245,1010,7896,52
27951,18893,3491,48
28990,6348,30474,62
13167,7501,37109,70
27497,22981,20292,46
6900,3003,16159,54
13845,35004,26602,33
35498,7203,15490,71
6812,5280,5745,31
28614,10759,10763,56
38704,23715,24358,66
31598,22751,19195,70
16182,23336,9,91
6907,31775,15513,39
12280,33445,37514,81
12970,11681,12100,79
30893,37567,35772,90
28581,288,35270,74
32635,16186,38744,46
11278,12409,16040,73
27439,10141,27144,56
7528,6411,29656,52
1228,33212,25519,81
28586,6016,29397,48
10748,5331,33867,43
29416,30197,17755,48
20321,32557,29358,14
16848,35494,31736,91
3752,4130,3087,98
22197,13236,27151,67
24276,33513,6125,68
10682,30822,12033,62
1679,38263,27051,29
36134,30519,18790,40
933,4013,8280,81
28829,28880,36440,40
19822,22179,30932,40
10721,868,23591,92
34258,21855,38269,38
28178,2514,14493,76
9449,3421,32498,50
5271,31269,35743,78
32465,7839,21974,48
18265,37001,14525,47
16903,31823,14647,47
8750,12366,21031,95
15246,20397,7906,26
27348,3257,5428,30
20663,36157,31592,42
19717,6039,36257,54
13945,21418,3256,71
6030,10215,22119,104
17683,31957,4899,64
15288,16570,14401,31
38688,10194,26696,65
12317,38631,31954,59
31267,892,29608,32
33932,20264,19112,17
35607,5262,7682,84
17305,18999,30524,50
19122,22917,9111,74
19695,9759,28787,66
33272,6027,13860,72
6176,15769,61,71
15822,24319,2600,78
22072,27031,18401,48
1653,35586,9989,124
12896,38313,11335,54
25932,12803,14645,87
5485,38436,10938,39
19808,37759,14439,42
37986,10601,7583,62
16903,21787,19026,41
37774,20492,30003,44
14735,30358,29665,34
16904,20685,34756,21
37171,14274,13242,66
1092,35472,13028,113
8417,16633,30327,50
10017,36148,251,70
27223,7767,30916,30
3987,23615,12505,124
32335,27258,25691,48
20667,14391,21789,38
38276,22099,23667,81
3149,25017,22254,41
35389,7199,1766,83
34694,11379,13529,31
28253,1581,27941,76
15032,2370,32627,52
15524,13715,2473,57
14483,10939,34934,42
31208,13756,19139,29
20617,1612,16566,33
28537,44,22573,58
6216,10650,27997,82
23655,31974,35495,132
1929,35596,28976,88
35515,22086,13015,119
20692,5397,4055,56
24509,27865,15121,45
10949,4688,28741,48
27433,36990,13922,32
18451,36878,24772,38
17363,4785,33410,67
18076,6067,35,58
22888,32599,14272,60
34818,14489,6904,27
11625,30465,34105,37
9785,16591,17690,85
17654,7845,24061,51
31792,36093,4039,82
18017,1877,2324,76
8569,29583,3925,67
33077,5737,18311,59
440,18226,11695,36
21800,21351,31032,78
35560,28788,16088,101
27008,30097,18950,28
26364,31735,2494,72
8347,35692,23403,129
38575,23648,16068,90
6779,3889,34022,58
14693,4831,28901,38
30132,1911,21460,82
3270,38301,5764,31
27914,3362,27913,70
27032,9292,22930,72
11386,1146,24490,37
24136,3768,37575,75
26436,13837,15019,33
9803,18374,28039,96
23388,34710,32525,68
3432,34918,15094,30
26509,776,15936,63
9335,32697,24431,45
12143,1550,25520,86
37551,2552,1065,78
30334,19743,16265,57
10650,28704,38717,39
24482,27112,33831,22
38277,28994,17023,28
7502,21852,77,46
1711,32451,30372,46
3913,27902,4265,112
29438,11525,36333,30
34255,835,21825,51
17023,36826,6162,58
34855,24484,9420,45
20255,21953,4736,40
7754,4675,33474,57
36290,1883,7159,43
10009,12424,22889,118
36933,6002,7646,63
23430,10030,27381,104
25852,11264,18279,66
15968,35694,903,107
7757,30235,23403,86
30888,4148,30900,62
34242,12975,19213,54
14748,27374,11571,26
31847,9766,36463,88
25036,31114,24079,22
431,27355,26499,22
25120,21462,25083,50
38374,6308,32007,61
25662,28893,14554,60
3406,35540,3125,84
12838,37748,17453,89
3382,7959,35400,86
26264,17338,12506,68
7775,23663,1038,86
9775,33800,1183,75
27262,24437,12998,52
31234,10809,31204,42
23021,20282,3419,56
37725,25651,30518,78
18009,27081,6904,31
7064,33470,16723,45
36011,4505,24421,39
19863,6471,33500,65
4271,14417,4583,68
18256,25601,34741,64
3291,6017,3465,60
25562,25169,25126,42
12858,18913,9449,73
29343,24129,10772,35
7940,1038,8276,55
30014,10981,24427,49
31779,28512,15083,44
18207,36433,4624,50
1832,11338,12775,69
966,35647,12301,104
11706,36414,7507,42
37961,34556,6416,64
15486,7735,9350,52
4943,5550,3823,68
9323,31685,989,70
9285,33803,21779,61
29315,36992,23267,71
21314,1942,7848,80
12314,23474,22615,122
11704,23453,1696,82
29500,12976,5395,55
31846,865,5393,54
13171,27152,7175,50
22208,29626,9245,56
2699,23360,19021,94
31674,2588,35746,116
23647,26604,27901,92
23514,16789,1271,81
37614,21302,33006,95
6054,5490,36771,59
28920,23331,11528,74
33062,14662,19902,45
31885,11308,4069,76
1558,894,15025,46
33433,24031,29329,40
10167,29347,38380,57
1599,18932,26639,38
30768,8608,36114,47
10564,9325,5707,62
1899,4759,5432,46
12974,34718,25692,83
37645,18021,8010,60
15922,36931,12941,87
9811,33861,23694,109
10843,11571,7803,48
4012,16049,19585,81
32004,254,7101,37
37917,20627,4198,68
5011,15421,34076,31
5644,25872,31223,58
20394,22866,25207,45
9026,33098,7726,71
1122,26580,21104,74
8309,6146,36193,69
34963,23735,22556,100
18018,23006,23603,112
25525,22207,12356,90
29295,7922,15240,28
26347,17535,18250,58
1677,23451,23413,124
30786,36953,15438,33
1721,15425,16850,39
835,13814,5309,43
1769,23551,27770,100
26404,17650,14482,50
29732,20357,3396,20
22047,17271,21758,74
14578,33424,33864,48
36128,18841,7633,38
29735,15101,10819,34
9172,18984,9048,62
37871,34668,4226,74
26725,12369,28219,70
34957,47,12876,53
2750,7006,7067,50
30300,20401,12195,50
11490,36879,19571,31
8736,6968,27510,32
34546,27292,26542,24
13750,19703,30124,37
16178,35408,4951,103
5489,15370,36490,36
10632,29567,21257,70
34046,25839,19867,51
18982,3318,5411,32
1819,29641,6913,31
33899,8475,25881,66
29686,10848,18298,46
30229,20569,8771,41
6463,19569,34853,46
15180,38623,1759,33
4073,30020,22114,84
19691,31230,18917,22
872,18842,35474,80
15826,15242,22746,81
18514,22135,18153,64
16736,26523,21765,47
3920,10025,11319,100
1707,6986,10597,49
4825,23503,28939,78
27177,31739,37251,43
36879,823,12345,63
9519,11369,4997,52
17339,38431,14288,43
36873,31937,19714,45
31272,36148,35700,82
7540,33475,6156,75
31120,20455,36365,28
29441,19951,33028,37
36365,8641,3884,79
28691,10652,22543,74
27318,38576,4693,23
35705,38442,19893,67
8559,11345,17435,57
27916,27162,23580,84
360,7519,25967,58
1530,18813,975,44
38571,6350,17270,63
33044,38745,18956,38
17306,7793,22056,66
3473,38632,30253,37
10119,23672,16627,111
8515,19052,25175,30
17289,2482,34047,71
17523,28267,17766,80
23753,22930,36825,107
26737,34561,31089,30
36163,35402,10957,94
30478,15072,15311,34
21767,28191,14005,65
9886,21242,24231,101
15223,14761,4018,62
8575,16597,38757,37
24071,232,34127,24
13717,24097,10510,44
30071,19159,29766,28
38674,34561,30767,23
9951,24126,20768,59
7090,10555,28702,41
19098,15821,12972,78
16150,22025,21275,101
30119,24764,13,27
23364,3066,11395,76
10718,27410,10120,74
24822,10825,18349,45
35422,28922,20680,70
17716,12502,6005,88
6763,9061,18341,55
14017,11344,29463,27
18329,4906,27334,38
11002,34266,20277,33
21365,32369,1603,72
4093,1020,33163,87
28666,13679,22573,65
9164,13961,12412,71
34515,20335,36299,26
26744,963,2652,66
19630,7599,25563,58
12316,863,8657,69
8004,8337,35289,93
19550,22631,13118,85
34108,3973,17262,77
8283,32010,17719,71
24456,2669,16500,56
12001,20528,2467,68
21128,27449,23401,100
1995,22501,875,78
5649,7777,38724,33
35659,1059,264,80
37746,33041,7622,67
1120,6350,33247,77
15016,15980,12792,80
37869,7768,20599,42
25526,33774,22790,85
10551,4265,3793,106
20631,9830,25949,86
35379,16013,37768,113
21912,25650,22888,100
35394,9861,15836,137
13797,33758,31610,46
28035,11585,24498,47
3181,26446,28224,54
30083,25757,25599,90
35342,10611,4946,92
24520,9081,21935,61
6283,36093,3166,62
8300,35517,2609,113
32651,12967,16043,80
16062,2389,20004,75
335,30183,37249,39
31806,25596,27102,64
12376,21822,4960,68
23591,4886,9233,94
2283,26497,1595,68
31261,37088,27122,29
4220,6401,33279,101
3810,37054,21134,101
768,1250,24069,45
31029,18246,21221,74
23556,38289,7220,64
14429,25565,37882,72
4627,1874,36792,49
325,25733,9845,90
5677,17357,24032,47
26560,38271,4552,31
22922,8285,31218,71
24822,8637,4256,66
36878,31621,6476,71
33169,32697,1728,55
524,6363,28996,50
21154,6109,14335,88
10582,4562,30874,46
8627,21125,34532,73
13206,24002,21989,72
4834,9292,14457,54
6897,27794,18915,41
28744,19520,20438,20
24510,3159,9287,51
7608,13044,24916,58
10955,28759,12012,64
1090,37911,1552,62
10174,34724,4243,98
10686,7577,8613,59
13026,38519,36519,60
34854,14431,12284,50
16117,33358,27315,64
25246,2654,38602,44
21853,11687,5587,46
38539,30068,35758,79
25274,33048,28657,42
34027,20627,23531,63
33836,3307,37971,47
21057,33064,12069,101
17739,20292,11334,38
22751,13990,17376,79
10901,33043,6072,81
32594,21371,34906,60
25195,36334,30971,29
27934,5289,27026,44
11506,6304,35677,98
34212,1044,25685,63
19853,37843,22556,70
7643,1682,6194,68
9149,21886,11424,62
2354,38312,25952,77
1962,4660,34513,42
38704,10193,34856,61
8511,3215,11617,45
21406,28780,20002,62
33203,18004,27088,51
38672,9791,945,71
37630,6953,34638,39
20738,31193,6223,44
30885,18492,21981,54
34248,8619,14564,42
17019,12353,25779,77
20280,25627,33986,47
22089,34748,6002,64
27854,496,15121,42
23723,25707,12945,127
27253,29280,24179,17
24462,33207,25935,72
22155,24776,3002,41
7949,17020,114,33
4724,21910,12231,68
2550,35307,213,98
8374,32682,35572,85
18023,26368,23274,84
28206,37605,11656,62
19680,15376,25203,17
26679,14505,3468,38
22229,22163,18827,54
8677,1247,9767,87
1252,26486,11395,40
27072,21255,36429,64
24103,20348,34103,20
31198,22013,23366,86
14703,8577,3328,47
7171,30999,32496,25
22687,7240,34256,56
9428,31762,4699,66
27087,38014,8280,49
15791,10124,15486,89
11567,15333,33127,45
3044,9997,911,80
15489,37180,29456,27
25926,17600,31590,86
3049,15432,5745,34
19272,37784,35736,86
29397,26494,23565,68
6152,9268,27827,88
32421,34931,3773,58
22787,18040,30442,78
17470,2669,8705,83
37848,30490,441,48
18937,14276,25181,21
12082,7260,35508,93
37779,5436,17686,62
23567,94,4075,100
7738,7272,3245,37
14363,26754,7564,40
28848,34814,33014,47
30119,35738,11367,84
28266,8591,30884,59
19054,3811,3234,62
20666,33132,35324,85
34195,34008,15092,26
25846,3864,30096,96
25637,36127,36942,67
9491,21504,9950,120
38264,4139,25892,83
21465,31601,37065,83
3450,12779,4093,95
11681,37261,30777,35
9475,23404,7661,96
12350,3994,37113,87
19185,21753,36259,46
19270,31853,37223,45
26768,32582,17590,46
32317,27057,18915,18
27261,14536,12171,46
6468,28059,7070,67
33214,38581,33506,59
34529,31818,26399,44
3085,5253,37537,50
26447,34612,20287,22
16594,26661,4207,65
24524,35714,22122,89
11268,22078,30875,44
9427,1118,18895,52
20625,25812,26668,50
14320,13728,34176,34
20626,23337,26582,66
36114,34574,8742,45
16682,18217,24262,40
21347,34834,1912,72
29591,23317,29497,60
1054,26326,31155,40
9018,16157,1595,81
32701,27907,24278,45
15498,4631,4502,36
24886,37505,36360,43
19066,35744,31579,86
16620,13115,22739,90
34015,35711,19262,71
30999,33392,24839,40
16641,229,5453,29
33391,863,36378,61
38011,34096,18334,53
36467,27271,36901,35
32334,1695,29401,32
26587,12750,13550,64
20271,7762,35389,74
30505,18856,31514,48
8012,30264,30107,52
7527,35669,1912,92
4972,25265,19976,23
18310,8679,30299,59
3432,2563,30066,68
1893,31927,3908,86
12219,15499,22699,78
13546,12308,30821,53
44,6259,27262,42
36896,2433,7055,58
1726,3472,19165,40
31252,24316,12337,49
4995,4111,33185,83
9002,33812,31602,61
37257,16537,8640,47
17020,7584,9942,75
16842,12329,12968,80
26522,29563,22533,56
1116,13768,4615,45
30035,13841,3427,45
15320,10214,22073,80
32438,17704,19603,40
17337,13850,15356,47
18934,11604,3406,30
13173,27350,13620,56
22926,4931,20766,56
32485,31129,12027,48
7956,1631,23676,88
35669,1897,26434,88
15202,15377,24766,19
30215,7975,15304,42
15013,17749,14491,46
33448,27757,5763,67
30235,5442,14694,42
20461,32604,36175,26
218,18446,2620,62
5004,32536,35017,30
2339,34895,34601,52
19528,3361,4501,34
16644,15151,4547,33
37510,19898,31163,40
12879,27231,26699,55
25757,33983,30162,63
24762,18110,30281,41
13777,35506,3849,111
9342,3362,17676,68
33333,33106,24936,57
6462,18775,21185,82
22167,36184,22679,80
1786,30442,36772,53
4988,32767,1652,42
3409,22744,16875,65
6895,30242,15892,58
7210,21308,29423,55
13917,10142,2767,97
17714,6057,13184,97
38720,22661,9980,93
24209,24449,3013,32
25877,13947,9900,97
33762,33862,2344,54
37120,15831,9193,76
5385,3220,11512,36
32545,15983,28966,53
38433,38426,21487,54
33243,3277,5018,55
6347,38473,23539,89
3346,26698,10006,74
18079,3999,33933,71
31581,33830,35562,89
35388,13580,30260,87
30181,24927,22790,61
35664,3187,31892,94
21857,36439,3057,54
21751,22158,28809,60
5688,38261,25734,53
18392,23564,16258,105
16603,23010,37505,75
12425,6829,11566,47
4655,10646,31919,60
14764,28896,30231,42
24422,6420,31195,51
4617,22531,8267,75
14537,23678,19209,70
19537,4736,21794,44
3796,7710,33798,67
6196,24002,2613,77
24127,25006,23493,64
37872,1011,32579,50
30108,4938,18824,38
38312,12915,16146,77
25191,36798,38297,23
3398,27322,18374,38
21941,11258,27192,38
6797,4169,22963,89
29416,3964,12991,85
4200,31589,4170,108
8332,338,15411,35
21810,30415,2737,78
7859,419,17626,48
26734,21833,21184,80
849,7772,10633,56
22228,20303,15422,34
2646,3049,37814,74
24998,32316,13274,50
24128,37249,26494,36
31104,30452,17379,54
6239,7158,18795,45
24188,15109,23340,69
28228,10146,22546,116
34156,29505,33235,40
37881,315,9201,58
28246,19658,23479,86
22716,38323,24888,48
19022,20602,21122,52
8609,19273,30879,37
21012,12924,30318,101
6273,31759,16765,67
12121,11729,451,46
11522,30823,21127,64
13568,37540,10520,59
28925,17333,29552,42
22699,13266,34981,87
23505,3161,2354,102
7181,22871,349,53
33174,38473,37554,56
13100,20305,31964,65
6428,16163,11353,75
30371,28697,9964,78
11583,4047,15806,85
11324,36093,27388,30
15390,37575,7925,48
30349,12104,20342,50
29536,30201,6500,54
27959,7206,22555,75
34524,10016,23353,108
23379,355,12387,88
13204,16122,12006,102
34952,26426,20399,22
14649,17319,765,56
30131,38532,18306,43
9428,24508,26475,49
17689,6915,35535,89
8549,26554,20335,35
33997,3449,15862,56
26274,18835,38325,23
2514,16921,19705,53
13500,32712,34718,29
16633,18387,12266,61
11700,31127,28071,48
21879,3994,28701,78
9278,31552,25570,88
37082,11747,31907,49
25078,20002,27082,13
37669,4086,18190,86
9067,790,5022,60
2005,6081,7013,59
5742,25801,19760,54
37601,21299,7006,75
8724,21448,35269,121
22047,21051,27441,72
19716,24920,20718,11
16874,24932,15788,47
9763,6815,10711,77
7077,10131,1004,73
12431,17457,33464,83
9397,37780,32339,60
32651,36255,25108,27
31804,35507,25898,116
7599,7133,25712,59
13154,27259,22911,83
13148,1738,38598,64
4110,37902,6975,73
30025,13206,11335,67
12100,7577,34061,55
23477,34070,4778,75
5547,23686,13806,77
37521,9218,2761,88
34707,25251,20594,13
27254,37511,4008,70
158,12315,16157,69
13946,5493,28688,37
20328,146,23480,60
16230,23503,13636,98
2545,18414,13550,69
27077,34838,21412,56
17014,18799,808,35
33453,13149,15088,74
4234,29529,7853,62
22586,29497,34600,52
11442,12135,38371,45
5313,22964,943,70
6976,12472,18214,57
22259,38569,9186,57
397,27160,23747,62
33900,25105,24924,15
11494,25069,30194,31
8743,24368,12240,60
802,16664,33514,56
21274,28966,20269,58
31938,11743,21345,78
28821,7016,277,25
25199,16886,17538,40
7917,21873,30203,58
19640,17511,4143,74
10602,34129,10038,79
21000,31267,2433,90
5726,35542,11681,78
28545,13157,16992,62
9075,37814,13245,91
29589,16208,10904,59
10116,22179,2539,108
25519,38712,15239,49
15360,11421,6437,50
17675,37838,16126,83
22126,38429,23346,81
12277,13653,26451,55
33464,9517,23465,107
8274,32370,4559,43
34724,2734,20605,46
15844,13962,37675,70
183,3966,10674,70
28590,17,25851,54
27836,30143,31951,70
33012,3885,21501,113
13228,36413,9030,83
17710,3239,27074,44
19710,26770,16990,29
36864,25757,11543,61
38550,31794,16031,62
33795,13037,33378,75
8645,20437,35340,79
22626,1845,328,66
25648,7511,372,58
23430,37219,34654,75
11619,13855,35736,79
24025,5638,13756,34
10663,26640,3924,76
9373,15289,13069,75
13111,7698,15362,63
12959,13560,1212,70
20477,7747,27400,22
18995,11591,7679,32
4718,32562,11673,32
37907,12429,4551,68
15071,34564,1744,36
345,7,7271,19
6222,15935,30091,83
11369,15487,52,24
38417,252,32413,19
25795,27924,34667,72
19181,16509,9144,45
12018,18040,28890,62
34262,20443,477,17
38410,15173,37706,37
2738,13121,23676,127
30168,23765,35510,126
6012,7004,15432,47
14613,25536,10799,70
165,19638,34227,21
32661,33953,7198,24
12811,30819,12394,79
4689,36758,278,35
27835,25244,33064,58
37254,12346,24261,54
36383,8448,30499,55
34923,28137,36466,52
29768,38371,11015,31
22625,9853,18251,108
2425,9352,4547,78
19813,25269,22054,33
33459,7629,21455,87
20686,17596,16812,39
18303,13699,12411,63
19600,15127,4752,28
6105,24326,5718,53
6105,34569,34890,48
30452,18382,38725,43
28050,37033,20602,45
12167,25169,7753,49
16191,36895,7685,64
28020,6136,33106,87
31934,26596,36008,52
8482,8624,37544,66
30520,497,33852,33
30080,6419,26390,62
28895,11359,28042,50
4557,13639,30070,45
28559,8547,10917,55
38462,36820,36799,35
6924,24013,13721,29
36036,33877,12819,64
3977,1201,13586,73
9384,6893,23521,87
5314,23592,8562,85
11686,8584,13023,70
9181,23620,9863,128
12219,22759,18420,90
13073,27267,31609,67
17543,31026,25166,39
13247,19271,6812,52
6063,19532,17757,64
11479,10770,21460,76
13636,16874,7160,31
14312,28966,22225,48
136,23739,18088,78
25060,38020,13655,40
30516,26628,2747,66
20460,3375,26500,28
16720,6195,15859,76
36859,35265,6201,103
20705,11546,18078,32
27126,15849,35658,93
34958,4896,25070,25
2439,2766,1801,92
5582,16139,21996,69
23350,37079,17275,93
25593,32386,1568,64
29704,26404,26673,28
36200,17601,36950,57
28224,25736,13673,77
36045,35333,17322,98
21844,3444,15461,46
28961,30296,4584,44
3906,5643,302,60
4659,6828,471,27
3847,34710,28563,62
27313,13738,27289,21
3122,28747,18378,46
9086,3138,20605,44
23710,9884,12496,130
10554,18002,13148,81
10950,32426,27384,34
13157,20450,25934,77
13019,18892,36223,61
19612,10011,20610,56
28045,28786,6465,72
34814,13814,23449,73
14264,17717,9039,66
38680,7793,9911,69
5611,34166,475,27
22167,29533,4651,42
1981,31720,30014,62
16158,34954,15443,49
13607,33764,101,28
17582,7609,36440,58
21521,29308,31604,72
7014,20590,23365,61
36978,21907,37901,63
27822,27453,35422,88
2648,30756,17596,72
31650,21483,38292,73
30002,5017,10003,80
13117,23501,11481,101
8021,22006,28581,52
34635,10838,9339,58
29668,27373,35342,64
23514,17578,38502,83
22528,9400,20727,70
3326,33266,12084,71
22866,7627,12769,95
23604,22628,30206,110
4216,20627,22753,84
22949,1235,2585,94
6859,21078,31854,75
37110,22785,6787,62
18958,11439,10801,38
32507,15342,19087,22
9821,16880,22807,99
2523,30886,13916,59
25211,34963,1260,29
11009,257,4677,42
13794,13571,9996,74
31078,16678,33275,48
25589,24863,28196,67
13652,23019,6156,85
14456,5355,6990,31
9110,23562,19036,86
894,7530,7620,50
36906,22041,29346,43
10250,1824,37681,92
6761,876,33815,34
24519,21952,6285,65
11341,15875,30792,53
27802,29280,15132,40
14774,32631,2734,56
3194,15271,3454,36
27098,18063,28057,52
20309,8343,24117,32
15027,10544,16772,41
27205,3938,36199,62
13637,23283,18440,85
36915,31654,13835,52
29005,6978,13669,32
25599,767,24479,63
28902,32305,4080,62
289,11686,29603,20
25240,24330,9358,40
9341,31102,10691,60
15282,25721,14587,56
27449,31801,34131,37
32532,37636,19081,38
4881,3906,16518,67
3100,11637,30948,34
36054,36032,18858,38
35649,22945,14637,108
5694,38480,5674,29
38594,13698,30458,36
15938,20440,28540,47
8697,11574,13618,44
6487,125,14262,50
13099,10864,18994,67
15804,1549,32304,61
31545,18366,17742,70
17291,13139,28749,77
17444,14693,12161,68
11507,3276,15778,57
12810,28063,4120,109
36102,31014,15311,34
29392,32258,219,18
18166,35013,9843,76
33033,18309,19188,53
17610,31504,30295,68
24801,13857,13586,29
38772,37175,14545,32
27117,19002,37062,25
24371,20612,37241,26
7028,7185,36980,29
32663,33218,36313,51
31504,24825,3903,69
12117,34833,370,44
28640,4679,16851,37
37552,4523,18437,58
13544,24010,27273,26
21904,11259,29437,38
13153,9092,24119,76
26347,8614,36968,48
23353,25974,5340,100
12828,38452,28041,72
25161,22808,8559,64
24055,14646,3059,35
16665,33764,33164,47
1853,7707,19202,42
8741,29702,34140,34
13894,14387,12893,64
38019,24106,32742,41
13542,23621,34143,74
25943,38379,36243,57
27067,22981,18941,50
6055,10749,21793,78
10113,20767,18784,56
15989,25576,9956,117
2562,12218,23627,118
9071,28533,24319,49
31872,878,2012,62
2616,22204,20477,62
37686,18133,19106,50
34729,16947,19825,25
24351,6841,25118,19
34130,10986,16948,42
6764,10987,1737,49
9230,18813,20354,36
12829,31259,46,55
17291,5665,2474,74
28507,33908,5524,33
16657,18084,14259,43
30500,25752,37738,78
35677,18439,21279,120
21480,14266,12464,86
25244,15060,13004,50
34517,22017,3217,46
8623,20713,11454,33
31077,6428,2519,78
33414,33201,38489,59
7753,37148,3812,73
30519,21072,11457,72
20524,26432,38373,19
38648,3241,21177,63
4072,23578,12945,133
28856,25858,7916,64
28513,25135,23269,67
3060,18117,36429,50
22960,1198,21957,82
29397,37506,34124,37
34751,4644,30447,40
28053,36092,30089,62
956,5712,31022,40
30491,18003,1856,58
12518,31219,31,46
17338,27413,31837,54
15365,33111,19973,41
15837,36325,7962,65
27911,36176,31146,54
7115,16765,30928,28
2310,16717,38766,52
22877,35323,4057,138
19849,27331,5598,22
6850,8657,19736,34
31781,24990,10696,49
30163,5750,37631,54
32692,17735,30835,44
31207,35267,6133,98
38284,3877,17745,73
9970,25546,27047,88
24798,30885,1573,33
29527,33310,22503,71
28605,17570,13258,77
15990,7786,28166,77
23304,21883,16793,87
25097,2273,35725,95
36098,11638,36027,42
34906,5264,16932,31
30959,23534,22595,102
38468,30408,31117,33
864,9229,19804,52
24154,18515,23611,81
33907,20309,22846,51
7753,16916,31014,37
432,4167,30488,66
15185,16985,7675,35
23015,6157,31254,82
31765,8728,24867,48
31053,19698,14747,28
24905,8562,8335,45
26458,826,4676,44
37121,25128,25025,21
32532,24207,12377,47
10187,7917,14335,76
13611,25534,3947,91
31506,13037,17582,89
4071,14560,25532,90
32548,23510,31592,84
11473,11639,29720,24
33179,21462,33101,98
33993,13137,28149,76
10676,5496,32339,42
37638,10731,28946,58
2478,24986,338,45
27378,38578,11480,19
14480,38499,10832,39
17742,28140,8673,75
28023,12523,35566,114
1524,15754,15802,86
34702,27212,7647,28
28261,25244,12447,61
1246,20297,21249,64
5302,8314,1206,51
170,7190,36016,29
1262,32336,12751,65
25698,18460,37972,80
34146,15307,10652,39
24226,27148,17402,39
13766,19173,19801,25
10766,13572,37986,59
21137,23660,11005,118
22973,15152,3197,62
31537,12220,22955,94
31835,34778,5703,44
17250,31121,22211,60
19161,34108,4123,57
28946,36321,8720,49
30023,5484,5255,42
28978,16998,30489,41
11287,34906,27851,46
27148,26017,35591,96
34562,12257,15276,46
15911,34848,3202,55
15870,14410,30266,63
752,12036,7633,64
21338,8681,36221,81
7681,956,15936,67
16006,37537,26023,93
33886,35534,35006,73
19038,21517,6929,57
31716,15144,6812,39
19216,27156,19983,16
36377,21522,7681,76
4235,31601,12432,96
14698,36242,36076,44
18023,15060,22522,68
16635,28755,35444,79
15524,26742,34125,29
10991,24846,16096,58
15142,10187,13738,69
13265,28563,7746,67
34720,9757,16917,67
2531,23386,25197,91
7576,3199,38350,35
19214,37555,3097,44
12052,6058,35334,118
10976,31642,34563,54
33793,37250,29582,28
11542,7776,24936,29
15227,25606,21904,68
31156,19888,16003,49
21478,31624,24315,77
18413,38525,34201,34
27121,15909,21317,81
18929,232,5333,24
20255,31001,28048,40
22197,14529,38750,41
6248,6349,27000,68
22592,38539,16701,56
6378,17004,12754,82
18331,2463,36010,72
30247,22040,37944,66
33952,6821,32650,24
36410,4726,9200,58
16032,4821,32475,55
18384,14774,22065,56
35405,33004,24898,86
35444,13047,4845,109
8413,33984,31718,54
37842,29492,14742,40
31163,11520,12086,50
25951,3943,11635,88
37040,20379,20751,19
24755,33913,7194,19
37719,21443,1504,88
36422,15845,22112,73
1027,33904,17730,53
32531,10948,2270,66
2409,36523,21311,96
18391,14262,13098,71
14505,33138,13531,52
14613,24077,37552,45
4170,33092,18223,89
31194,4945,24061,33
33315,7593,42,49
31146,17396,9,42
9375,27180,9323,60
6181,38586,12942,76
14550,29365,28753,28
15361,24079,12425,47
1081,37188,18277,53
9825,4541,31018,72
14380,28200,30101,58
3399,25119,27156,21
1008,32699,20578,28
9928,3816,1161,108
30121,9836,18500,86
26358,30256,25536,66
11572,21125,3521,68
25763,24517,29763,49
9870,13915,9063,89
9029,30042,13608,59
7105,8514,4242,70
3479,37883,24980,41
21083,9978,33461,119
10804,27224,27143,30
5707,12083,16169,75
13634,27060,7032,24
34833,36879,8450,44
367,33784,30251,33
1781,9123,1760,68
15338,37234,9196,51
17367,21390,15473,78
21804,7808,33334,67
9325,405,6317,66
292,11518,18393,36
4623,26766,33857,35
22150,20599,11764,36
29761,9025,13665,45
13783,19506,18775,25
12911,1562,26732,71
18976,24384,35503,71
23540,33922,977,79
29319,26361,5718,28
20616,28828,33051,41
11405,15085,38300,23
33040,23706,34032,88
21895,13046,37530,87
38656,24817,30818,18
965,759,18014,56
15418,2526,10713,66
11345,22129,11552,44
13975,28749,24343,34
10524,6396,30874,64
23385,17701,28065,106
38741,17695,10643,53
16059,23737,18384,105
16717,12262,11401,51
10852,28273,2410,86
18460,25603,28823,68
24769,22649,21816,67
34849,10693,24518,39
17657,2469,9043,90
7852,31530,5447,52
17367,4921,12486,70
14473,13534,20262,27
6521,18219,24287,61
31981,31973,13949,61
24387,35476,3795,107
8495,1690,14326,53
33320,38318,8394,53
7778,53,31250,32
16806,34675,1038,37
3191,9264,25928,78
33192,18495,10566,69
13126,28026,7152,74
21017,29705,24322,57
11571,11439,12752,59
15409,2490,37691,68
36365,12971,4174,97
26382,18204,21428,76
31975,12437,37863,78
30816,18796,30270,34
18432,17643,9459,74
7897,13972,21231,73
37174,2761,13019,90
15355,31799,7184,39
16842,3768,5587,65
9375,14296,10794,62
28561,28924,31215,34
6186,19029,34751,46
19260,18929,23413,64
6044,16644,23453,95
2445,6002,38297,73
14319,12847,29678,55
18135,21323,11684,74
17710,35673,33126,109
34606,31950,10810,54
840,28074,24028,55
25580,28572,38741,53
29283,21407,13624,61
33452,10126,6931,82
12441,32335,38721,43
32608,12221,12001,68
12231,392,8581,57
28658,4165,15800,87
4809,21198,13144,97
24289,4591,4865,37
17405,11471,11022,58
23365,35644,25591,144
26380,12235,28763,54
14684,20434,35666,70
25964,30900,19015,52
12489,12296,20534,62
219,24028,11269,25
3357,5659,6294,58
25930,17595,37772,86
16942,7741,25688,63
31633,12003,25623,90
21365,3933,4564,100
4568,11720,13250,63
19512,10806,3063,42
17689,32250,16847,45
30224,30049,1857,56
17492,777,6202,76
15333,16672,28996,31
28215,13040,18899,73
9120,15444,24139,45
23422,34264,30782,71
1900,12252,36930,65
30473,24420,38589,32
31689,30754,12879,73
7933,12110,11436,56
33920,29467,26690,25
35445,25770,34655,100
30146,5764,18372,50
29405,16502,10565,37
34086,31639,15981,66
6028,3466,27330,50
16781,26576,4902,37
14665,21904,6421,68
16573,36229,11496,37
7215,38511,33050,39
3097,36819,36442,45
24094,29721,18975,19
9473,1569,33087,75
13918,13983,33359,53
7834,24272,35684,81
12181,27903,24758,61
16901,25797,1650,67
29459,16762,8386,36
33367,6912,21042,78
30767,31931,36114,50
7890,35522,20488,74
8590,37088,25727,72
7655,21942,27221,44
27021,22927,21463,88
36232,29530,5262,32
8526,30977,34787,39
13717,3327,15387,35
26426,20660,10767,36
27770,34587,26718,48
3065,16538,10541,47
25848,31158,25568,82
13815,10991,29359,39
4066,1695,20705,64
33999,4817,35732,79
17721,21378,4200,112
13179,29375,19992,49
34208,11647,31062,29
5493,17732,33207,65
25253,10124,5251,63
18361,34034,1261,47
14482,6382,7016,51
6947,9508,32461,43
12853,29707,26741,55
513,33405,19950,39
37252,34913,24903,26
37110,28966,8572,48
3494,4996,29639,32
4105,38353,12479,77
32000,4838,26580,50
21389,15461,21039,96
33828,1267,4619,41
11307,7905,35709,82
18293,30420,32760,46
37601,9458,15895,85
12507,32565,4806,52
12522,17640,33936,65
12240,25551,299,72
23315,7867,34773,76
30092,22269,14333,54
37635,33032,17262,77
24414,29263,3221,27
32360,18457,10103,76
6118,24868,23505,87
13521,21891,33254,64
5495,17379,10711,60
34047,19935,22583,55
26290,5609,13887,37
10504,14629,31511,58
22183,10002,16639,83
37729,16187,4821,71
15819,8559,19592,60
11604,4723,9808,72
8387,9438,5563,61
36032,31914,17383,66
8377,9279,13913,62
7141,38341,18504,32
17278,38755,38467,36
14402,31824,34106,45
10945,25855,4188,100
14602,23308,33007,91
25979,28009,29459,68
17288,27210,26383,42
6177,18205,29547,56
4711,4034,27502,60
30062,7884,34900,42
25900,9926,34983,92
6190,19092,498,44
19228,12981,30163,63
8716,13601,24086,43
13849,13679,8642,47
20366,36798,6817,24
5497,16630,8429,44
44,29760,3185,24
13785,18854,2657,55
15126,37240,34165,32
3840,10537,21470,108
18327,8536,36040,57
35590,27232,13263,99
7590,16022,29716,53
34919,4503,20307,24
4533,19524,17353,46
23693,20627,17551,80
26696,5559,3264,38
7032,29445,22769,51
15823,4575,22592,87
30048,17429,30900,54
38654,29638,17719,35
13046,1749,10896,81
13170,3758,29321,85
36923,2452,24383,60
5773,18795,11746,28
15272,11000,33951,39
18892,6079,2496,74
33434,35289,2486,119
23624,28630,7205,71
24074,14574,10203,69
29407,11461,21296,58
8632,3877,24478,72
28909,2720,24263,57
19782,29359,19911,16
15132,5639,13188,59
31893,38629,9426,57
31569,38677,24803,32
13962,17748,22030,63
21197,35399,3017,114
31126,7667,36837,41
16669,7029,5684,30
14366,33903,4715,35
9753,6195,34606,88
154,33965,24308,24
30082,22856,31877,82
7878,28131,16059,77
10856,16081,29615,59
15960,20397,36975,50
32726,5335,32273,28
9520,22183,18231,72
12189,24012,31574,63
1533,10679,36225,58
16807,35350,21518,111
20403,28783,12313,44
2707,6432,1732,88
14313,16205,27777,73
33871,25042,35472,68
3773,23340,4672,108
24116,17537,21895,59
14737,221,978,36
7027,9172,13230,74
19040,12241,19916,42
25066,5451,9036,43
37116,8381,31914,60
127,19750,3059,26
15897,7142,9905,88
13243,10704,26356,73
17271,34131,12073,65
7808,35283,33519,99
7795,38461,6002,53
11422,16265,24996,46
32645,25683,25686,80
30033,22672,35577,114
29465,20609,5438,18
20656,35484,22209,82
7169,1108,6223,57
21381,12430,19883,80
15870,28162,33130,88
10521,11421,29741,36
13617,34654,30328,39
30026,25008,24505,30
36383,38659,26536,33
9887,13064,7554,103
33502,27070,23391,83
22145,28168,20455,54
15120,25979,12827,83
10909,33971,26315,43
31230,10799,23335,84
22254,2634,816,78
29747,37728,8329,49
21759,26338,3879,78
37045,10958,23744,89
13037,363,32330,53
21250,16735,34078,64
7951,4840,24368,39
35405,9935,37904,128
24936,17328,2330,65
24352,13266,13715,61
7720,12066,6946,53
13015,4601,11661,63
14278,9252,3840,82
6253,23618,20398,86
34940,38366,32711,21
38328,35255,12367,91
18370,19065,21159,70
9783,35507,27317,108
15385,18953,36807,29
766,25027,12361,51
34823,24955,13956,24
35328,37533,26455,92
10009,34884,24089,65
36213,19552,21410,66
14681,16781,8647,44
34923,33062,37127,50
38488,14376,35364,73
7509,3438,33120,57
29661,2276,36327,56
28248,6970,863,53
19724,9267,30836,44
30786,35669,19748,72
13582,24133,18082,42
25913,34778,26576,56
21311,10956,2710,102
30262,27952,24105,55
12113,36180,10893,68
26557,23021,31960,76
31798,33331,19990,57
37789,21523,29716,72
33314,30296,36939,60
1636,34224,21911,53
25149,25099,9056,34
26538,28179,33914,49
13035,25258,16588,53
31043,32019,32523,42
31730,30982,23378,86
30916,21261,20615,56
9802,20004,9090,82
9080,3260,22066,66
81,30811,31042,26
27374,3095,11443,28
16777,4089,26315,65
15270,29454,36269,28
835,15796,38772,56
25124,15995,33035,63
18316,7503,35517,92
30168,12516,30059,66
28049,24758,31662,55
335,9956,18037,74
9863,11484,19232,64
9233,37870,20752,54
32004,22908,10862,86
34773,33435,361,41
23488,34870,5416,72
28739,6004,25530,80
30778,5629,16219,55
10845,9860,387,76
7206,13803,37820,44
5338,34501,36202,36
25749,33288,9836,111
31758,16618,16678,46
35655,18930,33140,89
17441,6070,4872,72
10274,25930,16108,117
33785,26596,17298,47
38585,30270,9430,51
15386,7529,37939,48
37586,23496,22612,116
34138,11644,12980,58
21275,29745,28887,60
29638,15361,25933,48
22043,38522,6329,61
28751,34575,16809,31
26555,14407,35705,80
34946,13820,14022,34
17425,7886,17478,68
22586,8667,30391,79
14679,12843,22029,75
9469,8441,4994,63
34562,23720,7164,67
31507,19649,3365,44
38560,38389,34538,18
15831,1775,13743,66
36784,8415,35553,92
29518,12286,10148,82
29379,6774,9200,39
33358,23305,28630,91
903,28067,15805,79
24101,23496,472,67
10687,400,9983,76
8742,20705,15174,31
6841,31808,18441,51
23286,5391,6905,71
10640,24909,1083,43
26419,33377,11259,49
6276,36234,30162,66
27163,10254,15061,60
25094,12341,25893,69
1228,6426,16784,61
34029,36173,3105,39
31847,3305,12787,77
32631,3789,22535,90
24995,10041,12375,81
15439,27887,18384,56
25129,4182,37545,69
31226,16727,6305,53
37838,1554,10577,66
15465,31912,37943,56
2482,2493,27800,100
2558,12773,12175,105
27274,2337,15788,73
22604,14390,31736,76
37761,33779,29744,37
1217,34504,34849,34
16851,26424,36047,39
31948,1902,17434,70
36040,32263,35307,80
24765,30449,22533,61
12867,1226,13958,70
34563,17334,35487,90
8535,27845,13970,62
25857,10850,7197,65
32504,14260,2304,56
37837,14682,17361,62
18113,7741,20736,38
14364,25936,2716,84
21442,4510,28724,70
16113,24788,31553,60
9853,32342,23612,108
4099,21858,34244,75
38493,30509,19830,29
172,37799,14597,42
16251,22670,33076,100
9130,17771,79,60
9296,28269,1265,74
7150,6070,9393,67
17011,9960,6800,66
27447,26526,37137,31
30268,2694,7600,70
13975,31163,9785,71
9849,14576,308,66
1749,37831,37574,68
26488,13071,9357,79
21342,7756,16204,93
23355,12509,25216,85
38550,29447,23596,61
3844,24774,37113,60
24480,34620,7925,33
14725,27389,26015,52
13550,37844,11503,47
18409,33365,5718,59
37697,13258,36979,78
24275,19696,37240,30
21250,23024,37088,99
758,22803,24483,67
21886,9022,24799,55
29687,22073,7715,44
14676,22711,36843,67
3792,31056,31577,76
15829,34620,35388,97
36122,10830,14343,50
14286,25508,21383,92
15986,28041,4504,75
4782,36341,5547,42
337,38381,34930,19
18898,26772,36383,34
30384,9778,25863,102
28166,37750,12477,82
24013,8595,33306,57
28583,9488,16054,73
10911,27460,5432,38
27200,37533,32536,36
22201,9516,9052,80
12124,2510,19042,72
25040,27958,38405,36
34194,27182,30780,23
15249,23771,11768,70
22933,16146,36216,89
34024,17261,17581,61
23496,7577,16815,79
37226,20343,34986,25
12814,31031,18994,55
8743,6121,28180,81
12499,3259,34653,52
17526,4870,34967,48
18144,7108,19521,33
3823,7570,29324,62
9336,21791,12316,82
28198,16851,26654,51
4633,1048,25790,68
18329,8413,25061,44
13711,21965,13779,50
7640,3296,3095,44
21502,27403,2395,84
3261,21186,18247,78
30930,23516,20631,64
37251,28156,25599,79
27977,16721,11517,49
16739,19644,31669,41
23339,27249,13031,95
21484,20357,33015,73
7134,12063,19200,43
35586,10797,23496,130
38580,24419,31850,38
26506,2271,13699,61
22541,2020,37195,75
26634,22816,30866,62
19252,36137,30204,40
34879,12822,12180,77
36038,19552,19502,28
15353,28265,26350,48
9935,37672,22009,96
34931,18810,15990,47
37533,28632,31226,46
33983,33067,28235,64
31560,4211,10774,88
19529,37939,12754,69
35289,38598,27378,65
12779,32004,32362,71
8537,37007,22586,76
36212,24764,35369,75
18117,36064,16070,69
1712,38448,28640,37
16031,11443,19598,49
11498,25067,22723,53
5550,5724,11538,34
6370,15974,29544,69
1220,1922,17,44
9799,12986,37009,102
11313,21370,17271,80
13672,27269,32768,25
37010,12054,451,51
4790,34793,32688,30
23396,37528,34662,84
36261,23582,36763,83
16668,36373,21426,71
22672,4222,3109,96
19993,28872,3070,32
28818,11393,6292,54
27521,32421,279,18
3177,28692,36939,41
17700,4717,37269,55
2733,1250,10625,76
1090,8679,29766,43
19260,26470,19245,24
146,17682,6066,64
15935,30452,32455,59
6334,22213,5645,68
10734,9482,26670,62
11722,31725,15466,42
8276,1212,24331,48
17588,7977,4835,56
16941,6758,3389,32
30912,22515,28721,62
18458,32528,1110,46
25270,13023,16995,53
19062,33375,25674,69
1699,1874,19649,46
12187,36490,24445,55
20334,5352,38527,19
28266,29639,10217,80
36374,24965,27961,47
13863,29668,37957,41
12799,4798,22714,93
4003,4957,36226,72
27796,20761,23263,82
38379,26418,7039,24
29390,23582,12432,86
3803,38575,34170,56
35297,18113,19271,82
331,27851,32289,42
33037,33167,17485,80
14406,19879,13798,31
17265,35353,29679,86
34608,29603,5261,24
20616,31742,2345,62
18845,6083,16573,49
8518,6094,38725,58
21000,21805,5432,80
23749,12877,11657,101
33502,5432,12041,69
27787,7777,10674,66
15821,21027,24460,86
20732,16881,37758,37
20528,986,35437,76
14653,25633,36117,64
21219,38441,28819,61
33295,27120,20519,33
26337,28682,4173,66
21915,24100,22826,73
7135,2606,18298,63
11475,22852,813,68
28062,30852,38715,43
33049,15500,4650,49
18053,28574,21167,76
18991,33249,31018,43
17768,26462,37772,62
20428,9788,7166,57
10785,7936,23007,78
25721,9353,938,82
3491,6090,8734,67
5257,36820,36959,42
29368,18007,3193,38
2332,12287,1607,86
12924,24920,13514,55
31802,1921,26558,56
37871,7851,1931,60
28656,7722,12362,58
26479,25966,1745,68
9322,19633,27333,38
38341,33785,4217,56
36896,10075,32014,87
4916,26321,33439,53
25163,3856,25912,81
35710,2333,11688,102
23577,31557,9364,104
30978,4667,13636,37
27996,2667,38471,69
32438,27354,26692,24
4519,37765,14399,50
36122,36086,2011,52
15247,907,10267,74
2371,36813,520,57
27164,35595,5714,72
19576,10124,16752,65
12436,5342,25551,78
7787,211,10542,44
17338,13592,34574,47
3800,34687,34873,58
11291,13587,14561,35
25655,13515,5007,63
25851,15349,31901,68
26636,36335,14772,40
29437,20638,12192,36
6847,29632,1968,31
10590,22737,5764,74
4885,2623,38589,55
13163,14643,11582,61
12419,1115,934,66
33834,25183,7188,19
31119,12060,31145,50
28057,35399,19650,90
16524,14706,25563,59
20502,13191,3282,55
24865,1637,6506,55
15397,26364,35560,76
31823,37985,12195,78
3868,15447,30439,68
2619,25880,15817,105
15967,1940,4700,67
16169,31818,2600,93
31730,26428,35016,44
20440,29329,1508,26
19577,32324,11467,24
10060,29759,19187,58
35525,30025,34638,82
11258,15798,15041,51
12412,37784,7110,61
36004,36283,30279,50
25940,32579,30366,62
15305,28970,25235,23
33797,22772,25902,85
25905,23541,9315,116
12345,9764,2693,114
35536,26520,12489,98
16506,23393,1906,83
12094,33119,26656,69
38272,22268,18295,49
18768,19081,27227,16
6862,27056,11677,21
4724,30890,34901,32
15921,35502,5773,101
8267,1073,27279,43
12131,34860,26609,50
32572,26543,33122,47
28884,17637,7735,54
38707,154,35489,67
19954,10162,19886,60
38769,15791,27433,42
23377,32571,9753,108
8736,9237,15336,57
4250,26651,36520,70
3026,29761,20324,20
19661,11584,9777,64
21302,25973,17655,106
24133,17344,23433,87
13930,30115,1954,51
36178,21348,17541,86
26709,25846,16727,59
19728,30034,25948,60
35332,38492,5382,73
21450,33522,15106,79
15925,14400,37784,69
2277,29722,32540,48
12107,7610,30043,64
6297,18813,8405,59
18835,30095,27490,28
37534,7925,13914,53
37013,19140,37820,45
8715,779,33005,66
26479,25772,17399,74
15750,14570,16956,56
29593,1962,258,30
4710,26561,10830,48
25650,25760,19751,78
11703,908,36191,44
8389,11372,29756,35
32757,11467,26394,30
22179,18896,10250,78
14264,12273,9036,70
37192,4956,27220,33
19934,21230,37072,65
9523,31879,20330,54
30866,21854,8528,55
18925,37161,8255,42
37060,4807,13233,68
18211,18204,36046,56
30999,9994,33994,67
35619,10786,27137,82
118,30368,28866,36
25956,21094,12519,110
21907,29634,12013,58
3240,347,14534,32
36494,25566,30922,62
11274,31263,17665,46
36892,16818,24027,35
7175,14335,35511,75
9981,20508,28017,78
33130,24155,15443,44
32605,25812,9180,72
17404,19136,28516,44
17596,6830,18772,39
30225,27428,3065,36
14703,38489,23353,69
34656,24286,15806,50
24196,21200,36446,69
16689,26577,2504,59
4593,25754,17485,76
29544,14346,2730,52
36339,19205,28916,34
33942,28971,33820,30
12872,844,5375,69
10250,31121,2286,94
13692,31004,13004,62
19172,27854,21765,58
15404,18032,12781,67
12509,18391,13885,63
14585,18981,10691,40
32482,38490,30374,31
27397,35605,26607,72
31682,15348,11259,42
30150,31804,14624,54
35430,7141,13267,102
11481,9123,4778,52
13549,19555,12205,49
15019,16637,5399,31
32299,20377,6168,42
13940,14281,33027,52
3135,16798,37856,49
18492,36442,1066,54
9264,8266,363,55
28657,24367,13211,60
26375,21131,7082,63
18079,28041,12805,87
10625,38568,16136,60
28871,15242,4985,34
21425,3128,16607,69
17448,29269,4724,44
12221,30062,27964,76
7641,14615,31592,52
14281,10139,1810,80
38773,31187,13131,54
14522,27913,22057,64
21236,37776,22005,92
6505,23326,2280,120
26673,37256,22903,67
32251,34705,25984,52
32645,421,28895,26
31182,34013,8416,40
34228,19993,13714,28
22583,35342,20612,98
36493,3002,7824,46
6483,27098,31838,60
2016,14602,33107,59
28783,35679,7140,75
9519,27353,37709,56
12430,10247,27893,106
13637,30996,28011,51
13262,12397,14597,81
33459,25253,9802,78
11397,26001,18924,52
17392,7923,8583,63
37590,24015,25531,69
239,18303,14445,38
7798,23621,13569,81
17310,30915,29745,40
9383,20701,35719,86
22157,36961,16169,72
27991,23542,6101,112
34659,34722,19822,22
314,19514,7129,19
37944,6394,20510,58
29653,10551,27778,54
14387,16922,10801,45
1876,30918,11611,40
7139,21267,25941,87
38653,8567,10212,74
33786,13075,2532,84
5465,1917,3081,46
6922,17489,9787,81
6146,32714,5495,52
12435,2733,30240,84
36972,14251,32466,35
18124,61,14547,38
16695,4791,28199,53
10258,36067,16926,75
8303,23006,23706,113
22798,22597,16008,113
34133,19928,31086,25
20670,13844,18370,35
31017,33514,7080,44
16872,27910,28612,51
24301,34079,10161,66
171,2496,31656,66
19041,33174,1667,53
9489,3349,38590,47
31036,34672,3043,32
14366,21279,24183,65
382,33110,34783,41
25258,13047,30045,60
33369,38766,21252,76
15919,34263,10504,64
21066,15088,37229,67
12954,16871,16888,61
34532,25951,12166,74
16267,25941,21766,93
13170,1611,37199,74
28619,8325,36758,48
28563,24313,36264,37
860,5481,9948,78
26500,25123,38695,20
26656,33383,36283,55
8738,33763,12864,69
29483,4648,7643,34
23591,32318,27462,64
16141,4516,1620,67
31880,11383,18859,40
36970,34742,31740,47
17699,19762,30995,42
29508,23398,10267,104
472,18393,27369,30
3898,11435,24165,61
15489,17710,21333,78
37526,7125,25998,67
13526,9404,25631,77
17675,17476,31704,76
34761,28665,35344,76
26251,19581,30307,36
6948,34783,32349,23
866,17749,36898,59
2648,33972,22687,85
10247,37801,34070,81
3513,9283,791,60
28980,21964,24239,45
9322,21847,27789,80
27324,31660,21284,72
27901,11532,17473,64
12948,30334,6807,64
7647,5648,8472,49
33044,20315,3763,71
31553,5531,34779,44
18258,1713,1612,60
11755,17349,27752,64
28601,34924,6252,52
5343,33015,28821,51
22249,32356,36899,47
33212,7041,27169,38
27898,20735,6285,62
30355,31251,5633,40
18080,24960,2479,59
32454,19175,37865,38
37880,34752,11380,42
31729,21892,18937,54
33914,37595,12918,72
2590,5555,27750,76
992,8656,7776,55
27466,36335,26627,32
9113,21187,7908,88
28905,7186,7657,35
19844,29664,37907,34
6282,12137,31705,86
11692,10957,37903,56
25026,24213,13872,25
31969,30886,15503,42
34896,14296,4002,62
27322,24348,14620,25
32377,30818,2763,54
17744,14526,4133,80
6964,37519,17255,57
12052,29509,3440,48
26390,18417,9504,60
36161,35314,16511,83
5659,31853,10082,84
2531,31755,34615,68
12217,23770,12760,121
14358,10521,12385,64
34082,30189,3911,69
18330,10023,23686,120
21935,24998,9080,55
25588,32402,25705,80
37563,28603,5472,48
31679,12827,14474,75
28008,19816,4267,76
24797,4619,21973,41
11363,15992,3421,57
32641,37637,18360,52
7617,449,36806,37
31526,5475,20389,38
3211,17684,10816,62
6462,18757,37197,53
19897,3251,35490,76
19528,6421,12842,77
30069,32503,15411,34
28652,12122,28884,54
34243,22150,31109,43
19670,25594,21199,86
22986,34072,838,67
37149,28002,26766,55
11621,9420,21456,82
24524,83,28113,43
3391,37068,35357,85
3366,38532,37635,43
33391,20256,16573,40
4670,2621,36261,66
13075,17255,31207,75
1595,15014,13578,41
25904,28127,27043,68
8575,31689,18127,65
3244,34233,35476,79
20621,14439,22976,54
30760,7749,30349,44
38682,24519,5700,26
22868,10093,15989,121
10556,13931,38631,40
16508,29466,9956,63
12397,25514,11453,76
27112,15458,21216,56
1112,32287,6521,58
27209,8655,11445,35
22787,9821,34839,96
14637,25929,1989,68
4506,522,33835,29
7695,4787,7877,46
10987,1938,7852,58
13985,26268,4217,67
27881,462,25819,70
30921,26627,24062,31
2693,15293,31255,54
11748,3169,32323,32
1649,9425,28109,76
6079,33780,17426,67
2309,37842,12513,90
15790,29383,22579,77
22156,11394,1048,52
34592,15432,21811,40
19667,37088,12161,51
18879,760,18807,30
21377,35278,16580,111
10766,23680,24960,77
15349,27456,32644,20
12324,11547,7103,47
3406,22937,6778,61
30857,33118,27996,65
15013,20301,32019,34
11717,8707,34108,40
32517,33886,8333,38
11415,4217,4126,94
18449,1812,11469,50
7612,17764,7714,58
6764,25111,4517,24
27102,24984,2320,43
22509,22577,9312,108
33158,15093,34729,43
25789,1188,18826,60
27203,32263,28119,40
34069,2628,6909,52
7769,26622,28145,56
5613,34837,27454,24
1240,14413,33407,57
24206,17304,13235,74
2293,32493,13588,57
29576,1953,13517,37
306,2662,28721,54
13225,15859,25775,108
36108,19783,18488,42
37584,37015,3917,81
11577,24372,2406,55
37559,6214,34151,65
9138,19531,30236,52
35604,16928,7720,83
8592,11633,4239,73
1782,25681,7914,72
32380,13866,26569,33
31591,31081,30452,52
37551,30764,35657,90
28921,15080,27842,48
7802,34263,3873,67
17300,1860,34984,54
2256,30136,29490,58
21325,1116,36270,78
30794,36409,13024,65
16267,1779,15385,61
38357,31016,4750,29
507,27000,25636,46
6353,11369,6006,74
17462,12351,15462,64
4923,2345,7208,57
1971,8418,17254,67
9214,9132,24415,65
18968,33201,15914,66
24281,34512,19889,23
25222,10059,17376,77
6498,13033,19815,77
11753,22807,19064,56
6416,34751,24759,43
20354,13879,4838,29
12904,21411,17709,109
19994,33128,33501,60
11714,9214,11354,48
37535,27820,10650,74
29721,18334,29439,28
28631,1264,26702,42
28725,9895,22016,84
27364,135,32732,18
24908,34595,10228,59
36829,33274,24995,45
22031,24345,5670,45
18796,16267,24776,42
8637,913,36962,54
19656,29321,3094,24
29633,1898,25640,60
34818,19189,6963,21
10185,16820,16071,92
1051,17394,28774,56
31828,6757,14772,43
15786,21769,18285,77
15299,14390,29288,24
9844,23539,1032,118
1710,4224,1246,80
18159,26288,35302,88
30215,28555,25984,66
26570,33177,19579,45
12133,20405,30004,50
28858,35575,36163,84
1783,28574,4245,74
6126,27867,24757,63
15842,36502,21492,93
9866,12082,36092,94
33844,18320,13681,42
497,28727,11318,28
21880,2680,24303,69
8677,13195,30273,78
35394,38623,9256,89
36850,32445,38250,28
21031,9844,16987,103
38755,10690,19918,33
5380,16228,1119,63
8008,3489,15933,63
31734,32392,5705,44
27803,21380,9792,120
17520,36503,37016,57
24507,31246,1063,37
28762,25198,21392,59
25120,20452,14375,17
31601,21960,32582,56
9082,1877,13146,87
23250,14559,37893,88
36959,1711,1884,55
33427,3256,9131,69
3989,37199,19267,63
26570,15773,35486,101
13913,19820,16661,30
3751,38761,2521,83
11446,9811,20260,60
835,10577,11498,50
33036,6800,38329,39
22086,5672,199,42
34,8360,31930,51
9002,7191,19505,41
2289,11254,32015,70
37568,777,1881,62
28050,8557,24471,58
25793,31781,11632,70
29631,33304,24133,40
3436,28916,9374,54
19106,8392,11015,49
21137,19956,12340,80
5480,34774,8683,41
16616,1763,4676,45
11595,23358,8492,83
7113,33024,756,52
32600,9192,2421,72
14636,16689,27418,27
6017,22691,18511,92
1805,24062,13916,42
9384,24416,34833,45
18120,18056,18139,60
32527,23713,18132,80
28935,1924,10147,80
36900,6454,35447,103
14718,1996,38589,37
8338,18030,10217,89
33159,13786,10501,62
11658,16018,14368,55
38519,10532,6812,34
32681,38707,3086,27
29397,36991,15276,27
31932,36948,30343,57
4837,10197,2649,98
26602,36264,5316,40
13903,32707,35557,77
3190,37073,28637,41
18759,26300,33330,45
12478,36295,22089,70
20018,5398,3769,60
14338,14291,24286,33
4169,907,21350,104
30043,3512,33378,59
23463,28185,35578,136
28652,11474,37754,46
29322,1182,12299,52
29426,11473,25223,17
2365,14546,26743,60
38713,17375,10091,79
18380,245,10272,74
9224,19191,38313,39
27421,22090,9280,56
20649,6184,37698,58
37533,33036,33247,78
16706,27756,13826,52
9050,395,2295,70
19152,29618,16615,21
3458,37114,15235,37
27421,4768,15972,51
38305,6873,7158,19
22717,9175,7795,84
28679,26724,4091,66
38298,5721,3168,31
21264,4115,33046,113
37273,1547,9191,63
8269,6862,20616,30
19056,13040,37855,69
30791,34585,9265,46
774,34019,6808,34
9932,22503,18250,108
29731,28032,35622,88
24201,25977,9148,73
22073,18411,27190,48
6418,6454,25994,100
8657,12455,15463,59
15426,37172,4023,65
36177,37765,23564,92
2455,7788,15321,60
2398,5577,14337,60
16085,15391,30858,51
30259,27944,22988,86
10052,33224,38598,80
19018,5371,9093,46
14621,18948,38483,23
4273,1140,23477,112
36014,14449,6195,60
25728,12469,38753,71
30333,22186,25719,78
9111,16139,4622,75
34513,7025,24930,18
27875,7653,21243,88
28246,5594,35738,96
37786,27281,12088,58
28529,18985,19859,24
34666,37903,3894,74
6153,37142,34810,55
15488,19958,8719,35
14759,83,17664,44
27777,22802,1757,88
38493,12313,13202,74
9508,20730,4874,44
16544,27360,27816,43
7860,25634,28086,80
12119,16736,15408,49
14560,22938,17600,78
3463,1576,16846,45
16697,1241,79,35
779,22012,15290,50
29590,3973,19849,52
17469,27159,38321,35
36508,16620,1844,47
6173,10909,19130,60
879,18007,1996,58
10677,34269,19915,37
9438,38630,25273,36
12368,31231,26420,52
3275,30397,4612,46
13698,33502,16879,51
36411,28254,13044,83
9978,24491,24966,60
28638,30470,11458,40
28750,14760,32631,32
34158,21954,27807,61
19769,30316,36015,40
38527,21132,14433,61
30180,5514,27341,34
28970,19573,30107,36
13103,10877,9521,89
33327,13766,12904,79
23364,19925,9364,86
8527,18445,38562,46
23615,30078,36869,85
38545,22699,37166,60
468,23662,32475,66
5467,11743,8755,43
30496,6056,16748,61
11722,26685,28695,34
36370,17424,8620,63
17706,15478,11643,44
10201,20676,21408,94
1007,22886,23268,110
21868,24777,35631,83
24265,20605,25920,47
1234,38450,12088,53
15769,37722,28921,69
2665,3161,31650,74
18809,30398,10222,72
7909,15820,21789,73
3314,11738,9869,72
24054,10104,21919,81
2505,15936,37976,93
34950,26021,18349,64
36966,15847,22047,72
36848,25503,3276,65
13683,16171,35767,102
32687,25960,27289,48
2661,18846,22629,82
32683,31526,36761,47
15770,33441,23592,112
38333,26582,37000,32
183,6252,34104,47
18469,30206,15199,46
12171,11566,35329,96
16676,36876,11464,36
2299,2690,21823,96
9441,12165,15011,66
17377,19603,6436,64
27507,16519,34076,24
13566,3867,13694,68
30416,7816,970,52
20650,33757,19707,17
18795,7705,13709,35
3138,11763,21303,68
9177,36080,36469,60
38532,37509,30448,47
12149,12785,23516,121
34257,9142,34243,46
37944,23756,15885,109
1926,22603,12382,90
24510,24979,28014,40
24125,16119,25655,78
21193,24439,22842,93
8363,2573,22770,97
32283,12208,3034,52
13887,4225,27835,83
10849,28037,7614,66
38502,21854,28668,41
21088,12339,24280,83
20470,10183,160,56
32357,22266,31273,42
13938,28728,1142,43
6822,17015,13182,57
13180,3102,36268,69
28882,9866,1241,78
5368,37781,6068,68
1985,7006,34779,35
6862,15361,31588,39
37045,20741,28767,29
15320,14575,33835,29
16017,25666,4701,83
32646,36454,12216,54
33522,1782,13268,86
16098,14587,27161,49
7552,3520,26296,42
1999,20314,31200,32
7700,1074,27912,62
31607,22251,25657,84
37107,5510,9957,75
484,15380,10926,36
18076,9388,32747,56
1756,5483,3060,46
7617,36477,18048,52
10073,21781,28579,84
391,29502,29387,14
8579,38588,16887,37
5758,32375,9418,48
35576,2309,27435,96
7151,24131,12996,55
447,14739,30374,36
35659,1234,28697,86
11335,21828,21303,78
1513,18380,4752,54
36048,2389,15270,60
13674,20597,19167,21
29546,31007,9173,42
25767,31935,22540,100
12923,9177,2326,103
13968,905,14613,43
13211,28755,2518,87
23340,6843,16997,70
34136,2258,34213,54
21981,9383,12264,82
20647,14533,1619,34
10676,34768,14369,42
14293,3864,14655,66
5621,17470,15372,46
15449,1728,7142,35
32735,28233,32715,44
30298,13740,30124,49
6158,3361,25525,82
8742,31938,25970,81
34240,5020,32605,31
32548,19602,36837,29
8005,20354,21003,62
26613,13750,7164,32
2461,13877,25901,85
23380,7935,13097,107
27369,17678,2372,66
17744,35603,18075,102
36840,13519,32426,36
12933,2257,20279,77
32491,5355,18477,40
1996,18831,13194,65
38355,12761,25881,80
35703,2558,14415,104
38355,36199,21951,45
3373,17766,15484,48
22506,35335,38370,101
875,19215,31963,48
3511,8589,863,53
6265,26376,36098,60
19046,1881,34065,35
12860,27497,7709,59
31737,20464,13118,65
28089,34551,28779,48
2634,4163,22883,118
5475,29403,35254,72
38588,14441,20297,19
2613,24887,6320,71
3832,4188,2322,120
13798,37756,19680,43
21815,31778,4232,90
9109,12407,36808,73
28037,3137,37695,66
15847,27306,31131,47
13620,34178,15275,30
31811,35522,34711,88
22572,11547,169,56
4842,1578,26382,46
857,3787,26465,72
21921,6898,1229,49
33278,13938,9409,68
34597,28011,37842,60
20609,7710,32716,26
35673,30966,171,72
19822,10892,22682,68
16784,7564,9012,55
21407,30132,4818,76
12084,12846,5472,81
19567,16610,12290,47
28921,8557,27978,61
313,27990,12316,64
8442,36007,30269,55
335,28782,37763,42
10163,12777,26514,99
9912,7677,5464,76
33463,30519,25040,48
13699,12208,35352,99
26518,18133,16509,43
20309,21265,29749,50
7939,14364,29290,32
19083,5283,34740,26
26250,20522,14332,26
33009,14297,28720,51
22816,10843,29456,66
27782,22037,35667,108
36372,19570,10522,44
10620,28132,28100,78
37154,1630,32491,43
12797,30070,14503,69
31073,35402,14525,78
24810,23436,34948,63
12219,5374,13207,81
5338,36826,18975,33
2300,9829,10607,106
10843,29338,4792,40
3998,1256,10106,108
3309,3093,35302,84
37781,11619,31998,58
19983,20443,7806,24
9389,9276,38734,61
3407,34185,18295,43
31996,16961,21283,79
29412,7807,12049,50
14528,8662,8003,49
33055,15360,9105,63
35283,29274,27235,64
14497,28778,13096,63
31269,14603,30412,40
18768,19768,11376,22
36376,1103,10632,56
18182,32588,2434,64
34154,37897,29600,37
903,25208,17492,47
31738,27374,12050,58
32645,37016,30506,41
12479,10531,23536,104
36349,35733,36177,88
871,1143,36192,52
12989,3149,30254,71
36258,23445,25820,104
24174,1114,3347,41
87,34064,18520,35
8293,21803,30878,55
28974,22981,19074,58
16883,32538,3368,33
1066,13662,26418,43
8704,27402,17772,51
18753,29645,24958,13
2505,21250,19968,86
6127,1187,4965,64
13737,28525,14729,37
25763,7798,28915,64
21439,18950,255,56
30105,10553,21520,84
16111,13752,14700,58
23405,15469,13964,73
20639,22118,35451,82
31007,4809,173,30
14445,18928,17362,44
18092,27954,6322,80
8602,16764,18868,38
37730,36938,16213,72
19052,36098,32005,46
28198,22846,10127,116
7053,21418,33041,78
19642,15092,16027,47
27186,21417,27075,52
30495,16026,9807,99
10976,35464,19133,84
7693,8530,22801,77
30504,33842,20385,29
22225,34510,17434,58
6181,10030,9221,108
268,22526,21311,90
24912,16212,25606,72
5413,30072,1203,48
33455,10116,13050,114
15016,22057,28939,44
25855,38021,26513,72
1880,21209,19832,70
4962,894,22636,72
10241,1513,27890,96
6188,4794,1194,64
19630,7,6040,44
6293,16823,2562,79
20415,35661,17333,84
22654,27196,28032,72
8428,18203,25727,77
38271,766,16946,34
14678,18336,17495,58
22516,31688,21135,108
22646,30518,24780,61
38319,6127,2669,73
343,22116,6166,62
24287,7989,1118,43
19845,34550,8374,35
20011,9484,33485,61
3449,21222,8659,79
25803,1004,20455,56
12034,38288,26667,47
22981,2510,36859,91
34507,1059,31041,36
16097,25532,24904,72
18120,1794,26717,52
12150,18023,26533,62
24944,32674,32324,19
2322,37816,19715,66
21343,9495,11393,82
11693,32760,14406,30
38652,13621,2526,54
7816,2465,1016,70
14628,970,12460,60
16817,9818,31916,83
15084,2439,28024,72
19918,32250,14661,26
4917,4248,32293,64
24154,3223,34505,31
6158,9891,10165,128
30937,824,31189,38
1071,23547,30845,80
4597,17646,16857,51
8304,877,6431,71
21878,3156,18934,44
13819,30216,24941,34
29451,3952,12322,76
18427,4092,4534,76
36502,31095,17650,52
6956,31078,19900,23
20654,1504,14514,34
5014,31722,33255,65
3042,8,23562,72
19666,12965,6789,52
7925,7589,16207,65
33801,3287,19834,29
37812,29334,38500,33
38618,37253,6401,52
22799,13174,13742,92
9771,31569,13630,85
21820,7629,5546,52
37719,17279,5480,62
18252,2573,10918,78
13917,12949,9765,100
8416,11329,1222,49
11511,13044,16610,60
10525,25172,17555,51
31657,3770,16665,77
3915,11649,13257,91
27963,36322,32295,52
35355,1930,2724,112
36929,37212,37231,45
30292,16557,25037,32
16048,28836,30381,63
5305,21956,9035,64
6039,21999,27127,60
35547,17253,24395,91
21189,6770,16765,62
10656,26711,2591,70
10579,13900,7626,51
27148,34038,6391,45
13515,25921,18889,55
9149,3233,6830,49
13709,14486,22890,65
3764,36342,255,64
30254,5558,36173,46
19664,27394,32413,18
18013,31823,8525,65
16253,12786,5696,84
15246,16893,6078,51
20656,1651,11556,32
35651,2616,12909,131
25676,36892,8515,72
12249,6158,22229,86
1129,7590,18876,40
21164,19928,36345,66
33104,24345,16261,69
27261,29691,825,26
16888,31861,22065,59
8383,5628,13213,72
18949,16741,28952,29
37870,37083,17341,65
4844,18000,22907,74
19073,19156,33068,39
11557,28050,7143,45
16917,16910,23721,74
13699,28052,28631,53
1609,18481,3981,82
37844,3754,13617,79
34044,36279,16808,36
31775,13260,2457,99
18298,34193,3865,71
5284,19867,27125,22
36149,4951,37125,45
20517,38443,32653,15
14424,35257,12077,98
33888,26344,26564,33
2452,22176,6204,92
34023,36372,17380,51
21172,31570,18755,74
17297,29394,10249,78
3770,14614,24038,63
1614,29685,13566,37
13758,3457,10832,49
7760,2346,21869,76
12019,14370,6833,49
38471,16588,10679,38
35334,28767,24772,71
31586,8726,934,63
5474,29311,12154,46
6847,9004,4637,49
8286,8552,18261,62
8417,17491,28526,59
14517,4555,37241,41
26295,24814,34569,23
13738,28874,16876,36
27484,27182,9406,36
37844,18816,6514,62
27245,14405,2015,36
18354,32356,26264,40
15785,33447,10890,82
27952,33183,228,61
18233,25019,33067,50
16530,18522,173,37
6365,6071,37553,88
8613,229,11,33
30511,26625,18878,36
37802,37662,18827,54
38513,17751,14540,43
30979,33146,7860,53
13045,9825,13707,100
33461,32518,33350,62
33509,27417,11381,41
37692,4077,38695,71
7925,18431,34556,44
7625,3883,25931,94
27137,36136,13270,59
28916,28828,28830,36
15032,27872,28569,48
18052,20263,34658,30
25752,7728,9175,80
12870,3981,13942,94
26546,13037,4823,65
23449,33276,26326,91
2508,15828,15241,77
20334,23696,7221,61
26300,419,9067,46
7510,34270,13193,64
37779,132,27150,34
16115,28732,33015,72
21375,10726,30792,76
3267,13806,30179,45
24034,12815,32473,56
9286,11622,4110,80
10793,32313,32506,38
16642,8657,7913,48
37583,139,25858,66
4019,24304,9059,79
14598,20432,24286,23
13540,30500,9457,59
38662,32402,24069,22
4624,4905,28051,56
25995,36442,23260,104
23557,33277,15889,112
34687,19927,33976,23
7807,22577,29437,60
31889,19877,11576,40
23769,19014,24979,61
32278,1955,4012,70
21048,36147,21348,104
13729,13680,21863,50
6247,14444,27098,48
21128,6454,31734,100
36208,13643,36249,45
38006,31184,20621,36
35625,28206,36409,100
15232,23292,5381,72
3091,6357,31263,56
20635,34595,38312,15
29278,10930,10962,48
1884,31978,25765,80
33006,29015,10167,87
16940,33502,2704,74
2716,22725,8004,92
7118,27489,2643,47
26505,9218,38723,45
15769,21081,4698,91
30295,36107,19097,40
12809,10778,34041,70
3008,30945,36046,40
15894,10519,38490,60
19227,10807,3856,70
13217,18967,27266,49
34684,3855,25191,53
3805,8767,3113,77
16921,38429,8335,37
16069,21024,19164,83
32600,4081,34808,58
302,30092,9038,52
17605,21212,22564,110
34575,1884,20021,34
8433,30496,24262,48
36867,30292,37133,48
26772,4118,15045,62
781,22020,9783,90
13019,4082,34628,89
5728,9502,8695,61
3475,31779,4039,80
33763,16165,37621,66
35250,15876,24891,92
13970,7681,2704,65
37705,31170,10904,56
24346,15004,3142,31
34947,15289,15077,24
37676,27496,34606,36
28807,27795,353,46
26495,28707,16524,35
7545,35534,25719,108
38619,13691,12392,48
27469,19981,13947,23
35360,8516,31697,101
1728,9389,18347,68
16580,2422,15167,55
35447,30345,19956,80
27165,32551,18260,32
10683,10832,923,62
25650,865,8325,75
33791,37585,11545,43
