card_1,card_2,card_3,card_4,result
26521,21456,16016,15169,97
26503,872,37199,2396,81
6147,21431,25659,31905,136
35329,10051,14330,11422,126
19223,28892,6176,1642,70
7002,25227,34631,38480,23
15227,34613,26491,28997,40
21262,34817,3022,18190,86
31204,19128,10604,11451,48
9464,8545,7781,18818,71
29715,21020,5539,27059,64
2344,28028,22994,28112,132
20683,34862,4051,22778,92
31899,20667,6226,30040,76
10179,8633,12959,12088,138
21896,35398,24184,38554,94
24422,5266,12982,25725,96
12252,28819,6895,32398,57
34569,16724,30805,33096,56
22823,1899,16132,21451,137
14478,29547,32527,27237,28
4709,20286,24979,11335,29
2341,16976,24896,35355,106
21307,16644,10081,1743,123
25925,8300,38554,37522,86
23551,19637,19221,9224,92
28665,34225,33518,21504,92
26410,37521,11653,21845,70
9996,35679,23547,36939,171
14737,13121,18057,20708,73
37583,34001,16635,13202,83
37040,24389,27355,19252,34
24367,27197,5325,21802,49
33429,19633,32021,1090,75
6116,24930,6253,15802,100
10266,31595,25673,22992,148
27857,9285,30393,13213,113
12951,33257,37751,5535,102
31688,21439,23432,36129,136
1690,7108,16178,5559,72
25123,30426,26478,30487,51
21306,30200,13094,20347,103
37767,11574,31539,13747,71
1134,18501,33842,19827,53
12417,3127,27189,282,54
9348,38704,19731,9123,67
38349,13860,16085,31818,75
19246,7233,11407,38714,28
28575,1537,13940,12940,84
22569,15384,21762,21040,116
1526,24901,27819,19956,57
6961,3798,10692,24983,74
19950,6302,13151,36280,93
31506,24159,1500,21432,97
22123,29720,3041,11756,52
33793,25980,30470,16561,74
18428,26403,28114,8624,81
6405,37555,3508,31785,94
21433,25977,12096,34260,119
33834,23470,25253,30138,82
14627,32376,15755,8685,74
6519,28737,23494,33449,123
14565,5673,31264,25969,70
10715,5709,5601,12249,76
18914,33343,10754,30437,73
38458,22767,21367,6369,121
7193,33233,33338,15066,69
19867,5749,30302,23455,88
27000,27303,8684,15441,37
37563,12828,16706,13931,87
12045,31528,2483,6872,97
37658,10565,25834,1887,102
1856,14721,26744,28663,56
21296,27386,34505,27819,84
3321,36034,31642,24980,57
37674,928,33912,26008,87
36090,31048,35505,38609,87
34003,7021,4656,7181,37
18013,20673,14284,29664,38
9177,8554,10001,35545,153
27465,26292,1874,22848,76
33094,33384,6353,38466,91
15478,27409,22548,2498,88
12782,1024,37948,37861,105
3085,9252,37004,15145,65
27937,34869,34090,10954,67
12424,11383,31945,33115,91
186,25714,6023,11553,84
3153,14347,15920,30179,77
10007,35472,33488,4237,173
7979,3916,3516,19050,78
36059,26674,18858,4856,48
16869,37750,335,21463,85
17376,33399,32372,24184,70
18309,30882,27770,31005,68
4847,22760,20512,30988,66
28780,35361,36389,16158,117
28129,12070,2739,24192,103
2303,28894,22140,33911,81
19092,24305,7794,10802,53
31646,10228,12468,33404,129
18385,26368,24382,28779,53
1785,29280,29351,4102,70
28948,2389,287,19546,60
10739,17600,25593,22854,124
28268,2000,10960,24107,79
20319,16071,6839,28871,54
26468,21518,27189,21203,104
9244,32565,33832,18504,65
30826,4888,17338,32338,58
20541,37959,50,12781,71
38257,14756,2539,25057,56
33397,18417,1850,18480,87
18811,11334,21116,2015,80
2534,31967,25030,22876,103
28525,19065,2468,14612,66
27425,33184,24104,19607,46
17338,17727,22525,18182,112
15925,37220,6375,37985,104
6893,37211,25023,10155,73
4579,31266,7115,31882,55
23452,29664,22146,16968,91
36193,7246,10583,37675,69
14759,20659,29410,29763,22
1838,28623,15137,19938,46
28840,35343,37021,35710,139
13036,28965,10146,4192,141
22962,7879,19864,36313,78
286,25053,2549,13227,84
15165,17372,28080,33263,89
36132,37018,15157,21163,83
21436,33201,15860,9375,132
38686,9482,8745,28955,66
29583,10542,1557,4785,60
15307,6346,22899,9975,128
6293,19541,14527,37069,65
6021,38381,15913,32411,78
3397,16214,12266,24426,86
29408,34584,24941,25787,51
21337,33413,29459,11369,85
36932,5683,33197,18908,60
3130,36853,27822,2636,93
17445,22007,11577,16718,71
797,30254,27327,6230,72
14545,24432,194,31917,51
258,15036,30816,16187,57
8481,43,31772,14491,63
32253,33004,30017,17734,79
23372,9789,36402,32313,124
19707,25756,26332,18238,74
11516,36972,2278,37169,76
5547,28027,36474,50,62
11659,8497,27757,17660,85
23610,17594,21844,5311,114
8688,25584,824,8625,96
9299,28741,10179,22038,112
8286,37837,13980,14299,70
28504,21278,24971,11702,69
19605,25721,28776,37768,78
37586,2313,36186,15270,84
21843,36836,12328,14448,81
13061,14360,33409,18498,98
32411,7067,24201,20661,26
137,33757,27882,24030,52
26318,236,2411,23609,106
27045,20272,24522,21105,59
18385,31151,32766,479,44
35539,22074,20687,27971,110
37112,15906,31770,22032,96
15045,3876,3904,28096,120
13006,22261,2422,501,105
3252,28681,15500,18278,54
16996,334,7072,18194,44
19721,32433,12231,25693,80
1974,27081,22759,10239,112
19827,15775,15132,31053,57
33424,10665,1744,24955,72
12,10047,34846,2521,98
35589,9459,23593,25601,172
19710,23490,10176,37830,130
21766,37794,22020,12413,102
12210,21405,31608,24373,107
3413,10983,790,30909,64
9210,12291,32353,34561,74
17545,11589,36358,7803,68
3420,4157,7008,21751,87
26552,14659,4532,31194,48
30912,10521,25773,11495,78
4267,27965,5658,21268,126
29631,33143,15092,16510,50
34245,29758,4944,2299,63
21436,14644,32256,23337,116
1816,13266,11277,18014,89
20684,35644,12274,31502,112
8685,27765,28594,27342,65
7056,13602,33357,11702,57
19672,27189,6128,25935,78
25019,2767,5654,37632,75
25995,21916,3157,2396,110
15083,4860,34918,4913,44
4236,34140,14668,335,69
6251,20272,24915,12369,67
9889,11387,3226,27396,76
19763,27358,36154,34952,34
35342,12420,30754,31561,120
14537,19648,30797,33904,37
9330,24357,3519,22028,75
24113,34117,9187,4209,88
31136,20323,4192,30802,64
37634,22729,34803,3259,86
4988,18320,22162,6470,90
23502,36497,18796,7528,90
38381,6052,7139,31011,54
2431,317,6511,38444,79
32307,33523,25828,4105,113
13646,37585,29677,8362,62
16851,22793,33783,37256,75
5743,2642,25642,24867,87
25109,11596,13154,19748,58
37859,21971,28622,30064,78
6313,7026,23671,15151,99
4214,3029,26263,28993,80
30362,15866,993,34623,77
14299,36806,4522,38620,46
1941,12974,33359,9785,134
3351,19948,14368,17670,58
35627,9889,16214,5440,149
22658,19128,30979,28111,84
30782,34727,9763,10667,88
12150,30151,20648,19975,56
15370,8024,25234,25756,63
37550,15499,30521,7518,66
6927,21293,9940,27443,103
10555,11500,8371,21511,97
27470,37012,30107,36435,53
22198,13048,290,29758,73
18174,7241,4737,15002,49
7730,28539,26605,13611,53
5506,12438,6467,28129,102
7597,34048,14346,25130,40
9062,16151,9213,1048,107
9850,256,25013,4763,71
9861,21100,17359,30780,128
14329,28053,20729,32752,50
16154,4508,110,16758,64
6191,27199,26303,26580,60
4206,37811,31966,31195,100
36109,7864,2742,25507,104
33260,35605,4240,18350,145
23516,13538,14491,4589,91
33387,23733,10158,23737,179
32015,21944,14694,21246,104
6513,25505,27451,32498,80
36466,36287,18084,10889,74
37600,15911,3875,22998,139
14540,10248,33827,18935,75
1568,29310,29570,11623,38
15753,16790,22137,1171,86
14534,1792,38478,30193,55
4501,21182,30032,30459,94
20402,15516,34806,2347,54
1597,31016,33416,33980,66
29560,38271,28814,19760,27
26749,5334,33961,18292,53
24498,33493,4728,22607,90
18084,38688,10629,16892,58
9111,3019,4135,10055,132
38658,15944,22912,9961,126
6872,13237,7809,35657,118
13006,9042,1078,5268,97
17001,24802,23643,29281,70
998,1976,32765,27003,50
3398,2603,31610,10548,96
31133,27063,21825,18924,44
35438,30073,30334,1178,110
4103,11324,31731,13834,89
21178,19758,3949,37920,116
21892,18302,6148,13118,115
4636,9006,34823,33108,77
8528,1190,22936,3014,93
435,26436,22240,32440,50
31154,26288,35753,30911,88
1777,34983,14496,3814,82
31194,17528,16601,29411,51
7607,27832,6775,7908,67
10961,22845,32497,18185,90
8690,31155,950,34791,57
33354,1798,34706,33159,82
19530,37852,3998,31612,96
24303,36870,15080,20768,34
21462,18087,26608,28749,88
15444,3126,33126,10078,97
30372,17356,22512,37808,108
23552,38524,35007,8453,86
29014,28158,16915,25044,54
10090,1738,9319,15024,104
26348,28074,6052,28930,84
8629,387,1045,31691,69
21970,33150,6793,14306,70
22177,9436,34755,21770,84
36173,19031,5576,26535,46
36939,8327,33932,16142,78
19675,20620,27927,16718,47
25957,1021,1045,22677,112
36974,25750,24955,7989,70
8006,17456,27416,16635,57
2376,3479,13910,12519,93
31795,26487,6409,13242,107
24357,21425,37,25614,95
31725,37792,3825,36128,106
22237,7865,7086,24145,56
5301,15817,33140,32511,80
22193,31859,2636,36792,99
28699,19610,32467,4239,68
36017,9123,31959,33155,95
27412,1972,37607,28538,60
8335,22026,38315,25742,86
31060,395,21034,34639,68
21450,27268,32765,9491,84
27938,30112,19550,13719,65
30294,28971,23611,4237,124
17511,37850,4046,37597,116
308,12822,13944,13731,71
26017,22706,29274,11377,90
15862,36128,9489,13723,90
28826,6300,15785,4764,91
12265,36316,73,13189,91
3784,3965,3769,2459,162
21524,31570,18281,36847,103
8721,28817,24043,31072,52
457,32447,19640,38760,25
11756,14423,24972,29716,29
9034,24421,30154,12777,94
7876,10500,7148,8374,66
10165,31014,23529,22850,150
27254,36208,37133,24257,44
23258,28160,4501,35710,150
13270,13735,24882,5502,67
28807,2417,31794,18834,78
25216,28791,11707,28853,37
25250,8762,16514,34690,43
34905,23733,27346,27884,92
13815,15953,27020,17019,61
8334,25114,21066,34926,76
16790,6512,13142,1626,102
12049,25693,37044,26424,93
13028,10631,6422,2560,129
31900,13818,8397,21430,102
22658,33814,37953,25548,109
9228,14501,25050,27001,47
24205,14320,1135,7114,46
28173,33309,32351,6052,95
31557,7180,104,24817,40
26734,24331,11625,6513,63
23629,17676,14682,4140,132
36257,34201,18866,32531,39
36390,18495,16800,13516,60
36090,33225,14262,25980,91
6020,17258,28870,20742,72
11530,37805,24399,35499,99
28645,2588,21101,19043,98
7017,15324,11481,7682,41
36095,27768,13237,22990,123
37153,26521,10611,30888,59
37994,38667,37893,1656,73
15272,14323,4154,33940,71
6103,15063,7941,26669,68
32299,37526,28863,3950,86
7608,13859,32448,27476,41
12271,2467,7143,6320,105
35718,33265,27448,16674,98
10613,24404,7893,2503,83
10913,25702,29563,5364,74
17383,34741,21497,10600,100
30866,33057,3395,36420,67
31565,20508,38490,19827,37
35631,25634,35358,6342,180
23614,38380,31149,35774,123
9411,36446,24843,18131,67
14584,31979,17732,9433,90
1529,29351,13238,8425,84
21188,22749,36300,17273,126
27291,3286,9793,19790,72
5655,26733,9782,38651,77
10968,36471,4992,37967,76
36075,2453,325,25091,61
20440,27785,9071,17528,84
10966,25915,20302,37145,75
37176,19734,28244,1931,69
20658,853,37873,7003,51
19964,18444,35330,4678,96
17608,3133,27778,6153,100
30119,25134,23524,30919,83
16611,12159,16123,22120,98
33113,31218,4719,33989,60
25183,21061,12826,446,92
31238,24311,18320,10585,61
25033,8503,24276,23734,85
21243,13124,15270,14303,103
5693,4246,1796,7938,90
4909,10547,5610,24227,57
21237,37090,28165,1768,107
13163,14364,944,5543,81
32278,24135,12352,23324,99
2484,12914,7938,32512,99
25783,32381,34865,22731,92
15783,21483,6209,25036,112
1612,38660,19746,9404,59
1959,9210,3112,19772,68
33083,5505,15294,10002,95
35598,16158,27105,20755,95
24312,25763,12167,10519,97
19101,32373,36021,520,36
12183,29702,7989,38276,55
21990,23002,24375,22043,97
4143,26461,25672,16579,101
25221,34934,15288,36194,35
20250,14336,37597,19023,44
8671,27300,36904,34843,48
18765,12002,22679,37836,100
23645,34823,20681,10713,84
12982,9444,33866,27433,80
37728,34861,33931,15514,49
21154,6122,6414,36189,124
31644,32486,20515,27355,38
24519,9448,32596,9877,93
37190,11371,9986,30308,91
36933,36228,22601,27062,75
23693,17329,15981,29578,115
2417,26399,36436,3416,78
23528,34574,5662,30013,90
29333,30828,35432,34890,78
27986,28024,23606,12939,147
7204,29274,34238,33351,47
2375,12406,22157,6027,122
28622,6232,11361,25848,90
24127,4029,37171,1741,86
10944,24337,38282,11450,46
520,8719,3286,8658,62
26403,17376,23361,32453,98
25565,1870,34543,18146,84
15279,25761,463,36895,65
13619,14531,24466,19015,40
37618,1995,22189,12477,98
19723,3486,37174,25699,71
28545,4071,27430,24289,67
7697,30180,18772,38636,45
3279,15088,27392,4144,68
861,21156,6772,8393,90
25687,13216,4124,6839,124
27871,25124,13954,19051,50
16197,11700,1897,10,69
37706,20603,4983,22983,80
37047,1885,27275,34221,48
2312,26359,29357,26527,64
37857,37223,223,5433,57
3054,16753,25928,29589,65
6400,7536,11445,18844,64
25987,18507,22553,34520,104
3810,21775,24514,7998,91
12837,19550,12285,21807,99
22631,11536,12890,16593,100
33032,14307,35589,13882,108
16724,34039,10758,22151,66
9045,5524,1878,25028,63
4158,25145,11737,23651,107
4253,35507,4257,24871,143
36941,7234,30024,27880,68
29403,34588,17525,28888,50
28732,13185,29532,28826,67
887,1809,4015,14504,92
33472,15516,34904,14492,55
6294,37687,19190,22248,86
6399,28989,19530,37165,65
32773,17720,15235,17022,53
511,9168,16111,13818,80
28953,6830,1188,9988,85
27464,5594,12886,18007,75
6142,34043,11467,31549,75
11702,6242,13506,37813,79
28780,23709,10514,787,104
37648,18841,5667,31857,66
14560,21272,22146,5745,92
37128,7863,38531,37888,60
23636,29595,25526,3139,106
12374,30400,36242,16846,75
3494,15750,25026,4611,64
16190,18881,11672,25732,85
37182,5733,2742,17658,89
12513,16127,28832,18347,95
15996,912,23763,4778,117
3958,22232,27294,17305,96
24983,3984,25586,38673,86
2730,283,37156,36112,73
4698,23703,13254,3195,119
31872,15089,6285,9900,112
17375,18379,33349,16694,84
21329,30929,21289,37238,113
29676,1769,18831,22855,70
7058,36760,6319,4158,96
11296,22996,29757,37545,78
466,16998,36011,14697,45
6905,4051,36244,37512,89
24064,33318,1594,10644,78
12907,19807,9905,22254,117
10862,25547,13628,37922,95
27276,1823,36248,2253,76
2589,21899,180,19138,72
23750,9869,3146,36186,130
100,22958,8689,12196,97
19967,13840,33049,36821,61
38774,9046,14258,3901,87
32566,33153,7150,37019,57
234,931,36943,38528,44
27164,21097,37055,9109,91
13641,19956,11408,230,35
7972,31273,13906,27054,43
9258,29536,26715,34687,52
28132,24955,17439,3209,71
8563,12001,6494,36473,99
6232,32556,6384,1983,92
10788,14003,9822,24823,86
25567,27051,4799,861,72
37511,11375,332,12189,70
6852,37858,15104,8658,60
33514,13233,8401,4530,101
30105,25216,2521,3073,71
19980,12227,14312,38755,53
12227,31233,19901,6057,78
7119,18068,33326,33029,81
9186,12149,34106,15294,75
31171,17296,21401,1046,98
23673,30195,15943,18218,123
5405,21521,27879,25879,120
21878,14324,4785,25587,86
21123,8395,4077,8598,128
19671,3417,367,18795,32
26429,9146,38018,4073,106
3486,11744,1156,4506,56
6959,20507,9262,15846,70
14479,3094,30936,6820,43
3817,25570,8479,32665,107
9210,21247,3290,8533,107
16584,11733,16180,4202,96
23321,5326,14601,8262,97
3502,202,22505,14354,72
17451,17717,24833,21888,79
12314,9928,29277,20764,84
22854,30860,31107,34198,69
28535,10833,1549,23321,106
9457,26011,2513,25626,136
7570,16774,15914,13132,99
36477,13985,7513,36964,60
12272,13174,21070,27511,117
10961,5433,23263,20680,88
27329,17361,9465,22771,98
21811,16734,19569,37528,65
22657,28656,30498,16553,81
38593,16858,21349,24341,69
16038,4005,31561,24362,108
27004,18309,10596,33391,73
12015,30096,23007,28755,100
20253,4151,217,811,68
12756,5621,21416,6307,127
16271,15363,11654,33989,60
18108,32350,33310,18881,61
13633,30475,22536,19970,77
10981,20252,14439,35443,92
12982,30397,7976,38745,78
3277,28651,36227,13208,81
38423,36937,6149,22615,92
27976,10769,13803,8639,84
19773,22715,4099,32661,96
33904,32557,6824,20337,26
12009,23419,31138,3049,106
5342,6091,10869,15002,74
19981,15483,4051,9237,84
33431,22192,9374,33211,106
23481,26008,9303,10203,164
37129,24366,38009,10255,96
12450,30430,6295,18795,86
33365,38723,27282,4901,50
10044,20531,19668,35375,112
28877,11339,9805,14301,82
20577,37980,36215,33842,51
2344,19606,22702,22887,122
8707,18082,7118,7982,64
17520,27961,16125,346,93
33092,26330,21403,28907,95
16204,36423,6221,5001,95
2529,31848,15478,18085,88
26551,32004,3218,27330,54
22816,8614,1658,1704,101
26395,13155,10696,13999,86
10056,29761,12263,1147,100
21346,1795,12283,12004,124
9206,22519,26329,3495,94
19865,31684,36961,18182,65
34811,6775,2260,785,69
25945,12156,28066,3473,108
8552,21816,9763,21079,137
14677,14547,12248,38327,59
14469,33160,2561,25514,111
32729,12446,14482,24167,59
21413,34142,21398,22505,137
18778,27860,279,36988,55
21296,15063,8623,14347,85
10009,885,13556,35613,135
2723,27423,36405,27419,60
17272,22250,34636,19813,64
30894,38730,14538,25815,63
10836,31021,13211,5539,83
37938,33509,32343,4167,101
9296,17490,36448,24333,79
9907,1145,23585,1010,136
15097,37973,1681,278,58
10779,2723,25890,4200,136
15443,30841,5555,37711,54
28955,31198,12763,8574,82
17681,38722,37122,48,52
28998,12082,15479,30023,68
25634,33172,25108,33010,93
19694,29382,32355,15856,51
18796,29663,18759,28562,28
33344,25796,17015,15848,107
2381,213,9487,21432,114
15058,27188,27940,30930,50
15818,3761,6470,31754,131
25158,21924,7267,28734,46
995,20411,4224,17377,88
21329,23309,34205,37056,120
29611,19523,27806,33854,47
21503,20603,21459,27107,94
36513,17510,32002,19692,72
27934,18993,30349,10075,100
6799,21221,9828,37622,123
8511,35711,28507,21891,113
37836,31093,2619,25067,73
17656,15152,5352,34776,54
7994,37007,4696,4111,87
23604,23771,1258,4568,136
36404,25132,4081,6146,93
17257,1895,2598,25162,85
32360,323,2605,15874,83
6783,23408,5458,7548,87
16183,9089,1230,34580,87
12133,22779,24065,16111,112
16887,9013,4654,21091,97
17687,21960,37104,30839,75
38610,10253,17434,22265,103
32304,13709,13519,24065,43
9355,22738,31514,28234,120
22783,28703,12082,10144,130
34873,112,9909,24107,71
20750,17505,28816,29415,44
16999,16570,29692,2250,62
3838,29258,28850,11518,68
14759,3247,4218,34753,76
37090,18165,10628,35703,113
1003,16623,28618,28773,53
13198,6051,33852,29706,84
30778,5708,24351,20601,33
34227,27297,28789,23381,77
15320,7693,11019,22719,86
168,37636,10880,25207,55
4949,31678,38592,36767,58
25052,5331,24017,19557,30
37148,22995,6465,4739,101
4895,28125,33898,10818,73
33039,23386,13073,17453,144
19098,14451,14749,8711,51
36507,11019,24289,3281,61
10017,16969,11371,6173,101
34586,10761,20701,25871,68
36810,37103,228,20487,38
37760,6195,15239,34120,73
38274,30205,6452,857,73
25122,10948,9315,7683,69
34593,32744,17769,33273,69
33004,9318,32737,33905,72
10239,15079,28116,16079,117
34972,16861,36755,29541,38
27263,11307,32395,36947,37
7972,1990,32755,22631,84
35696,10178,25505,12128,170
23329,220,34650,33461,93
13732,22770,17426,36066,95
28917,7788,24345,19259,43
29561,22614,19502,19026,56
25082,28183,31976,26573,67
31806,19980,16541,1734,61
31717,36943,7877,17374,81
36935,4725,12999,10746,90
16225,14256,22128,18496,89
12204,12828,21985,32416,101
25133,30101,22795,3136,75
12451,28688,31647,28982,78
7670,24025,27249,12238,59
31625,28629,23402,18206,108
33322,832,16143,33496,105
1112,30841,22983,1882,88
10009,167,38497,13267,98
28273,10693,8527,30267,89
9311,28888,15415,23550,100
3146,8610,28124,30176,81
22818,27055,37984,15087,76
32415,14254,2732,24089,65
5258,29517,17018,30006,45
23386,14513,24983,5344,79
6521,3274,7140,9501,81
14640,2414,32258,28963,68
2291,10561,12413,1613,108
35000,30415,8393,21310,91
17252,10955,11757,3218,72
33057,12239,10907,31108,89
23761,15824,35479,10543,163
318,37672,4816,19543,50
13763,35277,13018,5534,120
38615,939,17747,1906,69
29757,18924,4693,11321,34
3849,30909,23601,30124,122
38305,38418,2282,6220,78
27282,16202,9503,10249,113
13187,8487,18024,34165,89
16041,14328,227,31248,61
30172,18021,26615,3408,64
10028,18977,3430,19886,74
19666,11574,13090,23756,107
33390,18402,18469,30119,85
28541,1012,8368,33104,78
12112,39,6793,29349,47
31134,4694,6330,22532,96
6999,313,10747,31201,45
991,12803,29448,5667,73
4927,36501,29496,18506,54
15406,10038,6050,1247,106
14284,15975,22675,11021,107
26325,34869,801,31743,62
24142,29471,11671,2014,43
14634,7800,5525,3181,54
8375,21787,38709,7652,66
28150,11524,9493,22742,106
20444,22907,30035,25589,96
12915,31235,11599,33205,86
24867,36473,15129,11505,37
23517,2756,381,25631,130
2722,35736,17619,9135,146
5317,38426,37033,28020,60
17353,1004,23759,29633,100
34240,18836,13875,32338,36
19951,11315,31245,36815,41
37608,923,24202,14475,63
30046,22572,7089,794,83
10814,16567,13123,21025,116
13989,7252,18173,8695,61
33753,32744,28885,36366,45
2308,36945,36150,13817,80
15805,12052,896,25955,117
16627,9324,10963,26684,73
8583,32557,30807,36173,55
4856,13855,34701,8658,56
34662,98,17515,17430,66
1079,11385,22830,12316,98
36418,13708,25920,18942,71
22612,11765,1757,32604,78
19734,4842,31210,7692,46
32012,29611,27900,32535,64
22214,25204,10198,3003,89
1818,13672,13802,7949,62
36190,34222,33275,27984,80
2760,11666,29425,7509,66
29715,21946,33980,4883,51
33815,10644,791,5512,61
14651,34007,10770,1827,63
34832,28518,25801,34044,65
30931,30037,8286,22788,89
25586,14686,20274,3131,64
10827,14765,29367,118,44
1948,26642,24777,12898,74
12292,10543,16658,8341,84
24782,28877,36967,8633,51
8308,28155,16080,31731,106
6271,22695,20406,9073,102
17310,32442,13074,33815,82
2708,1152,22726,21084,138
10780,12866,36808,10163,124
10903,16233,21456,13905,112
33276,13033,11532,28887,88
30308,21282,16525,4509,87
3057,12281,35475,6386,132
35424,17322,37867,13609,119
25728,24347,24076,29639,58
30241,31176,12958,5646,79
22614,29578,33426,1803,91
365,28578,6127,1076,68
1204,33280,25948,33823,90
10269,5646,27955,29488,92
35726,11561,28615,5328,90
32711,23443,1180,18893,84
27456,34705,27393,33470,43
24472,1141,272,31586,57
365,20419,6410,29281,44
12835,17382,3916,35450,163
15388,35390,11253,8540,95
7738,34645,23333,25084,79
26463,7951,2663,32449,72
7857,30890,12916,1008,83
33279,7746,28561,14513,67
36498,15416,2393,7019,67
30838,31597,15023,13879,55
13131,33220,20652,27879,96
12426,17637,9089,22105,108
3045,3242,802,4634,60
6829,9762,8487,2696,112
27035,8656,10667,37897,71
21204,19065,942,10814,90
13202,38672,7980,2549,96
13807,22802,26418,17639,91
36795,9817,34855,26323,83
362,9261,15861,28183,95
11545,30795,29738,7233,31
10790,4789,23682,5628,100
26707,15042,20586,33522,49
2485,8512,24845,38317,65
21983,1866,7904,27443,64
33434,12510,15514,15302,73
14598,13567,13966,4752,52
30898,37568,15118,25266,45
12807,29263,32605,10924,73
31781,25241,19534,29507,37
23371,23648,24478,7540,129
14022,14457,12237,18825,61
135,17593,36379,2676,84
7599,13052,22755,35592,151
17452,37852,38259,6471,87
33290,951,7718,9426,89
27309,37162,25522,12353,85
7270,21002,24955,20310,56
15443,7526,3475,845,56
17707,37026,20667,34141,52
1259,13840,9086,22002,83
24504,15,36468,33462,58
1531,19609,33077,11595,63
26497,34703,17421,7586,62
26458,18402,16916,38716,48
26736,417,12214,12330,78
38590,16250,29015,23559,102
11024,31613,4040,22256,112
24454,5662,7730,20659,39
13545,33778,17451,24084,57
38310,23492,13919,31521,94
29501,19670,17672,6914,43
31225,20344,11758,34137,31
5423,7541,27504,30342,50
17307,28895,9132,20647,68
25052,15302,15796,26522,56
25675,12186,2425,38595,107
11737,17367,38427,13273,80
17352,14485,24121,20349,49
9363,21949,12352,37272,97
28534,30337,29466,10918,56
17010,27966,22838,3083,93
14336,19120,28635,28101,58
38676,1989,6753,6890,39
28987,19981,4920,11687,42
15763,11512,1835,13158,102
185,1088,35427,23411,132
16808,25190,28205,4670,56
16186,197,16968,10811,72
16210,21044,23561,5339,141
19645,3338,10094,34671,76
25257,21004,15298,18444,75
25052,13817,22257,13526,53
22711,23664,25742,27268,132
24174,9240,13005,9401,104
7998,30823,35475,13619,95
19169,34076,12964,7922,70
3195,24317,16102,20447,58
30938,33453,16070,30220,88
10532,7092,2623,24270,74
9077,24984,20550,32614,41
32616,15446,4216,33423,85
26415,10906,1983,1580,74
19650,3442,16100,6796,60
6347,6092,32428,7781,88
13162,20390,20669,37570,67
36087,26284,31762,6316,84
27953,9416,2533,19255,98
13595,28541,29595,25032,32
27485,20453,24331,27200,19
9136,6199,427,8362,87
1178,36136,21949,6436,90
20306,2658,38540,34625,51
7652,3771,37903,27105,86
37220,14660,27470,18045,51
31809,34050,7569,35607,105
33123,21096,19763,14759,89
407,24066,2425,16736,62
4027,35370,34894,8450,127
28197,9132,5466,13103,107
11434,27461,37534,37218,53
6766,31820,3383,3397,59
1247,3759,31614,1651,104
17331,19555,22546,20655,74
4096,33262,26269,2527,117
1903,9072,20595,28502,62
21305,25854,25590,34146,125
924,33808,38445,18190,52
21480,1660,9920,30431,130
21385,30815,34844,1550,82
12943,18987,28254,27434,77
14401,29491,19647,37741,46
18047,15445,16095,18778,67
14683,33360,27347,19912,49
12758,1548,17265,17739,111
2731,985,998,31704,96
15178,24069,9410,14303,57
36465,28968,23411,21095,124
20308,16648,24821,29000,28
20324,16634,34716,35488,77
16963,25245,13998,30995,37
21191,27056,9039,3778,118
13686,14703,13550,30155,56
22956,5017,22773,33427,121
17763,3452,26713,35359,108
28528,16760,31644,27046,51
34267,21326,8676,21303,118
6386,2671,37786,17599,118
6918,15246,6052,36895,62
19828,31893,18941,19717,42
19526,3077,6339,23606,104
14726,33307,21939,10181,111
21752,4588,30850,33277,75
1671,37898,23504,37028,111
24327,19964,18286,28848,47
32379,28755,8446,24457,50
13813,21071,3972,34996,107
7257,19991,26361,7569,41
36135,28856,387,3006,48
35684,21865,31918,34274,113
1611,22189,26725,30970,66
5278,3296,6247,23390,110
19071,29518,31661,29278,38
26301,12901,34210,24202,69
25857,27807,11709,19234,80
36810,6898,5627,23441,86
4051,25993,10979,14568,112
32619,4691,5302,19984,40
29433,30003,34915,12401,60
12287,31595,35505,1637,130
10957,19740,33504,25568,91
5474,13898,26679,23628,89
7881,2250,18300,11486,82
1684,198,3505,4252,82
35394,32737,18294,24419,93
21110,21011,34099,28573,109
36250,17703,36407,17681,84
27824,1558,35497,18940,110
26,29637,19224,21287,60
15999,10024,13886,1966,114
18808,4760,33976,7271,36
15920,2509,18275,25060,92
33858,24026,21265,23768,114
12468,13245,13719,26361,94
34790,37052,34909,29403,35
27893,9303,18869,29264,66
20545,21301,6929,22991,93
11013,30339,2383,37950,100
30935,17267,38313,24982,44
26432,28035,19615,473,52
35689,36384,267,14749,90
16720,7874,33456,28816,66
20489,18105,10565,7537,60
15784,21078,7979,21927,117
4609,1927,31530,30850,68
24781,38680,1033,16838,37
24931,33,36234,20317,27
20568,24991,8632,10167,74
38329,867,34824,20675,33
30928,19161,13869,6931,36
24455,36384,6316,18760,63
21289,15958,28677,23011,129
18924,4191,34918,12047,86
22762,6247,33481,35774,155
16261,28805,33048,16854,83
16822,1892,38490,20625,38
20261,8528,19040,7980,45
36780,10607,275,18232,63
16077,11673,32697,3041,65
2500,31967,29565,34687,72
36910,7052,876,19191,46
22123,9338,33065,8635,100
4028,1760,18321,18379,102
37971,20380,37088,7196,48
28139,5761,4621,34076,63
35351,14305,31984,1620,112
36267,8596,13670,36434,66
17523,6488,25791,4566,108
15155,16713,20623,14368,33
7838,14304,27199,5600,44
8558,9778,4688,21447,127
11610,11716,18281,8433,61
23011,19273,12810,25625,121
25738,24761,32628,29587,51
10716,10925,20355,28621,58
33329,28932,26279,24366,60
25013,19874,38581,14610,26
12416,30463,21316,37531,116
5733,16985,2513,32282,67
29550,20714,33236,1887,53
3478,36045,33121,26733,69
6312,196,18133,819,76
24862,23768,18871,28508,73
4010,12137,4144,34806,122
38644,5638,24917,4516,34
27257,19623,3755,24863,55
25726,30036,4578,21212,112
11277,26617,30524,16891,51
12137,13772,2591,13989,92
6860,7201,19905,19191,26
36282,5394,9946,25938,112
4976,9025,25764,38564,83
16704,31107,18239,9441,69
13070,25603,5477,28836,99
20502,1738,30466,4003,82
24267,7127,12774,24270,64
32508,23002,20464,37880,74
33005,7620,28857,7017,62
34591,16706,18360,468,45
25628,29459,35344,36444,112
7953,22826,6225,7111,95
35436,23307,31150,11346,128
7819,1588,27392,20672,42
4709,36938,25899,29572,69
341,25577,25877,28060,106
25859,25852,9224,22603,140
4674,17597,3169,21920,78
829,37883,37923,6345,98
3012,15396,15920,9253,83
835,23631,8440,2556,127
27081,32344,18296,25573,68
15775,13223,25829,27034,112
37009,36824,32464,11635,48
22164,12506,22826,29325,98
4989,14451,34915,6138,66
33798,9477,13884,4799,64
20603,10691,1537,16208,77
15791,4643,2537,16641,94
25562,19692,23765,16972,105
2755,10640,37020,27001,77
35423,25647,6038,6347,156
9224,30487,34062,13572,68
17604,25645,8395,11666,93
11445,5589,7562,24133,47
30097,20629,12094,19903,56
228,37763,22784,18910,76
8408,35718,35450,35539,189
5656,10684,18408,26730,66
7118,26297,19997,24097,34
11673,30865,464,26593,38
12197,23619,11549,12757,131
18093,20326,32415,4071,72
6047,8424,37562,20624,79
27128,2295,3182,33768,63
17010,23333,35569,38364,124
37815,28144,26417,3180,78
13027,11372,1697,36159,85
38499,25031,27864,13568,49
25057,16771,19545,33103,47
36502,23677,25535,21015,148
4628,33812,30518,10833,63
31920,10255,17489,9923,146
36287,2307,24143,28697,73
1236,31190,32023,10199,100
10055,25989,21386,17528,154
22591,7607,38660,38719,66
13602,20655,29479,14263,31
7645,28521,22259,15896,85
16843,10230,4085,6139,133
31083,8432,20745,20521,35
475,37774,14753,32539,50
11746,33047,31818,7889,77
8774,28829,21940,25513,93
7861,19543,37099,31260,47
16758,12858,15434,32426,66
12445,28172,7645,13702,87
19851,5576,31730,8391,63
18175,5447,23611,1580,104
33253,29327,33228,20547,60
13623,38663,2397,35729,110
14616,31126,17621,17712,74
10694,756,5308,36042,68
7592,28651,220,18961,40
13195,33852,4094,33329,117
21297,3935,9487,20262,116
7769,29449,20362,33086,49
26774,27524,33002,13598,56
14548,33205,10602,34969,69
4086,31240,9867,25520,136
32258,9203,29519,16771,51
22511,24949,36955,24185,67
38483,30415,36792,3221,52
35621,3261,3130,7016,91
19802,2578,38617,17572,73
28519,4788,19892,13607,45
25767,24858,18241,34792,67
12322,33095,15821,10141,138
136,7092,37066,24013,37
21253,15973,25794,10945,135
35736,28651,8698,33318,116
24058,37147,4152,11351,76
12345,13822,9036,10643,93
15107,16037,5620,17753,79
10264,28064,18454,20704,98
28988,4875,6169,25232,61
13519,28941,3063,15039,47
19766,38669,1107,2,35
18940,31671,7976,7597,62
6370,37962,33962,9106,93
25811,5757,11015,34080,79
8021,33240,30304,27388,65
24911,1871,21940,9152,75
30408,2574,36471,16615,81
18157,12406,4995,34932,72
29629,4569,57,30478,42
32461,1176,27113,26478,42
36902,4580,9424,25904,93
147,23364,27264,37879,86
33477,15370,36104,29568,55
19263,16567,23625,12495,99
18200,28152,16919,16517,70
12420,10152,4839,21098,136
20669,20595,30130,38429,27
27305,22951,3010,7213,65
12823,21895,14734,27394,79
23320,38608,28927,21956,93
24089,1575,8450,238,56
26011,24214,7266,15437,60
17732,20539,4748,31715,66
23275,35329,8511,3240,143
23371,7271,35281,5576,127
12750,31201,1270,27204,71
13242,30834,18324,7060,76
35296,13158,23686,25613,183
14628,28209,13690,2589,89
24336,27371,3850,37012,70
9943,28089,3317,47,96
22596,31963,7037,12107,101
9912,31750,2328,18266,128
29672,4158,37952,34188,79
29540,1221,3468,17254,62
13239,7972,18900,20407,63
37126,12988,13163,27036,97
26570,4956,31585,10700,72
17745,12322,36437,7504,88
12943,25880,34030,14405,96
20326,301,26547,28180,48
7836,34704,13608,25021,40
31694,33761,31272,5574,55
6335,24382,2658,32683,85
858,1511,21005,6008,114
33021,7176,12155,7539,80
32570,9947,36263,9810,120
18410,20439,12104,9164,80
33203,25721,22085,35367,143
19958,14254,36817,16023,66
16918,9922,4125,22793,141
18117,37522,21011,15765,121
9423,27514,966,35614,106
22593,11748,32499,31959,82
31163,32628,31142,13986,41
16563,32669,28034,12841,86
11021,16155,23499,7715,123
19588,267,7972,20460,30
31896,11481,13912,9111,75
33998,31730,35003,14513,53
9514,6062,2485,2392,132
21823,18254,1251,18321,82
4742,30756,18391,31157,54
7599,5403,30887,2632,74
4507,24402,1557,35720,99
8277,11635,9065,1753,79
6794,32619,28236,36016,59
17552,394,21884,20587,58
25231,20738,11556,19957,21
28058,25246,27930,2390,95
17388,10876,10223,8334,117
30219,6949,1711,27081,49
15984,22691,10889,338,101
12926,23468,25173,121,100
32511,25710,28274,38628,77
17373,7893,30426,26018,96
10731,1966,18007,27750,90
6381,18246,33190,17722,105
24855,2569,21246,18506,103
21227,28230,16153,19001,111
35634,14265,26393,24332,89
211,11295,22121,36265,56
36389,20303,20267,29297,24
34260,27136,25211,36894,31
18312,15986,764,23754,123
17558,10844,28133,27879,104
29456,8608,12327,18063,75
23675,16995,25110,7905,82
38619,29593,4923,4501,37
22856,30769,21142,12830,133
262,31096,26017,14375,64
33393,19948,29606,7576,53
36439,31519,9231,7551,84
16781,32442,280,6167,57
35573,17004,3186,23498,133
1156,184,24772,15995,60
28065,17296,27355,28138,86
6168,32592,19072,30442,64
24757,1775,16762,24057,43
17762,6127,31253,24032,77
11011,34585,21373,32271,82
36467,9473,9879,17684,118
4924,24006,27406,978,45
13969,15260,37534,23522,97
15509,19977,2723,38417,55
31146,31605,9784,19583,88
11371,21423,21087,37032,113
24009,2255,38716,10723,72
32279,20337,37890,36004,50
37601,33842,37009,35397,104
7160,28712,3414,35349,89
1509,23560,19620,30987,88
7061,13219,36406,31126,72
2732,22501,32250,13084,123
13049,26679,1830,7808,87
33094,7609,18019,32730,71
4017,28082,26763,27766,110
29506,3292,19502,18146,44
25531,24224,36120,31646,85
19869,32315,23294,37111,81
3967,19922,30029,11554,76
9782,1233,3986,6301,140
35286,22925,17411,33752,131
28973,13052,31971,3523,89
16087,22704,19771,20739,81
24939,27477,38024,12764,70
5005,34203,16814,37965,58
835,26632,5355,19691,48
31176,36043,24947,18010,49
36078,6318,38481,12177,83
28138,13785,21222,8664,106
5352,4781,5512,3796,80
2537,27178,5448,12879,91
30447,18453,25984,21471,118
13133,1813,26019,33453,122
30384,29571,5328,36200,50
24860,11,933,25788,63
15036,22687,5714,19186,66
30260,14379,20266,24992,35
12978,21959,7608,16130,112
5387,30065,37545,15755,87
24418,7638,9831,31644,97
18948,9870,23317,22770,146
21180,17304,31202,23470,132
12350,1064,34193,6990,64
21305,23561,19905,17321,128
8630,38585,36493,15977,75
228,2526,20510,38408,49
4648,5012,30131,12084,76
31637,29492,29553,31224,42
16582,21163,22083,19721,85
9425,12137,10901,30285,98
5458,11370,6768,31056,39
22612,7011,6495,34011,88
5566,10825,24359,2567,79
11294,21377,28997,29468,70
19820,12226,20567,12829,77
34534,10104,30026,30104,92
28752,9177,8259,5399,73
4696,5774,2391,3345,76
28540,31578,12443,34197,75
801,34773,36920,24107,50
10143,412,27142,23561,110
16540,9752,7061,10538,88
32603,33276,18225,3259,69
15109,36271,11625,26559,46
10871,36053,26525,23597,102
13884,11313,5383,34612,43
31795,2528,33515,14407,99
18840,1832,25056,19079,35
27046,17663,7950,6254,78
36344,13096,32630,27882,91
10174,7224,3876,28251,125
32580,38010,24207,2592,77
9423,19060,33884,12292,73
28558,24344,24486,9224,58
31640,5293,37514,2560,96
25198,12920,4925,5457,68
23582,33045,26419,23695,143
6975,32436,15853,24230,57
2288,28940,10501,13778,83
6390,22953,24185,5416,93
23446,14594,35405,8685,141
19545,2402,31053,34980,60
30431,7709,37229,12105,79
37779,21752,38499,30133,71
16730,36418,6792,21023,78
21288,13199,30015,5320,113
355,29604,25593,817,64
16572,26487,18189,12407,73
33025,12925,16773,9908,125
21997,1690,37734,33466,95
21245,10607,21521,6971,117
22943,28811,19973,18843,64
17259,4512,27018,25666,80
11456,33507,18912,25811,79
18115,8545,3939,22892,123
22875,29351,28134,9913,120
11686,10264,11494,8707,89
489,6020,30882,3865,90
11441,17372,9423,13616,77
38597,35296,11430,2388,107
23382,28726,37224,33254,106
36043,33502,18510,11742,73
18830,13644,9960,18152,87
22510,18367,5559,15957,105
6957,31130,37833,15502,49
3148,26689,29507,15167,38
1710,14414,6480,10100,112
4696,21415,35766,5634,126
29433,36040,25683,30139,74
8330,3977,22063,34581,95
5338,809,9988,21327,122
4817,27791,2338,9810,126
20561,21934,15221,16926,45
38268,28555,27084,21262,65
13691,30794,6177,10171,103
1685,3323,9074,21511,106
13655,20665,33175,20322,44
13890,36170,10238,22731,117
32450,31574,14774,15932,77
16108,24514,30356,33315,87
5349,6200,36234,9281,88
15073,9404,6033,35553,124
35366,34567,3418,3302,92
28088,31886,24361,12268,91
22256,7769,5394,2432,88
12461,938,22531,14594,100
33940,31176,19552,33936,34
14508,29602,19004,7608,38
19683,7154,28140,29552,45
1823,14651,22009,1039,74
22944,19140,32323,1019,72
34994,6975,18881,34130,30
16987,6460,22863,27155,87
18519,24247,3516,28227,71
30474,26402,32614,33154,65
11713,14688,36974,8640,58
33190,8312,7044,9507,83
15047,15765,38445,19194,52
38347,35523,19886,21391,111
31744,22052,32,13650,67
34744,3279,29283,12018,56
20483,22266,25001,30506,47
21804,27869,37145,30366,85
20542,441,11773,30455,36
9416,15330,21301,38258,85
30962,14489,4860,7154,43
27202,20455,34970,27247,18
988,3789,31011,12082,100
16210,10825,14369,4795,81
22597,24190,26570,5518,73
18767,18194,8427,19117,53
30075,27804,36814,885,79
22520,11339,12917,37647,113
21168,1201,11285,1116,90
5614,4682,36120,21060,86
33249,4920,18832,27088,51
28911,9111,21148,3772,126
19511,11569,7714,15212,40
14664,37533,36271,26020,88
23611,24915,17582,6779,88
1717,17022,32257,18235,59
24036,15069,34140,21329,70
16850,18867,20361,31171,29
10624,6003,2367,10811,112
23280,25902,19114,21980,118
7215,27904,33501,16558,73
1920,22007,14466,15368,64
800,22584,20277,19977,66
14443,12882,19570,37570,81
16570,15231,19186,2556,61
7649,22153,26370,30357,70
38490,12186,30403,21856,77
28738,1541,3265,18064,66
11628,28565,33948,34616,39
4243,20750,34757,37030,67
25164,29449,31911,16028,64
24891,4148,25088,7064,55
14283,30015,21202,17404,100
13155,38710,32566,32390,60
26571,13639,25524,2319,97
34106,979,18827,10969,55
37664,31751,19936,27044,58
8592,19597,31144,10262,85
24012,27956,20344,28962,51
31274,32415,3961,3814,102
3069,18897,21041,34076,73
18110,16072,8438,12005,104
31063,3915,35394,25594,144
25111,14491,13620,21954,52
24813,23345,17,3018,75
1510,36173,11001,20327,60
29420,22123,37719,4603,66
21040,15023,37734,25735,112
15185,24775,22543,4800,65
19543,33354,13188,22989,112
7860,29741,6434,33045,79
20625,37857,28135,15907,87
32523,19156,9113,19149,48
36376,9223,15496,4254,94
23252,5640,29567,28575,80
13641,2618,12757,13065,127
34845,6807,10554,4533,51
17564,1016,11349,33065,81
30366,24815,29667,2010,45
24844,4738,14365,29623,33
5395,22984,12801,7622,107
31228,37938,1242,31865,76
31875,34698,36053,27923,76
29257,2554,22265,14256,76
3493,38595,3910,32292,69
23389,8496,25800,37219,124
28605,12175,14,19110,54
12238,30500,21428,10973,114
15908,24066,3267,33423,83
26321,6952,21909,31147,53
30956,27288,19535,1221,38
9878,6384,18815,15329,94
3074,17267,14421,7993,68
25973,24037,30318,33187,90
17350,10902,29445,15097,60
21888,18771,10135,13068,117
6313,26564,27418,26688,60
16982,32731,11728,27923,57
23759,27160,25880,22906,132
34852,31800,22127,35362,112
28973,2588,5287,18416,80
22009,38306,18126,36151,65
7621,16239,11439,21808,83
33951,37857,3414,12980,86
21851,9005,19803,6491,90
17319,37198,28856,9002,81
13554,22123,22157,6067,93
12267,16124,9229,10062,139
182,13701,19910,25858,61
24259,31971,15405,2319,77
25057,37898,12028,19719,63
2656,12374,7605,32352,90
9500,36300,37592,24423,77
25688,29374,24254,24097,58
4611,20349,24011,36254,41
31925,27847,12408,23664,134
12484,16154,18205,34622,91
2328,12819,22257,13027,138
21973,38615,21219,21101,117
33899,18924,28274,10185,91
27289,958,34722,20021,36
10778,31603,38492,33154,78
15502,19153,7740,19589,36
25854,33285,12850,19975,108
6120,10547,31512,12327,108
15414,28682,28963,21765,56
29261,27138,7233,4631,29
8536,20452,12175,20691,55
1507,31913,9522,6206,104
16129,3254,37749,29307,75
16160,3383,25152,13822,63
26533,22269,100,36854,57
9352,7813,3455,8326,79
1745,21313,24825,33248,94
23309,20584,11450,30341,82
18216,967,9122,12043,96
1010,10743,29578,26652,56
12236,35684,4502,16675,111
5551,36354,28081,4264,98
1755,6154,4112,8521,115
24948,12182,21375,31167,87
20483,10515,18122,25604,80
1969,16741,29534,1262,53
18455,37762,14536,2768,92
280,26478,34044,27419,31
32394,36952,32262,19821,37
16859,33104,38501,30295,61
453,23615,34903,21178,110
29646,12371,25522,33962,79
25578,37060,33290,23559,130
21481,18,34587,4936,72
12333,17571,12894,19621,101
16675,37556,5704,34578,55
14734,345,3779,18013,80
9791,20459,1873,36101,86
8572,2498,37923,8373,102
31727,27272,27296,5584,44
32307,20492,831,33072,55
4083,10813,5651,16199,109
7603,21506,13155,20640,101
30823,28714,15827,2258,91
24437,13732,22941,34003,71
20299,33929,37813,27006,39
7186,38708,2493,15786,81
3339,25050,6418,2336,85
22080,2328,9016,19025,94
9083,16225,1757,15114,89
24105,31071,19917,26501,37
4609,25526,23547,38472,107
9355,9417,29397,31923,84
1765,27170,37093,5308,51
14555,1028,13669,18148,63
34001,12447,18777,28752,57
21838,26000,32765,32631,76
19913,31591,34201,24139,48
10245,24113,18880,7986,79
28985,27845,36972,12214,85
18967,36977,10573,27125,47
34805,14306,27255,13109,63
19639,16617,11452,36474,43
21104,4060,23501,23694,190
7738,35572,16598,24150,92
11286,13675,24508,13129,71
24273,6479,33079,34834,76
25652,12831,6286,34796,115
9086,37623,27046,1192,74
37524,35364,19671,25836,122
1586,18507,12820,3250,93
4827,4672,28248,8697,77
24372,20424,24959,13998,27
7052,8402,31111,14401,50
28801,13121,27335,10898,77
12954,28006,21249,12953,150
32386,24515,27837,33909,54
15506,1130,20344,11651,38
24978,25265,2258,37171,57
14753,9503,33998,93,55
28866,35512,1847,27162,92
14642,16729,33878,15263,40
19513,24799,35429,36314,81
4505,5500,11541,22682,76
12362,8619,12020,6154,113
35575,12524,23619,17669,164
37607,11317,25688,30810,80
10533,7055,36271,33868,54
16761,31506,28744,4243,89
37787,19996,1238,35673,104
8001,1791,13134,30018,93
31138,18371,15502,36098,54
6522,37612,3175,24484,79
10971,4699,13202,8415,96
26263,33250,20412,4118,83
32716,21895,24229,6865,48
10525,15877,37691,8408,100
26744,28937,25954,3810,102
16774,15338,19801,25961,61
10074,21490,37669,34679,124
13141,23614,34870,26544,111
20420,27839,34274,13706,52
2296,30962,26362,28516,70
11307,2768,29316,34236,59
26279,22867,4689,23394,118
1167,25682,23420,37104,121
514,11605,10109,11710,74
31836,14733,36941,8010,67
12409,11517,14437,35367,108
24800,37623,14022,18918,46
36037,38253,24061,36985,45
316,27511,14409,12880,61
16577,32733,29338,12026,53
14637,376,3106,18376,52
14439,32006,8702,3310,71
25189,33223,21160,22259,98
34073,5366,17602,16563,58
5667,18851,37736,36829,57
27088,22591,7755,2611,96
37012,36969,24027,12034,69
31234,13698,30966,25217,36
6046,763,24440,9499,87
8650,36258,15153,4804,59
282,10797,24959,31072,41
2002,25847,24826,11675,69
7721,38669,9136,25091,52
15014,21473,6394,22562,124
36269,29459,20418,34046,31
12207,28780,4117,3974,126
21884,2011,16737,5323,67
24088,24353,34928,36818,41
8393,23608,10217,13079,160
12293,3908,10859,29759,98
30071,23686,7946,21001,130
33043,28254,17771,9156,109
19771,27315,36111,32353,34
19983,9213,3032,19678,54
3403,28732,12803,7947,81
11293,7865,31500,4521,64
6093,14721,13841,30851,67
24059,21052,14700,35551,121
33115,24066,4065,27475,82
37971,35576,18963,23764,138
8716,28688,13902,9135,74
38327,22043,9851,13533,90
15446,13572,37828,36519,61
13215,34945,15347,20261,57
15209,27011,12827,32398,59
7141,38643,26771,38657,29
26376,38018,9493,9218,92
23600,33516,33150,1033,124
27265,3449,8598,38676,44
26557,33079,7557,35680,111
38253,31508,17424,14342,67
16599,8547,21009,2351,112
25181,12112,10562,31151,65
38392,25699,13042,21247,124
27879,15519,24139,27122,49
36107,33414,9932,38477,96
34732,24276,8651,26496,50
7271,29271,6981,35709,74
11282,38747,30236,12226,63
34074,4742,28937,35442,91
15405,33982,2262,19845,59
36521,36151,27285,2314,72
5724,6403,7539,31161,70
35687,11529,33485,11586,103
20287,30973,11772,16757,33
23279,30451,9926,25070,121
8551,28984,440,18140,59
23345,16694,37942,15815,120
31563,5578,11464,13122,85
7214,15494,32325,3183,37
6001,3168,22946,16535,97
17625,27316,2287,10270,114
30083,32264,9897,6182,106
19525,12790,28215,25758,109
26323,19146,37134,13905,46
25653,11301,456,21831,76
20674,22629,37516,38735,71
34218,6903,35686,24327,81
31689,30363,13162,20377,83
13575,27102,15499,10094,73
6137,19779,37840,1082,80
22198,28849,36385,25988,88
6462,31663,28976,18473,88
34825,22530,1737,36942,83
37839,32732,18902,33928,47
27805,3811,34210,34723,87
9488,13857,7879,17386,83
30017,11506,36390,2323,80
27410,490,23362,1250,80
29313,33072,3992,38644,78
24382,26651,2577,19688,63
32386,36419,6021,6922,63
19645,37074,38468,16866,37
8520,37223,31645,18994,66
29507,28754,32342,35762,80
3422,34178,35465,6108,111
27400,17501,38391,19974,41
33427,11577,33182,30998,74
19624,946,38364,31092,39
18114,11497,27035,7215,41
30338,10993,3201,11310,64
12346,32519,19825,27884,72
21113,19163,36000,6369,98
7205,33466,27160,25935,74
16723,13725,12063,9911,102
37592,21496,25915,27095,108
23324,24947,14457,18912,73
6439,65,3263,8399,73
11393,1587,23491,12835,121
13779,17725,36465,14760,67
15363,16764,15220,31791,51
15118,12177,27225,8676,63
6314,16739,36950,9516,86
8488,37509,2253,7224,88
27839,18019,19885,27483,58
32,34116,18045,19523,41
12043,1635,13819,9280,91
23315,19670,24393,9879,115
28221,9246,19859,19792,68
36296,37254,30155,9970,97
12206,29420,26461,24475,55
3061,36108,14345,7511,58
33368,1982,18362,35435,123
30177,37637,8266,21278,107
26445,12354,35013,24136,59
15153,9857,24972,15312,67
256,1521,10501,1777,68
2633,21251,7826,864,114
15903,32005,37856,18201,101
24934,31933,5014,29437,45
11711,27456,939,3429,46
2515,13142,25228,15150,86
8617,36127,474,4216,85
22676,22018,33228,38361,96
17253,2506,5509,37125,89
8356,1121,2422,4168,117
16630,36921,29281,27175,34
14761,13796,17377,17670,77
11535,12258,28193,14501,80
9034,37604,33347,11321,89
18287,37173,17013,5001,60
34106,5768,29631,15929,58
23712,6764,4078,15980,134
34225,34744,15916,5001,64
12752,21898,18263,38542,88
34975,7267,21097,15013,67
21433,3436,8708,17373,105
19564,21338,19013,36468,72
9342,25619,20444,22726,106
25957,13520,19767,34702,63
38418,2444,33847,22910,90
28,23006,24395,21042,99
14320,36981,21939,32603,59
18766,23664,5323,4844,84
4692,37629,37225,9987,101
26277,10065,11581,35549,126
204,6195,24274,7985,63
5400,15441,1236,7575,54
15923,32559,37233,32761,64
34160,30899,13252,12080,88
22669,30504,33478,34233,94
3771,6518,38505,23648,131
16675,20643,3770,19760,61
18932,4751,5761,10644,54
20564,4098,6128,10571,98
18418,33956,14617,20583,43
24262,10043,18040,30424,95
6058,31023,30008,23736,112
13668,33781,19614,18347,48
37871,19265,97,28129,64
38289,32489,14754,38716,30
20287,12287,38526,10146,85
21037,23021,31929,1740,128
21147,11634,30398,1983,92
4265,6137,22034,9358,126
31516,26548,11496,16240,79
37602,6009,21074,18211,120
25673,6357,36795,35622,139
31171,13006,26489,82,67
11442,28796,21795,7598,62
4629,31785,14519,37513,74
2250,22226,17389,31829,110
37702,13509,24272,5636,58
1823,9233,11560,21523,102
27823,10010,30986,25094,89
31588,4845,22261,20657,64
30025,20464,31589,11306,54
12957,28898,23538,31666,127
37106,15943,20623,13039,89
6933,30243,21764,36452,65
27488,10855,32486,28791,46
10778,6387,19624,37048,75
10772,7736,10583,33201,87
21107,27968,4578,6366,118
30288,12389,3507,22802,102
31834,19586,27393,5366,46
7271,3249,9778,12917,108
28557,34153,14405,19916,39
16641,33132,6775,19963,51
6391,27320,22082,34528,68
30353,7138,23541,4229,119
20522,30327,6057,10047,100
1624,31902,3347,894,76
37029,13073,31677,29622,82
35589,36360,26611,7540,100
35767,9905,13910,25092,120
16174,21499,22196,38435,106
30431,9903,23345,8386,139
367,13623,18299,16996,50
28136,30972,7779,16858,65
37572,3087,38367,3451,57
11465,22653,1776,11285,80
12407,36072,35454,22118,126
33025,22608,35747,36064,139
13085,20754,3974,13634,96
37846,768,27260,31131,56
10601,24931,26286,23257,89
16719,4510,4931,32456,47
19237,23622,37132,20273,75
27792,5306,15149,24408,57
9953,9952,10234,11263,154
3028,21934,35754,31525,118
13044,26530,59,10502,79
9958,6020,1597,4215,142
173,25603,25060,6888,52
9162,29265,10661,298,60
33940,26329,36853,3414,50
949,7046,26639,18467,57
24928,22793,10083,7904,107
5373,15325,6224,5479,64
25097,3344,33469,22803,84
31688,1588,785,125,68
34253,34156,29355,10868,44
25841,20545,19672,30293,62
30256,19713,28699,35500,92
18801,34704,19227,33177,47
6353,5012,21963,20701,72
415,7184,27188,5735,29
20630,16081,3247,27856,77
3377,27334,31224,17265,54
22789,37045,6359,20747,89
6329,14303,10659,28731,78
1139,7140,16196,25017,61
37815,37889,35695,7751,120
24524,9354,16611,6226,80
16046,35359,10920,31979,135
20414,14350,35343,18224,90
9019,17003,6211,20559,73
3429,33478,29268,24830,48
23712,3230,33518,5549,105
1707,36130,12968,18338,95
18332,16835,5319,28917,55
34589,23552,17600,5453,98
7795,18890,36804,27462,41
38314,29701,14764,2328,57
22815,15162,36435,24858,67
8610,29664,121,20010,37
12968,10965,15096,4062,111
35554,3811,7552,22684,154
35729,1202,12216,11489,114
15875,18817,37156,5449,66
23648,10860,33333,356,107
3925,10850,13068,6032,135
28071,30235,4032,21976,112
10903,21477,33126,9875,141
25171,1991,26448,21913,59
19139,7501,7778,5542,50
6048,18358,4053,11262,104
26335,37870,37582,18100,80
8575,14609,17668,34519,67
28607,20308,37538,38328,43
23494,12230,12093,21407,156
36917,16211,27986,34154,85
23303,35325,30902,4626,132
1261,20720,8011,26303,48
27317,27311,4769,32517,30
25083,28641,22933,22094,79
16674,5444,16051,16517,67
36982,21131,21519,30275,121
24078,18169,35576,24325,94
19041,18951,29373,36413,32
35432,25531,18399,24223,121
13902,26712,27882,33880,62
19148,9861,15495,13691,75
26454,13248,20291,19274,59
8423,25162,33112,1666,71
345,19803,10181,21372,104
37534,24903,21375,11571,81
1979,27178,15145,6446,64
31850,927,12982,17757,107
1656,36121,1907,23631,108
1503,18115,22984,22823,120
13265,6800,28898,28613,70
14470,35362,459,24167,83
9801,46,13620,7501,83
11707,22123,27031,507,44
33252,16616,29401,1905,62
13184,12107,1616,32745,97
5442,30093,6303,34111,71
19555,11348,26554,12052,58
30174,4860,1856,19014,58
1708,23665,21416,22768,156
13501,31551,21144,34206,90
23433,11263,17532,35451,144
19819,25693,16863,26325,65
28983,36456,8531,16687,60
6199,10968,14526,6316,98
10604,8426,7016,13753,63
33813,12990,18334,1621,88
17316,21069,31845,33883,103
1762,24468,13062,25612,104
22740,32501,9031,16834,87
8408,20558,19951,7984,45
25221,38552,21887,20675,34
14337,34659,1829,1149,58
4072,32252,32616,32602,66
6908,2667,22618,12021,113
196,22962,24371,32292,63
25054,26691,13795,36420,44
18920,7806,8417,4034,85
7202,14276,15940,2755,88
196,27123,28597,16996,33
34242,11461,35487,2314,111
27966,27393,1043,12781,89
22199,10530,853,29682,68
34875,30066,3986,32018,92
26479,6467,22885,34673,92
33221,28162,6279,20328,89
38537,31751,11264,21939,63
8642,37909,37922,30192,87
31603,19923,11447,34604,48
24897,34827,19889,24943,20
28927,1856,34573,19077,46
4599,27277,32474,8459,47
36757,24059,3945,16828,77
30494,16093,31656,26272,87
27499,4794,29434,9953,70
34689,11430,18501,18912,44
4232,30234,4611,25044,77
24440,12284,4838,9455,81
7524,25603,31781,6227,108
7818,25987,7060,12870,98
18345,21378,34173,14642,85
28130,6823,12782,35549,130
4956,26689,4006,2653,104
23286,30033,15990,24143,112
24362,235,4883,24398,38
13925,14739,27280,4608,43
23570,765,34139,19188,85
7989,36021,37750,6242,88
13182,27455,12150,14391,85
4006,3794,6933,33335,118
3026,21850,33798,38452,52
11624,10679,28035,28875,72
12318,7969,36514,10587,84
23575,24140,18902,30163,85
19938,4769,33014,13854,60
17262,33162,33038,30235,98
13178,20655,27339,19584,51
34154,6255,12079,12935,110
38521,38505,37123,15053,33
10149,14380,2614,14555,108
24251,14566,13969,25523,70
30935,25012,29323,5418,29
19988,10802,1550,37838,72
33902,1991,3326,27429,47
2518,3171,33018,35600,133
7681,25605,4184,1840,114
267,24105,17742,82,47
20658,6886,8724,18332,50
5767,10876,35644,10933,112
15039,33145,11021,4521,71
21318,1765,27384,6827,75
13178,4232,3201,7134,102
11325,7228,34865,7617,41
13903,27322,34625,8271,46
15377,29299,14269,31182,34
23261,34672,34796,8585,89
5338,33230,5491,4669,65
30318,34001,5588,1051,57
22749,27962,35414,9008,152
35701,36362,5448,7612,100
4711,2517,38017,28749,86
12423,82,13807,15319,57
29252,19636,5307,18233,42
3846,21803,4116,22125,132
36156,30032,929,19587,58
14755,29575,10780,17520,64
30097,21986,13830,14551,67
7259,32699,21459,30003,77
9907,4248,7117,33458,124
13249,22005,29566,10620,89
19900,22090,37035,19728,51
12030,21520,4600,6453,120
27442,9790,29382,21215,100
21136,36261,26771,10695,94
32504,1981,11014,29435,54
28568,20470,15183,7811,38
27817,28205,23396,6195,140
38435,11267,29280,11291,29
6116,9192,7750,4845,90
3071,4788,13735,36355,57
12053,25796,27428,20627,72
10853,26440,10036,29406,86
36225,13168,13786,18348,88
29578,27003,3831,13957,63
13931,29427,13514,457,36
32288,22669,33331,28505,87
22617,9418,12777,1995,127
5585,1787,2436,36901,83
35532,36296,34963,9517,108
31723,4597,12019,35296,124
33068,8464,13675,21280,105
24212,15085,10595,13845,52
21955,33097,15794,14517,96
30174,7090,6306,36796,72
22782,21429,38301,11543,99
7921,35657,30382,10712,112
16142,10244,2470,10723,139
19715,7195,37737,27117,41
5480,30415,13575,33236,70
28698,16608,13508,30360,54
18865,37837,15095,30866,48
32014,34889,1895,36462,68
14492,3894,36939,26335,81
13218,25666,171,15972,114
15058,37720,24850,11614,45
30818,34670,24765,36464,37
19059,37274,12034,23446,103
21166,21314,35590,27938,172
10960,5629,18868,35602,96
9926,32485,19502,13258,101
2396,27272,33354,1928,87
11716,14387,11653,18820,38
9956,33032,19191,33790,90
34990,29504,17417,10062,86
30920,8710,18491,11666,61
35330,11425,34131,34233,84
1681,38013,7154,21387,95
823,15782,19767,31920,81
5571,25059,22239,19955,45
14309,31109,36490,6365,70
11333,20585,12398,2515,78
24185,23527,22912,15832,134
33455,21243,4065,13649,126
21303,11442,29604,1020,76
33869,16950,12862,3229,73
33516,33216,12855,21297,137
9828,33278,26678,14503,99
29460,20405,13641,30182,37
8259,8634,25227,29677,49
12269,3167,2770,6391,112
15045,17476,26329,36190,62
14480,6193,3973,10033,134
11362,3035,1549,22262,68
26331,2354,25737,23536,136
11375,19595,30397,22921,74
36084,10164,17441,4643,104
5277,32399,7909,28161,64
35270,12875,8669,29349,120
28070,34785,20561,11442,48
13133,16076,23585,18053,144
6247,13955,38307,16675,61
35328,34547,6824,33504,98
10870,11376,28690,37552,68
20557,18890,33967,37792,41
6270,16991,2539,7821,95
25958,194,3075,16824,67
3816,36004,27936,2673,122
247,33121,34926,26746,53
19010,33408,26476,8720,66
4836,34204,6152,30259,73
28030,7243,18473,241,61
15943,5358,11420,22963,95
1075,15172,8384,36833,62
8008,3250,13032,24088,78
5342,30165,36895,19117,51
5609,3810,1964,7699,90
13844,16845,25602,20654,62
24021,2525,4715,16873,70
19106,28164,15782,34094,76
25730,21043,28871,38398,97
15809,17642,7942,6824,82
30376,21187,35696,16950,129
32585,6249,29269,18090,64
27446,20301,31031,14411,28
25944,36899,23619,24015,112
24078,15483,20263,5770,31
20429,3495,1687,2736,72
29440,26554,5399,24505,37
18078,20773,14717,12464,64
37638,3332,29437,19973,48
20440,27967,3263,823,62
17018,337,36471,22240,57
29414,36762,37656,7011,50
21883,25062,69,11395,43
15014,35648,30870,21790,98
27183,1566,38488,3085,43
33773,18216,16976,48,46
29663,29730,1546,20551,30
10951,37830,30807,21513,100
7984,38625,4901,13540,48
34584,31898,15124,21752,64
15963,36897,15142,37042,71
27843,20545,3490,15507,52
3328,16069,22166,5364,83
30813,37741,26370,7271,53
16690,33800,38364,26491,37
6459,12517,11762,27021,76
34525,31796,12926,35637,127
32390,12084,3893,2258,116
5497,22797,10655,15201,82
10723,19751,14268,18915,46
4925,31147,18879,21387,74
3962,12311,9070,8707,121
4965,18819,6293,12939,91
10587,21846,22252,2673,106
11022,13120,34142,1101,88
9164,1588,31190,24302,67
28172,26561,29655,7679,60
1177,19788,16892,18443,55
19876,6832,36824,37117,43
19598,2640,29719,38271,51
9505,16843,38613,4956,58
3812,18092,3409,5316,88
21941,24828,6514,37572,83
24282,13092,15923,35588,137
34949,20565,36826,14714,37
37255,30499,11364,10776,65
10222,17523,21762,14350,110
6230,20740,37763,21177,102
18788,23562,10206,28264,134
21446,11351,152,6206,92
31969,18841,28140,3316,72
1917,9046,9283,1111,94
13521,1051,13879,34567,52
8456,19177,8599,33236,75
16247,34774,13132,32469,88
18870,285,35016,9240,48
21959,14637,22132,27785,88
34685,5615,28136,8720,69
34142,38004,27457,1011,55
16093,14599,19202,34925,59
24319,30454,32761,2605,71
28989,31080,5439,22554,74
24839,24016,31121,28642,34
24124,29380,36909,2517,64
20019,12391,9879,16555,95
7118,36763,18186,35465,98
25773,11692,13870,5750,71
6895,37506,27967,31206,69
7663,23698,37103,24307,92
28617,4674,4825,26470,52
26743,11720,34699,3887,72
22894,35695,22533,25040,139
13629,19230,3090,1572,53
36814,9798,20340,14546,77
19053,34879,5332,11360,36
33453,10533,33792,16513,69
7695,34272,2534,38516,66
15873,2309,35605,19519,131
836,18391,27260,8399,63
19148,34678,18989,36886,35
25749,11635,32597,14481,66
20571,21272,1814,25856,102
32700,6303,14491,15307,60
28862,36391,7709,12362,74
26596,990,2442,16984,77
11558,12018,18120,27772,88
37696,25000,22718,23018,107
32553,37082,33799,26746,44
3361,14695,7736,4985,56
35507,22594,8498,12123,147
11547,9899,3289,8502,93
31943,32673,4045,33185,101
12510,38655,28905,19992,53
8709,7945,37737,28814,73
15755,10073,8290,21477,146
18840,17393,19569,14627,50
33907,28126,24412,21969,70
22169,16912,32258,21925,67
19244,16778,10240,28022,93
35655,14474,6519,36309,116
7904,1151,28959,33146,73
24153,7534,28585,24354,46
29346,35651,3174,25997,110
27100,38717,11737,30474,37
21873,37825,38580,22554,93
12248,12495,36954,38585,80
30783,38278,5393,16823,38
37266,10628,7523,965,71
22053,34000,4923,3863,89
28719,33908,1932,33813,50
25851,32472,38524,9405,77
6271,11484,23411,30505,112
36906,28025,33015,1524,90
22191,22911,9952,17767,138
11282,31832,17392,28811,72
23410,12039,2487,13941,131
13169,37557,15792,381,102
25927,36099,817,10240,118
4544,10228,17507,35410,144
27279,38014,9475,36471,72
6237,9058,12517,1026,108
37847,8357,19098,35331,107
37703,23754,18830,36482,98
30331,9045,15066,22572,94
16768,22679,893,27119,73
3058,25627,23437,21775,126
18803,9175,18447,3058,68
8447,21216,28134,6943,100
248,3519,25067,22245,47
19560,871,5692,9174,64
13134,9022,18761,11523,83
11385,1665,20768,7735,48
2445,338,18421,23603,114
35726,24149,14400,38492,82
3281,30792,28840,23482,88
34212,25224,38589,33426,44
22525,15346,13003,19114,93
38412,16705,24822,32774,27
23432,17602,24399,21212,131
31882,15968,31691,1952,101
6343,34680,15160,26501,60
21405,2388,9005,35546,164
21200,12043,29436,29667,82
212,11482,18026,22252,60
13617,24290,18923,4970,42
12437,18014,26475,3225,76
29538,16249,872,13814,68
23481,25781,4826,20659,104
14750,18296,22098,28674,68
36095,34773,30266,267,48
20573,29615,36105,21176,66
16871,27373,4132,38490,62
35011,1682,9048,22629,96
23367,38491,6062,13004,128
27994,21264,19890,8726,99
31515,16947,30836,7113,52
29295,28782,24790,31226,29
19023,20535,4996,25898,58
987,24332,31106,285,43
33342,7110,19225,16858,51
30238,7549,32005,23724,110
20012,24320,31704,6180,71
18145,18082,23264,12298,122
28892,21088,25185,32579,67
18183,151,16547,27155,41
29281,6057,993,5348,66
27807,7063,16561,11575,56
8523,36097,8649,4978,72
19218,31154,13562,33898,38
23566,3251,15053,26377,86
29635,37601,12345,33056,85
148,28085,34091,18013,63
19568,26617,31701,18027,62
30133,12062,21330,16709,103
36162,27123,9241,31039,58
27277,34197,19957,37536,43
18928,24978,22625,7658,65
18420,16009,10535,22018,99
19561,29689,36796,455,31
2355,19633,12947,33985,90
20602,6971,31634,18231,53
38409,28892,19737,16953,34
36509,22176,30378,18904,64
25011,38551,23614,21515,104
28741,12833,320,28209,85
8256,3253,1193,8522,74
12155,9238,31938,29602,86
10996,30436,12364,12188,100
25599,29517,13182,27284,83
5500,27227,14378,37794,52
20367,17494,3170,26560,54
10067,27141,27476,31707,80
3237,29267,3514,25850,68
7681,28129,14576,9078,84
21163,15909,7235,15875,117
36294,808,37697,15819,91
4008,30056,272,21280,110
24427,19963,34616,12219,53
25200,24075,4183,11321,64
13626,21471,37039,18869,78
10608,31098,37998,12290,86
16032,35340,16183,21260,166
782,28643,37526,23372,106
16652,38766,1716,7949,52
11442,7536,21385,10962,92
2734,11754,9404,29316,78
38664,10874,33228,5326,66
36157,30969,35325,5501,94
28531,28024,22855,17392,106
18023,18151,15856,25705,109
7954,6994,9100,30023,69
25807,9993,4773,22748,138
8535,1170,9053,994,85
13649,19624,21853,25642,79
30977,8012,36986,27339,45
499,31685,21175,12461,104
30512,16510,18189,13598,62
18999,29693,30463,8657,49
16149,19082,15817,25682,108
24109,19158,27063,18283,39
19826,9228,11574,13037,83
24151,22837,28507,17709,87
35604,3294,7093,37570,101
31207,10113,35605,36255,130
6055,8600,4004,29581,99
32647,11001,31772,37777,78
14014,3094,7732,13685,56
12851,28232,21385,34043,120
7811,26008,10170,6824,107
19831,10925,14333,32486,48
36313,12185,12161,38571,81
31885,17355,35502,22763,146
24961,25774,31567,34243,72
25579,26719,5357,26614,72
35572,35562,27041,19697,122
21760,30381,28755,3195,68
33358,3232,4043,23737,135
6222,1216,6168,4975,96
31982,32605,21105,3801,118
13009,22098,31509,15853,120
26334,3329,17264,7827,68
23568,15299,24422,25753,105
22000,7817,21264,5753,96
19159,17493,17423,26436,70
37094,13920,20454,7867,46
9181,25016,9372,15441,67
15067,29300,4985,19633,32
34797,18148,3282,31602,66
9377,5728,22770,19965,86
4739,10214,5300,8544,95
10546,28942,13233,32018,97
373,36267,25926,71,64
35271,1253,17428,23258,152
15369,15917,28691,33299,80
9442,32729,25686,15089,80
31632,23502,3862,37220,133
2351,31880,6454,12482,122
13073,28726,12304,2688,117
33492,24341,18007,13783,69
26403,33475,25794,1230,93
21897,31739,33390,3287,89
34647,21271,9184,3818,122
26437,38730,28712,24258,38
3934,33330,32348,37907,101
31142,13644,33448,25150,53
18045,12468,15152,23293,110
6001,33297,37549,880,101
31163,62,9126,4737,58
6221,32405,22257,30500,82
1574,6807,8460,16052,81
18791,33329,22216,22926,97
11471,3055,6758,35715,87
27255,16861,8599,35631,92
20681,12781,20482,16134,76
30292,30250,37926,7787,76
3362,24843,3188,3159,45
30905,1678,26352,16092,75
883,20320,12297,13525,63
25107,34582,21996,37782,59
27044,23749,11298,25999,102
28933,27500,36129,2747,68
23525,23320,36462,25602,156
6370,36349,1563,22783,108
24011,4579,38274,2642,64
28543,35422,33242,22132,119
13953,23462,3298,21063,123
19819,36426,29449,5372,38
20519,33185,1165,31657,71
28955,18382,30205,27489,54
22987,2560,37098,7999,107
21894,7138,10691,36153,69
35360,23388,4993,28626,134
19735,38476,36147,8663,48
21761,3148,22935,32008,102
30767,9173,984,16768,67
267,18021,10554,20554,50
33157,19738,30939,21480,87
16514,36081,20541,12516,59
2435,18149,13574,19144,75
29570,14507,15010,20534,26
26437,27370,17489,15925,75
394,31211,16984,10845,49
27935,19026,1986,25188,57
32301,34159,7536,3899,75
30360,23275,25089,17411,99
35440,3159,3012,20667,86
10261,2463,21900,27898,136
34095,16036,16595,36814,68
33823,15355,10172,7942,81
22118,14251,20572,32531,46
30768,9505,14493,10,56
13950,38601,17260,3028,58
16070,34021,2575,2483,114
22119,36473,24023,3881,91
9482,24283,31248,503,53
419,27878,30775,25811,80
3806,12840,2762,14566,129
22125,16085,16784,28070,96
4611,12509,12148,28945,86
7217,28769,15197,33998,36
15771,14016,18247,3087,80
13599,3875,22232,28618,91
9366,9005,22029,2569,116
25637,37806,13270,27028,103
18448,17558,35486,4606,116
10521,12765,28957,27881,101
15229,18853,11727,12988,63
26502,26461,8686,30301,63
23385,17770,4860,12062,122
19981,4173,37967,21775,96
19940,5639,14274,26020,66
28208,11467,30843,23331,100
24344,37670,22536,31657,97
13047,11518,10883,36387,87
18358,33386,25037,27267,54
17397,20549,26268,12464,70
23324,23014,15185,11014,122
26280,937,13914,29710,47
35255,33301,30060,334,107
28752,16984,30475,27183,45
11349,29333,33877,6903,30
5482,35583,13070,27785,135
34670,34618,32390,27045,28
34927,21136,29447,4904,70
19581,30311,30256,14642,54
5686,14667,27085,32558,36
433,508,20434,16081,47
15814,15462,14524,24232,62
17585,32485,9930,22089,106
16990,15209,11330,10974,51
6237,4625,6210,35447,134
2711,33131,38480,35314,124
7877,13562,22980,36126,85
27790,22924,35718,34910,132
7832,33031,6938,32615,58
15271,37681,15279,35449,96
28063,18963,10201,24088,91
20396,22527,34553,7026,57
20766,30091,37892,36482,60
29423,28825,28650,9925,76
16657,2451,5430,33815,68
20505,37704,27828,29369,58
4932,38620,31955,37548,67
21372,14577,21518,24793,103
37521,16949,34118,2527,80
12090,34999,12494,36895,83
15954,9358,17430,1079,105
10569,35359,16198,33083,138
26340,4104,3480,37244,83
29742,16003,1044,26577,67
22049,33819,37079,26489,60
2473,3463,32701,16787,69
6175,7929,945,21980,90
19537,18782,21828,13223,75
8405,37244,36149,15428,60
37147,9400,15479,16995,62
6861,36248,23476,38535,80
19678,5297,12516,15758,81
10107,6356,16208,28698,125
18376,28192,37213,17303,89
29480,28973,26645,21383,72
8438,16548,25955,37866,92
7747,18111,24141,25174,48
6110,17591,4046,21891,124
6092,31765,24007,330,71
20753,37885,9861,34015,83
17428,3992,36907,481,89
16774,29603,27106,10902,41
28762,447,8658,30310,57
11422,25117,38662,18203,38
36389,29534,36189,12751,75
9942,1663,22224,28558,104
6932,6155,20502,10002,89
28517,19543,163,31043,34
10696,32703,30995,8340,61
24280,8468,4615,35401,100
20535,6271,8468,4656,69
8665,12226,14503,5646,75
4198,13700,13520,1620,88
3413,3274,7198,8740,56
36960,21970,3228,30957,63
19717,19717,19779,13696,31
1664,12375,1769,26736,82
29733,30822,16598,14447,37
10950,16222,22565,28763,107
18463,3225,30442,14379,64
22241,2691,15238,32507,76
7643,13763,33864,35747,94
12043,9342,32017,34643,90
26719,24282,18378,27107,45
393,33005,37084,23551,100
38279,1030,7582,14344,51
900,7899,25654,37826,94
33511,10937,15451,1154,75
10546,13505,27217,1745,59
22798,32678,9030,16935,87
32447,5327,15438,24282,37
803,25763,30073,1022,90
11678,35407,32640,30140,92
2557,9898,34523,8458,113
15777,37926,24284,27379,70
22500,32754,31674,34725,80
18967,27357,19741,12790,55
26553,7601,21773,34896,60
36306,27523,3070,18994,40
33275,15011,15095,28563,55
38634,36515,9452,7201,56
9438,23729,24819,28138,111
10728,35469,16151,10655,133
21179,38655,5408,11530,71
33382,10239,26695,24008,96
15337,21241,12934,17340,117
22872,33476,8456,18198,108
25849,11704,12096,835,94
12100,13225,11634,18882,85
10817,5534,30167,36251,68
20407,22523,35281,13196,137
17350,1217,28760,12485,86
24197,16825,10642,10063,90
3030,9880,27836,27222,94
15513,28628,294,26636,38
27774,33122,13505,19107,74
12190,4784,19666,37026,65
3349,18949,15044,18860,34
26457,7638,1921,33094,75
38585,1568,33121,33382,79
5501,17677,16127,33830,80
21496,30220,18916,8521,89
34567,32348,19098,3030,36
33901,32624,33814,7710,42
971,26007,38737,9460,87
37022,38267,31117,35543,86
30237,16968,6993,30874,46
3359,10084,30318,13872,93
3118,30500,34768,6077,72
15227,3253,19213,6762,35
31952,5623,36087,4094,94
36838,17743,23491,17472,119
19723,2663,17740,30845,78
19908,32424,5729,26450,38
6896,31794,24876,38655,39
22224,3387,7859,16504,65
1213,6413,32544,3846,100
18324,34681,9250,30285,74
3898,2359,1032,22712,136
18124,14024,19684,14393,51
4241,5525,18500,20623,76
13918,23768,4531,30084,97
6880,34584,25154,1688,38
4689,33362,5426,36506,69
37879,22656,12438,17273,120
2452,8692,37504,17526,107
22525,13668,28233,31139,91
5632,34673,6013,28235,80
4118,27234,20473,8318,69
7620,9865,38455,19547,75
7693,10204,34148,6751,80
27407,6372,34070,15815,78
28058,24885,6228,13721,76
27005,26342,8571,435,43
20345,17305,33069,36870,70
13749,13553,27429,23285,82
21250,19685,18249,19190,76
5250,26318,19104,7765,46
29310,30129,3050,21072,80
13808,34610,28904,11382,43
7113,17636,14650,9261,73
10246,29498,3935,5466,106
36096,11476,36980,17378,67
7165,30998,20475,18186,39
6212,29311,22860,15393,84
27079,1908,34257,10812,55
28065,13632,30074,36220,75
28942,25864,35472,18494,124
28015,29647,1195,9781,98
38620,18861,28273,34903,47
4992,19758,20342,29717,26
27015,5023,27177,35745,78
4531,14772,16601,23536,89
37817,18124,21358,7583,104
27304,19913,32401,2554,54
2299,29696,9155,14474,80
25732,21988,22262,30514,102
27013,28180,1887,29739,56
6829,34699,36007,8316,52
9365,9883,895,26634,106
21923,9798,25058,23581,127
16857,13209,16066,28129,111
889,2484,12429,30174,102
15280,7114,27499,2685,55
19126,35687,4642,1813,96
20764,30464,28227,37211,63
30288,26380,315,28788,48
16137,23546,6781,29549,96
27182,30516,20638,10008,72
8310,1005,10142,30978,97
31034,18209,21521,6002,106
18071,9888,36204,11284,94
36978,7787,2672,18249,87
35496,1713,19534,29665,86
6315,4076,9994,19018,128
27436,4718,24408,23666,79
16018,31605,22043,2620,117
8542,35435,35548,21025,177
13007,37211,8280,394,81
10919,27255,5566,16661,49
9869,7516,26616,4608,90
21891,25122,34106,37556,60
35663,20599,20508,8652,81
33185,11610,15795,11578,80
16718,15466,16055,217,58
31071,31525,1882,7122,61
35331,14591,18210,37579,112
17706,14550,5641,18484,70
34957,38296,7728,7777,45
27955,27334,21755,35257,112
33212,7572,33393,4020,112
6934,25122,20589,19647,18
12385,19267,19675,14468,54
6270,10822,28790,18864,72
24807,5531,8524,1940,56
34127,16609,19086,8021,42
25723,37192,25645,11016,109
8406,38,17400,28987,65
18895,3400,763,25036,41
18932,36023,6514,24030,63
12844,23395,3796,11720,143
3443,22740,36033,11711,80
19743,29538,18345,25058,33
27158,24273,17360,27860,67
11745,26601,35695,19901,84
19763,16912,14316,12102,59
23380,2665,19074,2768,130
21221,11655,15898,22572,127
13202,33434,7995,22543,122
12830,13658,27004,34622,64
25199,17351,9904,15342,85
30478,9473,21501,19973,96
4669,26010,27294,15441,62
16247,12234,30464,23469,133
9500,37858,8520,15944,106
32005,22599,26729,9108,104
33351,25715,10591,27079,89
35493,34838,34120,37180,88
2747,33853,4883,1724,79
31752,10226,9185,31251,110
7958,38564,37923,34974,53
11506,29634,15085,31750,46
7700,4646,35622,27251,90
18777,10090,22617,22119,118
22825,28897,12031,28783,94
12288,27378,18280,13101,93
31063,28873,34020,31667,55
37017,11471,7951,10154,89
37889,33807,7123,23423,92
80,13995,13230,28074,86
22026,18098,24229,25085,56
30925,7020,30023,10654,57
23252,27913,1033,17540,124
25215,3201,16881,14763,40
36978,1866,26664,27279,51
5634,6896,23399,29555,75
13031,23743,27193,28645,107
14475,7773,11557,27399,42
2327,24088,13199,22630,124
33806,34125,1010,33086,63
29549,33199,25783,22728,107
35713,15019,2577,16852,111
30814,19946,10761,15388,46
25215,33816,30199,12449,60
23710,20432,13888,29649,71
34550,22509,5677,21511,104
35526,36436,30138,23581,142
34865,1613,22594,17774,94
25794,1819,9087,26762,96
24284,14277,22867,126,67
32008,30192,16852,26348,65
19092,17529,36031,27384,52
24295,16051,985,11535,70
28052,21521,12127,6776,109
5711,16056,33458,2699,108
33353,32381,3899,28199,105
14581,28198,27466,36420,60
31107,32596,869,4096,78
33230,3830,963,16972,98
8487,1069,10790,3937,103
16729,17314,30444,26704,67
15116,21348,37652,33050,103
3231,4666,13668,25981,77
33239,7704,16990,17471,80
22185,15921,13051,1014,114
30286,14334,4777,10840,66
7095,16156,10264,16548,99
13089,35393,27950,26580,135
21259,11630,31588,36193,94
7794,15485,27437,2757,64
1036,27062,13629,5562,47
15248,35679,17610,24819,93
28930,33803,11283,7145,38
18242,2316,36765,4662,85
22642,14019,36906,10591,90
17652,11630,9224,15379,72
9479,13258,36966,8642,103
17334,30459,30504,1039,80
2590,16932,17283,1222,91
4635,268,21979,35433,100
13220,9111,15423,18260,95
24808,27813,30978,32439,49
17359,27370,10968,9941,100
28637,19188,32251,17728,52
25739,25644,2012,31202,102
21751,14585,28689,8406,69
3312,16142,2413,30259,101
6876,13876,33248,34118,56
4854,23385,14725,11017,100
32443,16758,30935,6295,61
30513,35693,12517,10948,126
26772,21938,13505,375,55
15330,21462,22036,7790,92
32416,12387,25669,20382,76
27217,15896,8251,5629,70
34702,28897,19231,23524,78
22691,37750,6485,12969,135
4132,20500,11426,14435,66
36514,19559,22269,35591,102
29298,35282,31142,19852,76
21916,14628,2378,17460,98
8315,2494,10729,20010,85
12509,11478,1941,35704,116
10929,28887,36156,28520,62
15013,37000,20341,4966,39
22151,35378,2297,17599,142
6327,27000,23295,13780,101
26416,26742,31230,31767,58
33823,9985,5398,12108,99
32423,39,13250,16707,64
13882,3335,23619,11360,89
23509,26300,2737,1937,120
25634,23602,25762,37112,139
5491,31026,12398,20641,54
17595,6506,31227,13660,81
14678,6907,37204,1555,54
2446,32463,25628,33238,107
21165,28529,8647,32424,85
6837,24782,36900,14010,38
12339,36306,15064,23406,106
17313,27837,5708,10234,114
4077,16518,30929,38655,68
34923,30840,6113,19010,56
15100,10081,27316,32448,68
36810,20403,36123,3796,75
3921,11462,34075,16162,94
23511,15420,117,4128,108
7539,34121,8324,5756,58
15942,4568,25879,22853,123
31630,6464,15413,23324,116
21973,18290,21281,35446,144
15794,37822,20291,4787,73
20618,18205,1100,7760,56
33087,14277,38494,25625,80
9904,38548,34019,26491,74
13754,13626,9164,38488,59
37830,32330,756,24230,59
2452,32587,24078,20633,55
17509,30306,19752,21205,94
6228,4192,9833,27757,150
31688,29415,1738,18070,68
35486,20744,36390,8626,95
10737,35019,36124,25207,49
25257,22507,34024,4549,66
26675,19505,13060,4149,99
15475,19848,22803,33984,63
21274,1690,15490,8403,93
21884,38527,21375,34152,82
30870,20683,33491,33792,48
38403,223,10736,17466,59
2273,22233,8753,33038,108
4698,31512,26007,17682,100
24372,35568,15495,28884,85
31035,9396,10238,25038,89
15491,23733,2733,28192,124
32557,25829,15050,31789,76
7880,13516,3191,8253,64
26354,11545,9131,20489,52
1920,31602,186,27018,54
10791,9993,7641,13510,99
25034,28114,27036,159,41
26455,33203,34869,22749,87
18040,5703,6348,10233,112
25111,14493,19598,31969,45
23606,17456,10662,33021,127
7218,21343,18430,27294,75
26415,13119,12230,3281,95
29350,7156,7272,28084,46
14251,3011,18492,6499,78
12133,12151,37117,30275,93
18774,23759,19909,9081,92
37638,24931,36787,18825,48
1574,21838,17348,21392,114
12217,3501,15940,13821,90
29746,26635,6432,31554,72
973,16778,13829,31958,66
29269,2724,32582,18358,68
3969,21359,150,31588,116
34511,28930,18004,35705,96
235,6939,12799,37253,67
8520,31215,16059,24090,73
10528,26385,7819,8685,71
9920,19969,33209,18755,87
33500,27347,36432,8613,68
32744,24076,2607,1574,73
37553,36035,9945,37887,112
14702,27185,35384,16048,105
30127,2363,29494,38021,82
12159,28867,31982,27201,70
12129,33999,25246,21395,86
29021,32749,18015,31635,64
38420,27122,21788,6210,65
21943,35588,6981,21468,131
30895,405,33349,21012,87
2305,18068,25218,4964,73
37841,25847,1671,30371,98
30216,27008,36974,25561,73
30279,31033,18976,28925,46
16184,2648,1835,22921,129
17416,23361,15453,32376,94
38769,29409,25765,21086,89
15180,12007,37992,34845,70
19527,7730,4719,15331,44
20497,34591,15157,34788,26
19937,7582,34589,36292,46
30178,19878,21961,17468,74
27788,6315,21255,9493,132
26292,12807,7893,5677,79
30870,33940,31585,24470,52
32618,7802,6754,10858,53
27839,5453,17373,11496,76
21350,21334,37009,7700,119
3346,5,34877,17438,54
17261,33132,19653,26558,71
16156,34614,29379,27088,49
6129,1269,9022,9431,106
28100,1673,24321,37616,81
11343,23511,28591,32604,82
31112,37774,30840,2313,80
6082,38668,6460,32589,77
28667,7848,21434,7668,88
9853,1137,22238,21138,134
1593,24524,37972,23745,105
18879,19096,2544,10003,96
11495,20331,1989,36217,48
21163,32482,24806,33770,64
17015,12414,37725,1989,85
31716,15475,17519,27768,86
15137,30910,22816,11661,68
22555,1785,3139,7015,81
24275,25659,13965,10936,80
3109,37016,20606,7940,47
33872,31043,33360,35512,102
22208,10988,31017,37199,71
5607,27514,32438,11660,34
19054,18878,17498,30113,56
9426,31818,22211,9483,104
36216,19598,1878,17432,68
20606,14440,12209,8597,65
15503,13796,10255,10216,117
35547,17656,38662,4552,101
34039,8297,16768,27152,45
19051,37781,966,6040,80
18862,3948,24452,14772,69
20498,13203,3201,33949,64
15863,6833,3457,9471,82
37845,20469,32501,410,40
9836,27259,31124,6143,94
3975,27311,27848,22503,114
7176,3449,31836,15283,53
25244,28539,18408,35582,91
896,19908,25778,26373,72
27373,33401,19255,33037,64
7670,2745,17544,8289,99
27398,28752,19543,9859,70
20635,10854,17430,322,56
3991,4622,24484,18759,71
25863,11426,34202,34904,63
36964,2499,38651,33173,83
28113,15319,4738,28783,62
4520,4031,36279,36517,88
6406,34670,2603,7613,92
14437,4262,34179,5384,75
11463,8336,3997,25666,109
35664,1036,26385,15399,94
25661,1769,10720,28947,90
30143,10174,9997,36193,130
11261,18055,10591,3961,94
6493,974,37022,37709,89
7035,10140,37214,7220,77
16956,4804,34193,33382,61
1083,32431,26566,18018,58
5001,38476,18497,4150,81
27477,30043,30871,6152,64
3783,21497,27082,24917,93
19257,953,7992,18430,60
33882,12519,38593,11439,54
31672,16602,10979,12062,87
28623,35676,35771,35594,180
22143,2584,14269,33237,99
26516,24295,2450,7846,73
26705,15070,13876,22065,57
19990,28586,36248,11706,44
12202,778,5378,22550,100
31526,6146,37752,20772,82
25078,5603,12280,2392,81
12951,30435,17370,26565,95
1609,14602,883,4825,64
19805,808,5569,16187,69
23643,5740,12474,20272,96
36167,36278,5006,15207,54
37767,12449,29674,33372,85
9349,1941,5411,34022,69
7238,24450,4172,26293,70
23455,6775,18166,13264,118
22612,30138,15983,12161,121
22647,23304,37611,31965,140
12310,24105,3469,36212,69
22515,16207,10186,18792,127
6006,13582,15850,19168,84
17021,20003,35318,20002,79
20625,38374,15288,4077,57
29421,978,36767,13009,76
19191,1652,21870,19797,56
1678,36215,16090,43,75
1049,25696,9257,28232,110
18764,12128,33012,34532,71
11390,12085,33481,38635,72
3781,456,16660,22928,99
34244,19807,23256,29310,71
10088,30377,28721,10733,100
12362,2656,3299,36012,96
25179,30810,15033,19516,27
23761,37101,5521,36023,95
29561,17014,22078,33968,48
15440,8694,12962,6750,75
18857,31784,5271,19865,48
4265,16922,31608,21904,101
33912,25814,29540,13817,62
30459,29277,27176,22757,66
33128,4510,8515,24776,65
9391,17269,25900,23269,142
24871,35527,33947,31158,78
25942,10113,12173,35425,170
23739,4231,33220,22168,145
3435,2716,17308,15224,84
5481,22658,17662,14320,90
24915,16524,6403,6218,78
18397,18405,19148,279,52
37970,23552,2520,18057,132
33287,35011,30344,27017,57
25605,16565,4738,30936,71
18106,19831,34786,26752,46
28100,18230,7965,13118,103
1856,34738,12281,22598,98
18472,23649,27938,34705,108
5711,31677,19713,28563,54
8303,21482,4609,34712,87
3434,9244,33371,18245,89
29354,20690,2406,24969,45
9141,29263,13252,29397,75
14364,9931,21138,29438,108
37883,11432,26346,38276,51
19030,24467,3074,1966,49
3331,9087,36491,2282,94
30263,19793,12013,7507,70
24518,16709,13696,3760,75
18112,31544,10175,18069,112
283,279,14021,30275,43
8321,3489,19983,17339,67
2350,17540,4682,782,94
20502,25505,10780,3496,74
35747,13684,19825,4241,117
30451,2414,14581,38668,71
171,6961,37761,34566,45
30494,9909,27414,18001,90
27987,24069,38408,33011,69
22968,20610,11768,7759,68
31080,32289,4766,28670,44
9853,24813,7074,19817,64
5443,16507,2514,1219,77
4243,4099,3153,13265,137
13572,36472,16225,3993,104
440,13974,16828,2617,66
18499,5581,18066,2362,88
21775,31177,7878,4101,92
31081,3833,13728,11642,75
14416,23259,14681,15201,84
16249,13953,11687,13143,95
32300,26744,36092,15515,44
5751,34,8336,7149,46
8729,2482,37754,14742,93
22059,30101,17679,70,74
36247,28015,6265,37128,91
25265,34766,21456,34168,64
26411,24418,14260,36119,49
5284,11634,16755,12033,63
5762,19919,4778,34255,41
1907,15445,1537,1241,66
26616,20480,21008,18761,64
25732,19009,174,15286,56
16838,10534,13778,31094,56
27906,10094,37164,13857,104
914,27877,33212,32495,81
2730,16112,20723,18346,91
23286,19060,2594,11339,104
19054,7870,27341,10564,48
29589,32575,27472,21938,40
18926,9492,15208,36864,57
19833,5257,26501,4146,72
3301,37994,1027,26281,68
5489,11462,21191,27918,94
13821,11330,14362,857,53
31677,33511,1579,31071,81
36376,25240,27391,36453,39
9751,24142,10677,21763,103
19519,8254,3477,9502,69
18420,3809,30803,25925,108
16663,13004,30518,25264,71
6783,4772,34971,36764,44
12348,18072,15085,24089,67
32606,33911,33188,35707,100
31157,9354,25170,18822,47
16534,6377,8694,18095,84
24011,986,10274,20602,77
30343,3068,10166,22991,120
18322,36378,18196,1885,76
7043,14534,15173,31149,37
3881,36413,486,30103,82
31787,27402,32733,21399,80
1603,36193,16083,34877,77
29267,20384,7752,34620,30
20277,14728,10575,33908,45
33412,3510,20476,32366,51
11490,37501,3870,28158,104
33959,31801,20559,15839,68
1766,1015,6071,20631,72
19804,36465,15187,34820,38
27112,33203,33438,20545,60
23444,29255,11434,34876,74
5363,18448,14421,26491,56
19086,10776,22826,33059,95
31607,38332,14702,27797,69
34551,7740,22241,23676,100
25951,10201,2001,12399,134
36149,37572,37742,37009,79
16548,28623,4217,15489,73
24434,38558,6007,23315,98
4728,34656,30484,18898,46
26266,9318,28005,4669,82
31250,5541,32747,6384,62
23308,14342,1602,34528,92
1056,35598,19515,25202,83
19008,36029,4500,36354,52
29251,7189,8408,17672,58
8761,3470,4740,29566,53
141,10634,2476,9210,92
37699,30074,438,8277,69
15967,14647,34968,13022,92
10022,16975,9257,12392,117
37553,3228,12212,30269,86
6876,21250,30366,110,75
13605,38466,20648,25054,23
37925,5588,6182,15973,101
30905,17490,2637,233,78
36276,2668,303,28560,70
12486,22616,25009,37987,97
310,20726,14023,18062,41
22806,27802,10869,3446,104
3438,32441,34271,18848,37
32721,4777,30905,27090,36
34782,21009,6837,9891,107
35323,895,16583,13151,124
16576,12290,33076,18830,74
4032,38681,29735,38296,56
9218,784,13960,18400,79
32408,17338,31776,16094,91
29685,11772,12769,7103,60
2595,18774,2741,15201,86
2575,9990,23290,19255,142
38576,10074,12414,25195,86
12865,36950,8674,35456,131
35370,19521,31130,36100,88
5402,19249,14639,20422,32
32707,18952,38,31194,30
4530,30797,9006,11520,62
10965,31237,6163,37877,88
3157,8401,32436,250,49
30166,36307,15037,25871,78
12790,25523,20263,21319,121
25879,27819,5364,9851,124
13608,32011,20625,7042,46
1083,6199,35343,7629,122
31203,4110,7947,36792,83
22713,24254,9007,18961,83
4610,28219,22258,9984,114
19658,38682,15135,19070,25
10673,18038,22855,36509,98
21326,12859,22816,33851,132
433,13874,3178,31872,57
3516,2518,14405,16675,73
15792,16240,20003,32558,80
31097,32468,22796,27396,62
38479,30160,22048,10128,95
17707,2714,22894,20424,104
23326,36216,11585,38347,83
7833,33752,37904,25942,85
36219,28227,30366,6028,94
12194,3520,4741,5436,70
6305,22558,18265,16641,103
27138,16930,18166,15167,43
12096,11669,10082,31825,112
33919,7230,10979,19272,44
18794,19752,3383,31190,36
21391,20017,37863,31808,98
24429,38604,22085,14480,50
34270,29542,34760,2307,57
21923,24909,32485,30412,53
3825,13864,31717,847,97
17578,3165,13934,35542,109
3496,26344,37687,12485,80
27404,24165,30815,19912,29
16132,28979,30146,14705,75
10237,10176,4109,21246,182
9901,12207,10216,23586,178
24474,9135,13592,8458,71
30440,13684,13032,10744,92
27429,5624,4909,37109,45
19108,29420,11597,34217,29
34053,16865,13543,24133,42
30365,37990,12909,30769,91
14494,31093,36239,37261,53
38474,16726,4754,28641,42
22909,23327,32273,34768,108
18023,29385,1985,1550,64
16989,10228,5389,22236,95
24253,6370,37908,24222,74
36903,3164,13200,16582,79
22077,19795,36101,30993,56
37773,854,37952,28787,78
22943,3013,36243,33413,97
36752,17250,16012,11650,84
21763,26399,6969,26733,55
12124,3806,36904,11710,97
31602,6481,27053,6443,92
3511,34149,18063,11011,65
19617,17701,868,34037,59
30774,34761,14496,13196,69
22050,34996,21465,4218,118
13587,3294,4893,35416,97
29269,13851,4514,15463,39
20772,35608,28882,32444,78
913,22944,21025,2683,138
33918,33014,14445,26333,60
16244,16837,29019,6102,88
3005,25887,17495,22123,100
36985,16947,32484,12005,64
24273,36783,19174,7515,46
3181,3769,9869,11329,114
28019,37963,36491,1636,88
8422,36094,3406,1212,69
34685,20574,26620,35406,78
2755,14742,1839,36909,83
38611,7027,19559,21961,42
33135,32760,4610,17305,75
7533,11377,3469,36332,56
3018,3193,18373,13076,87
5513,27278,12854,36987,70
12889,22817,21764,118,109
27872,16835,30123,25164,60
34835,6429,34652,11262,58
20398,27058,34142,1195,33
8605,1711,29456,6912,52
16149,17507,30826,7513,85
29554,12488,5270,19607,52
31602,21346,10751,29403,94
29457,22153,38494,24142,42
21218,30154,8467,12274,113
30113,4685,11578,6382,74
18500,24366,18480,5462,61
37608,30171,12335,12938,111
27450,27362,31911,19032,38
1142,17570,4099,18960,92
14409,6003,9482,7154,79
18342,11000,18912,29424,52
3218,5397,19930,7202,39
25257,25094,26679,28980,30
4023,11312,19891,21485,102
6425,16245,38016,19990,95
1869,2440,10746,7220,85
16213,3829,332,945,99
1721,32600,12350,19648,64
24314,1842,36838,31698,68
1088,34801,32290,28210,62
25087,21516,37056,30795,72
3274,5441,38384,34247,40
18193,21517,31521,26772,100
267,1776,30976,20021,42
7217,35687,32591,32361,79
12501,14704,22009,19118,72
6203,30250,36489,15794,99
4994,26342,18400,16611,57
6757,24785,25968,24256,55
24764,38714,13961,8367,42
21998,24974,25847,19596,69
16137,35011,27416,21084,89
38588,31973,1560,17441,75
36143,34552,30135,22750,82
20358,26405,37501,22884,78
19734,2566,28136,12099,100
10793,1024,3522,5658,66
9104,11498,28047,1833,86
27105,23749,36282,34022,81
35648,26009,19727,15060,106
6867,5663,18771,6206,57
27411,26516,28647,34873,36
3313,33497,34855,13245,88
26467,9193,18378,4267,102
13043,1575,9140,25004,90
12755,31559,37029,20626,80
36035,26287,10679,3881,92
3141,27511,19883,28927,36
20502,34917,12137,7665,56
11586,26520,4965,24057,45
6449,15087,16724,16959,62
21294,37590,4943,241,88
3389,15229,5015,1684,56
31897,37503,25052,16156,84
21907,22588,32322,5583,84
31242,37679,33,12919,79
2282,30518,27928,14728,94
31800,27230,14747,21968,64
19118,29503,3319,4675,38
33074,15244,21990,4034,101
7201,38005,22724,5001,85
5474,31725,18202,16179,89
25724,2400,29447,7930,92
24183,7782,10926,20294,49
31177,26774,13734,22594,75
24213,34980,20658,6787,26
22880,33761,23695,18023,121
21043,17340,36833,37252,100
10265,24464,65,34184,72
17372,35398,13036,15787,154
9154,16885,17010,9351,78
261,1967,26523,9260,66
24260,38022,28504,17634,71
12292,9875,11631,27373,92
25844,22935,4746,7994,106
1632,36031,30270,27791,82
6038,2720,7814,23405,136
332,33305,33186,19680,66
38577,30771,4884,11517,39
26441,8435,38574,32710,46
24099,11263,27029,379,29
38660,37185,995,25784,74
37841,29639,6399,36756,75
25202,26578,21827,27356,43
25607,24063,26426,25929,93
4257,11661,8439,10744,95
26477,9273,31790,3285,78
15338,33112,24484,33070,71
8006,13802,32704,24149,46
15794,6489,23322,21924,141
13938,33502,7860,38696,61
24441,497,3105,8520,50
24445,28082,30415,3372,69
13959,19063,27797,23489,99
19093,36242,19631,37725,52
22532,27240,35646,15812,133
7598,6206,22625,34129,97
4893,28818,3117,18982,46
4012,23340,11654,31978,128
24009,25258,15121,36997,35
10696,18751,8622,10109,97
10202,14269,20687,9991,110
14767,31932,994,4769,68
1077,19930,9393,38421,57
12827,24894,19102,31228,58
30028,16881,6844,7597,52
19041,10230,19642,38312,65
6457,33386,27117,7938,79
5477,6069,8278,12379,95
1619,12898,6278,6463,123
9947,65,9241,22912,122
8366,6229,10950,34910,83
18261,13627,16619,20401,46
29488,28817,16537,25962,63
877,31901,11633,14440,64
4028,6879,1020,27367,71
15242,25610,29511,10850,70
38272,25815,998,21423,103
37037,18918,8662,30250,60
29267,2349,29509,22718,84
6245,24518,36753,30752,66
12767,2009,36038,35395,131
12439,5377,11307,26688,64
4710,12190,27145,25234,51
15414,4131,24787,16528,64
31932,29478,33016,29632,59
17448,21375,25908,6307,138
18344,17347,24841,19532,55
25941,12242,26572,38284,83
12234,26368,9871,37531,114
27501,2259,5509,33869,61
36082,9204,34895,25870,88
27279,20618,16922,27841,45
753,14484,13146,7715,85
23632,8634,20519,35717,131
20487,21411,19141,9318,80
8009,6172,22545,6066,120
27285,17616,33226,25553,93
28706,30918,36328,25038,41
4579,979,8708,37541,77
21445,34584,1815,35535,128
37157,28574,4645,24518,50
34782,12790,21772,38347,76
14585,18179,36306,16755,59
38476,21103,31084,10660,81
30366,5261,4235,8295,93
10987,28559,28873,35694,102
3174,30401,35010,6142,72
28623,6824,10010,5572,79
36456,37273,25700,19892,73
15011,7718,25215,34104,36
18116,31910,18367,10067,112
13543,31048,28900,2022,55
18213,29276,1738,30945,54
33480,19988,4573,4852,61
4851,34755,37182,1608,57
1921,22711,3118,6265,106
31021,6082,37868,18459,86
10929,16880,12789,38506,77
22622,26362,27797,13258,119
38336,33913,4082,25197,59
4040,20360,21768,16076,101
27009,234,13895,2284,59
36163,28665,491,33892,43
30965,15027,8425,38316,44
25966,19208,17416,11015,90
10720,889,25163,28604,55
9974,37558,20773,9886,122
28124,13261,35651,17318,149
16149,17720,3251,4183,115
20424,7847,24080,33320,54
4134,4807,29257,22643,100
36342,23535,16594,29644,83
6480,15009,5300,20680,54
192,19179,26576,30259,42
31039,22091,10735,9304,84
31192,31103,30245,4568,52
3757,27057,27783,16589,85
10834,35756,21911,16089,135
11506,38326,36142,19701,37
3136,15850,32706,827,73
3846,2289,16096,26571,123
2411,31979,343,27290,70
28214,30955,286,6176,76
16963,27157,32399,37776,47
13575,37613,4566,835,69
12213,15509,9216,16032,99
35479,4027,24305,14415,119
34135,20409,13755,26516,36
13789,17569,1911,15487,67
12480,27824,24521,10799,89
24355,14650,31643,13930,58
27244,7031,27424,12057,45
9130,34,29276,8658,59
7560,18156,14585,18936,54
4192,21069,96,3915,134
30032,10143,7701,861,100
11401,34213,11447,10502,51
34828,37662,35713,9913,136
12038,34024,15312,36500,63
36886,8483,15223,11618,54
34944,18870,36391,6049,62
34940,36988,27909,5689,63
15998,27367,20523,8600,60
12095,17281,24520,11635,75
36927,21365,31966,36178,99
29354,27752,15244,14647,52
1658,6230,16836,33478,90
17280,18287,17373,21419,116
36781,16055,12128,24011,87
24343,15326,20450,20387,21
21072,33236,38299,24159,85
22598,37084,36084,33462,98
29424,24345,26482,23445,77
32468,7537,11589,36776,49
22762,17368,30231,6778,91
30440,12065,32514,37671,80
25071,8551,9304,17459,78
6409,21183,17703,10635,124
27293,8540,7546,17755,67
29250,16582,30038,9072,61
26679,28817,20651,2590,62
13021,12320,5634,22596,121
17410,37198,37069,34616,64
22189,9356,29279,9313,84
28656,34934,21,27523,30
16069,32758,31689,6330,97
4779,22016,31687,14481,74
18450,22879,26021,179,102
10770,34791,19829,7580,52
34030,28256,34655,9304,73
17709,28714,12429,2516,104
7115,29653,31253,6281,53
21171,8002,5676,37746,96
8750,16202,37718,31234,88
17549,4217,31787,23537,144
27878,31647,10815,5284,86
1966,23753,38507,15405,85
5306,27186,37174,15997,64
6395,11022,18116,1564,94
13553,29729,15884,33978,59
22071,28789,35649,34117,101
28145,27368,34972,38513,45
768,31520,6960,37044,64
9078,2751,33979,10517,95
20695,24363,30005,8531,50
9996,13048,30846,53,103
27982,18317,14768,11252,70
32566,11480,16952,21265,73
1774,37219,38477,29695,44
11719,17553,11537,16908,57
13065,24036,21133,9512,120
22099,6489,35361,10692,134
10738,22145,15871,1030,97
17463,7246,10076,8729,102
19876,2304,4982,7767,72
31899,516,20568,30171,50
25933,6403,32293,10181,124
8010,10521,26425,7628,66
5585,4758,21333,38658,75
33207,9518,37672,1875,99
3223,10565,22087,31016,70
36803,2650,31952,5278,87
4105,27903,10748,25634,128
9003,30890,8708,17008,70
6100,22086,19621,30122,80
21364,23325,31905,13227,159
34694,36132,37084,31877,63
22561,13029,10990,6873,108
5491,38292,152,16827,34
34165,20575,13248,88,56
2742,28787,2608,16880,95
27854,27304,29667,95,42
1905,19640,1264,25169,47
27181,25617,10837,32341,70
12006,36516,3811,2475,124
38722,13223,10724,3337,80
17731,9303,15033,13795,75
23514,19697,794,25794,112
10856,36406,8336,2638,95
23458,19967,16057,33279,118
18982,10756,27444,38302,37
25251,38344,2751,26383,56
24337,2750,21378,34520,97
25846,13567,1684,19106,75
5292,22041,6841,36893,58
13927,16195,18051,800,84
7500,5668,3183,37607,66
19705,1852,27858,4831,68
20324,15205,38719,10239,63
6918,30287,15433,31037,43
19762,37813,9750,6294,110
22626,3226,9761,5656,114
27817,2523,20366,25033,69
22735,23765,13912,8545,126
31021,35410,22803,38728,111
36491,36191,4950,17634,72
10947,5567,28937,30151,64
3288,20677,8429,10583,59
6039,18490,36868,367,73
18049,27334,37532,9502,76
4211,34715,35731,20592,108
35280,26364,22562,18954,114
9494,1943,37939,1615,92
10263,13160,23326,20420,141
1713,36396,13754,30237,67
27760,29669,10120,35712,136
14736,7067,15325,3362,41
6168,10641,788,13917,85
15147,16929,19062,20491,27
4097,30041,8587,21897,105
5688,38380,15280,13123,64
25894,37908,13009,330,105
9994,11417,20718,29681,64
869,5646,509,11303,46
7050,19666,22214,4116,79
19059,12460,6776,7865,59
4544,16892,16183,31773,82
28727,22807,19639,23750,110
21755,30809,25603,25786,106
19731,18250,37616,10747,72
24809,9964,26281,51,69
23329,32429,18317,15301,88
21990,1238,37070,3157,71
34754,11534,19020,36393,40
9887,28692,11762,30133,88
29690,16256,13626,13680,63
32382,4274,33434,29707,81
10975,29671,1815,27458,50
24969,9479,34217,36447,56
18416,29447,10980,23507,98
12031,25893,34604,9222,102
286,21829,27759,1852,78
1156,11399,1184,18232,66
21880,3455,24816,28866,53
27060,12834,18944,35674,105
25111,33886,36950,26505,39
196,35333,33014,1873,109
26627,36486,19175,25690,70
11543,1133,10835,20275,52
32334,22024,10776,11498,64
24782,21370,13037,203,92
34680,4926,21080,24787,69
2411,38592,28041,90,75
14693,271,31657,38388,47
6409,1548,1158,12065,100
36346,3811,37692,3992,124
36794,15920,7945,31997,88
8279,8257,23672,26563,106
15307,7654,5400,17744,62
21242,23642,38319,21946,125
23634,2455,17506,18904,120
26459,19154,4013,32533,68
28944,6050,9032,1823,92
8341,30302,25619,6918,82
3160,19797,36251,11468,46
24901,33097,5598,36947,57
34240,15356,24112,2606,62
28995,34772,18417,17430,66
38732,4268,30861,27895,85
5428,3513,12458,19624,62
29282,25703,31527,30025,82
29351,35499,17625,8587,107
30374,15479,9994,27373,78
999,3149,1726,21888,76
27379,3226,22502,15174,66
34203,29458,7014,19688,26
22533,17416,12521,25083,99
10156,34094,37173,1981,92
28833,4530,9242,22176,78
2022,21195,28071,9914,140
29371,6121,21260,19728,86
34615,7088,13772,26415,40
10185,27009,29333,26283,68
10684,262,2512,17443,90
21919,24051,9268,7774,77
26557,2359,1133,17519,92
35730,28088,1269,8370,123
22990,6065,4057,7539,130
23670,4619,25849,27927,130
935,3186,27904,18047,80
24912,19773,28252,37059,52
31955,10854,13243,12175,115
19999,8267,14257,34032,48
34654,33199,36514,3883,93
28513,8416,3278,28768,59
27346,15872,10583,35553,115
28831,23713,29386,13238,107
1941,16641,6954,22695,78
2554,25682,30334,38393,95
29367,6154,11304,37144,61
19056,17468,501,16528,49
34165,24898,33496,38618,44
15837,24016,32405,34838,58
28623,36990,24423,30263,54
31129,803,479,15111,42
28504,33276,69,9356,73
4076,2582,35668,32283,142
21146,13041,367,20369,91
11380,17254,11292,14772,58
30920,16951,18855,33082,54
20763,37716,27958,25990,90
11723,21069,9899,8626,123
8762,13851,21429,36832,93
17332,7887,10220,33783,99
9427,18997,16209,9907,115
894,18478,21022,8444,103
2605,35619,9404,6140,152
29681,38332,34142,4720,32
7103,16527,33446,9509,73
9402,31250,6372,12292,100
8421,24387,28911,18117,62
8726,2461,35277,29653,117
37707,36817,36197,28657,67
3384,25645,7799,14582,78
4153,21175,34735,17349,120
10960,25235,37528,22867,89
36164,16975,30423,14722,57
3869,13,19132,33104,81
9819,4273,28132,33405,145
10797,33864,10746,18798,59
24027,35275,16000,38657,103
37164,4780,3312,27077,47
2454,6039,18082,13947,101
18167,3339,24790,38545,42
8731,19961,38526,38589,37
33429,30785,25586,1563,93
30276,24078,34769,37925,59
19045,29317,28661,18295,42
12838,34555,3288,27179,65
36905,38290,5477,29425,36
35692,1529,13220,16925,126
20256,38494,22092,15860,64
38014,36258,19001,27765,74
35318,15116,9893,9359,140
8469,16249,10205,23733,154
8415,16164,31043,34000,73
6493,7053,26713,24753,54
36085,13915,13621,31801,66
37932,12794,22695,24344,112
10642,16626,1769,6945,60
443,15838,22823,35712,135
10791,18088,10601,7010,71
17340,20466,19571,230,40
5767,18834,16611,3395,43
10793,18101,7527,10961,80
2426,9018,34532,37607,96
24407,19778,3070,7233,36
3507,36081,36355,36764,61
4002,18295,38429,4616,81
18895,12862,37553,23345,121
9393,28656,31910,21413,108
37708,31206,31579,33010,85
18854,3087,9976,28570,80
31729,30013,12037,20608,74
22729,38272,8265,34608,74
18017,38258,16183,18887,64
8563,30316,24178,28160,76
35568,9517,1618,36210,120
11383,28537,6488,9414,82
15049,16649,36479,31982,59
10503,5339,21480,1167,96
31895,15327,24313,13632,54
5618,8727,19750,6097,71
18342,15880,8278,24230,83
31661,4595,24171,8517,68
6350,17537,36374,7540,90
33949,1963,17398,15401,63
1589,14302,16850,10546,65
7532,10935,14626,4758,64
31708,9404,17510,36860,93
7802,5512,33053,38766,60
30100,31046,12156,15205,66
24894,4720,17657,24949,46
2470,24853,23742,27766,119
36098,36814,10587,32256,61
10068,28,29379,11676,68
14534,36902,31104,21229,81
4708,4189,12083,38748,91
16000,1642,20501,32492,63
10707,33107,38425,2266,90
21870,16763,25262,38340,43
32434,38621,16213,3515,60
8441,37908,9853,27899,121
37260,21005,17763,21002,129
6203,318,1685,36939,73
32661,28087,183,10554,64
4575,28691,31263,17423,62
11610,32656,13704,20673,33
13706,8551,37742,869,76
19675,19200,21324,29444,60
9316,13238,16738,27971,106
4928,31591,1813,13535,71
25781,19010,26506,34707,62
8446,38445,5460,36256,54
11755,12384,7839,9073,84
30939,6955,10205,2372,101
37121,30398,17770,1891,79
24387,8566,245,24823,39
8686,8722,22544,14305,94
28148,34575,27029,23332,92
37019,12285,31520,20427,71
1987,31554,885,11768,72
33982,11371,18287,1557,59
3515,16827,9433,14253,65
24082,4944,5560,25773,71
4720,24409,26564,33896,44
3168,15474,33756,30413,49
31226,3358,33297,7569,67
25044,24402,5000,23478,78
36025,16887,2610,3029,77
22028,3860,762,10106,132
9340,11258,11304,30291,66
4842,37537,31762,12884,101
36035,15458,36054,816,58
34059,13134,11494,37570,82
24332,33264,36466,23672,104
15187,19265,32485,18453,42
35301,14729,1056,36908,101
18466,14457,27767,34058,69
30322,23361,3247,21518,128
23252,21370,5362,11262,118
25040,26332,22106,7802,55
34072,31034,24075,37861,52
16707,16789,35420,6486,110
25130,1560,29753,24109,36
23530,2631,4857,13178,141
18423,9251,2397,15957,117
10626,24021,37150,33211,73
7929,11,4912,1902,56
9497,6413,18491,22190,104
12432,36505,15193,20661,56
1004,38024,25186,30419,63
35010,26658,12972,9945,107
36879,32557,12301,18032,73
35537,33270,29534,8253,108
9205,35760,36119,13884,113
2323,13140,35472,25697,167
13522,4615,33853,3951,78
18507,21027,7908,1256,98
16659,13106,36499,11687,76
24082,17270,34671,30845,53
19653,38724,12896,2497,86
20394,14267,4501,36327,44
25118,36437,31963,5366,55
14286,15984,35261,1138,119
30033,16648,813,25697,83
32742,9369,2285,12972,111
34533,26011,35423,1016,118
20011,14023,21870,15411,51
6077,14741,31196,248,60
27346,9277,25577,29740,72
13675,18055,33906,28767,54
6145,871,16824,4601,75
12203,27304,27988,27241,66
133,38335,25054,37611,38
19955,28894,8351,12439,69
17605,17439,27948,2585,116
98,351,35338,9770,116
33218,32355,31662,22831,99
18125,38618,19078,7722,47
24476,28638,8748,35773,98
20754,28780,20506,13617,29
9240,19222,22828,16248,107
31270,7110,28523,38538,34
1268,22734,21180,1137,120
25041,10783,1826,519,51
31563,7083,14381,17256,69
5525,12057,30408,37252,75
36022,32291,26677,1755,56
31114,23311,36332,14356,90
33871,2322,15758,495,84
36228,19824,30295,26705,52
21306,19695,30463,11364,78
15895,10859,22709,18831,101
19723,30824,3863,5618,70
26706,35685,27451,16228,105
4947,30265,7200,6272,71
35393,24083,22988,21817,129
185,37934,35488,982,104
25596,1929,8309,15141,85
16520,21271,6875,10778,84
14483,27040,33069,11731,53
35330,3067,13782,29747,87
10601,32667,26303,17634,68
22248,30117,3786,21503,128
22162,24425,12376,28122,91
35411,17384,29383,1519,106
34132,20648,6489,37750,67
13653,21316,18081,29405,81
26538,18775,31842,6063,74
11462,26449,33018,4074,91
22247,19981,27122,22908,74
15873,29602,33514,33923,73
22056,31726,11515,3833,100
3229,22944,13852,27800,95
9298,28077,28539,10638,90
17646,1238,27052,19773,54
1729,18133,23525,9895,140
19571,9903,20503,30307,74
36035,18766,35544,14624,90
18846,22888,24427,24926,58
31005,26024,18399,20661,68
13565,17582,12962,25847,114
365,18911,4500,886,44
30019,25201,888,28225,67
31923,33126,6267,18813,89
14254,2349,36934,21824,87
22266,10199,2400,4100,150
27101,30240,28861,29313,38
14492,6226,9378,10910,94
38500,2482,37899,22773,105
1571,19051,36480,23380,94
1225,37085,1167,9919,99
32382,23594,22553,11584,110
3957,35720,24288,12134,137
9274,1172,35589,11358,112
15764,7257,35382,1911,116
859,1260,768,26421,66
25231,5458,8424,32764,44
25892,22068,14345,35732,128
7009,6880,24023,6241,55
5654,27383,36440,27500,36
18892,11326,23374,3506,82
19856,7966,14710,457,40
29565,7193,25232,10921,36
31538,26384,9928,15166,92
36014,37243,18430,7738,67
481,35535,12835,4653,115
38732,9410,2478,35733,125
1553,19139,19003,2326,68
36191,27072,4232,6907,69
12299,25011,13951,26388,58
146,33026,7863,26383,61
3941,28201,22037,29354,98
18091,8365,28926,27810,81
15897,10817,179,4534,75
10591,22638,18058,65,88
19865,29680,9993,1262,76
17022,16031,28216,24459,81
36162,15872,19606,27795,83
19686,28557,24015,3044,41
2737,7027,6910,18292,70
32336,273,31909,25126,41
12848,36101,24411,22949,104
3771,12345,26430,31930,108
7785,20744,2288,31850,78
24993,27908,24768,18811,40
1843,18787,33491,32497,61
12989,7641,18353,27167,79
16530,19869,14647,29695,33
11321,26318,34206,27350,35
7647,24282,15376,3751,75
13205,30405,497,1862,83
17424,34109,24488,21861,68
16107,15502,10123,4106,131
32644,1980,24980,6767,38
3088,34564,29501,1210,44
38748,12026,10945,27460,61
28935,2394,5666,3180,74
6414,15347,7991,20753,58
11377,9325,22779,21077,122
1832,27309,36410,15246,48
37749,35678,11745,37582,114
10551,38657,15460,11420,45
9217,36462,13780,20491,59
36162,12193,9354,31562,98
15977,3365,29425,20757,53
22021,30334,20553,23575,96
213,4238,11314,14472,70
29302,31779,33169,13649,68
13969,5700,5371,21180,81
27002,37652,15181,25137,39
17711,29019,32749,33280,73
24084,9953,32012,4019,123
37854,10562,22548,21266,130
34084,12098,4599,15508,61
16593,19115,30396,31619,59
24085,1618,9246,12472,87
21062,308,28755,24924,65
933,14708,34725,28133,66
4197,28232,2546,5393,118
6299,35006,10978,27802,90
22054,32525,1120,1585,70
3132,24937,19170,30768,33
30194,7545,2721,14707,82
38471,11395,21292,17261,85
13722,32441,19775,6848,34
15122,21407,35677,21891,132
9162,27150,20326,7150,41
1264,11659,25258,22830,71
9227,5666,32325,8657,69
17602,3138,16707,13738,64
33246,37943,30232,12420,99
6178,26548,30007,19210,68
12817,9207,33189,30422,112
30315,36884,5751,9790,93
35538,31124,23513,34091,127
23454,26753,1134,21750,106
30065,11633,12902,1255,85
31900,38360,21488,30870,83
38464,3003,34931,8338,48
18971,23734,27221,23407,114
5337,13767,14439,937,55
31012,30995,18155,19213,46
25622,8732,22226,9006,109
21852,23563,3822,11765,128
34958,14364,1902,37067,55
26477,15942,5624,33909,66
21403,16608,17566,29418,85
15794,15765,17685,37943,116
21796,11657,27852,17304,88
31547,27010,12403,17341,84
37153,9428,36798,35427,114
28766,9217,22692,10266,128
31808,4747,12306,19652,74
24464,17629,9815,6332,115
28116,19705,4645,6880,55
31113,25611,36370,7251,69
15960,22063,25100,14582,72
13095,29458,5392,31046,65
17627,36040,19175,847,66
29726,11261,7837,36473,46
13616,36454,5535,22234,65
32254,35305,33403,36211,107
28572,18013,36055,16597,59
17742,29275,30813,9214,68
30505,26335,34222,31547,63
16074,18489,29530,38700,62
17766,10852,34044,4545,71
12999,33811,24197,6114,89
4559,14648,36891,15944,74
13198,18199,4209,11658,111
28857,6395,18198,463,70
14441,2739,19018,8645,75
27140,1272,180,8650,49
28757,21359,20673,13191,97
37086,12838,18779,33121,87
34845,12997,30837,24306,66
32693,26446,8562,33203,68
1618,30885,7004,20015,43
10655,7156,4212,22989,111
13605,32681,276,34732,35
22039,31764,26421,22727,100
19176,11480,850,3520,48
8761,20554,10626,21102,89
19858,28588,17522,5496,56
37767,16660,36103,19582,57
16577,38730,8726,6397,69
4986,11295,3822,10851,88
1927,8660,34796,21501,93
178,15082,30510,15134,40
38421,37058,8761,9041,69
30266,38422,31742,33278,74
6380,25207,38303,27771,68
37960,38408,5524,21109,85
36863,17408,8536,24128,71
35722,12124,12820,36813,140
31679,2362,37831,10839,106
21934,23404,33390,31633,127
37260,28845,10815,38534,54
1785,8276,16997,31018,62
24752,15039,9202,5371,51
13580,12969,15835,12277,115
1529,27197,24847,23282,79
35312,32484,20669,7185,73
25079,28019,34172,25708,76
33450,22738,13163,34616,114
273,29628,33935,31067,29
18999,16253,1785,33799,68
3911,13901,28120,29576,87
227,836,10081,29431,76
35003,10939,15996,38601,68
10236,7811,30249,3974,124
16176,14756,37703,28826,81
30986,36343,12979,33839,74
12998,33357,37718,34636,98
37740,26637,25019,17396,65
7736,4974,38264,4859,49
20258,32458,29745,30421,32
38292,39,3216,26758,37
1900,11491,15360,25880,74
21910,31820,21349,27239,96
2015,33186,30488,152,71
15997,18126,14602,5774,77
25243,36160,33497,17012,57
2362,7229,30210,3240,75
1065,15394,33093,24228,62
19054,17546,10795,9269,82
9265,4590,24842,7902,61
36088,26722,30458,23441,98
18144,30778,10877,18180,72
9261,17265,15422,38700,67
32752,34053,29380,3134,35
14677,37537,30349,25623,90
6194,3153,7679,16558,73
36494,17384,31780,34527,74
1789,11372,7606,6036,78
30958,32525,37748,38351,47
33457,20530,3513,23748,95
25922,25023,33206,37601,90
30964,13201,28150,21240,121
8547,4200,31875,28725,99
26448,3959,21450,13227,137
35464,2743,887,2550,146
12288,30357,6800,12357,85
30777,18380,24819,16528,44
3020,10614,124,16915,53
31572,37166,2378,34118,84
19844,17765,15142,18372,60
16959,32734,12481,16764,60
220,17720,21029,32298,84
167,14693,26352,14409,42
36037,21915,18423,26505,72
1849,34710,27846,15516,64
2272,7256,6346,24402,84
33226,1912,23343,30129,117
30404,6957,14486,9080,65
9217,98,6769,12886,80
34048,4625,21907,20444,49
28074,28523,6218,31118,82
34817,31564,12257,34140,71
17676,26640,18135,32539,66
9462,30317,23335,25082,101
8635,10548,23754,15108,103
14368,13926,15761,18202,78
15764,3015,11024,31784,93
69,27303,9021,3466,52
20374,35472,18001,4680,92
8397,12192,11279,277,67
32607,13590,23322,23666,125
34137,36491,36381,15164,49
24482,11585,15080,5722,39
4239,21069,20004,16797,103
35555,15375,5290,9403,104
8646,9951,15328,5652,89
37734,25070,19778,15245,41
34046,23633,12081,15219,99
30102,24171,7806,29600,47
9152,4273,31613,18857,100
4137,37110,34064,12255,96
38457,3331,18784,14541,37
17383,21983,9451,36359,94
32343,21365,24073,18966,67
30276,2554,12877,13645,106
18927,27450,13152,14387,61
23495,31151,862,36454,96
28273,19598,37666,22776,98
20593,12447,15936,21079,109
34656,5485,21492,22553,104
18018,20299,887,12299,70
14270,4957,1894,28764,58
8589,33159,30254,7873,82
3757,12198,22055,4027,138
7818,37142,29494,12354,65
9962,24889,19572,36284,73
32738,9423,13770,36324,65
19077,5352,2525,4925,68
18244,6009,1755,31853,96
10755,7825,22,9973,92
6827,33314,24267,26383,55
19198,18247,34751,3923,76
36219,8279,17019,1173,66
7889,10219,16559,34150,84
4918,26407,8603,10889,69
34676,25916,12194,36355,90
7530,6914,1646,6267,75
36348,28692,34638,9958,84
34795,871,15094,16238,67
32564,9472,17690,36166,78
3852,28640,21337,21403,142
1648,6000,29309,5474,68
7160,7102,28650,33103,53
37068,28524,21523,27852,99
11480,191,32702,24784,27
33261,8325,21771,25204,75
298,34542,24854,19543,23
19681,12855,12761,35682,140
25929,16627,21998,1853,91
34964,20644,14447,24167,31
1158,1139,6378,1112,86
28779,3993,34108,28224,91
8383,19981,15902,16891,71
31791,8723,15464,18862,59
1506,10051,32280,35362,132
9793,22779,3075,15190,110
9223,18763,12257,26267,76
18034,18347,13130,851,97
32748,14550,18111,18811,46
9429,6273,24848,33226,90
8302,27446,21074,33048,96
37642,34147,12972,28626,84
12942,37569,27898,27078,95
6038,18520,25652,25009,91
14287,27466,20389,4964,32
3162,1809,1059,12188,82
30290,28112,3854,35294,144
14593,17441,21488,24145,91
35316,24776,26611,13745,84
2742,8398,12016,30238,105
9035,12806,35407,33107,150
4990,23344,19510,27890,100
24869,18905,22128,9778,81
21185,38612,35565,15933,138
6308,1262,22038,6003,106
30285,21471,21959,29498,90
21778,28226,14522,33079,91
4195,13925,37591,30522,97
33017,32574,19511,37719,65
29719,24877,5607,33064,46
28091,38285,16880,13980,57
2740,12281,1745,1096,104
22671,37043,16965,4717,80
6399,15319,18182,17769,86
16077,9193,24855,10956,86
2560,9376,6930,20596,73
25514,28111,18926,13515,83
4804,12075,6759,32529,59
37616,3789,7020,28199,101
22021,31647,26613,30035,78
22820,27306,17526,36079,86
22132,20589,7839,30844,52
27480,28007,10591,6864,61
18954,3214,36354,25922,72
9055,16639,23672,12010,121
21202,12960,10910,30206,123
10831,12387,36402,21104,112
250,2273,32268,6865,57
36201,27424,36513,3020,50
13907,27792,24962,14634,56
14653,15482,34583,20736,30
7711,5001,18903,16935,47
2671,8712,34620,33221,92
31637,14531,22121,30760,70
15392,36416,20691,28982,38
18908,14622,13533,7159,38
25998,22742,35569,26268,144
27235,211,854,38760,33
27335,21473,13274,9389,115
10261,11476,26628,36906,85
9857,21319,9799,27105,144
29578,5769,32664,36037,40
30264,16976,12108,18176,79
5287,15764,27967,25218,76
25769,19843,21299,30022,104
9011,7542,17427,13965,83
37121,4175,3004,8427,92
18431,8432,20415,16501,54
32517,36454,19072,6004,62
30918,6898,12787,25637,92
3910,1255,36796,32304,83
25692,3470,24768,18328,73
37781,10154,36503,5588,100
33823,25720,967,31668,87
14526,16235,10826,4917,81
3120,3430,24172,24476,46
35628,6983,5489,21004,119
3518,25843,23478,7737,118
32270,31080,10893,31593,64
27797,6159,25817,31757,120
16707,32763,3254,36990,48
29328,6787,30283,9434,57
31714,34207,34210,163,48
37244,30314,13512,18386,66
1166,38002,34971,7060,57
37266,33867,27035,6824,35
28882,34247,1150,15491,47
17636,18010,22623,14628,98
15405,7905,245,6946,37
5282,29716,29411,30811,30
15039,21338,5543,20744,66
6371,13719,16123,27307,82
11674,2337,15457,37150,69
24776,4800,12253,967,65
23537,19061,31561,11585,92
37215,15114,6824,30241,48
12314,29014,2674,30888,88
37737,2372,23317,33118,139
14640,490,17276,14642,56
20539,7083,18806,2617,51
27396,1109,17417,15428,56
7146,27272,34698,15298,27
34202,33854,26733,29483,34
80,10084,29428,36092,74
3781,21156,29508,34529,98
31752,25925,6377,34574,100
15971,10869,8329,834,94
1101,9503,36815,15404,69
35431,20436,18518,9398,106
35695,19088,7527,16846,89
24015,16892,12248,8505,71
5271,4167,38700,31864,83
6427,11412,19544,5270,60
36334,12813,30434,27948,101
7788,8573,7079,13556,57
35399,9923,22962,8021,160
6858,24971,7127,24507,26
22625,10985,28697,11419,84
9363,17585,12283,372,90
1673,29415,24355,36918,48
28236,28247,4005,1665,118
25540,35625,22851,30987,142
16848,7782,23724,31549,103
24453,4723,20578,37039,40
29666,35642,13115,38668,104
18968,28575,2251,3082,68
27099,33430,9451,7820,75
36458,2614,12752,18142,111
940,11273,18067,38503,53
11541,19010,4025,8433,79
29619,37836,25899,31527,88
12839,30102,12216,27855,115
5684,38576,19930,1856,43
7148,18366,37893,12826,90
16885,8505,32712,27121,44
34618,13632,34521,15089,37
3110,18448,17643,12966,99
855,37769,7963,2313,94
7932,267,30264,9764,88
10818,25784,2651,21350,138
35346,16883,13914,18194,100
27020,32321,17496,36371,54
8583,35297,3182,26723,103
11713,15395,22060,5416,54
21021,28519,2307,6458,124
37058,12158,33914,35335,110
15790,29337,33374,36753,79
34245,8715,10816,25844,88
23306,24931,34963,33107,90
26700,15460,16502,15444,39
22913,21297,36210,12184,130
37750,36249,20440,2422,78
38462,20745,25196,21341,54
22811,36939,4005,36409,113
6136,19630,25693,37744,98
14603,20381,28053,33783,51
2554,30816,27052,12850,89
30901,31015,30286,14310,50
30096,75,19792,13230,69
1992,26664,24319,37095,56
30084,3194,30102,29501,54
37709,38525,33263,10109,104
1771,36051,26253,29421,52
28811,25527,9359,30255,94
25130,31642,2328,3983,105
26550,31124,9240,13731,63
23263,22906,28064,10837,142
8528,29605,25556,33811,70
14322,13924,29416,18466,49
33978,34007,16699,35521,85
34944,19607,14612,32355,34
8426,34759,5513,26696,53
32301,10037,12184,21041,130
31648,26495,34585,382,50
13235,32406,18230,16902,78
27206,12794,15033,25996,87
2453,31271,31763,21976,94
13521,12244,31888,12411,97
23581,38472,3795,13253,138
20265,17660,7266,31771,59
30450,3847,5255,24198,81
24302,12288,1624,28028,87
5656,1818,18781,1129,56
27105,19179,268,11426,26
37770,37697,4840,21973,86
26311,5542,6199,23567,108
37780,4703,31179,26332,60
37760,1154,4228,24260,93
5534,7904,7818,12054,74
18484,945,31963,6099,94
18061,3299,12001,4794,78
18159,9346,6416,22752,120
6179,38707,11295,4614,61
12491,26429,15767,6177,107
12501,35458,8563,3520,121
25973,18072,27783,14458,96
11392,22530,32361,30059,76
7116,19585,17633,20389,41
36840,4985,31814,27912,81
35331,36387,34586,22531,120
32715,8672,4970,7693,59
38433,13263,4000,16777,97
37904,21470,20320,14539,82
8734,32502,14475,23660,93
13589,1862,28033,9462,89
14405,23350,815,29567,86
5547,34002,26597,20661,35
913,11422,31530,31062,62
37041,18399,37857,3057,73
1961,13601,9021,37540,85
4615,15053,9857,25906,106
18076,17744,13886,21315,103
19136,1941,22913,18051,86
19071,31887,19130,13081,75
25961,31789,4682,16934,85
13903,21453,6001,870,107
37048,2463,29567,36112,71
21936,482,28884,24796,45
33409,15220,22037,10743,81
7824,32417,20002,25719,66
5416,38401,2348,34060,62
29283,22110,31103,25894,74
28962,31727,27123,36524,56
27182,2373,31728,5581,76
26310,35666,32386,1619,96
18224,6001,14302,19707,70
22017,3524,27181,10543,64
27335,28554,34050,17709,51
27939,36852,27860,38440,76
18494,30013,38577,34874,51
18772,36127,24949,11424,35
21519,8550,971,35008,91
24147,33018,16686,28248,75
22018,25143,28210,18438,75
23377,17588,2508,15395,122
33940,12078,18803,8298,66
6950,15162,31736,21511,83
4805,20649,28571,15795,61
33760,27386,33227,37953,64
29273,17639,16561,21429,85
7241,15129,33376,7970,58
21779,24969,27069,482,37
4124,6497,35315,21812,154
65,15038,25785,21123,94
7532,15349,36516,19008,46
1776,21421,342,32713,78
31551,5587,30509,8557,75
10199,24788,8336,14697,84
7093,25093,12895,10533,71
1186,36319,12980,22194,97
15868,31776,16040,12920,129
34878,11568,24761,9773,69
19175,18304,1099,31584,68
23507,28216,12030,436,116
30783,30346,27480,31703,56
21398,16238,35495,6241,165
16640,4590,10509,4952,61
11567,34149,26383,27953,59
6432,22084,33494,4116,125
16546,26421,28860,36372,51
17011,35352,28156,38730,100
4210,28924,34563,20331,64
28256,15045,28681,24183,57
1808,12206,1135,10027,116
25696,21030,2287,22519,156
12858,9815,18086,11675,117
7904,19735,4549,13990,49
20408,29540,26345,10117,66
28065,19055,19062,11665,50
184,18799,35251,23742,120
7714,21841,35325,28959,108
3782,2768,38589,30509,101
61,27137,24257,22270,43
24920,6802,15360,1927,38
18397,24015,34543,27943,65
33077,3453,27130,7671,61
13516,28152,33520,10735,90
3854,332,19725,7838,70
5503,13132,24207,32440,68
26407,32438,28155,36249,64
12133,33894,30013,18836,63
15819,33199,3776,3480,116
20384,22207,38468,32391,39
21203,13012,13156,6426,154
35724,7907,34594,15856,113
12839,10602,19570,34921,75
12752,18916,32655,7240,60
16033,13981,24959,34057,58
29696,30489,13930,14396,47
20383,7614,18997,12979,63
5604,38529,22221,32560,49
18798,34561,9511,22915,82
16003,38754,4025,1580,100
28642,33113,9098,24519,76
5610,33317,34630,3185,61
25612,13932,34796,36227,73
6012,36001,34084,28926,69
5769,27990,28231,38578,73
32738,28088,34206,9905,93
15412,2437,33481,17517,97
17565,28206,13603,26686,79
24776,37731,11255,27888,65
10151,25231,11631,11411,71
21157,12387,30246,7951,108
37604,4721,29677,22561,82
16873,24120,17609,28119,74
32472,9105,10079,28587,96
13636,28987,24026,7901,50
31719,17405,25258,13627,66
12304,36974,8747,4581,80
1589,25973,26437,9125,96
22930,32717,3756,4666,104
28750,27344,35386,2302,108
8706,14451,33160,15176,68
12182,32394,33254,4928,79
753,27488,8711,11423,53
17348,36055,34726,20639,52
33078,336,36443,17731,75
2498,4181,12892,13660,130
12263,30162,14507,2771,96
21884,9128,11545,31768,86
21362,2272,35725,4225,178
29501,5417,23495,37235,83
22103,29016,24127,443,51
7264,23554,22729,24014,108
33462,4253,34235,3258,92
17438,22652,31926,7061,97
8608,19845,22001,37066,66
28756,9342,5731,31085,62
19202,4585,5708,25844,68
11744,33366,177,2401,79
21959,4031,21923,13632,103
13588,18990,2477,7659,71
35003,29566,25728,28539,60
22168,9175,28714,7523,80
23008,18218,28826,28572,84
24769,31845,9102,23691,107
22053,6097,12319,13726,99
1139,37938,20339,14276,56
30899,15795,3219,9310,85
31189,17761,966,22046,78
21843,13986,34237,37786,70
24274,34879,11725,13121,66
36963,38262,18156,3466,54
29758,16902,1888,22509,75
1648,33871,33020,17648,82
4204,31754,6453,27181,102
12053,32334,15899,12254,101
30443,18926,13810,14264,49
22890,35627,16166,28768,141
7171,10961,33882,10117,86
9848,28979,25823,10952,118
37535,9200,15235,4845,74
3277,21070,4863,19838,78
10916,36505,30938,10268,96
22062,30234,17568,25505,104
4916,31844,19168,29682,48
25721,20531,8567,22082,83
3795,19576,13677,20770,63
20623,30516,4743,17512,60
6053,29283,16504,26641,59
6856,23719,20772,16905,72
10237,24939,36336,20555,69
1034,5558,15750,18971,69
30421,11727,24809,33022,58
29570,25257,30332,18853,31
18855,38424,21979,27110,39
3194,37976,24038,9776,95
29673,21343,28710,17386,86
29413,25569,36806,27801,83
30493,38005,6210,8417,95
37213,13987,12970,10528,89
24374,21439,15272,11476,71
18300,1799,1854,21147,104
19711,3171,11559,2760,66
35465,23438,33508,26434,147
5559,2584,10955,14329,82
10798,982,36496,26513,68
15018,19719,3180,7076,35
31520,26547,10531,2509,94
846,20019,17678,22951,90
32711,17468,12972,38700,78
27996,32019,6371,33374,111
34862,34602,29278,20469,22
4790,20453,12904,7844,71
3984,5378,9116,1604,102
9197,4780,23600,28907,106
4051,37529,29617,13155,109
7866,6426,19120,6222,86
23420,22698,24507,36059,117
4790,7062,914,24189,48
7993,9006,10777,5544,78
27099,7097,16208,1268,62
2351,13783,35019,7528,73
29494,4868,9267,17291,72
15336,30302,16721,27045,41
24476,29405,19686,1122,37
32757,11019,17659,12146,86
14329,31171,14389,12356,64
10945,24894,1785,21793,69
37541,6429,22185,38612,85
24937,30084,16610,33047,59
29527,1686,31128,14317,46
32690,33331,34602,15774,76
30911,25947,36765,11370,71
36171,17663,12185,1147,90
36160,19233,27242,12372,56
12889,33115,3865,12300,138
31227,24262,7209,8621,47
38503,5389,29609,6940,28
34851,25572,8403,22776,105
20656,32369,26011,15488,54
1534,22123,35622,7261,107
7822,33429,2295,11352,89
292,31824,33494,5435,69
31613,33855,36220,36438,65
3013,17315,25515,8724,97
16680,24120,6437,8492,73
6345,12998,26437,10560,105
33340,3986,8640,34756,98
20761,3505,15204,15113,32
25215,12838,35675,6841,105
29754,21169,1940,33012,95
34940,27793,27353,11633,50
14578,26738,24107,36018,49
38700,5492,25063,23703,72
25194,9035,25891,4876,81
37903,19892,28004,21966,82
5387,10912,32754,27021,46
1269,2573,7778,16886,81
32514,8330,24196,18330,58
31067,38490,33142,15269,50
19607,34763,37692,28723,50
33235,3912,8643,33188,117
10015,18258,37538,22140,116
29573,33204,3254,14645,57
21268,987,15516,32005,94
36102,4966,3822,37171,87
31160,6831,2272,34084,62
1051,33192,22957,18179,105
33272,15115,20270,5266,49
26736,31986,14389,30190,66
18819,26561,36952,15052,41
11488,25921,20470,4993,62
4858,11391,14014,28554,49
27906,28989,24089,34597,57
33141,33855,6222,12178,98
33009,20710,32599,3843,79
20530,34666,13104,7093,56
13795,15494,997,18463,59
7738,27350,25672,16782,67
33175,24941,16011,33175,90
19197,36880,4699,27827,63
24318,7623,12891,15235,72
27429,27163,6088,5620,52
17011,7156,20741,30787,30
1608,33342,6936,18027,74
9431,28022,18107,19760,82
28210,66,7685,36401,66
37652,38563,10781,27280,55
9313,29598,19068,23551,90
14348,31992,1647,33766,65
36903,15786,25682,32445,92
11768,4241,11405,6767,69
36138,26645,16057,28551,73
13632,9044,37042,13118,95
30503,27328,10693,846,62
16823,38540,12482,37637,70
16582,7027,6067,34812,58
8596,197,10832,10968,71
19204,31222,4717,14386,42
3345,2726,1540,13255,109
28974,31193,29607,4064,68
33996,15344,9401,20641,47
21331,23319,14556,35365,164
5683,26542,103,9366,58
19509,37046,24366,8453,51
27367,14479,940,19644,40
12892,34704,10121,17276,121
16633,38731,33328,28829,55
3272,18360,37578,33307,85
33264,25934,2358,7163,106
25846,20508,31939,30327,80
9796,21052,25191,18451,115
24386,20759,6183,27486,47
11750,6256,15061,33485,77
5627,15838,21440,27824,117
34704,7997,2749,32686,68
37959,31733,15236,24889,59
25935,34955,31997,36081,84
17773,3021,30985,32706,58
1854,9123,3938,7984,106
33988,2634,2505,14012,94
2527,15480,3211,6177,90
11440,10140,19586,35330,120
6130,37938,30276,37542,98
19694,12419,11584,13081,85
2633,19063,32673,27209,54
30478,25666,5017,21110,112
34116,21071,33319,27329,84
18987,17334,21788,13986,69
35318,37597,27025,30501,102
21059,38365,18283,7636,85
24248,13628,1900,19532,48
9037,37065,28794,24023,64
19920,25534,2463,12103,108
31862,9250,15815,29284,89
13759,36203,32680,24820,40
20496,411,23381,7059,67
2716,34627,28853,15819,89
2554,24953,6763,11725,56
12279,21441,7172,31584,105
17415,6445,14281,38670,75
3786,6189,31500,9884,146
12434,15492,38494,38527,48
22857,12991,18899,20374,87
19011,12968,17505,20694,73
33489,33357,3314,4675,82
1129,6175,19928,19640,62
30155,22115,10136,961,108
8600,29645,23734,5559,89
6322,26464,10776,24441,75
12852,22503,19930,31564,109
4847,35335,22106,15437,102
31744,18436,9774,12510,122
3958,16016,22737,36960,130
13609,26332,33263,1795,72
14402,12879,4777,19255,71
22052,10088,30946,38421,87
10090,7622,15508,305,78
5517,17482,34801,20543,48
28577,26566,14588,13216,75
3166,34728,10616,33049,71
3933,17438,20702,24406,79
13129,19677,892,26365,75
15080,14737,38417,19930,31
3476,7114,36041,27927,65
31998,34604,17613,36905,73
33797,916,23699,27798,107
14568,15100,1204,13503,51
20674,8478,6077,4170,97
37240,16884,38611,28164,59
36388,3984,34721,11433,76
4513,13992,12496,16965,68
476,13875,9457,36758,62
38449,18203,21164,10235,117
29601,26345,11505,13615,39
11595,25561,17435,7113,79
31807,34695,21457,5493,88
15370,29762,13160,30477,69
27368,27513,26012,32338,52
13659,27879,21155,12805,124
33902,21979,14722,12005,75
19548,38534,18418,25679,67
31056,31157,37725,9922,92
18197,19667,5650,1013,56
894,4047,7137,5327,79
28797,28063,18284,33324,87
7761,11377,18162,9957,94
22809,34162,26401,9864,109
31996,12356,22104,19707,84
37709,33867,24202,10008,90
19766,24913,409,22065,39
25773,6272,30807,35518,134
37106,20362,19015,1794,43
24124,27065,26019,17264,75
25773,27856,1008,38468,87
33794,37639,33999,17010,53
34890,29732,9506,7784,56
16867,342,38700,38452,27
24826,15293,19657,37578,41
21405,4210,36152,3939,144
12893,34642,27930,25071,78
18254,32625,18792,37055,49
10123,3105,13640,21103,119
24089,32005,27240,932,55
35546,36359,12800,21349,155
21001,5688,22139,4543,94
16721,17499,840,14391,67
11422,201,31114,2758,62
21334,28071,25966,21175,152
10750,27287,4148,26770,80
10106,13198,12829,5250,138
33913,16267,35257,1588,118
3392,36941,30085,27274,51
365,36081,20732,17281,50
17385,520,21003,33059,103
23610,17628,22080,36122,118
29769,14522,35605,21888,96
8335,158,14547,3766,81
1246,3353,27914,4712,74
7691,24849,23588,13138,110
16539,25693,7556,27481,67
27909,36241,5298,15783,89
15012,12481,30111,5322,68
17511,37771,21230,12443,124
30468,25045,24915,30382,42
17350,30163,32273,32624,60
12491,35733,21361,31156,140
31862,1819,27473,15054,56
7643,16246,25199,4063,94
38717,2387,20386,11655,53
33410,926,11366,27445,59
4578,7186,38353,12958,65
36379,6928,26485,15118,43
5362,9283,38571,21157,89
3067,4937,11024,342,56
11401,20368,30492,24407,39
10142,28599,38264,12982,104
9443,25728,32410,38604,77
17448,25670,3215,8005,92
36241,34226,25030,4108,70
37702,27178,25088,10085,79
22647,4742,13008,37658,117
7186,18331,29346,15917,64
27331,283,21012,33008,81
2476,26484,28524,18483,80
18208,27390,6903,11517,41
3842,1594,24845,6336,97
11388,32495,25038,10844,43
27102,36122,23594,12273,102
33308,14436,30064,36118,73
13951,30344,13941,962,62
30788,31059,34748,4733,42
28510,10607,16636,25999,81
13719,3474,30425,8415,66
38727,25510,23651,3216,107
22754,32391,495,30433,72
28715,24482,29619,15382,33
17024,17622,455,31123,53
25846,18862,28867,25037,57
37931,19802,6518,3416,76
30914,28992,27326,24392,35
10997,31952,16248,38366,84
22751,23587,18341,32406,120
17254,27960,4909,13081,107
32666,7173,14361,3516,41
25605,13018,7949,36001,107
28599,27963,34614,16698,59
1241,21057,24320,6890,78
35393,7546,34711,33389,107
16036,3462,15805,2382,116
9118,26505,3995,15459,90
24239,18271,35546,34018,94
3010,3284,25646,18151,84
18232,5296,7567,22509,88
23712,29463,19695,2322,98
14641,11287,30965,37970,56
12140,10605,25234,22754,95
23327,20381,5695,6218,98
19653,3378,30007,22831,78
16080,18332,4562,23302,119
38739,29587,28040,3764,79
24195,20560,12267,13855,54
4095,5474,19185,24158,69
19798,14444,8491,22160,63
17576,17343,34127,21019,105
9175,17600,29292,36128,74
7834,4871,16649,23333,93
37579,25513,10833,11586,92
30970,1891,29391,9198,62
35706,13707,35015,29504,81
7636,1635,38589,5607,53
29492,5692,13669,6449,61
3984,4011,37056,9887,147
19169,35018,489,19858,26
8441,35583,13737,968,108
18021,29763,9242,25533,88
14558,7611,2280,13241,103
13553,9906,28028,37592,113
19259,410,34672,6289,52
7096,16987,27490,21100,66
34130,2733,24448,37714,78
467,4204,21510,3520,106
11645,26738,34693,16775,41
37182,6283,11701,33308,84
21473,13010,36912,13233,137
9043,31090,1500,964,76
6340,2310,6227,14302,112
34689,23682,34781,17402,94
23288,13804,1771,28753,97
12336,29536,26250,19201,52
33069,15232,14501,16662,58
36256,3068,4122,5471,84
22,3429,18074,25536,76
21226,929,1918,7614,98
5388,8001,36993,30123,61
16837,16612,25618,36468,74
6267,21511,5510,22272,112
12438,38552,8350,24279,65
21459,27763,24960,10141,123
34222,25509,5344,38442,62
23459,38518,18887,32619,71
5503,38497,67,26695,35
12282,1154,20585,3159,64
26430,33955,22984,22200,85
11632,16678,29663,6201,57
26297,13938,11665,22878,75
27815,15941,37734,12348,115
31147,4069,9873,19092,106
4804,4148,33889,31983,89
34661,18430,21311,37233,87
33006,32545,19504,1795,61
25145,28826,25825,6760,58
13891,24359,7002,18402,49
8460,31235,12078,29559,65
15067,35273,33497,4943,105
13960,21370,21299,23625,153
8013,6761,33995,6338,64
3110,508,24260,38537,34
10154,6195,35461,24508,145
4137,13858,11006,305,83
32322,37689,22544,1808,92
18093,18756,10804,18902,54
6156,12850,22970,24851,114
1847,6138,1838,1976,92
37521,12031,21504,17346,124
35562,17301,9477,1182,128
37590,37898,24366,11604,67
33227,22864,23718,12015,149
7850,7089,4041,5386,77
37907,4952,28064,9820,114
3877,1942,37818,3188,100
16786,13734,26426,31850,60
15360,35664,10676,38401,91
5455,22855,3022,22152,90
4184,28784,5661,21440,110
6828,6300,11442,21938,73
37870,36004,26606,32365,60
396,1700,26325,11405,48
16716,24487,3277,36294,50
35609,8571,30290,17464,121
3436,21352,38257,28877,75
20318,12034,14762,33025,71
38302,37717,8469,6799,57
238,2317,38542,20728,49
32332,299,6775,27257,25
22800,239,18379,33847,75
32255,37857,5623,7532,60
17516,16198,31677,37617,107
5557,3031,990,10046,92
9184,33286,12063,33103,112
13917,28183,9080,24758,72
19570,25919,262,13946,61
1695,33376,36455,37001,78
4691,17466,10631,25085,65
32645,2304,36154,23283,112
14005,30254,12268,8512,82
21034,10690,31006,18376,96
22622,14603,35606,20252,110
18475,33501,3835,1060,107
30465,33756,28949,18268,59
17732,299,24784,29512,39
6517,17563,11643,10090,116
1944,20353,7594,19773,44
10142,37662,38706,12954,116
27220,25593,14675,1261,70
772,12108,8340,31127,79
25957,37264,21068,19727,101
20251,23334,12047,25195,87
21983,28522,37789,21454,104
32400,30388,20348,10214,76
25150,162,29008,10791,43
5713,15220,12893,38359,64
33928,37522,28727,28207,73
38557,37518,3831,20654,73
17725,13203,31635,7565,105
34658,38478,12151,31102,53
25964,25131,6126,13161,110
15900,18314,37105,25996,104
22508,31141,6113,27852,110
25137,25134,14541,8732,39
24952,25531,12423,26697,81
1895,13855,27280,4578,51
22755,27432,33996,16045,86
5449,11569,36757,32255,45
6938,28868,38567,36111,40
33330,10533,31872,25157,76
20268,17600,36299,10826,66
12895,16566,24962,25875,89
1816,26277,38010,32644,64
23598,7649,19760,31073,84
27255,16790,14622,15172,35
38759,33767,22261,33276,65
15280,21216,36846,7208,74
13556,30773,4875,12296,67
16937,33101,23261,19218,96
11350,21985,20410,27489,40
21282,2744,24366,932,107
22597,36775,8723,36449,92
11333,37247,8581,8359,67
4,15925,33373,3011,80
25127,28937,16712,10750,48
13868,21466,16759,27046,72
4753,5651,30772,26761,48
24020,32328,9150,6496,77
419,8769,11367,23581,89
37000,34246,26638,7608,52
17423,6230,6484,7199,97
28224,15496,1016,33869,63
3220,7026,16952,2739,68
22244,37558,29000,28849,72
220,12459,25777,25860,108
12907,23256,37872,37859,139
16555,16062,13078,28001,111
36388,15841,22195,35581,129
25202,18110,36332,13558,52
8439,8284,12852,19936,87
18465,31856,13799,31548,81
4220,28621,14006,34671,75
37532,31065,18775,30838,50
13534,4844,22683,3782,109
1878,31274,27487,37796,58
3041,28610,18843,25921,68
36117,15092,2677,10635,82
19929,38007,11549,28580,52
4674,1792,24795,31658,61
12218,14617,7824,38380,63
33950,18918,13521,5438,40
5303,25851,34503,32746,64
24082,33986,14605,36420,46
22074,20626,16533,34721,45
1958,1766,13631,25987,89
34005,11602,36043,12041,65
20715,30167,17401,13763,59
7693,21968,33351,31894,91
1673,4837,19828,38745,45
31891,27475,30008,31649,70
25131,28932,26296,5553,39
18844,10238,30949,6206,96
33952,6983,22048,30821,50
7825,8724,35659,31573,117
30849,33169,3293,31198,61
19795,104,19864,38618,23
6875,28823,5272,4000,73
7797,19202,30021,28637,52
34712,25193,2585,19669,53
4925,37125,38266,36346,50
19093,7954,4081,12147,94
22941,21368,4002,33823,135
480,12244,30760,907,64
12830,21102,20468,21284,129
3760,24287,25653,22697,127
30765,21006,25757,23558,142
8449,32665,13167,25983,104
22757,18828,21239,27801,118
27255,28517,36395,32646,40
25919,15260,32498,33268,79
14559,18914,32375,37858,50
22124,10746,35447,18518,122
22073,18020,31592,32339,76
36159,37596,25840,5401,88
21196,24960,35707,15318,111
9934,28091,28162,2739,140
35524,13561,30828,21235,123
10210,7547,18798,11341,80
38361,21352,30773,33948,68
27189,10147,8594,15885,106
22732,10891,22199,23698,138
18922,36870,7124,25224,31
16953,22023,7566,19593,57
24062,9029,13641,27344,54
12372,25949,29699,17008,81
29538,7259,29377,14617,27
11017,15284,4529,22555,84
17540,38728,413,9770,85
32635,22857,6367,3794,122
14437,29573,31736,16079,73
21016,3910,25022,16151,122
23640,35770,10965,23329,182
20007,26713,34988,34021,35
37524,22510,7907,16864,91
34108,1602,38509,17436,60
25846,34522,29479,33117,75
11339,2710,29258,1570,70
22240,16238,16517,22752,108
37725,19943,34914,25824,74
12790,30493,11491,27412,71
12471,31831,20713,36296,72
32412,13741,15902,21350,98
1762,29770,33444,1553,71
6149,18145,37788,10868,98
1647,24102,32368,9280,65
12418,9057,24496,22048,91
11577,16139,23281,13188,134
10113,13252,8502,35352,164
23703,18099,29411,27321,80
29438,12820,15770,21356,120
29480,27036,27406,16560,23
7816,4057,6381,6,96
12162,34649,870,9148,84
12990,34036,29494,21803,76
36036,38668,26751,21461,77
24189,38441,2302,19668,56
16696,14492,16134,28226,84
21468,9041,20673,1500,94
1023,17402,11020,30941,76
12431,30139,3876,16757,101
18940,30502,10673,6334,78
8425,30214,33314,5298,78
25925,19526,3193,3440,70
18421,1188,12872,15111,85
36843,13567,36813,19125,49
10595,33097,24388,11383,68
37806,11663,15404,16040,75
4030,11546,2649,6065,120
1807,9753,22765,27823,136
4759,3162,35702,27760,112
26005,24398,5020,223,65
6863,2577,31575,19271,73
22707,22205,20375,38736,71
3834,25617,16046,25525,147
20351,35404,31654,31935,106
34905,4194,17580,38276,81
14600,29006,3898,17384,92
4220,37666,25543,30378,120
18438,14470,3465,14710,58
17760,37844,782,11548,78
30034,7609,15877,12406,97
26765,9311,27245,29433,48
4676,27376,26387,15135,38
20023,20311,33089,24209,44
25869,23480,9306,16872,127
10851,34856,12236,7768,76
15934,1897,27077,1041,75
17646,22796,33318,227,99
34814,3442,15061,12428,60
932,9372,7636,25536,98
15957,15304,346,9969,95
18164,7982,27333,24125,49
30455,13571,17659,30206,75
38545,29577,36248,36761,40
20453,23490,17664,23257,132
16825,23578,21288,15810,140
6,3139,26553,36004,48
12849,29619,17511,12926,108
32557,34980,23319,25244,71
12257,25003,20699,28237,63
3515,36501,19869,27129,40
7763,9032,24027,12231,83
6789,15082,35291,6135,103
24795,8250,16515,35659,91
34021,202,31902,939,57
20281,3200,28659,19624,34
34714,24520,28208,16955,56
36430,2413,13647,22074,89
5457,10671,21253,10933,100
18101,33343,10805,22850,109
12458,14469,6108,3883,116
26649,10919,9789,13989,95
32424,7090,16994,35342,82
12978,10109,22156,35022,119
33005,25690,17624,22089,113
10984,10669,20613,26007,82
33756,34758,17343,37789,67
7202,35367,14474,2647,111
23367,3048,10726,29497,92
24911,32653,37712,28079,63
37562,26295,10204,33035,111
37556,17486,7163,18169,77
32623,4590,3387,29565,40
34940,38018,13143,15338,79
32429,20289,24307,28751,31
10566,27841,7768,34238,75
12336,20730,2487,1738,88
33162,4584,10844,9008,91
16233,6872,3832,35477,138
13812,33265,13057,10754,101
16717,12319,33052,17457,94
22095,14307,34850,2345,80
10861,10962,5426,20494,58
25564,30235,18431,8506,95
22676,9489,35497,5368,136
23597,6975,34528,36889,82
19816,8656,38267,19877,38
2724,6890,25267,21509,90
24244,33232,20535,9122,66
34225,1026,31874,35506,107
24369,3755,20536,25825,89
28875,35321,1190,25925,122
2278,24877,24849,1023,60
25016,20641,4273,21524,91
27213,7707,21437,12266,94
27944,4216,8471,36752,106
38381,30056,962,30225,59
8605,32332,9357,1111,75
25800,5017,3450,14289,76
13531,11434,37728,7048,54
4086,4162,19526,15378,98
3495,38523,22186,7833,59
25829,4086,35475,15520,142
28030,20647,26305,1828,62
14367,31679,1626,3475,70
17378,24355,3221,20390,51
34036,6996,9952,23285,116
34520,23510,24880,36099,79
13046,9420,25064,11611,80
28197,17372,6284,3378,100
38395,4260,6313,14457,91
12267,13118,12254,24913,102
17615,22022,16965,12273,91
9066,37797,18107,30771,82
9053,16523,85,27,51
25551,18987,16707,33315,80
396,19829,36002,18120,48
6323,7702,6462,13605,93
14271,32461,38680,31172,35
10750,30298,29555,23761,96
9217,1028,7125,22734,93
19059,36037,31162,31958,56
9931,32544,9267,17312,110
17593,33755,13629,1768,68
4000,7885,37579,22161,106
15869,10140,9789,12277,159
26006,11708,38474,27125,55
21109,843,31247,9077,100
798,5342,34849,9838,86
24347,20490,36068,1088,45
35582,14622,18875,26261,86
23767,6785,3187,6370,105
7106,33242,36986,26480,61
37185,14750,22795,16812,78
27089,16263,25519,28767,85
12510,29393,11706,35666,100
36238,3445,1595,6145,82
27994,33218,29669,26303,71
12091,32729,28037,877,84
37127,17421,31121,6,57
26374,6110,4117,33272,113
23318,4669,3358,4057,122
31925,5298,35714,3989,134
14644,30392,1197,21216,92
9504,31834,11728,20385,64
12905,2424,33355,34774,110
12312,10524,28091,33840,89
8693,8286,33167,18782,75
775,26384,30243,17597,74
25843,22042,22525,486,106
26281,38319,4998,36473,47
7195,30508,33092,2557,88
35270,35020,8656,28884,97
3346,24464,32712,25038,34
31585,12211,21469,16685,109
31273,25044,38545,33234,45
777,15952,5532,134,69
25946,5462,33489,1831,95
7775,27462,19801,8360,47
1530,34125,19998,18432,55
283,28582,15420,31788,50
16919,10743,24836,10034,84
15954,33873,30430,25771,96
33135,36032,31602,35381,123
21908,15327,3961,21461,118
24873,36092,22755,11599,69
28039,33501,21274,5753,111
19063,38660,34819,4000,61
24439,6030,34264,16834,61
21161,12891,25978,6321,151
35659,22176,32450,12448,118
29566,13831,211,17599,49
17388,10617,8592,19063,75
4711,17541,32384,29562,52
31124,25553,31870,3981,112
22847,17771,37588,30993,100
12814,29545,2255,9464,107
34242,37868,34865,34870,49
30167,753,7744,31105,62
13992,9829,27288,3817,107
22957,20658,239,24171,57
36358,3268,30457,27795,76
27409,34647,38760,31559,41
7182,1167,15857,6003,90
1040,31579,13196,3239,95
1180,25224,18752,817,45
13944,14719,7851,37910,65
31978,38551,21938,35424,109
17689,167,9398,19719,66
28759,19849,10039,5675,78
18176,15806,18045,27222,77
25083,5617,31947,28913,51
4970,18013,23437,6991,93
30790,26338,26578,10784,56
16957,34029,37728,25962,80
35481,23687,31729,31067,142
13637,7658,19718,3028,49
13922,9511,8372,12838,101
8009,1926,29354,249,46
31579,19953,4140,3434,86
26614,9070,10840,21324,106
33095,31804,6005,25895,119
35695,38609,16244,37100,109
12032,13093,19185,19510,81
10988,15246,38265,28016,63
30224,25782,22039,13932,91
18343,17711,13018,14254,97
37200,26659,4017,22177,93
427,18477,32390,35442,90
26469,14703,21076,6432,100
36511,34101,19583,15301,39
22502,33034,12493,37707,121
3813,3492,4257,35419,154
2594,3881,12841,38631,122
35592,12901,33421,18131,142
29327,5666,33094,38447,48
28698,8626,31228,21929,67
23733,20452,26420,13525,79
20015,28245,3189,25902,84
34920,14741,23021,30517,78
32354,23537,28236,140,94
25252,1947,34116,12916,71
26647,26424,7173,2584,67
32369,17601,38415,9079,67
34534,22529,20768,30261,68
25608,33021,9953,34597,119
13803,28996,21027,37188,84
10967,14440,1537,28651,66
36885,387,9087,23365,101
23584,22803,19737,21934,122
16042,5540,31509,27225,73
24036,7548,30787,1897,55
2634,6246,11672,37793,102
11326,13045,28254,32444,85
11517,1543,17255,23476,108
22911,37601,18178,10844,106
6931,7239,38630,4123,61
24763,20733,34234,30270,32
1566,28020,27419,6315,84
10994,29446,13529,10622,61
10932,12370,35713,16041,141
18245,19760,476,19216,38
3049,837,9091,19853,66
10701,30105,7921,30831,66
27364,2640,9473,1252,86
1731,7963,20252,37028,53
10223,10797,35379,9187,154
17698,18770,8640,15524,61
27053,11342,8013,36099,46
35321,26626,32557,5551,88
26580,22869,35634,19846,114
9346,23284,18847,15192,94
9016,11508,12350,31606,92
899,24016,12072,33011,84
19835,37830,34509,32646,46
27127,7040,31113,2672,57
4507,15209,37569,6935,53
5621,24868,18948,29566,25
18932,10070,37037,26497,81
25981,28787,22698,31095,98
12413,22076,22047,27440,82
11012,28709,8454,34267,64
22021,4239,6329,27100,102
431,29486,266,10106,64
30017,10945,16239,7006,80
27938,21001,31971,25608,132
22516,24984,386,6007,81
34210,22652,1919,884,87
20305,2,12179,6848,45
35692,2734,1717,13666,125
8566,25793,31729,37670,105
21274,5572,6416,15096,96
17642,27482,3164,22885,84
38691,16111,31754,30313,80
24470,6959,15519,16989,35
886,5689,314,21419,80
8496,20284,11486,30368,51
29620,19734,19652,18132,36
27303,1993,281,18467,50
23692,4710,1770,19681,92
4822,1214,12496,1879,82
13724,21504,18901,22071,87
38717,23311,38726,961,80
28544,15030,29568,12878,63
22756,24200,27241,21386,97
31108,3424,1656,34159,53
25708,38272,38519,9957,94
21151,3350,21079,27774,130
29014,19232,33938,29552,31
2376,15965,2349,25916,141
18851,21925,9274,14564,70
28614,12286,31518,2473,102
237,22984,19717,31725,76
38316,9881,130,32591,67
1866,10874,6205,33097,101
32650,9341,24949,28116,67
3018,34680,17390,25876,84
5701,26332,10989,24072,55
18439,17431,12284,36183,92
507,5429,17310,13507,57
37556,38505,35352,28115,113
31984,5663,10718,5348,70
7203,36285,22045,21953,71
36273,30097,35003,34193,51
31204,35569,294,36180,88
12436,2716,19999,31909,96
24217,36401,5505,23259,89
5587,31997,16589,24330,56
10038,33017,1595,25580,131
2010,1894,21955,15167,72
22915,32480,37888,22233,96
22765,38261,1151,3489,77
25540,18025,27519,18924,66
3442,34906,30059,2649,76
10032,28635,37938,28937,96
2318,20331,2396,6459,106
9160,15025,75,34231,51
19605,32266,33022,6140,73
19049,1655,18349,19884,52
29749,36781,12255,14503,61
14573,35524,30330,19775,92
16600,12872,34025,18188,79
11304,15457,15856,4145,93
33084,30315,31265,31162,65
13118,29404,27187,9416,75
19069,26293,32333,22724,66
26677,28592,28657,27086,40
31579,19746,31694,11761,64
4714,26666,31172,27102,40
33044,14409,16593,14551,62
12935,18480,31617,20551,85
211,6316,33029,20725,67
18770,20385,30522,13195,65
21349,33419,24763,20289,76
7961,4108,1566,4187,120
33455,21232,19589,15058,85
6794,26288,11290,5735,41
3155,14426,23387,14318,90
34033,24762,33920,36770,36
16766,4034,24756,28572,68
13174,35771,13795,30377,126
9774,25669,23254,1180,154
33242,7251,10266,3085,96
19725,25206,28519,17696,47
16560,12166,1223,30444,77
7129,29353,31176,13155,60
35425,37918,27340,1251,102
36023,19922,5443,3278,48
31707,6994,35461,11338,97
32433,17538,3005,21913,72
30111,27222,28685,19208,40
36254,6796,29667,13901,40
30296,34816,5729,27465,42
33024,32637,29718,28717,51
11557,38769,31632,27269,43
7880,27244,36982,13632,48
5570,33493,23508,37538,115
3410,33309,2749,17733,103
37744,14266,30879,7635,62
17657,22892,25551,10194,150
32398,14501,18753,17656,52
17661,37088,34964,36871,64
7233,33076,33322,20417,63
4674,37862,18821,19586,50
1995,5656,3435,5423,58
4248,6965,35627,15465,113
29441,15116,35658,30805,78
35294,1890,11654,20441,88
24352,1669,21395,35369,129
32304,16836,22996,25041,62
11388,33830,7670,28886,47
13522,37894,4778,9072,79
14729,28703,19104,31218,40
5698,23734,13039,27860,131
5358,38364,34895,6065,57
6877,19585,27492,15853,50
15790,17273,6056,21767,115
9777,37697,1052,12443,120
20560,10930,11750,24186,43
36131,21074,26457,2258,108
23020,31184,18054,9918,118
33934,23626,32610,25880,105
26015,19161,38361,2686,83
18192,31227,6982,35665,93
14641,5464,32513,16081,65
26747,32465,30443,13906,51
34909,26721,28831,32625,40
30281,22741,29733,24878,65
7742,38440,29282,7511,41
438,37656,37603,12975,93
18916,22988,1146,31145,74
38445,9871,30962,6410,95
27001,36387,27249,27851,52
25812,31922,34990,24230,77
8465,983,9110,8010,83
13520,21205,28775,3799,111
33761,18156,18204,35665,105
263,6124,22727,18507,98
24103,32352,9944,12460,95
34259,30275,1605,28245,75
33335,38277,23016,36911,87
34805,938,12821,30370,83
15262,27315,31131,38341,27
3842,828,34984,22782,108
16586,22093,9257,23585,115
10819,7856,24840,817,59
9356,24785,20744,30126,51
38757,33333,16713,16965,54
24486,10653,28022,30774,69
7180,12234,3818,9064,107
33142,24474,18846,25133,45
22021,31157,7921,2022,70
24829,33486,19670,28886,48
782,22079,29274,18489,66
37536,19849,1769,11541,60
21011,28273,35589,33948,137
10099,30895,37803,23410,134
18473,33305,5650,33494,86
36923,10100,19572,23531,121
11428,22055,13760,10686,69
24026,7505,18345,3433,59
21392,13263,22032,13531,120
9376,13778,2376,8276,98
8652,10149,30055,25844,123
25795,34829,34672,6462,84
24308,3414,4776,24852,40
991,25593,28825,8617,87
11448,23583,2365,29517,102
15966,36076,2675,4651,99
19711,18496,3853,30921,78
14427,16261,27308,4055,91
21842,22616,27876,24250,101
36103,22623,31659,17444,106
4173,15485,28112,10960,100
26585,17348,29670,7696,58
25851,37574,35346,33348,143
25954,17607,806,3981,122
16209,28195,11589,25724,107
20547,2297,9886,3810,128
4635,7224,15389,3836,71
8745,15845,15772,22656,127
12978,4158,9302,16543,120
12510,37123,12284,28185,103
8617,24495,16774,5676,53
34649,19018,33426,31756,65
33853,21438,3362,17320,93
18835,11644,19808,25657,58
3780,9099,29549,12328,104
28870,10936,35348,5369,102
35432,10131,5695,28510,128
16851,31735,10895,18139,77
13191,27322,38444,24491,57
37919,1850,27436,26617,60
23645,10651,37247,38641,94
25902,28234,15355,15942,105
28997,35006,13935,4658,47
7890,33987,36817,28872,52
36198,6934,34186,17660,58
27755,36765,8521,24159,73
25511,23598,15488,5482,108
35273,37506,16749,19216,97
5321,6276,29329,15052,56
4914,13134,29680,34904,65
25631,22039,26481,24521,81
11475,2335,27051,21282,94
30898,31212,10806,19767,48
31500,23674,4944,31038,100
9137,32339,1693,21875,80
18106,3242,6871,10075,89
20696,34010,30352,10030,77
15878,27017,34199,38687,51
4149,22108,12059,17427,122
912,9079,20,5543,64
1211,9410,5422,20669,60
19744,34879,30954,25813,60
19631,27365,33435,29310,41
24956,9879,34889,26297,71
6750,25813,7617,12271,89
7,6765,24966,3973,58
29382,29609,18143,18976,34
10809,36073,28706,12759,89
33956,8486,29444,9362,62
8713,1764,896,21461,103
21855,16009,30175,18282,95
37808,27430,37044,5449,55
18307,33989,2549,7137,72
4255,1104,35521,180,122
31658,26264,25770,35548,128
31115,30935,23473,328,78
1972,28780,1684,28124,80
30101,12425,16697,16251,92
3986,19609,32338,37997,80
10743,12136,12833,21968,115
15830,37736,34966,18953,71
7879,9524,30493,24079,71
4154,26419,16554,31512,89
37645,17021,35330,2732,127
4644,9244,30988,33493,79
9430,24516,93,26313,55
19856,19068,36922,15839,60
10910,18200,36390,16017,91
28957,24021,16674,12148,62
286,37011,38755,33333,53
31696,34118,6040,26725,77
21242,18868,16135,14617,95
7137,9490,32251,753,61
35337,5529,10239,4616,130
5491,7120,13910,33496,59
32001,17291,21450,8361,115
3437,23462,29442,11642,80
38364,13195,38726,35670,105
6942,9296,20344,22051,61
7852,25856,27936,27152,84
1850,19165,29536,11445,40
2687,2289,28139,20506,102
60,12252,37176,2410,87
27884,28788,25637,13048,115
1938,10917,20704,10720,66
25790,28821,14679,8003,76
18429,32699,2263,20363,66
20499,13,35513,15944,97
2666,6522,28714,16752,91
30260,33379,31779,36416,85
4082,37865,18772,25746,108
38274,27830,15777,29657,70
13929,32389,29590,31525,49
30845,36937,1980,38348,50
36811,9844,30224,11359,91
29760,10500,23282,20022,84
24023,25743,21075,29447,93
3817,21774,28559,14332,90
9077,20730,9275,29313,62
25187,22531,20478,22880,85
12197,38423,31657,11590,69
12309,13117,13798,12518,112
12080,8344,30275,28813,81
61,9090,17674,21856,84
14453,451,30867,11276,38
25702,37823,24989,36011,79
19935,10844,34972,25764,72
25713,13152,22205,34012,108
37887,23366,21321,8525,141
13987,25844,27388,36238,69
6481,4989,14451,12218,88
27085,31046,28926,25137,29
9979,25933,17017,27318,99
33226,14322,21004,4682,97
7679,38288,29568,16511,36
29587,26665,3400,16860,41
25188,13913,18001,11716,46
18009,11397,3938,18500,92
19271,36394,30164,9259,68
31273,33127,11276,24175,56
12909,12957,22148,16977,113
4127,26503,33380,10062,129
2579,3062,28845,20694,64
18338,1187,1981,19915,64
10078,7772,272,37676,94
20355,5653,4051,37603,80
13875,10696,12502,23021,105
17317,24253,35709,24089,100
30401,158,12761,3235,77
31571,28222,3394,22137,90
3025,9242,789,30291,78
26270,9512,5713,33194,79
19750,18927,18382,21062,76
38400,27136,512,27831,43
25703,13542,7518,13851,78
2552,36122,38753,24451,66
25630,35468,31961,17428,142
8706,17478,36825,34973,70
27162,15981,1030,2674,91
18426,4661,19959,27188,44
28737,6422,6821,19540,57
20680,33040,9847,25025,80
13730,32603,25091,28725,36
4830,7061,10971,7199,50
18767,28698,26768,32323,38
11584,36326,13775,32680,47
31604,34727,283,29586,42
13237,9485,1534,22887,127
15967,31712,25821,30898,103
12001,16624,30836,19980,57
36795,6855,29444,2003,46
36993,4695,24214,37647,62
29288,24979,31207,1768,37
10602,35339,7253,14614,97
29320,12258,34033,25129,46
338,24019,26479,21327,71
7800,1673,24812,37548,63
327,31500,6784,16219,70
2466,27191,27465,8659,65
6893,3810,22183,29537,77
32401,10002,31240,10602,88
15504,24953,36771,16637,37
24914,10161,19568,35355,113
33167,27331,24933,6226,66
12873,21521,18755,10576,111
4846,35342,22546,72,116
32401,7977,13198,29582,67
13217,18410,1964,34840,87
22935,21305,30405,16771,113
37873,14424,31214,3104,60
12829,18036,35320,16994,126
36761,27233,50,32504,33
10876,31968,12464,17274,102
9459,22771,7075,3964,117
35773,8703,17474,18966,109
32517,20302,34973,3804,60
1795,36068,26745,11548,58
4584,14505,303,7022,39
9515,19086,22727,30368,92
17491,32688,855,18472,72
34189,11286,32297,10822,49
31764,314,25608,18821,72
13138,33384,10604,10893,110
1507,18427,10170,20746,90
200,38011,27070,27431,38
22136,37936,37244,4746,77
18479,13657,6267,28808,77
38438,5254,26309,8680,50
37508,37201,37515,1727,83
28169,28750,29349,6962,51
5438,11598,29764,967,44
38682,2442,1707,37920,85
13807,16571,6806,13556,44
1904,25026,21288,7567,83
28222,21328,19686,9350,106
24993,15788,14766,10058,96
21961,21809,9416,21518,120
23509,12088,29003,36918,109
34935,11714,10256,36243,82
12121,34631,16560,28918,61
32646,31226,25228,26697,33
28174,6895,37253,29280,54
19895,33998,1246,11755,43
37677,12465,12239,20408,86
12495,9881,14340,34180,99
24167,7709,24524,29736,38
21154,23502,4550,8292,131
21294,4805,21886,2736,118
7772,14269,9329,14,62
33290,23,3171,37912,71
25690,20773,16148,15043,79
10966,21336,13563,37155,94
21305,37815,4912,17377,108
31001,4743,12435,13546,67
6757,14594,6859,20339,28
4901,24466,1691,19963,49
31107,16983,8627,24983,45
5622,9476,27771,19546,74
7114,9087,14748,15140,55
27397,2424,19898,7645,62
37034,13511,14739,18444,60
28941,29470,7637,27772,60
38001,36507,31197,16222,83
3895,18446,23467,28620,126
8358,11447,23438,13593,96
7574,8004,35733,29728,92
19053,28635,38769,213,29
24975,1946,6910,11689,40
475,17749,31977,18011,76
26630,13030,31765,14569,87
12039,10874,9228,5502,92
23374,10665,9320,29682,106
11605,30286,26707,5318,52
29556,2326,6158,34193,81
4091,34591,21943,13636,87
6886,34564,27019,7902,35
1759,16845,29645,7125,42
19040,36468,10775,24135,53
31520,15018,32567,37053,55
17760,36387,36928,12387,87
29731,17411,13213,17420,95
2635,18188,2400,18344,112
10753,338,16772,23590,91
37148,27220,18071,18969,45
37511,33898,12030,18017,83
18819,241,25052,27114,19
33969,34839,28199,28718,57
28251,1958,38440,4579,67
9899,38706,35573,33329,136
17661,29755,16719,10993,63
25201,35340,7943,29595,79
28226,37699,20482,4688,68
34941,30077,35473,8659,103
35284,37144,17322,22121,121
23533,36507,6385,32266,108
3081,22514,31129,27249,68
10019,26338,1706,268,86
11634,16142,31603,1988,87
21027,25188,5267,21975,83
3934,34698,14407,4253,104
25976,6303,32367,35677,132
23363,19202,34898,15471,74
6070,19062,17730,13553,77
5503,20283,22766,21213,98
10090,32288,27911,36758,99
20491,28200,25613,36788,81
3453,9504,36436,23738,110
286,36148,18407,33036,69
24245,25168,35433,27489,72
38764,31743,29334,30985,43
29413,3930,33193,13031,112
15958,22660,29617,38620,82
38738,457,8761,16657,43
11445,10964,35551,4588,102
31663,11605,23765,28063,114
14389,27503,15123,23716,76
17263,36879,25729,34899,85
5289,24849,38759,471,26
16519,13742,21297,3771,110
30990,25943,7201,10117,101
30024,294,36770,18382,59
34103,23362,30151,11605,89
15996,31132,27423,23014,87
37164,24178,36372,6320,72
27221,8469,4716,3996,81
10978,24306,28780,23257,95
833,5443,34535,35023,46
23753,822,28994,9843,130
38643,30888,752,29718,37
2392,36987,16900,10822,84
36062,23691,25789,6973,111
1611,15045,8310,34091,58
29634,6154,10780,9943,106
2771,7986,7991,1527,88
24380,33285,24964,21803,63
31757,7206,8594,35505,108
15404,37966,37511,37794,80
759,18495,16655,35405,105
14767,5419,6511,27800,84
4923,7674,12195,7598,76
35673,30034,5774,25737,122
18914,27951,1811,13897,67
14274,4151,18825,223,66
34963,19890,13888,33762,36
31686,26513,36808,24016,60
8498,4730,24887,1785,58
33367,38254,1640,30522,70
28694,31866,3437,12083,80
29772,37835,14436,3339,54
21339,25568,2761,15468,124
37565,26771,23342,17393,114
14516,24812,18794,36861,36
15750,33976,7627,19146,64
1622,34133,19656,10107,83
33940,24758,20749,10868,36
478,2345,454,29268,52
11763,29458,5722,17712,52
16848,26669,14401,21186,79
9406,16129,14472,33114,100
23458,36788,34836,35458,131
1185,3860,33388,15137,95
35313,1617,24307,37012,100
18182,23689,10580,12930,133
986,10514,7809,20700,58
12093,20656,13898,10692,67
38587,22030,36362,34819,53
778,30148,13036,23385,127
27845,2307,405,29701,74
5705,22601,31227,16749,73
26260,25735,25634,24308,93
10918,25906,18820,6803,71
9974,23600,18508,319,126
3008,10089,27078,12384,96
25951,12054,10971,34663,96
36830,27490,2339,27140,59
37525,10681,9919,22968,134
25092,10109,8473,29555,76
31798,3062,6878,21001,89
19020,20318,37623,16640,43
17389,215,7817,4682,62
28203,16829,9512,17544,93
29662,28864,14401,10035,76
8015,16089,18488,10786,91
13921,18136,4945,12483,77
10559,37730,34805,33772,63
13521,28980,11735,3169,49
24030,4868,24376,36989,47
34817,3002,19913,28887,40
38478,1227,24288,23741,84
13237,1829,32666,27061,71
1997,36228,907,24956,57
10205,19538,37925,12091,108
1722,31710,7659,33431,87
7536,25850,8748,14270,85
36250,21836,1537,6243,92
30429,31860,4764,4569,70
15234,3331,57,24207,37
8388,30825,28995,29514,47
33364,25213,2000,32589,58
23277,14659,3777,29369,110
6781,22856,10021,5662,107
10617,38593,14402,28210,67
11450,5460,14250,30152,52
35692,5358,29678,6922,79
10241,9035,8521,1799,117
11589,24317,25998,10584,77
14543,23745,11342,6938,81
1013,25854,24990,3225,71
1013,24404,37603,34758,59
25815,30133,34591,19784,68
25845,31180,10008,25623,130
25503,31623,9094,33761,97
14337,3186,16144,20487,61
2401,27154,22797,22137,104
7772,1652,10264,6469,116
3021,37958,52,33214,71
7036,17299,21414,34988,85
24867,31594,3081,18184,61
34905,5551,34646,8591,49
18874,16976,12884,37852,80
8388,112,24330,12934,75
20283,2657,964,4103,98
10236,37131,30378,36472,97
1904,11732,38255,35767,91
23508,15922,11668,260,101
3353,27831,22595,253,88
16970,33171,13805,1753,71
17438,4898,34808,30460,66
1673,5631,6046,23651,116
27175,23644,18897,33040,89
30950,33827,21257,36204,79
26547,36891,24945,18361,50
10593,6261,24812,25124,60
9920,7594,10934,19043,92
31502,12361,4099,22069,120
15487,38444,29255,36960,32
15235,21761,13168,6459,103
7512,171,8354,8640,64
28882,29523,149,15251,30
1755,27954,25666,32635,92
10655,16261,31759,20487,81
24079,12265,23007,6772,86
23461,8291,25516,19994,115
36511,18491,34801,19701,50
10249,3386,7696,24949,81
37270,12227,6104,35290,133
26551,38294,1591,14458,49
6108,19886,21438,30398,100
29657,6780,11692,3063,35
6895,15378,873,35335,89
21215,5282,1735,764,94
3225,944,9483,180,66
13618,6925,7788,19825,42
29007,36241,4654,14341,54
36851,9414,21353,18949,93
35728,31889,2700,22696,156
1053,6065,22047,20351,76
14648,33888,3077,35394,91
27407,19236,19068,11298,26
25881,10799,31736,1970,102
22184,21171,8358,6052,121
32346,26497,25801,21504,100
12414,20341,4108,7144,81
19150,25194,34132,15198,26
14529,27107,2417,6137,84
27515,6113,18360,2718,92
33343,19234,31166,35639,99
16098,2531,29590,36408,89
15750,7827,38287,877,72
38411,20500,37829,35538,87
7928,497,2413,27186,62
1227,29576,242,251,34
12318,17619,20618,3790,100
81,37544,34043,34045,48
18448,9851,28502,27322,84
34835,787,6943,10592,55
22208,5397,33116,7052,70
19053,32690,18757,16028,53
18390,22611,36496,23019,116
21034,19942,34701,26671,70
17361,7561,27458,13796,59
21253,7061,20560,10072,101
12929,31013,34946,29277,61
1896,4837,22189,24233,67
2505,3023,28918,9257,90
20010,5278,1227,22559,76
33504,8326,35442,34202,113
4949,5722,36132,22847,82
24125,27390,29284,31578,41
29286,26299,3228,5743,42
26396,8727,26653,1053,63
9386,36025,16888,5491,67
776,31182,21967,6191,84
24939,34015,30843,23373,74
21116,4006,27003,14707,102
5373,12196,5758,26533,66
4997,24993,3459,27477,35
36965,20684,14508,24502,38
18831,38531,8402,10822,54
31122,11603,4005,6099,94
32766,18455,20295,800,48
9810,20261,21260,12857,133
17016,20328,34546,9849,69
21753,34131,22225,5642,69
10613,27507,132,4011,74
15872,5608,30100,16740,74
757,26690,33274,2481,93
17332,36335,5335,25674,90
10021,33800,14632,32602,77
34048,16672,9065,15238,56
2550,6998,25066,9485,74
10833,32425,22099,35774,110
21337,29572,21331,19718,98
12968,21207,17705,6104,141
22632,2476,12151,21101,150
27164,3125,28053,4620,60
16256,8638,28097,27026,86
32740,35737,2548,36400,116
23344,33270,25630,174,121
15323,13884,6377,3801,95
31247,22946,13575,27099,67
107,37112,21953,3493,59
2307,2397,7602,33404,115
16211,24504,782,23577,112
23564,19793,26456,9205,98
30290,34587,29341,18059,50
4925,30772,38513,25816,65
37129,13688,16154,30768,71
22895,19582,13771,9506,87
12202,10793,15210,22161,84
11489,34888,23639,4961,84
8709,2287,6419,19059,95
30137,30781,33756,16503,48
21810,37890,37524,31970,96
31618,19767,2640,20337,68
32584,22922,2750,20677,86
27434,25129,9817,34805,63
38387,36994,4016,16576,73
18459,18873,13858,9411,67
2663,33518,15070,19079,77
30962,33116,4700,38733,56
23765,11633,27075,12456,96
13044,3991,20501,9202,111
9271,34233,14511,20536,51
4252,9356,10654,17589,118
6973,26687,20360,6100,53
31241,9850,24840,27173,65
14545,20414,7767,13194,69
38610,21388,34822,10141,105
24390,6229,17371,4757,81
38272,29763,31221,36515,35
28186,36782,11701,28145,81
26292,27239,10021,6452,96
2319,34082,12363,17724,101
20009,7648,7972,10536,60
20328,13180,30158,16548,70
2637,21142,3293,34069,103
5745,13220,27824,13751,92
8445,7930,490,16951,54
12144,20525,31788,9494,84
7025,11326,12235,6109,79
37251,12244,1510,7545,81
13568,9459,14484,28687,65
17447,12336,22164,22616,120
5574,17264,19924,33297,71
37011,20383,3829,26005,95
34923,9175,9037,16570,75
81,5613,38594,27960,51
22576,35399,22861,10147,184
11705,38389,32295,37255,38
31512,1726,13781,34897,65
4790,24922,15996,9196,78
4210,2289,27347,11539,92
29584,4100,22519,29432,90
19766,28221,7255,24808,44
6046,20646,38326,30987,49
3283,8568,31027,17671,71
5425,12793,30789,12468,91
9337,34046,1668,6350,89
20384,19857,17693,163,40
16886,23391,24995,25618,102
9164,24461,17621,4872,77
35480,36107,37551,4904,110
37557,7161,3979,11340,83
23311,18889,37987,18193,102
15042,29548,4878,25655,62
32728,27164,10817,31019,44
3186,28965,21417,1849,90
38022,27118,4217,28246,98
5638,38378,30292,28997,47
27179,13973,27348,7579,37
12503,25556,16501,1670,97
23428,24897,13600,3779,110
25849,32255,2330,1104,98
34705,9128,4526,9100,78
24826,126,29764,4009,55
4810,14338,10534,20711,50
35360,30808,33789,1597,95
24404,22233,33052,17509,86
31725,17501,22612,20701,92
29456,27283,34827,35429,72
6911,3312,17773,13542,60
13266,36037,13865,20584,70
33212,1636,25856,32647,91
27158,30004,8716,17302,69
18965,20742,35632,16504,75
26325,24111,36950,8414,57
9124,7684,15788,6427,109
3265,36968,1529,38580,54
28916,30460,32712,37677,62
32461,6765,24290,25158,27
8747,31962,454,19596,57
4046,30437,7639,14253,88
28141,30752,36841,16170,86
26497,20643,11566,32311,32
25898,20517,15149,12217,76
21961,12495,6191,31022,96
19751,1950,25250,28253,57
6138,4139,35378,4878,144
18358,36855,9765,22984,123
33058,30501,15248,10696,75
17325,34054,7140,840,60
33519,28113,33853,28713,76
36029,20632,5711,22158,54
36437,5378,27145,11273,42
18148,18447,10942,18342,82
11316,3777,13031,6240,123
1769,28990,8742,7711,69
4063,11426,29503,5321,68
30507,23757,19124,26281,88
1048,24287,15510,1941,55
31728,32386,18910,16219,71
17014,18022,14504,15141,51
22029,36118,1987,22779,100
6162,13704,38338,12439,80
24239,37154,8406,31799,69
38385,397,2451,2557,83
24941,13963,24421,25236,28
26333,15141,23676,79,78
37532,5741,6770,35516,99
12407,33266,15896,8653,111
33331,15925,37622,26407,96
13848,10538,4834,10161,97
34541,10997,24859,21144,77
38597,5584,23754,25600,105
16727,6429,6340,19074,81
10660,14706,17644,13672,73
22925,36446,27887,11622,94
5768,6120,29667,37822,72
22040,37714,25053,33921,60
5731,32503,33469,6481,79
3520,8659,37213,38728,55
26744,36899,1983,31954,71
13599,2335,29486,33435,80
10886,25679,30495,363,82
30323,37069,38449,2457,74
31107,3911,30290,1657,90
18423,29400,26504,4996,50
12293,29551,32554,5495,54
21470,25689,9316,7974,124
30477,15176,18208,29774,50
35649,29562,26467,15961,105
18893,10025,33772,38440,68
312,9259,19039,6974,47
31884,16149,20014,37792,87
3516,1244,36235,25230,51
9040,18393,32331,20688,58
23389,13010,1572,22231,135
29276,17015,21499,33771,68
6385,8603,38392,11594,68
22954,7144,22802,7996,103
9489,15775,32672,21163,113
15180,2305,22240,2656,104
21914,10693,25762,37027,97
15908,34020,34227,4693,65
34072,18850,14542,37760,51
6144,8715,8276,15419,82
33469,28508,32314,36420,63
27427,9846,17594,29002,90
6810,6497,13550,22100,76
25204,15479,22200,3406,49
34021,23680,33244,19755,94
1912,28635,24008,5252,53
24322,28759,6494,25536,89
27376,29487,14363,33485,47
21451,9095,26566,33308,111
18450,21987,32597,5484,64
17453,8664,19779,37605,77
6877,30796,28725,21421,73
25856,1531,21053,5320,112
10164,24518,21274,22227,125
26671,21296,19908,25028,65
10119,7058,4080,9320,125
373,26555,933,27107,40
34211,18783,16717,18408,46
12762,25856,10250,21109,167
10538,7115,34551,22125,61
18181,21052,33057,11302,101
3009,38386,19194,29292,29
143,17472,10150,15368,88
35754,77,27913,31793,114
13664,4694,14519,35627,95
29458,9488,6138,22817,104
13541,11255,7586,24426,48
4905,10760,10629,37710,82
4791,10663,19705,32731,50
37905,13730,35685,34599,101
10704,876,16882,25187,54
35502,5504,15203,9822,124
15337,15197,29586,36389,36
22108,6028,32426,27152,68
9366,35477,31782,10239,156
7564,34551,11453,7698,50
26763,17267,19591,17385,70
28169,17479,35698,24930,113
34063,223,21073,18170,79
1882,24333,28705,33416,68
31661,28504,7974,13934,65
38561,26495,20444,22709,59
475,18957,3518,26608,38
4881,21144,22172,12452,112
25011,16161,5553,10878,70
18171,13100,7577,7844,91
13134,11360,30946,35490,115
33076,10582,13260,17386,114
17538,30043,32661,18100,72
24778,24486,35472,17685,94
28888,4821,2439,25501,98
26654,21834,28692,5718,60
24065,21099,36031,29496,73
16831,10199,15060,30773,77
21000,23733,21392,2410,176
22785,8486,9348,20643,91
30977,13601,28856,26435,47
3232,28742,33443,10113,101
212,26746,10205,24233,75
32566,23515,6318,19951,98
28241,3889,29286,21043,118
1068,6889,13541,10174,86
8524,16167,30453,22232,96
36116,34083,37504,38751,54
10564,21806,11682,31177,66
15212,29493,22103,18092,56
7062,36777,37045,18429,57
20392,25010,7030,16264,45
30251,10923,27155,25109,47
37755,26467,1871,4813,70
33050,31656,5584,37700,87
19244,1809,35447,38304,87
27072,1635,764,13628,55
24059,19791,37516,24822,42
13547,18367,5387,2302,81
10159,12818,10009,23017,175
923,4138,33031,12967,126
9000,31024,4888,23743,104
18219,3024,27973,17615,88
27166,19249,14460,28582,34
23771,37871,36136,3871,134
14464,13782,8445,30825,56
17445,11594,4848,5489,62
33184,10886,35719,27282,109
27440,7999,1612,9178,68
31727,17663,31667,27160,78
19206,14295,3282,10618,54
28224,5269,12033,28725,82
32702,21910,36203,21123,92
34144,23729,36445,27403,81
28543,22151,38720,26488,53
5697,24237,28982,15249,41
1015,14756,10104,32434,86
36790,2685,22643,3136,105
9512,30507,24815,2565,85
1911,7977,19727,8016,58
8740,4030,16804,9141,102
28858,31847,17420,819,80
18801,35407,6152,11518,104
31000,25800,4710,24299,69
18953,29479,16501,13692,34
20403,19719,22849,37185,63
16260,18229,12051,38534,88
15108,27898,1107,9825,102
18319,1778,35618,23372,148
26005,13154,9095,25812,139
4945,15807,38419,1057,70
1090,773,34513,37923,68
26369,36469,28220,36100,72
10604,31699,8366,30907,77
32275,26330,36890,12165,65
9859,22890,10100,7674,152
16582,188,3089,15206,39
19920,1690,28805,31756,62
12311,28100,9064,24817,89
34521,35746,37579,21432,132
22501,21260,10015,3750,174
32308,25083,36328,24804,30
12423,14255,26460,22241,78
11340,34945,3194,27758,60
26736,27018,30833,4698,40
6271,38603,33217,16015,97
24396,31849,25166,7656,52
6416,25521,9493,11,102
28797,31558,6426,35583,124
19070,4240,20458,24862,53
18024,20708,35558,6453,110
13162,15801,3383,1026,104
24155,1572,115,9054,63
28039,8410,22237,23296,125
1615,32400,34511,35500,92
38718,33022,21985,18302,76
5463,34697,14659,27420,36
37141,7976,23717,1793,103
23262,2755,21763,26288,124
27926,10031,35501,27974,160
36208,13227,4140,30985,107
2357,7668,23699,36277,120
6890,4237,18000,16989,80
21246,14609,6751,18520,83
33301,11476,24087,37176,61
19043,16905,954,26757,47
26359,34625,37242,26761,47
7254,7077,23362,4019,108
25230,1533,27785,4677,65
22234,27918,9331,36088,96
9359,16055,23440,6199,145
16253,37723,28178,1557,105
13710,22022,17542,29405,67
20517,28144,8319,38366,56
37175,21944,33771,13799,61
19581,38679,20661,19185,19
5517,31001,29770,17385,52
28597,34029,33126,35752,104
28221,24217,15260,23719,97
36906,19938,20326,31539,47
34211,21016,8647,21425,118
25204,7072,15953,12164,73
38340,6407,29643,12199,71
9941,4897,25171,4689,79
9170,276,3022,27872,76
8710,19711,27167,29711,35
15896,16661,23317,8702,117
16956,38638,28215,19213,50
10201,25085,24026,19110,66
947,37830,242,17726,74
32315,24474,12094,17525,73
20420,18037,33142,12890,88
19983,35582,21261,7691,122
38367,1657,38387,9231,58
22257,37219,27781,6128,99
5573,10019,27939,12115,118
32343,13603,36951,21293,80
26684,29661,34604,37549,48
19003,32617,30378,9242,60
12056,26296,22016,36869,81
14346,10200,31204,27759,98
6000,1574,37596,8259,97
38343,35501,3967,17323,129
22210,20718,845,3299,58
38600,23629,29713,23341,113
31072,21865,5589,23289,98
8702,3758,22768,2458,139
29574,5346,1678,1052,54
31037,30973,15062,33486,55
26552,13620,19048,36891,46
10674,8722,1565,16239,96
34015,24487,7028,17649,51
5289,30457,21227,11359,84
38284,15489,15963,3899,88
5487,15195,25612,31237,66
28656,33025,25996,4835,89
28779,91,22162,28817,54
235,29536,11450,150,26
25181,3372,3186,19236,37
29584,11658,32471,13897,35
313,27806,31700,9815,106
11667,38012,38561,9141,67
8670,30081,21092,35720,139
19571,19947,10913,1576,54
10836,13257,13919,30250,92
21473,13125,6356,4057,157
10950,17282,16158,10520,103
8443,6090,20716,14594,67
30803,35252,25688,27830,130
13001,14345,18309,28989,83
29720,29594,29612,37568,36
12003,37102,14375,29649,61
3505,8527,10009,28958,95
18300,18516,34184,15793,82
34846,24879,6268,10866,65
16782,30152,22841,9300,97
12173,13763,34901,37832,75
17605,29280,24508,27260,43
27137,38306,28020,28661,49
13103,20585,7719,14677,69
19026,19971,24772,30754,25
34544,32508,1590,28017,64
17258,1929,22225,32374,78
13925,34785,32632,9089,57
30341,6460,22696,37784,114
32581,37222,24837,32667,34
8752,7816,26346,12098,79
12072,36464,7131,21861,77
37727,10097,18754,16625,89
33850,30977,14006,28054,60
16079,28633,28870,28580,69
19923,19225,4052,6142,86
33892,15396,28767,19807,35
19103,25631,10516,25042,67
36251,30397,18018,9897,102
29497,20615,18151,20684,28
24423,24205,16598,34168,38
36796,4256,9810,15314,113
27354,20461,31149,37588,40
128,3905,10817,1974,90
3875,34081,4631,19213,71
17282,19206,24015,3837,83
27119,1898,126,13611,43
11456,2599,3322,18446,80
28861,31621,34079,30343,63
28841,10663,7898,37875,74
16599,6346,32398,9253,79
16720,35469,36907,11501,92
16819,6423,10583,12129,95
2720,25643,11654,31097,92
19063,31186,31646,17364,66
18882,15395,35506,8295,91
26463,15754,12972,4513,98
35523,18990,16672,7014,80
35689,38770,7129,1085,86
31743,2650,29628,34589,72
18044,17370,37226,38348,66
18087,10585,29758,19986,52
28851,36212,6760,11696,45
25052,10658,31500,5538,61
21444,32410,7715,7866,84
16934,37180,14707,2312,74
31257,23543,36189,12055,108
21957,2328,26547,13612,85
38408,13149,10082,5252,104
2573,12241,15303,30940,84
2697,29719,10165,27237,92
21891,24883,25752,19004,69
35736,6317,36995,4018,145
11397,4842,6441,21368,100
13192,4255,33833,4134,132
6893,22869,3516,14755,73
24067,21460,21310,15919,130
871,30892,1046,994,64
2307,7504,23338,38565,109
8497,30509,21381,3210,97
37795,2502,37171,10617,97
22165,6512,20722,12513,88
26353,10174,37153,28511,87
7719,28699,15408,23416,88
10626,23021,19175,35366,124
37660,35769,33045,20506,109
36109,30889,10596,2420,84
28857,18965,11659,26270,40
20412,15473,2376,27887,74
25770,34749,1997,21861,88
1170,31203,25608,12004,94
8756,26769,14366,22014,69
35306,32281,27773,15460,100
15062,32462,8724,2542,73
3266,37904,36829,26402,65
16062,33493,10017,3204,122
9191,20423,12506,10912,82
17459,22090,28197,36923,93
10611,13809,6836,34146,51
962,7764,15182,23425,94
1653,9930,33312,27143,99
12820,35418,19114,21447,145
9400,28023,24419,34721,73
22946,7028,18174,27811,95
9294,19004,2406,35724,126
12764,10196,17729,11366,123
9813,1799,13760,8429,102
34197,7089,9489,82,50
17522,18156,11378,28102,84
20402,12757,23758,4818,107
1055,10552,9870,21834,112
9936,27046,25727,25574,124
27877,15090,7022,14450,55
31790,22849,23608,20457,118
35651,104,27949,15241,98
12049,17471,15251,4267,106
12991,28893,37099,31861,90
34935,20650,31180,33917,29
28220,7582,9880,12127,122
24967,26331,24325,29386,28
26340,32550,3348,25185,37
33780,34813,9774,13217,104
12234,4180,5648,21315,128
26293,5268,30943,37011,49
17398,33403,32579,4976,75
36769,11366,16216,4702,72
36356,15298,3503,6757,45
35022,15859,31546,31258,75
7845,828,22864,6038,106
17545,19826,14297,8010,60
3927,2609,2262,8275,135
36958,27518,36989,36330,50
4914,31651,3023,19159,58
7110,18515,18369,4737,61
11568,34112,28039,24028,56
3384,7214,28026,26566,61
31757,30941,1218,17730,78
25081,13811,3524,19550,36
27169,22850,13505,33991,66
12061,18094,2512,6115,118
22915,3443,1550,14407,86
23759,15864,3875,1500,147
29479,30078,30916,12008,62
15510,23520,12921,13637,112
23770,35005,10082,1609,128
37260,31529,20666,8014,57
33410,29609,125,28553,49
29539,24959,25767,33778,52
19964,19527,36330,28738,40
9499,962,24079,21466,99
37984,20596,22872,10770,88
33867,34842,12194,27390,51
34673,8583,17406,10981,77
11423,27260,38399,30998,29
29512,26562,12448,13510,59
37525,37025,11005,9514,89
9811,26262,18900,7242,73
19071,33336,10841,14491,67
8661,12776,2624,9751,144
15391,30090,35418,6361,114
11631,4526,35471,21347,124
60,16077,5339,37055,66
3950,29448,19242,11665,62
2705,12291,28261,2513,130
3097,2728,28248,4055,120
37621,776,12826,31936,105
32471,31813,21509,5737,88
20528,3038,31253,35467,82
24375,28665,17256,18935,53
18226,5541,12995,1184,89
38538,5315,8016,458,39
11497,12243,159,14012,59
20263,29678,26749,1615,38
27024,23541,17270,10034,130
6518,35325,9441,32016,140
24447,32611,3852,20423,61
38505,27001,25035,25730,48
35504,6100,19960,21469,138
27417,15819,6411,29727,73
28677,37018,29451,20457,33
18314,5433,3452,3263,60
19625,11358,37815,34591,48
9195,1186,31905,25063,73
36470,21171,134,31701,90
3900,13628,21914,10250,127
24178,18423,18266,22265,73
22985,8473,21203,20757,107
9279,17569,1916,26400,86
4770,28926,20730,25189,31
17389,18052,3903,12268,118
16118,36124,10226,31738,121
4248,12865,22635,38642,126
33501,27196,13122,19800,76
38318,6807,10983,27083,38
5769,9394,15195,3988,90
28118,33981,25059,23381,92
6811,8434,35393,21313,128
36506,31002,9944,23698,126
19239,26691,25269,7762,37
37754,28021,24045,28767,73
28932,4519,4015,5440,80
19108,22550,23470,2509,134
37100,36090,16568,4235,84
22226,15510,29654,32681,44
28682,19123,5311,18268,50
6081,11726,3323,12814,95
34158,21409,22514,1800,113
44,18055,6830,23764,85
26299,28063,6516,1693,92
26664,7802,5001,7576,58
31790,16567,36468,12210,81
5360,14012,23476,24321,86
34599,26366,30109,32333,46
10587,1807,15277,6167,82
35688,1662,34543,30050,102
35595,13670,16220,14759,114
2436,820,17611,4970,94
50,16669,3879,28144,87
21040,4609,7854,30490,92
4054,28549,6052,33955,95
3818,27344,5437,2477,94
25567,25628,32581,4009,122
18008,34197,34028,29316,42
21203,29552,14439,2615,96
29397,470,31268,29712,24
4925,32476,23380,7958,90
1262,16894,21154,27766,101
27097,35464,1840,34640,88
11518,12184,11516,15902,83
5398,20600,14605,24952,29
30909,23696,6873,35369,125
21421,872,9945,33355,137
26353,38546,15339,19891,31
18434,16508,31609,31510,79
7938,18094,18498,30300,74
16916,10815,8434,38635,59
2525,7034,4267,30800,95
30875,28178,31531,17741,88
21770,30822,7957,37586,74
24019,26389,1088,26012,75
15174,18826,1585,15000,42
3370,3984,8413,116,83
11622,3092,12053,21322,98
827,3817,37129,32458,83
19086,3393,22950,3362,74
37790,16866,35582,14251,103
29456,13060,34867,27928,79
15520,28032,13621,13039,88
14510,26400,5257,34948,44
18872,1716,27367,35613,86
30407,15895,33049,23664,130
3059,28022,33787,25931,87
10001,1544,19937,38688,79
34623,17331,25944,22947,110
7762,9779,27173,5509,80
12966,20587,30442,35679,115
24120,15960,12428,11445,82
28647,7137,14324,10085,79
10706,24778,37714,4832,63
19581,34753,1262,6905,39
7869,29564,9838,22823,108
18288,19652,25082,18973,35
28143,6480,31510,8385,105
5351,13896,28520,9254,65
3039,11294,22111,11602,58
12455,24069,8362,34147,69
387,33244,16227,16153,99
18343,33477,33105,31193,84
22212,110,9837,33144,105
30221,1801,227,38715,49
30266,10512,31851,4530,78
18119,19271,15797,30502,77
31786,211,11657,11681,50
38495,19899,7894,31696,51
4692,2383,10522,1814,92
18019,20723,27269,25121,29
25186,29666,18260,31145,37
16020,21261,34651,4507,99
36865,3039,24013,16,44
12757,7961,24422,30994,74
37048,7254,15384,37719,54
4689,6333,2437,25222,85
15245,17486,10560,2568,92
2659,13944,18794,12022,85
27114,18095,13585,15437,45
23692,11369,30246,7679,96
4029,37837,1647,17343,112
24182,9253,23474,30105,107
22847,18039,18030,13908,93
7003,37950,1519,36818,66
15800,20443,33399,15761,95
16115,32474,28684,25536,89
30227,33199,21844,11544,79
3368,4822,16929,22042,63
27215,4258,29010,10878,80
19677,38712,30091,23308,81
25235,33448,10175,27027,82
19209,3375,9472,31164,58
9458,13711,3115,14512,67
31666,15176,6960,368,45
6178,25652,36776,14546,95
15897,6878,32587,19660,54
24018,9306,1125,34101,64
37501,24052,3844,12179,105
23395,34521,10819,7255,89
11024,29018,28790,36096,62
4200,34806,9933,28173,126
38301,16154,25842,37542,98
31808,4688,9047,21138,110
18213,20428,22553,26652,74
25235,22903,15206,24854,54
35332,7892,11488,15187,90
18260,7272,27394,6960,38
22511,1947,9851,991,126
14411,18992,4764,25669,68
38513,22137,9750,22903,117
37710,20305,3002,32376,48
27491,10696,25742,9444,90
35522,13642,19026,38579,80
7216,30191,5346,37551,61
29762,24255,30298,4227,73
27979,31773,1526,8300,93
6862,24806,12447,35721,96
17443,13133,5334,30179,95
24182,10995,5729,4600,57
8448,3298,14306,21490,91
16028,6402,10952,19889,93
6126,6989,1969,31604,83
11505,12929,17519,1106,93
8719,37625,332,27793,79
33826,36763,31018,11612,44
21516,1047,38461,449,73
13080,9974,18457,38564,112
21291,30443,29353,28982,78
7505,37883,11464,32650,58
16006,3520,2426,28203,111
32528,6985,29270,37107,34
12226,30252,25593,18194,104
27392,37517,24392,25963,73
17535,6833,3140,1053,65
34661,6161,18472,22034,84
32016,25716,2695,16609,107
23008,22071,12818,28744,115
38381,3803,11,7543,69
7515,10774,23744,13087,129
30168,15926,26480,21369,107
36289,22007,33461,25542,103
19103,38594,33898,26586,32
23724,15325,28274,16850,99
16138,15345,30865,16685,62
6362,10054,15043,24798,91
22214,34929,19775,19896,44
3323,17264,25757,38392,81
1770,32756,13974,19206,47
275,12079,27888,35346,120
14505,36859,8022,280,49
34542,38702,6944,31850,44
23471,22608,5367,35620,160
19577,7780,10922,16238,77
26291,10127,18304,34803,88
15390,37558,23019,29726,76
37046,12752,1555,9942,122
22645,35281,33280,30773,133
3366,13993,8699,18328,68
509,36026,15018,13026,69
20610,23279,815,15418,80
16992,12949,21305,20336,96
25733,21951,36201,6512,108
27858,7648,18941,36902,65
33377,5380,24818,7929,58
4506,7006,22199,17293,71
13897,13956,20254,37146,43
19018,8013,30310,3194,54
4734,30439,10958,7114,61
7991,28058,7749,13185,99
22756,230,4974,16908,71
2364,33806,11724,25080,58
14488,18941,18303,12317,68
33482,4047,38411,16117,107
34224,1959,38488,5352,46
36759,21263,30761,11618,79
12927,9254,29018,37020,94
28529,34223,15861,32258,62
22016,5284,11589,8621,67
37667,19045,1828,19717,56
22080,5487,27116,10089,88
15143,16528,14695,13835,44
1937,6454,9822,32265,108
38463,16949,6453,26569,60
38401,15433,1583,1611,53
13043,13183,11689,8434,109
21261,29578,28856,11297,70
4950,3778,34953,2602,100
17527,22136,11376,34022,69
15878,13245,33457,31832,123
31631,26458,31102,998,64
15498,20467,1507,9756,78
38724,21179,33079,24417,85
28565,5703,13875,15506,45
22909,25788,16626,30918,97
6092,38549,12105,15078,75
32380,29370,12422,5667,54
37590,24287,1999,22633,93
36464,36324,20544,4622,48
3886,20325,4950,10926,80
19257,35270,24224,33270,98
1684,21356,31559,1908,108
15812,28807,1598,16247,98
15914,15881,28531,35774,134
9379,33044,23768,23617,159
19079,7077,30927,19244,29
31899,14274,23407,11314,98
38507,12007,2266,19169,77
13167,16828,9174,14442,90
16035,19852,3992,3045,95
19894,21470,7513,27313,70
22790,5515,2576,9985,136
5274,10105,27242,1120,82
1546,13841,10579,25648,91
30285,37951,28032,30442,88
34149,23702,277,45,73
5420,10692,8011,20655,52
20445,9223,27442,26461,46
6,27794,915,38332,57
21175,32015,33509,13679,108
38588,3199,12914,10556,80
24508,37240,7255,21888,55
2464,21456,37235,36328,111
12821,20763,16741,17549,78
12768,15109,22881,24845,90
12953,38330,5422,33273,83
13094,16061,25937,36294,124
17720,33035,7546,25122,72
36084,28264,326,26285,62
12440,1866,10809,23676,124
34103,22021,16958,3316,58
32676,38764,6419,37931,69
32412,10637,21419,6360,106
34732,12366,13759,10915,73
24439,12161,20650,25690,77
21023,17356,9855,3783,160
32460,32534,263,30955,32
32315,14549,17311,4621,60
37174,7096,10700,31772,68
1210,34142,26258,7596,55
35301,38258,9418,25841,125
12907,34957,31690,12757,110
35695,27176,11556,13965,83
7217,9262,21833,26609,71
8503,4924,2458,36131,87
35664,24162,12179,4636,109
13748,31521,21915,27763,89
12906,12465,26574,30796,91
16948,14411,193,24823,32
11741,34257,7889,7731,51
10094,36979,31136,30356,91
31002,2306,9071,34238,83
25186,34935,19877,28829,29
35251,18075,34849,28999,96
30512,18855,27511,13223,67
32545,18383,11505,29282,42
32637,16176,27211,5459,57
36021,17528,7787,33798,67
1630,34542,25106,20284,33
3299,18822,32711,12762,67
1544,26299,16193,3979,107
38014,31570,20576,981,68
20347,5406,15060,25987,58
199,25232,6984,4801,30
32344,34963,19738,27123,26
1678,14638,8012,15231,56
38756,21987,7041,15957,69
28211,2323,6942,34130,80
22670,4210,18230,13073,141
2688,22649,13610,24493,98
13539,9108,20767,36358,59
35646,4694,9403,32672,106
30508,28597,12903,33853,78
25643,27109,15151,15790,81
2581,34941,24925,23544,99
22825,18471,18242,19660,86
28091,228,37221,21197,93
9294,11750,30757,22720,88
37088,20695,16651,30469,46
3986,19088,15391,10915,78
28021,4620,11695,21068,96
28862,2560,27356,28728,64
9349,18322,16225,29592,85
14560,13044,36982,1897,86
33884,37954,33201,18303,80
11487,9305,6931,22584,85
2406,16845,12220,125,83
7217,6894,13202,5505,65
18138,33407,19660,33976,62
24255,27309,383,11652,29
4011,15920,13053,28599,126
10113,28618,26263,6,78
1880,24290,31836,37736,77
35431,31110,3782,27477,112
7145,22837,25052,24474,59
38621,14675,30121,28864,47
23759,4782,28646,37710,102
28895,4932,13913,29526,43
17498,4238,792,2384,122
19583,33952,14692,2767,63
37938,19084,13985,26764,55
34924,20619,10157,15229,66
33447,7711,4187,12926,124
19864,27856,5384,6485,78
30171,30366,6143,33188,95
1972,9908,21488,25137,115
13087,5772,10753,18966,79
33052,29383,3011,17755,71
10826,24276,19592,22156,61
18775,14254,11547,22993,68
21124,10649,28670,19200,84
30018,21100,7703,6424,110
23620,16730,14276,29507,79
22712,1548,7768,30035,94
26017,10997,3843,2537,136
25530,37932,36372,15349,84
6176,10264,21005,24817,127
33078,33496,28064,18444,102
34852,25266,24336,13675,33
18781,35614,12777,6809,108
18373,31146,6488,150,68
9842,24408,5303,2756,105
10241,11438,21331,13994,115
34847,23613,24486,13879,82
26003,19916,487,13901,61
37056,30467,254,14717,51
20506,32325,8506,37129,46
16220,28036,35315,36057,133
19509,25730,17581,12164,98
29385,24464,7810,1158,47
33023,36479,32547,12268,81
973,5585,9363,33518,85
22802,7595,36844,26287,83
34608,7006,25646,17344,77
1513,26666,31919,492,62
10174,17389,20255,36357,92
34072,30296,35567,35417,139
24068,23644,25025,15280,72
12264,24084,22000,7780,79
6306,14765,16606,28514,67
343,9988,14650,20360,68
14745,10143,17331,26730,98
12991,8540,18981,17773,92
22089,3145,31072,20655,50
34109,28879,16720,31650,56
21845,13698,15797,7566,86
30797,33506,134,18390,63
3061,31528,38338,6940,50
11507,9321,26554,37738,74
32380,28915,12830,15483,67
10220,15426,14267,30346,86
5645,10638,12982,27277,77
35495,38387,15090,33425,96
3829,22968,37251,15342,105
22676,11287,16052,16702,94
21140,22010,32254,18253,96
22903,33787,37998,32747,81
32558,22066,9869,26362,92
27964,19828,386,26405,52
23612,24319,31154,36892,86
14310,22588,3424,11369,76
34641,6912,26643,2381,63
13738,12485,30796,8694,74
36247,19107,32695,3318,44
28814,36479,5388,22783,80
33448,6019,36754,7856,90
13822,15135,13921,27232,38
27181,35387,8735,8441,102
10825,34612,38742,1916,55
20584,30878,13201,36033,67
34537,6124,5607,6985,59
28623,6888,3231,36282,49
7140,33877,32000,34806,48
14345,7833,10723,19223,56
24055,383,19218,36968,36
29298,26720,30930,30101,44
22227,20364,13609,15001,47
13576,22838,28711,24266,74
5704,30975,6015,36244,70
1943,34015,829,25986,83
15809,16064,16879,29323,81
35414,30279,1637,4560,108
31189,19123,9517,1699,64
1156,37848,12012,31620,96
30347,16187,2773,1117,105
27158,37957,13191,16516,78
12244,8661,21968,6300,107
18373,27006,31081,6497,66
35570,24790,4527,31900,97
19147,16696,4965,25605,67
18842,4886,13734,32548,41
24207,36786,14724,30179,54
21832,26491,10235,33025,111
23657,18135,19710,19829,84
37663,1743,15073,25196,55
12943,25797,2624,12827,150
33990,22820,12313,31059,89
9166,10070,28516,1749,108
35326,13843,21121,23717,165
10024,3453,9043,7994,106
34158,25913,18494,13249,104
26267,38580,30787,12156,57
21496,2478,15273,18886,94
15871,23636,22678,2272,161
24164,7930,24181,18295,54
6820,9036,24967,3852,80
14431,22042,18972,15301,50
12915,8729,13621,37815,97
6909,13721,3774,30770,72
18856,36379,7798,28702,50
16674,13712,4175,5475,78
1092,17615,770,13652,75
37170,34890,7965,24395,48
9827,30991,1893,25847,114
3480,32764,15446,1663,50
30464,21084,13557,36997,90
4890,26305,8005,15319,50
2577,15271,20639,25605,82
8507,37505,16891,1777,76
3449,2301,16779,10181,109
12344,9770,22125,10177,150
1143,22886,34647,7241,73
16669,17417,4559,38438,56
12230,34589,1798,16863,69
21228,34591,8644,10676,95
5294,772,33090,30790,67
34580,9522,33374,13569,76
30174,18920,22149,15522,56
18516,17529,14457,16125,91
11251,8574,929,3187,63
22736,25962,32595,18955,90
10842,10175,12431,6085,132
25028,17252,23386,16092,114
7161,25262,20746,9507,40
1609,36381,4137,31571,102
13227,18163,21317,26433,115
15838,31839,16701,4852,82
2421,37758,1172,15013,86
33009,31022,14397,36100,65
16759,33984,32632,18180,48
33047,18012,5460,38652,64
26003,2373,18851,31107,88
36928,34535,2705,14674,71
35306,15379,30918,2255,110
25770,38722,2514,34015,86
5646,21954,21046,29270,84
28913,10243,1929,6795,87
1633,15142,14487,28190,68
16968,34222,19826,14251,38
36826,33964,20354,33472,53
9155,35369,25981,17557,146
29665,28726,36803,16184,64
16216,27965,24321,18842,76
19805,30849,10698,2464,74
16623,36001,8505,33773,57
19646,16227,32737,17340,73
21923,10669,24253,16249,88
25987,15063,22625,36975,99
27750,36064,15155,27285,56
20512,2288,19500,4721,58
36277,363,18242,7525,58
28100,13045,23420,38747,124
15937,16861,24218,28549,65
26431,1524,30084,25042,53
10941,25242,4825,1560,59
38689,224,19666,21172,61
28941,36856,30967,12771,76
2677,28896,6197,2450,116
23469,29621,3312,6441,102
3254,431,27317,30771,34
37906,12870,19891,7058,76
10592,72,7206,25792,71
9443,23284,34737,19706,94
32268,17656,23347,7542,102
35608,25086,24344,13949,81
35494,27020,20289,5338,74
29643,17466,16851,26559,53
22634,38462,3833,4740,101
2579,12040,18071,23695,138
8391,17694,35277,3125,117
35375,36289,27504,9215,104
31917,2258,12086,19061,96
1207,18857,8626,26359,57
28173,25823,37563,24972,91
34224,36346,21153,25693,105
22726,35423,12142,13245,165
4042,36250,33988,7511,83
12878,28818,35354,13195,146
22912,7971,23006,20454,98
33163,35524,18294,16774,114
37166,26537,10156,4734,89
36391,34013,1942,31218,55
23737,16605,22258,7562,103
25244,9976,28966,24273,72
19123,14006,22082,37127,58
3247,26300,30789,38291,41
10686,21753,10161,33287,121
21239,7985,16862,9032,99
15785,16109,36955,19649,87
7201,6899,34543,15299,30
1203,29287,21828,18061,66
24331,13725,27834,33425,77
26458,15149,14414,3776,74
15370,8632,25216,52,38
18948,20597,12212,10588,60
35001,34697,18966,4798,36
30248,37187,7003,4645,54
18011,25631,34046,5369,77
18069,9452,15023,35337,112
24253,1130,972,28952,57
30165,14606,18099,27444,54
22768,11553,11604,35464,116
11316,37001,24500,37087,49
14263,16918,24767,317,32
4257,1978,12006,10636,114
3971,12168,12971,18058,131
36085,37011,4756,25112,48
4964,3513,36153,14002,57
33146,15032,33336,25034,65
1221,1227,27079,22780,80
26408,28687,23578,1966,96
9313,16662,7234,21359,90
33760,11,7640,19128,37
5456,25713,33157,30413,93
30149,35020,33042,11437,63
22599,12493,34768,25753,114
26403,11315,19643,35349,84
9402,5503,2665,24807,79
29312,5604,13218,11738,65
27176,16232,32260,37538,69
35547,10957,16699,21314,133
19159,4693,18843,24419,35
10694,38620,21237,48,77
22673,9988,4606,3785,144
37791,6982,34195,24113,49
18171,37240,23685,30947,97
30199,370,23483,30996,86
16670,15241,24451,28924,40
23415,12813,23253,11269,153
30049,28002,29503,38526,55
16673,21174,24512,35684,120
36370,25186,36904,32298,42
7713,34697,4643,12944,77
7653,11680,3446,10001,88
9113,22537,6863,315,81
485,38557,29530,13143,54
830,21203,37993,4216,128
1048,5471,29565,34706,42
20673,16187,23637,36970,102
12072,36775,8327,2405,102
32645,38450,35548,31694,93
6493,35461,5619,5391,112
174,15804,18853,29647,49
16988,23581,22920,6921,110
10660,37853,27254,24916,53
34977,5271,36519,28047,64
22035,455,26498,28692,54
38416,971,13150,6439,94
17741,24345,13537,20009,54
25822,5496,16636,21088,103
38450,17409,18401,16011,84
36160,18040,13041,3907,117
19261,6820,3519,30393,45
32548,13912,33080,34067,57
36929,7030,32649,515,36
9818,24354,20638,9203,87
26311,2543,8599,10828,91
5550,1865,3043,29485,50
24452,23332,14354,19806,79
504,2731,35497,25804,134
37803,12057,17386,7582,96
5753,11617,33389,24419,58
23754,3084,13956,3421,93
15203,38007,22041,38292,61
38476,3772,25737,6126,115
38643,7747,9204,7682,65
8443,13723,25649,12934,109
37748,27077,25195,14263,43
6338,3494,35623,35323,158
34570,27876,8632,25600,93
32399,24782,10859,19183,39
27085,8256,13269,35735,120
36248,6414,16120,33191,108
25084,19659,7851,28630,37
10106,7615,37176,4757,93
20366,28081,32563,31731,62
1594,30788,28268,21472,102
12980,35515,17318,21930,145
7266,17554,4642,6013,79
7047,16003,12277,2267,106
21900,30867,8366,19630,61
34687,13501,10580,5307,55
28154,22591,26430,12074,110
12523,35661,30391,447,110
28613,23593,1588,12427,114
19513,11300,36098,7127,39
12477,30771,25739,13956,89
28962,16542,5609,23536,87
27458,21861,7110,21893,59
7901,27292,16852,24169,40
14337,37998,1939,481,62
16704,27298,36185,37561,55
13803,12455,20409,4695,59
5539,30761,9900,8748,91
12882,5352,24964,36121,70
20768,22521,12814,18331,101
31689,1031,15113,15780,83
12752,9374,16983,26675,90
33518,15353,15364,26586,55
3798,20741,27121,13658,61
21842,31937,34227,7983,73
24341,12372,24427,17456,74
24331,18188,22875,25677,105
32478,19894,6158,15290,54
36959,3301,28896,4996,55
35736,29355,18468,25559,116
6867,9848,4016,29712,101
17769,38548,24250,22073,64
34132,19521,3127,13884,42
1249,31895,24193,33146,78
10199,18066,16646,24088,88
17750,15271,23250,110,92
18785,25969,15414,19023,56
22624,35758,6026,10604,150
35341,23756,12304,3481,152
13754,38293,21073,19599,68
752,7902,33102,29400,65
5754,16094,24450,6461,86
20387,32623,1502,15120,38
35352,7689,31746,33169,123
6767,27037,10112,30220,77
11770,31203,24797,20252,25
323,28125,25913,17521,96
20325,29510,28116,27776,62
8016,27331,29681,18968,30
21407,28916,33090,18941,89
6312,19801,16196,14345,83
24275,35706,27996,9227,121
7979,38549,1934,7177,48
23302,19540,30226,1000,94
16214,28897,25701,36902,96
27829,32477,7876,37985,76
8557,29584,8706,13541,59
10198,16935,3771,17610,127
13800,23651,38632,21454,114
9033,17291,6245,22878,126
1777,22642,16579,17538,97
6040,37738,13666,34971,77
19548,29403,30116,12494,58
8597,1737,26587,6873,60
19051,37910,30035,3175,62
31886,20441,18347,157,52
23379,14266,16936,13225,114
17486,4600,27488,14495,56
22003,14568,14269,1574,68
36939,10019,11660,4776,87
33050,22898,10102,948,133
15437,38293,28799,5568,37
8512,2669,28174,14444,97
4752,22783,2329,15936,123
12762,18857,12474,27106,79
32360,34706,16046,36061,65
7257,2740,28157,22221,95
2463,36939,8336,16770,83
29464,5472,130,5718,34
7882,15840,13507,36926,77
16224,2586,27428,25615,109
33969,12180,29681,12444,73
23469,30250,34732,1911,98
13197,24317,15406,24898,59
22210,6904,33928,4975,54
13710,34607,30783,19663,37
32300,10716,30175,19996,54
5445,3975,29548,4270,100
30338,9130,20760,9835,96
19118,7983,12773,20310,63
21436,34161,31548,1064,95
3406,20255,30308,26406,46
4728,31977,18085,28135,86
8440,22242,21873,37176,84
17647,37909,15034,7844,74
15082,27372,35283,16125,101
11495,18172,12485,21404,104
30166,17511,16166,22631,117
37205,31949,4584,29286,57
16615,15933,14610,9817,104
32004,11532,26679,36819,61
4516,18174,3002,31686,72
13264,10104,16925,24333,107
6067,20532,26385,28653,58
7639,23552,4833,24491,91
10664,24294,14418,13783,56
24096,36078,9036,449,59
36061,23744,10099,31559,140
30321,21001,5639,16696,85
8659,30861,28578,21076,87
507,2568,12158,1803,92
35265,14466,3919,7014,117
15019,33899,2383,27934,81
30062,12504,24523,27982,85
7031,17403,38599,29294,42
15809,30459,19776,17356,83
21468,37033,14760,18899,77
25774,37534,1012,11273,88
471,36291,38347,37099,42
26476,20400,34791,35552,78
9774,22962,16899,9873,147
36828,30003,24781,15251,44
34822,10180,12264,25986,122
14630,26348,30487,28587,54
15493,13030,8021,7931,79
39,38578,35023,27282,23
24959,38728,22863,4091,90
25758,6017,31637,24392,101
5346,36901,28151,20392,57
24326,25655,15184,16090,86
10883,32603,24262,12127,69
5617,10039,34083,4235,111
17394,12084,30325,17476,100
11685,3131,3312,28507,50
1017,34094,36751,32718,50
15521,23408,9164,38353,93
24196,29748,13836,6840,33
13817,17420,30325,3783,99
24058,15929,12809,3020,95
4721,22779,19114,29446,64
8280,12979,16127,34095,102
7551,15331,30766,35283,90
10930,20011,25824,18383,84
24813,4625,34179,29605,30
38735,14539,16505,1117,46
19996,35336,23609,14395,126
7246,3044,6232,7794,69
10538,36868,15858,35424,126
5356,9125,31806,21386,108
979,13608,34544,4680,53
25811,26424,24203,16851,68
3380,5330,9014,31202,64
20649,20296,7079,35373,67
10743,22017,20573,27377,52
2007,36410,15081,33160,71
8256,37756,1118,24869,66
7650,14311,28116,18185,76
33232,30260,21039,3761,131
11376,18017,31751,7256,61
26641,19725,32314,15332,34
11019,28060,7874,14628,78
33315,6515,4607,14507,85
27898,24871,3269,36124,61
4128,13633,28194,17724,109
16723,30223,492,19222,41
14524,8515,15370,4858,55
29526,26442,34855,1834,44
20261,6444,31171,20707,46
15199,36778,1518,1252,61
38638,38519,20019,19547,22
35558,32255,25130,36514,83
25627,4041,27839,9134,134
11425,25781,9400,20016,80
21427,27260,37519,37558,96
12312,1055,19020,3350,68
32474,5354,33042,5382,59
25806,21971,15081,13,74
9522,14395,35546,6900,103
9277,2554,11422,24760,77
30955,7932,26458,33274,65
1602,37512,2009,5461,76
12886,21144,22144,21430,151
8674,13534,33341,14650,73
299,2677,3274,416,62
1764,24277,9167,24782,60
33460,14756,5291,32349,59
9320,35418,21336,31580,152
9315,6793,2517,35592,127
8415,21176,15130,28775,85
1587,15823,30956,23442,115
10759,15147,15355,34132,47
8336,24450,36920,24829,48
18491,30413,13818,3804,93
16162,32672,30479,18916,65
26259,11435,24088,31789,55
3173,9981,27056,159,72
36922,8649,6117,15885,101
30916,28968,1774,6336,74
31628,1955,25573,29278,84
24119,13892,16585,24430,42
2526,37201,21293,19020,101
3223,1043,32388,34640,48
38524,4802,18285,2343,75
14389,28198,20340,22601,82
19918,28689,37217,24758,36
22832,4551,25067,11763,67
13929,24913,18201,17756,62
16509,4965,22837,4116,107
17573,8621,38452,17659,78
27925,9160,34679,31663,88
31573,1171,12018,25049,75
30080,33358,25525,1734,101
17378,7659,25195,11661,55
24440,16684,1795,4095,82
36983,20685,32692,9785,73
34999,7837,13665,34638,45
16135,5696,18218,24267,74
20405,6899,12090,3841,81
31011,32377,37838,26582,54
10172,10217,15308,35643,160
21902,16957,4011,29726,81
6257,16793,28263,27469,75
31253,6800,7520,31937,57
27464,19223,29621,8595,35
7951,4769,7250,23620,89
18805,26663,7268,32661,33
37860,14456,12126,18103,86
11695,37986,25009,17006,48
27395,776,938,35648,96
26438,15014,11517,4134,72
36129,21091,13051,19705,105
12191,28228,23753,22818,150
8518,21373,9294,31699,117
429,12446,19862,11432,52
11655,16223,6017,4716,89
1051,32717,290,22273,56
7206,2594,14691,37960,79
4102,38011,12926,25053,108
5366,30067,3051,22773,84
31773,8009,30986,6751,57
34666,25042,8631,182,38
21353,20428,11599,25175,59
28791,158,7996,14323,46
1876,25270,36958,6278,70
28979,24235,24229,13583,43
19628,3413,26482,19759,38
4218,24923,31786,3168,83
26589,18177,17769,10214,106
10508,32350,10908,17301,78
25179,8335,37177,13185,78
21878,12916,22968,4006,145
10546,27102,14530,13006,77
25240,4019,24032,10580,76
27074,26382,31988,14612,52
21996,36827,25710,24182,84
3026,28788,12815,17656,91
16755,30521,34800,17381,63
27293,25549,16638,21302,95
28145,25664,24174,26662,85
36422,103,32353,29530,34
9756,22776,30108,8442,127
33793,21914,10579,67,61
24876,3944,33424,1586,92
19106,76,14447,24164,33
22763,23434,38723,21089,141
21140,20390,12033,13890,89
10995,36355,15204,29265,50
31537,31629,24788,10600,73
18996,4004,26664,7018,67
9420,2557,31699,37225,103
29763,7714,929,37642,62
30010,22071,36466,4529,72
36101,3909,22742,26477,110
7707,9242,23446,19778,102
23425,3218,31224,457,82
34923,27147,24425,24938,24
35342,34079,17368,4189,133
12956,15508,32635,31000,65
6843,27777,16756,22509,86
7085,24084,24372,36804,40
38667,29756,29481,20311,15
32733,21518,8600,8546,94
37871,23724,8468,3194,111
216,5727,32282,29754,30
25951,15898,38543,30857,84
37970,22676,37252,15362,87
21910,878,47,12753,87
31800,31879,29470,37707,76
22136,37939,27781,4690,90
7501,3297,9431,10015,106
34970,7174,19891,38603,26
23397,3372,9866,14312,126
1223,32530,1676,18483,66
23335,14717,9074,15036,100
25533,25089,26606,21472,95
30231,8383,1944,8266,80
8308,31014,36177,1536,67
4888,15965,19510,16802,64
10778,17601,13977,10099,109
19853,4235,22643,10715,110
26745,13701,14416,12428,67
33212,3050,28830,23408,105
4884,3334,2622,29377,68
21312,21413,16843,28195,127
2600,27228,5297,30446,70
9173,38684,8650,5294,66
5008,6062,34695,16267,87
1894,18302,7785,38353,61
19558,21223,5532,33803,71
29669,21285,11528,37514,82
17334,19165,12192,6212,94
5332,35453,36993,11579,93
24971,28988,17427,8591,62
12912,24432,23510,23656,152
22609,30912,23014,12428,120
30427,34616,6943,17005,44
9062,10743,1526,2334,106
31796,21381,20673,28966,82
26500,18444,15523,8517,61
9222,33098,6032,1606,107
33404,10778,28844,22896,101
37773,27950,3391,34776,74
4549,14277,10734,18013,68
21315,4216,35511,16915,153
16941,27058,11465,10023,73
1525,13200,19633,32399,73
7738,31123,31204,32006,60
28269,12905,37060,11747,92
26458,38707,33208,355,50
12764,3343,1814,21190,117
1552,14583,13592,29004,57
2402,32289,2013,33104,91
1618,29649,14550,3417,50
32601,10178,27509,17632,86
16912,6828,1506,35671,94
18206,3087,38551,11367,49
32570,4019,24395,21877,83
11531,37122,34014,17506,60
18397,31212,6302,25201,65
499,27482,3088,30891,34
37085,32571,3431,13067,76
17744,20439,11611,16914,49
15819,34137,31636,1821,86
16082,15812,15001,34641,82
22605,6048,35379,10924,150
31601,17336,3174,30182,82
12292,353,1834,36798,71
36388,4635,32018,6787,61
30372,20327,30323,36423,54
14508,36954,21919,21816,75
25207,31744,405,2360,69
7908,10629,25899,37568,98
10651,18515,21344,27869,114
33829,24184,22108,1197,60
25200,8304,2291,25011,63
8401,16694,29559,30994,46
21173,10893,512,24978,75
21914,24204,25618,35631,125
20747,36793,32559,21511,69
7702,35765,35020,2687,116
29532,22027,28788,31830,64
6890,33846,6303,27289,52
1663,5320,4890,13911,59
37640,24131,37141,9825,96
30404,36100,8005,20710,52
16508,20423,363,10561,41
8690,33245,18477,7704,84
37796,29732,37675,22207,76
16873,15304,27093,15902,56
16805,30007,25180,7080,39
23756,24174,34970,21136,113
27312,28940,23338,29430,72
22909,6371,15438,4611,94
35641,19193,13729,21940,99
25190,11417,32438,32433,29
2307,33090,7583,27753,107
14347,12974,31508,37133,90
34118,14560,26569,36211,49
6436,26677,29756,7955,64
22720,19709,7149,4730,67
31051,24147,24185,18841,34
22174,12069,22903,23468,146
31517,7764,4977,11643,64
38426,22229,15936,18821,68
36814,5585,27430,12801,70
26416,37723,8678,37823,81
15089,15014,36770,22029,55
3781,2733,28987,29769,94
3143,14681,16545,19799,43
11541,17310,361,13000,81
25758,9837,22208,34116,117
14342,33330,14373,22904,91
33003,5253,2619,24055,84
33103,38004,33490,18314,98
11438,24026,17677,25246,48
37045,20569,31157,20508,29
30101,2022,17502,23584,116
23481,38510,11646,16502,78
4622,30367,32616,18253,60
5410,22558,14732,36245,80
37862,26681,21143,5467,92
29477,21482,16105,32625,89
37862,24842,16864,23411,90
28260,7924,1023,38553,67
25838,38493,38366,15972,79
9278,13809,8619,37142,77
37620,36517,27248,2354,80
12763,18400,234,30213,83
10226,33098,10557,8351,118
12431,9472,35330,27888,142
1997,14475,36053,12507,78
25173,14314,34204,4259,66
23263,32622,38388,18179,85
6,6358,25022,1525,61
361,2764,10175,23543,142
4698,7503,16825,20391,43
3284,20442,1503,15411,44
1907,5399,15856,16079,98
33095,24340,10869,30216,76
14554,16734,19186,19172,35
28560,77,15404,4507,40
21456,35286,32270,9875,156
28151,26640,15454,9159,76
38417,30996,21480,20430,61
18356,33392,24988,9468,78
7884,24392,33897,9074,62
13202,22983,30120,9970,145
2741,11551,21399,26570,102
15223,5299,4788,32511,42
7936,33043,36231,1028,77
13011,8494,32289,13128,107
56,6819,5622,6855,32
997,13194,25783,11750,103
34224,13880,8601,28763,55
22947,30109,29262,23589,114
6375,16511,21080,23689,139
34729,3378,22927,393,68
35323,27505,20309,15507,70
14548,5673,18143,18966,50
35669,29742,10915,20757,84
19592,24305,6029,5707,59
28534,35329,13222,24993,110
9755,7638,6331,20511,98
36155,6272,6323,17017,91
12184,11386,27000,25191,47
36257,34151,7813,11305,51
25835,6810,3189,16056,90
6335,12231,27411,3834,108
17490,11634,8551,831,75
16633,6384,14406,19677,61
21898,17571,34023,1682,79
29607,33493,4944,10011,93
2686,20422,36284,14643,66
7590,28956,21140,21183,116
1840,30003,10201,8003,102
31177,33508,15069,26511,57
12083,18140,28912,7861,78
22729,19674,25846,17401,108
22138,11465,1201,17762,78
419,21196,2575,1266,104
13014,9429,32429,16508,86
15038,35453,24969,12329,97
18904,20488,36795,29457,27
18123,15510,24829,26505,43
22691,7961,19147,6147,94
22041,2553,17510,6152,118
38305,12429,21040,33477,106
4854,13966,34062,5648,48
30021,19026,38417,10910,51
25584,228,12253,12759,111
10925,17701,5342,10224,108
30817,19767,27781,18213,64
6322,25659,19273,11535,84
2394,1020,6817,30085,79
17466,34081,15802,3107,82
31538,30417,3353,34684,64
5001,7504,25009,10127,81
13073,21182,9410,31005,121
33931,2335,17272,17714,97
19181,34672,25261,17756,43
1097,3224,29709,17618,62
34616,6317,29446,37735,68
12039,25600,12390,10032,144
9455,36123,10731,24066,75
27957,30907,11292,20612,50
1154,25857,6877,32583,69
796,26736,6014,26292,74
5444,26007,20280,34591,58
15777,7072,3267,13590,67
8429,4597,11577,34682,53
28619,7818,19263,24020,43
2488,12458,34904,16999,85
34122,19933,275,32702,29
457,1242,17443,30750,60
19915,9942,31178,24875,67
24320,32720,12072,4925,61
33038,18071,9521,5750,87
30454,23520,7710,29281,90
8605,4500,22735,3024,89
23291,21782,7771,27954,120
20289,7149,36166,18177,45
29611,35725,8723,19864,87
30487,9047,28613,12471,88
2533,11412,13583,36800,74
6418,36907,9932,32721,103
14376,8774,13938,21410,90
31001,27486,23544,23632,118
31989,27011,29701,17378,58
25114,37255,16523,8623,50
20632,24519,15388,24125,28
7204,37076,22760,6509,94
31033,30163,24247,31549,61
31092,27004,34015,29497,27
28236,7637,26682,26295,68
11449,4800,30157,20465,44
30973,23005,13701,26395,75
27974,30083,23633,29447,102
14444,21852,33008,37226,78
31578,4016,7510,17625,108
10668,3814,33259,26771,103
21818,17680,9488,2713,114
9880,34728,38655,19772,67
10644,24038,8724,27032,56
11454,24967,37722,27112,41
21037,35349,1726,10188,168
2380,12010,36909,17574,107
3520,9260,33948,17744,77
33326,30008,33060,10744,94
35013,13686,10812,7959,59
5392,5543,33778,7870,49
18303,27486,33131,30246,69
17748,25794,5392,14426,86
33389,2326,27065,17252,93
37803,12898,3068,13204,116
26706,31506,9198,15815,97
34529,18424,9448,21952,80
17557,11415,4071,24505,87
33364,27365,18004,4240,93
38578,9933,3977,13520,108
21048,32542,34046,37144,76
38669,16575,36872,7995,47
38543,36377,5576,12984,72
38466,20401,15018,23452,67
30225,33806,31831,31727,75
9902,22838,7778,19704,110
16723,34567,16827,12389,60
25891,9159,27097,13193,107
29386,12496,15975,6940,74
1887,31518,32502,35737,108
38719,7759,13208,14764,72
35350,38515,8401,28892,94
37091,37922,872,35468,113
12866,10090,5550,21459,143
18484,31642,10696,8665,87
30466,14530,19653,37216,51
34829,19892,413,12235,50
12309,11585,35442,5431,108
25118,3287,18087,32369,45
37027,21793,34172,34246,57
7170,37501,15155,22790,79
4876,6245,7678,10901,84
13095,24423,15156,12321,86
37568,36448,31263,12346,80
8659,4642,56,4094,83
5698,28699,21888,12798,87
31247,24308,15206,18367,47
17726,12206,33805,27269,69
34969,12482,24850,11741,51
136,10902,35614,20419,86
19070,3328,19758,23356,78
34046,9896,4152,8613,120
34806,19571,9848,18926,68
324,19774,5741,15952,57
32388,24075,21316,19043,67
10951,6166,25565,4907,104
14593,4043,5623,13120,105
32456,25835,32691,5672,64
38632,11423,34062,34763,32
25109,10701,12324,11667,65
24851,18492,30302,34148,50
3937,4569,12437,25589,122
9407,18041,9031,6081,108
6338,5417,12151,34060,83
30066,9466,36852,10655,83
27461,22671,70,13111,89
18291,22206,26530,8563,77
19965,6979,24774,9392,44
3862,16045,33769,7740,100
17527,38588,23340,26352,95
35707,11441,22832,2716,142
27117,9879,4150,21950,118
34817,23481,5740,14661,84
33072,22891,22921,19572,113
6427,1613,29275,20000,62
19198,31992,17679,37070,71
15926,31235,36281,5576,71
28629,10079,18392,3062,94
37710,15055,31654,6404,88
14503,30179,28962,23566,94
35459,12176,31070,12204,126
13226,3178,23450,15872,138
9907,29496,28905,3074,78
25563,37503,32376,11731,78
4810,20253,25652,11310,62
2693,16933,15853,8497,101
5393,29408,30316,27855,62
5009,31707,13034,20305,79
36413,12082,25965,2661,118
4781,12398,11569,24415,63
27793,29630,2658,16084,101
5008,20465,26380,3452,42
9997,31690,35736,20384,130
15197,7503,34039,25868,69
15089,12488,15143,7153,53
9437,36228,36798,91,65
11399,34244,36314,10265,83
27040,6491,11768,18478,66
13598,14583,27053,15916,62
19502,35625,24069,21385,115
31954,7020,16794,17773,68
25136,18828,30006,9058,55
9091,12755,24380,18182,96
7241,20596,26321,9844,69
14744,34650,13076,29502,63
434,26021,16070,37769,99
43,4178,7670,6087,96
4052,10701,20535,20298,68
31105,18033,6078,24302,71
2704,870,12507,19865,90
10912,28047,2448,14477,98
16118,20562,3934,1526,97
11667,22104,27978,30370,80
2623,35335,13216,17440,157
16179,1882,12467,15114,91
34571,138,3522,9065,56
36455,15256,26281,7239,43
1088,3203,13242,3349,85
20771,9517,16666,22525,81
15120,22675,37099,4658,77
25642,13798,24858,9144,80
22616,27226,38472,6146,81
35596,25896,15036,23374,152
361,6244,2413,21199,118
28033,24359,14562,12039,79
10624,22743,20258,6912,71
6012,18848,33119,27155,69
6130,14480,33271,33949,80
31122,9914,10834,1071,98
31071,11275,10977,37686,66
11667,3810,1207,17384,96
34790,1583,18481,34022,57
25253,12391,8753,20367,56
18841,36336,18765,3059,42
37269,7595,15045,10199,87
14251,33059,8321,5323,72
18836,1011,21462,9217,96
22532,17630,5740,9218,106
24203,1258,31614,31186,61
6307,37592,18279,4610,90
21899,852,21444,10272,134
15090,30404,7063,36904,48
19777,1786,19752,19830,38
2529,33204,38464,12219,98
9371,34903,19248,7270,49
10653,181,35749,5418,96
32501,6470,29390,27478,48
37603,2684,27772,9000,116
4969,9444,27063,24479,55
30823,31630,8710,37725,79
12484,24885,22211,29761,61
4845,12412,28006,33218,99
10180,4527,32745,24441,79
12308,32475,18263,12827,97
8642,403,7957,1992,63
3331,30818,27855,25718,88
34620,20554,16066,10779,65
9335,18873,29417,6239,70
19126,36856,28948,37642,57
14651,37722,26591,2657,84
34049,33083,22263,4197,102
10011,38655,5358,8717,86
23471,36905,37760,8632,112
3867,1107,14772,10081,120
1754,20304,5590,10198,82
35493,4030,5303,17648,136
38744,38603,5729,1223,40
19714,27753,37208,11656,59
37565,31155,19165,4796,54
12180,10087,10173,10660,148
30763,22050,1703,30455,72
34272,30487,12950,20402,68
29640,15412,6159,18912,50
18162,15037,31733,128,58
12997,25914,10640,6478,129
30212,12522,12488,21908,102
27271,29772,18416,34126,37
31968,16952,23272,17022,98
21037,27964,23573,36934,139
1948,34139,16551,11393,50
14593,19094,33279,16000,78
29287,21779,5604,13628,53
11445,10544,31789,4740,70
4572,3790,23433,17566,134
12916,12253,9155,18504,117
32629,10977,4172,12090,102
13028,27352,13562,12310,86
13789,13010,35725,28057,136
33077,28603,30805,12936,88
13600,30829,28836,27329,39
38380,8373,4240,33961,77
29336,4699,1050,38528,41
35500,3189,38475,24426,84
24420,35571,31004,24307,84
34850,13519,15861,3905,96
8409,9314,4936,38439,68
4228,21396,3472,37986,124
35010,1787,19715,14306,46
29424,15338,13788,33411,52
22594,9238,26525,1791,100
4836,32347,26740,28750,46
32445,26700,27841,26321,60
12382,9220,23379,31708,134
20767,13900,34264,23727,76
38421,22696,1692,2534,101
4952,3330,31024,10751,60
10530,23344,298,24397,89
7619,37779,15870,22190,97
25908,21094,25782,22638,156
30509,16934,3353,22754,83
32409,33407,19869,36484,57
36266,10254,19664,1663,90
27390,31872,17532,22144,78
4815,22053,34811,5743,58
18302,27959,6362,17408,106
23341,32731,7636,25574,112
7974,31131,11493,16145,69
36374,17715,29441,35552,102
24887,23436,6409,38406,92
7872,27265,6958,27206,31
31205,15360,4954,16864,43
25222,16518,11293,2768,60
33471,4625,21442,4255,127
33155,17647,34159,7812,78
37255,28161,22874,18361,103
9427,18398,19073,29299,58
16051,28716,1953,10992,87
23309,7883,18905,4069,116
27221,3911,32397,34652,62
13958,37668,32400,32282,53
1709,12241,7709,24000,75
22074,24018,3225,27300,51
7030,27449,6487,30869,53
18866,31992,13000,16887,80
29657,4751,34707,4061,68
6013,4540,19720,13081,91
15224,142,21500,27795,86
37125,34634,19968,25114,32
2343,26261,21451,3254,106
12136,24362,8681,7640,76
16738,20470,18195,25564,69
960,29007,33074,888,75
18116,10830,31018,31265,62
35666,33335,33025,13033,149
24387,30035,31786,34689,59
33448,22244,17522,2277,113
1229,20291,19268,6256,58
35286,27871,15760,34788,125
13106,32484,11651,33482,84
9286,16888,9363,32348,75
5479,18398,12393,37736,86
33200,12358,13111,16809,107
1774,35318,4027,27427,122
32356,3817,34067,11307,69
25993,15391,29264,16082,81
3403,33003,12263,11585,81
17425,7598,36105,30972,68
33522,216,34649,21183,85
13625,10523,18385,18958,61
30208,5594,22220,5752,66
32498,22757,12147,27184,82
25032,18009,30467,20342,43
27290,21873,3910,24063,79
28593,36231,12316,29267,62
30881,24172,10789,23635,93
18219,19097,17404,21482,96
9754,3885,16123,23254,175
22761,33223,36822,15371,90
17391,10234,12298,1614,124
37697,29599,11442,8764,59
18207,8512,31796,18160,85
35347,31559,17567,996,124
12239,19155,31613,34043,69
7104,13567,16026,6250,85
3809,8685,2341,2498,135
12356,306,21213,4860,94
13595,7612,897,7241,54
23458,10825,13599,28712,99
20666,18181,3302,28160,64
12898,14651,10590,34887,81
19535,26335,31531,30273,60
36085,16260,3476,36781,78
7218,5370,3860,5393,73
1829,8680,24479,33873,59
23552,14676,31717,16081,121
34845,16934,18820,10954,47
30411,10109,35365,15828,155
24376,12813,6124,2426,116
9334,16561,33491,33101,93
36853,36126,18224,26294,63
8398,36934,1624,37761,80
34549,31779,22984,1856,92
32619,19798,18020,7818,50
16731,17494,16115,23454,122
23,12397,30920,16686,57
7519,10255,5524,13115,115
33365,13699,30362,34169,67
23012,28075,18065,8747,109
12068,11654,17662,25751,102
10611,27481,27102,6965,37
32476,8294,19146,2265,71
21992,27976,29733,28915,68
25508,22933,19030,10564,104
25882,38619,3211,37583,79
36804,8406,27508,1102,58
9249,12258,18070,5623,90
30775,12038,32479,9150,76
33881,6028,5361,30836,63
34620,21057,6900,22673,99
26764,36858,3449,11492,51
25822,13812,36359,9488,93
5320,15191,33767,34186,38
28662,3975,9802,2377,138
21903,10990,20755,4531,62
13844,5388,31264,982,53
8707,6930,36156,18817,50
13976,25553,21802,12920,112
31259,463,26670,7885,44
14543,36357,9193,23271,108
36896,36304,19186,22677,77
1035,34020,13203,29382,70
34778,20273,21018,19058,60
24759,28944,30925,19836,31
37519,19947,11317,28233,68
26605,21328,33116,20550,85
3524,15888,22890,31182,97
37993,22607,33060,34575,99
10680,8459,2729,24203,88
5545,7848,15034,16991,47
10120,23509,26746,1264,130
38513,9213,13800,37721,70
38757,15800,34931,16896,57
13790,26281,7019,30200,50
33409,25196,21070,2017,94
12146,17684,18302,33382,103
32271,8664,21284,28562,85
30073,34975,22042,7239,57
36127,495,27292,29434,30
13697,21465,21947,1670,101
8529,34062,10588,5341,64
16192,24384,6334,38522,79
6859,10035,23762,36959,122
27303,15875,21770,29444,65
9487,21278,19587,1932,98
34725,2527,7267,9975,99
136,6783,26596,2009,45
19653,18406,20427,21088,72
386,19550,8618,3897,75
23584,11675,35639,11577,128
8558,1234,20541,9505,69
8428,8755,27326,4600,60
19199,37773,21235,33347,101
16869,32408,31866,7544,59
21228,21870,10808,33376,117
27999,17690,22027,33975,87
37205,29709,17733,36023,61
21174,1212,11290,5457,84
35735,6417,15806,32336,129
27218,22738,30062,31742,86
22614,36473,8600,28844,89
25078,27384,14556,22217,43
7088,17639,24257,11554,52
35589,7642,25832,25737,144
30436,30316,19963,6754,49
18098,33329,16158,1692,100
5334,37628,20380,16184,71
7837,17732,17361,34023,77
32442,11496,35472,878,92
34131,28840,4880,30312,53
17527,11446,31619,24497,69
17627,234,34919,29729,44
19621,17599,24383,7686,57
5355,28081,855,19740,64
28804,34952,26773,6080,64
13211,3794,36442,12418,127
1055,13748,7851,13671,60
3116,38608,28721,36173,47
13982,32329,18789,18257,47
27191,9476,13269,348,77
33873,25117,21495,119,62
10819,18200,12249,22086,96
33013,202,24937,6181,68
8361,28823,7180,9011,68
35535,6973,37841,34589,95
18400,15089,19784,36198,50
37628,27930,21151,29406,100
188,13992,17761,1500,65
29467,20447,31267,6437,48
35462,20272,31930,32494,90
1869,19828,34732,15946,67
31102,10262,14572,25730,106
28166,777,12344,7612,92
37948,4859,12013,13957,81
27763,7784,28861,11452,66
31152,10987,27399,34564,44
32303,3242,30764,26661,44
14657,30023,26402,15183,50
31062,22962,2678,10659,108
28101,31525,33387,18951,85
30849,13671,27010,28554,39
24264,2009,31667,27091,57
16518,62,12986,36037,72
37900,5426,32363,7109,51
31269,25993,4604,24376,69
19617,38387,28760,4020,65
2551,13843,27377,10653,75
6175,22885,37185,1527,107
14478,1097,36012,9405,74
33902,1963,515,15387,43
2379,209,3271,15256,64
36506,13999,34763,3756,79
36118,9118,29667,6115,80
25631,37259,21793,6844,82
38277,7741,21490,23529,117
33831,11394,10258,17668,93
37111,17476,30436,37709,83
35353,33173,37781,38544,112
36146,18320,16248,28155,97
24313,5405,7181,17524,54
3780,32250,25029,34927,61
12790,15519,10738,21007,113
26468,37058,26553,35401,95
16502,27959,3312,11000,75
17415,2401,22196,12252,116
25232,25187,15065,22206,38
6348,11275,13627,20468,57
27127,22123,18116,18319,68
15790,11346,11697,28656,65
34199,442,1597,1179,53
29396,3139,22503,15209,66
36138,31004,27211,30832,40
1138,19008,36008,10712,62
38435,26443,10002,22863,105
19746,30969,1054,29423,38
37555,29369,14414,37822,64
34179,9391,15275,27200,49
13916,3218,23757,31824,103
16033,12131,30846,21256,117
20568,22531,16567,854,71
1602,14384,15030,10071,88
33834,24287,23511,38428,75
15493,12309,367,37648,68
30885,386,34774,32274,32
3798,18162,32498,19046,76
7544,30862,25019,30324,47
16898,13833,36448,37637,64
32022,31580,33239,6338,107
31564,38333,14564,13769,54
3793,33242,3200,15848,116
14002,23325,9884,15500,121
25100,3390,31911,25171,44
11696,11287,22860,8280,81
16805,27900,19594,4746,59
32545,12258,10119,19969,92
29007,33016,26697,30336,69
7615,2348,996,8315,91
10570,37973,14548,25865,94
33374,22784,34886,24282,84
2752,2536,12781,3059,125
17490,15775,34839,26410,79
30019,5580,26293,33922,51
6847,13181,25508,6417,114
31163,24225,26254,18021,51
448,35322,29595,919,84
20337,18465,1629,10204,90
26774,30812,24767,33766,34
37905,7115,7653,27932,75
483,5492,29389,12330,52
3436,37584,6448,5338,82
36436,26531,12006,3475,72
24061,12203,9054,31864,91
3288,33986,25965,8593,80
33806,3868,25757,18054,107
34778,3889,4922,5667,76
1751,12768,12438,19851,95
35274,37104,12984,29491,114
10806,19151,18110,27973,76
36916,3920,8392,37938,102
25088,4000,15438,29516,57
1178,6347,7168,6368,89
1815,24871,3167,22179,61
32537,22971,1266,20688,68
20366,7103,10032,30281,75
12964,20669,29388,2610,81
21229,1135,31636,8658,107
19599,22892,29645,29587,54
8638,25121,11536,905,52
32571,14344,9795,12345,98
4896,13266,4531,849,85
32757,15043,32664,1960,44
38481,29658,5608,21188,65
35565,15277,33218,37795,115
21417,9153,19701,27345,82
34059,35667,29761,19719,75
23477,31934,53,10662,104
18885,27442,23575,33887,71
18272,33766,23361,12809,120
10630,28651,37622,821,76
4510,13198,2340,34545,97
10996,32328,3054,35015,52
3360,13701,1141,27306,49
17022,38508,11005,37723,62
31865,19791,30163,16694,59
38634,23511,24043,35545,122
4840,6007,9008,25080,77
28942,27506,22633,5752,68
1518,14554,9944,25609,116
23623,25245,25161,5507,70
24516,127,26759,14523,39
29370,24127,5569,26320,37
24752,1612,22966,16905,74
15948,10082,758,31714,123
29405,11521,10201,33766,71
32527,21824,24041,2317,77
17690,18416,7618,62,68
36007,20468,22653,13908,71
29373,33068,19552,5341,49
33330,34970,10727,11654,67
8773,37148,33112,29379,67
25014,6484,13879,5361,60
30882,13847,3881,20729,67
34849,38393,33372,9109,68
30763,29689,37597,1561,58
14752,23659,11720,25658,110
33444,21919,3001,38518,70
25770,5726,16564,19155,65
25083,33485,25647,31694,90
31112,1898,38550,13841,48
29434,33472,8535,21280,96
34898,38421,7742,15147,37
13788,19032,21916,29687,47
4950,36487,4810,21307,88
5594,24363,17357,9098,75
36945,15304,36402,28207,67
7658,32574,15779,15968,90
457,4599,28652,25702,68
33521,9003,6195,29746,91
3196,769,31852,20408,58
38329,37957,9477,33308,84
38371,406,22877,13081,90
12862,31558,4210,28708,117
28187,36157,10587,29507,70
18929,14683,31004,1017,46
25635,3942,25538,31743,138
31738,28597,19257,35612,98
10588,9784,4763,10905,106
20592,31030,31982,13942,49
11397,29675,33011,15952,74
36814,327,25807,21362,101
12313,38630,22724,14329,87
15513,37509,13520,9986,93
15054,14407,24086,17334,55
3910,18247,30209,18068,100
25131,24080,37215,14393,39
13205,16998,26421,18026,82
6113,26632,15991,24837,80
21169,33335,33763,25759,116
15761,1044,1088,23001,109
33331,15378,37807,24377,68
13001,16766,18262,37714,94
4019,33145,9416,36446,113
37017,34954,34775,36887,46
10616,34795,11730,6988,47
12849,6380,26011,488,113
20561,11595,18760,19913,24
11541,6146,9020,14599,82
25129,27871,32386,38335,44
8617,28653,15125,4240,83
16694,13807,8643,23289,97
25574,33091,36861,9885,126
7883,34876,19535,34255,39
10730,3128,6303,11385,78
26346,15485,22749,10123,108
2278,6818,24341,30286,70
33078,32611,13921,18200,68
38740,16735,2361,10082,100
16110,3447,5622,5325,71
30938,28184,11508,38381,53
12189,2739,23315,27102,122
25739,31562,20508,30279,80
13667,21151,30920,3175,81
8663,33158,32675,7018,63
22692,38415,16843,8557,77
35599,5326,7640,25845,120
3225,1951,30901,22532,84
12958,33352,31574,257,96
10930,10817,19185,12490,80
1514,15489,22906,26627,80
21353,24512,18248,318,79
29713,4701,28766,20726,32
1170,14639,31090,12414,70
33106,15937,35671,34222,125
18783,36250,5570,34560,42
24161,5002,28582,31224,45
18875,25206,36357,13567,38
19063,31827,23754,35291,138
16950,9440,3516,15394,61
36421,12762,28241,4248,125
35384,22115,36128,27760,124
10243,24836,9385,30235,97
9109,19126,5470,4543,60
2679,19702,7194,10926,71
38264,31127,17585,19139,47
35667,33444,13254,18034,142
6046,9309,36343,23519,128
247,7238,4757,9200,55
37961,19165,10225,11602,88
36467,12904,36951,13140,109
2474,297,6787,13805,62
9425,25607,19543,27852,98
20681,434,10217,17471,82
35565,38567,22166,15174,93
2013,20595,23767,31776,98
33478,23623,4122,23528,173
4858,38438,9,30493,43
32716,9404,5540,24501,57
8362,23413,9446,30129,119
32526,26553,2723,8265,77
18860,12083,10986,28733,70
3477,214,21459,14611,76
10242,4911,25186,6318,97
13512,27081,36958,36090,48
26768,12924,33360,23024,118
35317,34589,8019,19148,86
2718,15065,9302,22726,112
34199,1678,35773,28900,97
24469,7871,29278,34533,37
30328,4818,22045,22172,80
27025,19156,27303,1007,32
15471,24329,12794,10170,104
10020,9901,13933,3495,123
24962,12146,29582,38330,42
11669,18341,37175,20594,47
8692,28218,25657,24420,94
20741,18381,124,6342,60
22193,33097,28970,11554,73
1916,3986,1016,10994,102
24930,5408,6966,9993,70
31573,5657,27288,16951,51
6139,20501,10245,11733,92
9981,13617,32624,19997,75
19202,18447,37859,28558,62
26003,427,12483,1056,90
25523,1202,23020,27253,98
18439,26610,2393,35675,124
29759,24462,12326,35696,99
24983,33320,13144,22252,93
23535,21490,1703,7600,132
8658,23723,23293,1253,143
4194,8613,312,1121,87
30462,6001,7530,2319,102
3022,16951,38545,3998,72
12032,25137,9242,23541,113
37173,19968,20303,22786,63
4009,37638,35772,38659,127
12267,6058,11383,33770,81
19637,12440,11552,36315,62
23401,34934,38679,756,83
3291,36927,38540,29695,38
19741,436,30910,3080,36
27854,16631,15790,35003,80
16824,22112,7799,38294,56
36115,8431,4603,12842,90
1703,15217,11417,18377,58
19869,29287,343,6229,48
27252,12412,24175,18185,63
26616,15979,1060,19637,69
12322,22690,29326,24141,83
12762,7643,38402,26359,72
30434,7699,21888,13949,71
11362,29328,35599,20457,72
15203,27914,19933,2355,78
6932,15381,21326,34726,67
13585,22550,9489,25681,117
21061,3291,25599,24125,103
12368,19692,10784,6383,90
16775,20507,12475,13636,56
16272,26464,28774,21941,81
31257,37672,32553,24180,51
10226,32583,6417,3397,102
37998,10763,14507,16256,91
4893,34569,16166,3447,69
23558,24993,15245,21177,107
25826,27233,13908,26368,65
15984,18151,7190,4819,74
981,13024,31720,16637,92
15815,9923,20766,22078,107
31211,3389,19896,12969,69
27797,32407,25810,493,78
18999,18076,12868,10866,87
37600,1056,31707,16734,77
25137,8443,28070,27780,80
38763,18307,14014,28972,50
3396,7611,28835,31184,52
2275,25591,21003,11264,126
19128,37714,25143,5612,45
2578,15152,4886,2662,94
28121,36780,10038,23662,143
5475,33388,7653,19210,61
3912,30362,32731,20616,70
18042,21039,32592,18148,92
19889,29012,16590,12998,68
9854,6017,5323,23542,144
27499,25899,36876,38417,60
18380,22545,8644,37512,105
2692,36944,25580,21293,131
26007,25057,25915,31690,99
36472,24376,38274,24820,33
22617,20673,36146,31729,82
24091,19980,333,25733,57
37137,32641,11727,13926,46
21913,2723,10563,13229,121
19241,34053,22728,29677,59
18267,6954,29557,24466,40
31273,16792,22234,31872,69
14625,33411,10759,14461,73
15418,19154,28983,15200,34
13253,28613,19131,35727,113
18095,5508,7810,36809,63
33004,10835,271,28505,67
16076,17302,20531,14638,73
1642,1909,23756,10590,114
979,21494,8523,6312,115
37597,4032,316,13247,111
11665,24964,28175,23420,93
8763,1229,17311,19694,71
32013,23758,31097,16504,97
4532,26765,2420,4856,76
14537,18043,36030,38644,53
24189,34211,35274,15015,82
13656,9356,31056,1908,71
14666,6382,25877,17403,106
34974,29298,9800,10258,108
9824,3216,13723,328,81
22671,23680,32525,10878,122
30927,18367,4950,29298,48
32534,27013,10084,29262,64
23303,3754,11619,31147,114
3756,27199,31748,33372,97
22089,15311,3812,25187,77
9824,6311,2406,11346,126
5449,17617,7236,1948,65
28507,36051,19640,9249,62
30985,29729,13169,30794,63
30269,6969,37969,14490,61
26511,27088,8344,38555,42
28829,33000,21436,1250,101
5677,6493,28214,5745,84
36270,28135,15241,2469,88
6459,18033,54,37025,73
31868,2421,35264,38773,121
17647,15987,21387,8542,124
8690,30413,8605,10770,82
4532,5724,6395,32018,82
33102,25547,18062,7940,99
30421,24436,3347,37687,65
4858,15888,2379,24072,92
25666,34225,17769,10850,93
10831,19963,16139,20758,63
4251,13813,27460,25177,62
27904,22734,17340,17569,120
34060,10589,26723,28217,71
26411,10790,1098,25147,55
25211,33013,179,37093,51
34992,17008,19135,3146,39
1005,6925,16700,28855,48
5473,22265,7186,32284,51
30187,37879,25567,146,84
9006,32755,15880,22785,109
19786,33844,29338,14748,31
5531,10531,2415,36055,86
14733,18797,7062,4106,67
6965,5297,12215,34204,58
30484,3770,34213,7590,85
1917,15906,23420,34822,113
34217,10207,6972,12972,103
15795,21163,15414,7132,92
32728,22009,21169,36071,92
25206,18924,6160,4746,55
18475,26298,26471,27908,72
16556,6971,25036,31614,45
36376,4657,29715,7761,50
34825,17592,21286,33252,105
20418,32438,25823,16776,57
16228,25665,18955,35434,131
6953,38557,4996,37271,41
21179,236,21287,4064,136
986,20627,25908,263,62
18503,1136,11757,7083,55
35684,7560,5323,33963,93
28941,21169,16804,28766,79
13220,8332,22144,19986,90
27488,22682,28061,38259,77
16058,13788,28920,18460,78
18294,5000,27119,22891,78
9359,25945,9252,23426,144
36818,34920,12110,13528,66
800,37057,16141,7002,73
33787,19071,2676,6482,83
30769,20303,9010,28989,52
3321,30516,1001,10984,72
13791,18141,31757,34592,65
10763,6305,8602,32484,83
1609,12834,25880,28005,123
34019,24913,13584,958,43
6307,3421,26630,801,76
19217,5607,10500,37762,64
8024,34873,19899,37947,54
25751,16826,35599,7704,119
1119,18201,8265,37833,83
6478,18271,27466,30811,66
20274,8010,14452,27510,34
6991,24378,6420,12772,87
15013,11391,29489,10154,70
25070,4634,33983,1732,46
32013,21976,26728,18225,80
30,25589,20283,13626,57
24058,7204,6353,9276,76
10523,27191,25156,486,35
37094,17357,28863,13128,92
29604,34933,12388,34730,50
25127,36764,20263,7553,36
34832,13053,1031,1616,85
38563,31710,6,19539,41
34936,32004,2688,19595,74
20741,36752,33296,34880,52
16068,13635,36279,9018,90
38737,25099,2373,3281,58
11603,24810,37816,17636,63
18761,24141,34988,31895,47
33909,32708,16261,5745,62
15936,21137,30903,5535,99
10106,4790,6162,38710,99
32704,32024,22905,18510,92
7509,18180,25747,23405,124
33866,18288,10174,16130,110
16854,23515,27179,20774,69
29742,14684,34541,38292,29
8764,1592,35747,24096,106
27346,24166,14018,14754,38
29692,18792,35304,26436,78
53,31705,32634,35639,94
21774,38720,24068,28016,66
22734,37620,35457,32413,128
33967,12102,29550,22028,67
10271,19796,19961,11396,70
16093,24075,24355,27500,55
37992,18281,19199,7252,57
9789,37586,2305,33395,135
2329,1904,3063,21841,94
37244,17473,31658,33296,92
26747,6880,13835,18122,52
20645,14733,993,36083,48
5474,22934,9782,17460,126
35005,125,30199,25048,35
18094,18278,21021,27879,112
12072,13588,10748,19691,71
36458,19036,20648,5005,38
509,33071,31609,12446,87
30426,9087,230,34038,61
933,5256,17340,9493,84
2613,10967,16834,26725,81
4218,27278,27798,33286,101
31880,15304,19979,31234,48
9346,32690,19060,27866,70
34104,14571,15371,19908,35
7019,19836,15042,21884,45
34844,23323,28245,19957,94
9986,25667,6141,306,122
23674,1921,38435,21307,121
18330,29298,13774,22121,61
31754,1020,10107,13897,103
9021,32755,2568,27843,100
3131,25679,24151,12839,98
31803,29303,26002,9000,92
21439,22752,28206,3863,154
9097,31874,12817,34662,99
2723,20308,16550,3316,63
7846,21388,21764,21060,128
7030,37874,11566,30277,59
4947,16627,8365,23683,98
21454,10942,8341,14374,99
34639,30882,32504,12968,65
18386,19563,1873,31030,56
23006,19911,34549,24485,63
25897,30795,12148,24845,79
1960,35437,37931,6046,132
23712,37784,26648,6493,120
11668,29650,28186,38450,47
36893,37567,30327,18911,63
8315,14263,25502,7515,85
6789,22996,24872,27032,54
33414,13864,11011,1120,80
38421,16560,24296,30502,43
20599,4218,9355,14385,84
27154,2735,38367,32771,53
33056,25171,21874,17577,80
24953,1069,427,33905,36
6030,33470,18894,26599,77
24434,36518,37195,6754,47
24830,33165,32418,25998,74
16933,8731,3169,23665,98
35623,3366,31958,2622,130
30989,1696,12086,9231,88
19615,8661,32350,33895,44
33943,23021,22746,34127,98
28241,7848,13196,35599,139
24496,8419,18839,20291,38
37567,3256,13788,14024,64
8673,26277,38365,11372,48
27269,33299,12813,30843,80
6780,7665,2445,9051,87
30785,21186,9928,14331,114
24796,13122,17773,1513,88
27987,10775,14488,11586,72
15524,12226,25682,13914,87
6940,149,10262,37058,76
990,4214,10976,28696,94
1609,15258,13130,22123,91
27151,38763,22869,37983,73
30814,34542,14024,16677,42
2435,16631,34703,36171,71
12304,12433,12769,21756,123
3301,1680,17716,37069,75
21861,30188,27238,29259,50
20492,21823,15990,37133,74
24164,1775,24437,13884,51
15278,13261,37055,34839,70
1622,16699,3378,17466,71
24226,30069,31115,25616,73
25771,17381,22095,14355,98
31093,12238,19776,23761,98
35695,8464,5307,1713,109
11478,24362,8440,7718,56
38543,13750,6841,37002,40
17421,35609,23337,37558,158
22000,10947,25726,33378,109
27421,33780,17592,21056,83
31554,6026,33309,3973,125
25253,5482,7141,18871,28
20407,7187,37851,13812,46
34985,26729,36086,34922,44
25868,24491,10779,13690,80
28645,33469,32719,19266,53
15273,7759,34580,4144,74
7050,15150,21413,26418,71
9520,37115,20499,11388,55
33499,24794,38732,5278,47
20607,15377,23269,4601,76
11435,19919,27379,18754,26
1813,8319,37816,20423,67
35282,27087,29733,4521,78
29253,24459,15145,8013,37
934,34540,6481,14607,70
10585,16071,10201,925,121
26548,9006,12230,33044,97
33456,21316,6803,22709,118
12045,29700,4810,10203,96
37107,3443,23447,3759,123
13129,31509,34561,27191,75
26353,3513,30891,17374,62
22559,5325,27952,14354,92
35506,159,26357,23704,126
31831,6793,20377,24973,36
28770,38288,27464,33881,30
10777,3413,32275,11695,54
21286,33787,25608,13099,128
17489,18227,25042,34258,58
34049,19607,35353,7639,87
15061,1698,23250,15197,88
9090,157,27201,21101,82
16571,9102,36304,32390,63
22663,22897,3288,16123,127
25140,31171,21354,3862,99
155,13819,18287,12341,69
5603,28841,15827,27357,61
18189,11307,32500,38412,43
10979,21760,35719,20008,108
6875,34188,15955,19061,55
10811,6486,13786,25224,70
3063,30475,37192,14756,59
36827,10769,30879,31891,71
1876,22076,36426,7886,76
33305,29370,23616,1808,103
3821,35296,15475,26454,118
16812,10646,37146,36263,64
23473,10784,23345,382,132
25748,4953,10062,22897,138
20491,13052,15065,24019,58
3178,30879,3465,19180,44
11767,30921,15378,27358,32
35256,25258,953,759,95
11633,27132,18086,27044,38
1848,34639,13085,22269,91
19939,24392,22164,32356,47
35606,7838,3281,30958,96
23337,33117,19580,2715,121
6320,11571,151,1271,66
22847,33320,11518,19743,83
31882,9234,9429,14570,92
22892,13156,6415,21266,155
33753,12935,36087,17291,90
13799,16613,10645,21800,70
28502,18233,10791,31966,78
38442,6294,26255,4844,63
30780,19092,7040,31943,47
17378,6884,20571,21823,59
38634,18316,28862,9855,85
26362,26368,28071,34895,60
31157,11632,14442,12500,62
9320,18803,481,33984,49
21217,35313,22738,13048,179
20368,19812,33233,22790,75
27875,36267,27109,36995,63
24251,19903,28268,34761,51
29269,11357,31924,8747,59
30346,18781,36792,21157,83
37120,10789,10169,15015,93
7813,6266,3836,12842,129
7842,26397,18048,146,54
3063,15780,3983,28752,101
16931,3249,9211,771,71
33235,15212,18056,13629,68
28932,18105,37108,7008,54
7670,12508,15983,12478,109
36051,31889,18246,4091,102
36382,7256,7940,23516,91
24478,8567,24221,34934,47
32616,21389,6875,18171,79
27236,38267,19031,28222,43
9878,395,25962,9970,138
6831,30821,36923,31185,42
29560,29550,31969,36508,48
24286,21411,7930,13622,82
31046,23729,12031,17006,103
30420,5667,28241,10769,80
37266,31790,30205,27934,85
3973,24475,31828,22655,115
10756,3023,22162,7599,76
38024,31764,34940,8358,77
31788,131,1615,36093,66
8510,7761,18475,37580,81
22914,12344,11667,31097,90
37873,5615,34570,28159,72
23707,38291,159,12782,102
1223,20715,32418,4645,42
19793,12876,23286,19149,103
28234,18055,9884,37150,111
2663,16893,11724,8322,78
36245,18341,15977,24345,78
20501,20720,27230,37829,32
9762,29449,21206,22613,136
32266,27972,2011,36944,71
25609,7689,12174,879,100
17317,20518,22961,28823,80
33951,6108,4098,22258,107
35479,12090,6493,14625,130
27072,29417,18947,20659,16
9877,15474,28060,1081,102
8322,19101,22756,36042,83
12114,19879,33460,19621,69
37503,21420,18394,16749,99
23266,28777,28942,26348,88
10084,9393,9249,27814,132
36015,19250,27358,16547,37
1154,15888,16606,8412,83
27960,9935,13602,34839,97
3848,28175,14495,16931,93
17568,6273,29420,37852,86
34092,28952,9841,6832,76
20291,26376,3153,28085,56
8263,17367,1840,34014,76
13708,35742,4924,2498,119
25243,33789,15770,13608,58
23764,873,15506,36185,94
19866,29502,35323,1917,86
12275,21816,38313,6207,91
29432,16231,35505,5290,105
21186,35721,30495,15055,126
34874,24109,7186,20706,26
3952,10054,25514,36514,142
7058,17493,6873,13557,53
34929,19636,9273,7153,49
18811,34885,11767,37740,48
13929,4702,3865,17713,95
322,2386,27201,14634,58
14280,19663,10521,7650,56
34526,5642,7778,16229,69
23734,22145,25174,16879,90
16689,2416,18312,8350,88
1720,25642,37829,33060,107
1068,33433,28732,11607,67
20465,28699,9153,29559,46
33202,1697,3824,20465,91
12388,10919,32532,27980,88
26513,32413,37056,16792,46
19678,35585,10241,3081,124
3285,8574,9945,12320,113
32263,16145,26715,35663,109
27969,10520,31206,36793,75
28755,34046,34253,19963,36
6770,10844,24087,19140,44
9886,8426,8299,3293,104
25043,12789,24387,3447,65
2604,10136,31162,31770,118
11401,19697,6847,16562,34
11623,7931,9299,29596,58
24887,26626,36816,38727,35
29533,37122,31538,3293,57
5685,4172,1770,12182,104
21146,13014,15812,15301,124
29320,10874,7838,8497,63
31585,432,24323,2444,75
34064,8347,3036,18445,64
8626,27355,13143,14022,77
26495,33267,22856,35605,135
10264,34723,28210,11526,94
6144,3126,92,5664,64
15965,12086,20564,1967,85
23594,6197,30929,9333,122
11313,7216,16701,15774,61
30890,36041,32325,6941,41
9831,13191,3809,2699,165
19747,25585,38584,30158,65
15444,32592,12039,2376,82
7827,35295,14271,1850,104
3284,29448,22604,25252,61
24984,15467,29488,15857,48
34647,34266,13773,18465,50
2389,35414,36466,7858,124
31720,35690,21424,10257,172
19515,24921,17581,23658,87
4909,6245,7643,10245,110
32415,22237,16244,31218,75
5397,27222,17359,36454,58
15080,31105,27263,28244,50
32605,6810,27057,30453,37
30921,18009,22882,22139,94
34247,22077,37084,35603,104
6335,29339,11546,19948,52
8689,13045,14773,36497,88
1665,27433,13941,15183,45
5650,3169,6027,10161,106
18084,27918,22087,38748,77
4723,12518,13245,36276,99
16893,34266,25932,35376,112
29414,15084,21196,3474,70
21450,10897,27933,35285,150
25738,20633,36190,31802,78
6154,13829,15290,2655,89
21177,34809,33472,20304,81
449,12021,11331,34744,54
34920,9060,10050,28183,112
27096,32015,27140,15047,40
19592,21356,6920,11755,67
9406,29629,14474,15186,52
32764,31117,29760,9440,50
23595,841,1691,31617,114
33896,19838,11009,2420,73
17710,2497,15218,23483,122
27230,932,29463,31998,50
10673,35409,27074,7815,98
13146,25166,31592,15002,74
13501,19141,13512,11426,42
10855,18759,5361,4085,82
33333,10140,21179,35626,175
18294,36890,33113,12870,101
9860,36446,10586,31229,96
25551,27287,20268,3089,56
19004,17401,25932,17315,94
30955,32343,32014,36859,57
37254,26392,31786,4711,65
33954,12958,2747,14729,96
328,2288,29592,6318,78
12083,19234,29488,16112,73
28663,809,33032,5362,69
11377,5490,31856,37261,61
27884,18152,38370,15978,86
10842,6341,11774,17595,90
38397,18250,22560,36020,81
15870,15890,17299,29506,96
34894,2255,1572,9146,92
31096,12827,6810,36466,72
9495,33037,26508,20297,69
25751,22909,9025,17585,130
22844,34881,29506,6221,84
26615,81,37578,322,48
37509,36938,28534,16634,62
24519,38755,2644,10991,72
33103,22120,28871,10846,85
22718,33378,29532,34784,79
37898,7252,7974,37822,71
38472,34745,16791,31102,34
2525,113,26431,28594,66
16748,37944,10244,33170,110
34919,22600,925,19798,72
36764,38360,25804,14733,68
18511,3322,5309,33076,73
21210,21521,35603,30253,162
25662,1637,2636,10901,114
9386,10834,23335,6502,134
28164,5293,36460,37795,80
12870,30204,31585,12864,120
399,19617,22584,3468,66
131,3181,25973,7799,72
25686,36837,28708,26508,75
17744,10638,15356,10099,104
1893,31147,10617,35690,108
8514,34240,6161,4520,76
29627,24443,6057,10968,67
9750,8636,21109,37882,137
21243,26745,1187,17701,100
4249,960,15835,33003,120
10031,29531,38469,35591,113
18114,5370,10505,33442,81
1541,10981,30354,31857,84
27484,15979,35714,23443,145
17630,31960,33237,27001,81
31629,22854,28187,3128,106
9433,18828,34151,2324,79
32545,36156,28197,14459,64
4658,7970,10815,4131,94
37685,29412,18283,5021,62
22257,20501,21918,30871,60
17313,25642,13012,38492,106
12149,27412,3795,38016,100
9201,38760,25068,34883,44
3377,31214,19937,10869,52
31984,36014,7512,27311,60
33108,24272,13702,27256,53
9141,21420,14301,9493,112
9398,2471,5756,24176,85
9113,10084,27325,10064,128
14669,34241,19538,26740,39
17701,35582,11434,14489,104
5024,22181,30499,25960,92
1061,15437,22167,34828,58
5493,4725,18053,29299,50
22899,16051,19510,33348,106
7733,10860,9760,8281,107
893,15958,1946,6190,103
20544,8680,21131,38652,72
5366,10756,34818,29734,46
38289,13737,13912,3505,45
1648,4584,22066,12801,97
9977,76,26574,13532,79
37177,27254,7009,23286,78
4810,4669,12758,4932,81
38724,34202,3356,29339,32
14344,14380,22949,34070,73
10941,9836,29007,28908,94
27231,3373,9382,37116,61
34726,5624,33013,16264,80
27257,7702,37109,33495,62
10529,34581,13254,24474,78
13604,16084,4004,2633,124
10718,14676,16832,28990,57
3820,868,27853,30776,98
6962,30298,22626,6511,97
26303,13571,6910,8737,53
27439,27332,5496,26578,32
25863,14556,10156,27305,100
7896,1681,28536,23765,100
320,9046,24464,22720,83
12267,24457,33485,7242,73
2020,10196,2521,13222,143
4888,10128,33411,21421,133
1681,13103,10649,38724,86
25768,18923,17649,22207,92
13022,12468,21795,29709,97
23595,4877,443,36314,88
19011,38619,27950,8497,60
13020,14478,7881,34729,75
8392,6513,26306,30369,83
12767,9916,1166,10066,153
9932,17688,1502,16949,105
37555,25222,13239,8346,87
18981,15915,10534,26703,73
9781,5371,6427,26435,104
13124,8706,1756,28924,92
20673,16740,5661,33440,52
30023,9452,36921,1757,81
33419,23761,34553,5508,99
34264,23699,23596,31785,137
29017,804,11339,37129,55
2657,106,13637,20754,57
6323,18957,4013,404,86
24451,33192,6225,16879,79
4263,14325,26652,2357,102
37258,10184,28082,18231,111
11254,30124,17485,21137,98
25675,2300,16705,9829,131
25978,10688,2773,9222,122
36755,34059,33473,31758,75
11507,7221,28233,38471,50
21402,21173,51,26691,106
32436,31230,8011,21220,78
116,16092,15260,4697,61
9382,14557,6019,28986,84
30988,24752,29417,30979,27
3235,6210,28555,31694,82
16976,9125,8412,36131,76
12252,9206,35286,19802,120
37128,5418,36077,30855,53
16852,31141,19523,505,33
22553,11330,28773,27142,66
7762,13036,34540,8481,84
924,25180,28660,34561,41
3866,28168,36013,4098,128
6768,12232,17577,1736,83
13005,26372,36099,37716,91
14515,867,31544,34544,62
21420,13954,16130,15237,98
8637,15058,31564,9893,101
25750,7941,23772,14474,116
19578,13503,32622,30184,45
6104,316,28516,30275,68
4025,21465,86,12300,122
30018,36014,21919,38435,63
22111,14636,37736,4757,74
21034,1521,17314,31625,114
14513,2288,23405,6253,132
19512,36325,35723,32601,86
11505,22249,6831,3514,55
31214,2408,17266,4023,114
16864,20586,15966,27383,50
6171,8005,23323,28929,112
1909,2304,34929,37991,88
2415,30413,27265,25242,61
36307,13832,34274,1700,58
3131,16960,23612,13005,116
15359,28505,20018,12805,65
34791,30756,7259,12956,64
19803,2020,8706,5748,59
16963,27815,7899,25519,91
967,4518,482,16522,49
21878,25794,37766,9522,112
18322,9039,30121,3782,108
20389,24102,15113,27353,23
27285,24802,28220,21234,79
451,20773,14006,31723,45
36375,10246,2312,33109,127
33403,33959,36396,10064,100
5366,28121,9044,16881,79
24461,19273,341,5657,33
22896,27290,17393,17354,96
33422,9944,24120,21218,128
34549,13522,28006,16871,60
13727,20753,30926,30446,43
10653,28542,12286,9439,92
4177,12427,36483,31081,98
37019,30392,24975,27125,40
10020,38339,37906,27157,81
6855,15344,27303,38596,24
15926,36163,18180,34921,77
12258,6370,27967,30912,100
30126,22942,31847,19145,88
30146,36453,13821,35736,103
12493,25118,11449,131,49
1710,33127,3880,37207,104
22955,15501,32628,25797,92
30357,21454,13776,25514,111
10007,27974,10913,37078,113
9502,10084,11622,34045,95
25210,26442,32008,27047,43
31845,19760,27150,34201,43
1171,38331,36855,8011,54
35660,31897,12422,4132,152
32602,28941,30289,28966,50
8602,9441,28628,35469,117
31014,21237,21349,29616,102
36755,20321,23629,25237,72
14653,24364,15378,8547,50
2537,25144,10106,11276,97
27778,22738,30225,6253,118
258,32598,12966,12900,92
12833,25777,13503,15216,96
25211,28864,29366,28899,31
31534,7984,33225,16872,78
35646,1610,14542,16054,121
24390,22681,17455,8339,96
22106,96,38731,22146,59
13008,37568,12895,29449,106
26572,4900,21163,31149,80
12157,5299,1775,9858,110
4741,25043,16949,15327,36
30770,25055,12471,37945,67
19671,25092,23627,9449,89
9019,28951,3470,18019,74
28523,33858,10955,34501,51
6157,17327,27781,1021,104
10225,5704,11744,2548,106
21084,25601,9757,20450,130
16861,38406,4897,29491,34
983,24016,16247,27081,64
17607,13840,18123,22671,99
34213,12781,21336,15387,100
17652,4034,18182,13594,101
25725,35730,20390,30326,112
833,22092,16124,37846,99
24903,34021,36036,28582,40
27483,25257,30870,15441,25
28874,35426,5475,3885,122
14679,28874,5770,15329,44
34726,21367,19526,10028,106
4140,12942,10205,9138,157
29448,8259,1242,21504,87
25659,27968,1732,4920,98
3142,9167,7796,34167,67
25099,17010,20402,33141,43
31039,22980,25071,37760,77
20632,37229,6972,13986,37
3961,30478,30876,8344,91
30320,27988,7780,18017,82
24991,21505,15826,9175,108
19613,14755,2741,13612,67
31037,12125,31108,19619,56
4954,27763,28802,885,72
23473,20532,23561,12313,136
17505,34079,33216,24030,71
21832,16626,2499,9258,99
13230,8646,18797,20287,68
30775,11334,22737,21499,104
507,18503,18942,2506,68
10200,24162,21791,1797,101
33909,26550,27887,33815,58
38643,35670,32552,2592,105
22822,17653,6995,14582,85
17265,20519,28650,15501,48
4176,4265,13835,9062,125
25890,16118,6108,5406,113
11349,16932,27146,8538,46
25817,18453,35405,15247,120
364,30761,2608,1551,72
2266,19534,6393,31862,98
8290,12062,9856,6026,131
4009,14318,26704,1172,84
30116,38411,27218,17353,53
31730,30810,15389,15408,50
27181,10001,22878,35003,100
26432,14256,13906,37609,61
776,14683,5623,26577,54
10173,10807,30941,2579,116
4922,30774,29386,6446,60
11531,28623,29014,27839,62
28630,23767,9277,27345,96
35401,8319,31594,38712,106
5277,20685,12401,37660,68
30522,36336,19569,13994,53
37950,36826,5707,11759,61
35397,12938,13945,31098,118
30082,20486,13553,30251,51
22268,12470,13883,14598,79
29569,12997,9386,7809,87
36413,34883,34579,6092,64
12505,25508,30997,2351,112
29772,18785,10705,33182,59
8361,20544,27398,24286,36
27184,30785,1120,14682,44
38298,26579,21189,36489,77
6772,6174,19730,6490,77
408,27446,31924,25037,37
28551,27213,14009,31109,39
19725,9919,36142,12216,100
17022,2471,411,18506,73
10923,3766,21341,10737,130
17389,288,2481,16827,79
12058,9944,457,7108,91
1958,29638,32295,13599,45
13049,22046,10700,115,91
6484,7689,24203,28973,69
4701,29297,14018,95,37
21294,6136,18937,31945,106
1662,9520,28974,38723,65
8286,20466,28927,27347,39
16793,16806,11559,33480,59
22957,37214,27824,9179,111
28848,18867,33044,27215,49
37154,26761,25144,22144,54
11375,1262,19927,27179,38
28222,5696,29717,31754,68
33229,6386,6856,827,84
7186,215,5457,98,31
16995,14361,4037,9040,93
6768,18820,14367,19903,31
7554,36160,29513,18035,56
24833,29406,18778,31966,37
32461,23351,27909,9756,136
27795,17493,24387,13235,102
29616,10941,10128,4022,116
21863,10241,37566,18247,116
14605,25996,13693,34909,69
38594,28129,37245,32439,56
10822,13149,23597,32462,121
18022,36807,38299,12386,70
6067,35742,6362,35537,176
2293,36775,3183,14016,78
22508,1554,13851,29434,77
13796,18500,31918,36929,72
37163,33407,33440,7134,76
36762,30263,10531,8333,76
27084,6797,44,14425,29
8330,24824,31231,38382,39
19898,11594,4084,31671,82
21101,32338,21416,16717,107
1949,18472,15370,16824,59
22870,28843,26351,31537,88
23568,19609,1950,5460,90
9380,5735,11666,22664,90
14545,5756,17490,19532,56
18294,10536,2609,7822,94
323,28521,11513,32465,36
28170,7594,2674,23366,132
12022,2561,25110,27976,97
8346,37141,31896,20019,66
34014,28018,26666,12329,79
21090,34147,21210,27852,125
5513,22181,26269,13956,61
19262,31570,19845,23593,88
20302,35656,29649,3080,76
22042,27903,20755,16909,65
27194,11456,7097,31941,45
36182,23534,21465,36080,128
1161,26006,22238,1619,98
3364,27485,1119,30075,54
25947,28757,7184,37826,79
5394,6931,25660,4027,97
953,4572,4519,19161,52
21932,18391,11006,21330,110
31601,24855,23597,33111,106
5414,7720,21251,1941,92
38538,10194,19606,14415,71
30433,21853,28060,21158,114
27300,15505,35257,6491,100
17340,19693,13574,19961,51
17015,1761,10576,17006,64
17488,4537,24448,33310,76
12906,27253,36776,30286,76
38577,22641,37838,38627,74
1056,21076,12391,3129,106
16933,38757,11618,23652,78
8547,16064,25920,7241,97
33999,24785,10145,5694,72
27523,25135,13590,14607,32
19950,22206,24369,18986,45
38683,9218,335,12251,69
24171,6264,3269,12311,85
5278,15841,14342,19645,63
10992,19548,33854,3130,51
25026,3523,15396,20299,27
32017,31640,34067,27956,85
29474,3926,10128,35312,150
21059,1974,32573,29250,76
37616,35747,6428,26299,124
21038,24975,1261,31610,89
10144,6327,23568,12015,162
14314,808,7108,24842,40
16962,17478,6463,14278,81
33209,21029,24120,2267,116
9388,26757,22649,11524,90
16716,26281,18468,27302,47
1536,13093,5419,20303,73
31202,10995,20342,385,40
22680,31556,34695,12171,102
21464,36303,20299,37195,77
35531,5386,12342,10104,146
34955,14412,33384,22098,71
37126,12269,15112,9760,101
16186,19031,24222,22020,72
37242,36512,12460,14725,73
31947,27345,36236,31212,54
35333,37951,28633,22709,132
37820,35017,11624,5693,54
15098,34971,19985,27049,26
16784,12081,20688,7233,50
36126,20466,8663,9805,87
38733,24812,12898,8429,68
23481,19603,36332,7996,90
20304,21929,16239,37519,83
16975,4787,37584,37948,73
31160,7976,25759,34981,70
18451,6802,32721,23542,87
17360,32698,15477,9885,90
17655,11016,27819,31840,100
1025,24914,21367,28573,77
12226,1580,33232,36786,92
16933,26362,16805,37207,49
10178,20647,15336,6467,90
11503,236,18047,20,42
27832,32262,37099,38263,56
22884,23471,22238,31893,140
24253,1507,10043,28765,89
32380,37950,21247,5017,90
14267,15423,33957,1570,49
25554,9880,5346,10134,144
22070,6494,119,8331,83
30970,21203,34080,36866,78
1604,11629,23317,14403,94
37809,18407,28956,36205,72
29537,28067,3011,4220,88
31568,28782,1862,37166,71
23344,31674,35013,3216,98
32447,36439,12271,28952,66
24923,27955,3804,31165,83
1000,27936,21301,8761,111
33272,29612,11000,5600,65
17535,15209,3765,10698,98
19920,20254,31716,24486,41
15315,28964,20374,19158,28
32715,18283,13194,38421,72
37642,54,24757,19634,39
10774,18989,24524,15208,45
5291,27189,9207,35471,100
34094,16767,37083,26388,47
5474,9206,32455,37538,72
31159,37930,36977,36128,65
22708,7887,11526,3522,80
29466,14637,9354,17334,70
28033,27923,37009,9443,99
17491,21985,23006,22760,130
32625,29742,30755,17374,48
4706,7565,17627,27464,60
31146,6372,13950,2325,91
1587,37771,11371,25140,57
36782,24374,15430,2471,68
31868,30982,16582,25219,48
3350,28522,35604,31520,106
31987,20496,21444,31874,94
12039,35311,24404,27782,123
16687,9953,16664,25857,106
15266,12136,33388,33787,74
33777,18027,8699,34752,58
1259,12440,32385,5762,68
7548,13774,38446,22627,74
24104,31230,19032,22863,65
33474,6404,2313,21359,139
275,13904,25956,31986,79
20520,1021,3050,30391,52
37562,19679,19243,13848,49
16076,13621,22073,34039,79
27839,14283,24163,29458,53
36228,12501,16227,13540,92
6440,27520,29747,35499,96
21213,33428,24005,29311,84
5528,5257,36071,34695,48
32537,17724,16742,7818,61
22742,22518,26383,22144,116
11319,7730,7684,34635,50
31110,1579,26441,26310,54
37132,26393,10142,29300,79
8653,29756,27339,13646,42
16108,9388,28890,9327,101
24467,7944,23423,27251,81
33913,4958,16658,15275,42
17407,35351,17291,31591,132
13730,8294,9301,22957,102
29531,29551,19821,38594,19
29555,19877,38568,30158,33
21131,32585,38670,27162,61
1885,23388,25912,35623,164
30130,30157,31151,13985,59
16658,27028,36379,34999,39
20008,22515,36889,38291,66
19806,26684,27104,27500,26
16514,9301,30271,8326,78
38291,26328,23627,6821,76
5321,22532,25862,36072,104
25054,1938,37662,5372,59
21914,21207,6018,5022,114
1107,17448,32018,4703,82
20282,29410,6167,351,44
2380,14307,32734,24241,65
9035,4815,18274,22647,102
28045,11650,33480,29538,69
28805,38589,10566,5010,53
21464,14735,9276,31130,94
31824,26563,26263,1637,68
27386,2470,25726,18332,96
19975,23585,35493,34116,123
36854,26277,3277,27018,45
12837,4545,35544,35582,165
15204,25931,17445,27085,74
24457,1264,2603,20679,65
27331,22736,14736,17535,82
1502,23589,441,26771,90
3827,7115,25538,33358,112
17632,8309,34187,17341,82
24758,10979,12057,29438,59
8507,7517,19972,4836,57
13138,9203,3108,11637,91
21345,34869,2594,2758,124
19038,36809,36018,10689,59
1262,3087,3475,6385,78
13659,24936,5588,27756,56
5313,18461,2693,9268,96
3396,19122,3010,17018,45
134,6483,31898,7717,78
25269,38727,25693,23723,96
31103,3477,7983,19758,46
15871,15117,15839,37537,98
15257,37107,3138,19586,43
30412,19505,33061,34513,59
37720,6764,20353,30143,51
26518,24141,7852,9124,65
7549,16181,25916,25195,88
36499,3759,11640,29516,72
30261,20548,19229,27012,30
9427,20727,21415,12470,104
36263,18100,11700,24966,49
19675,36272,33512,31062,59
38255,24223,1626,34011,43
27072,5662,14739,7158,35
19762,36887,11768,6816,38
27060,4189,22503,26337,98
892,24250,12856,12824,105
17616,22137,32381,5634,70
16934,16143,31607,36463,84
36217,1704,14256,32468,56
18024,9184,22177,13793,85
34838,452,28057,30290,60
35426,19158,37817,23002,126
15264,11474,27409,38518,27
33820,12159,27147,5396,55
10037,34863,30345,32693,82
27382,6388,21429,18479,100
8005,2467,13641,29696,69
35386,24005,29257,10675,91
17282,27178,8573,33020,78
19547,25521,30913,21124,96
5363,12203,27767,12216,100
28976,6910,8689,7150,47
21910,12237,18166,30124,92
26721,9128,36470,17615,82
12912,29538,6306,27848,103
16755,22861,31604,29556,79
3804,26606,31,37662,84
38656,24801,5299,86,26
6070,24450,13258,29768,84
30221,33427,11455,33905,64
13778,19738,23596,13129,110
9350,27501,5751,18233,64
18882,9753,5489,26585,78
27037,33003,37856,9132,83
10899,25257,24426,33010,61
1879,21390,17706,28738,102
12309,32011,19100,28542,72
4672,19103,37903,34785,52
4180,22932,10541,2506,140
23368,833,2638,30916,116
25791,25204,14535,1729,71
24380,4248,32375,25537,95
35746,25998,4576,28683,118
7688,29632,32444,27925,56
15438,28725,14253,36076,48
13847,21938,17768,31187,73
19871,10565,164,13157,73
6441,32369,30174,36760,73
26675,6270,21220,13170,127
27194,24153,24959,28206,44
21073,1021,1120,943,98
9250,11699,16784,25155,52
9238,14361,25254,23364,95
13871,18976,9003,23254,99
19759,23498,31124,29647,72
38737,36986,1789,24514,49
26558,3763,31696,5007,92
6163,22046,8440,16713,88
1759,11617,5585,26353,54
4593,27510,22580,8286,79
25526,25610,35651,32368,136
15823,33157,11648,33516,97
3252,31904,30899,16727,59
17650,28047,16586,7809,81
32017,5704,6971,36376,59
11586,34971,7638,19843,40
18427,4644,433,12459,70
3846,26696,34638,11560,72
25637,1585,4091,6368,130
11368,37627,34140,26457,55
34097,130,8565,2263,72
34927,25064,24822,11603,24
22717,12252,16534,2324,117
36499,4100,7777,15437,82
17325,37836,15504,1146,76
23528,32396,22969,29564,104
4818,6939,38521,11340,36
6104,8309,34212,987,80
32325,6008,13560,20343,55
23018,4948,19766,33249,87
11590,189,20666,24017,27
6079,24236,25129,12253,74
5514,30996,15374,4119,72
35729,36277,3094,36902,101
16941,34176,31042,27240,34
37784,26586,18380,10936,78
27034,13696,30964,9150,55
32482,463,11717,27956,52
1046,29354,7527,20366,40
32494,7571,8672,30215,63
29519,12992,19179,5343,61
29629,23281,22067,24440,89
34767,26521,6386,31119,62
23293,26670,31619,35020,96
15268,31053,30505,18276,56
4675,19680,10021,12903,107
28079,19196,6906,12224,71
26633,32513,34273,34782,37
8492,2653,4554,24250,80
17711,30131,13945,19661,63
28650,7715,37796,37793,76
36767,30349,15423,13922,54
19731,33416,32474,30219,59
23640,32610,1016,9421,106
33344,21092,19217,35329,133
17768,13113,30471,22899,123
26461,2631,880,30111,84
35356,10578,34007,35360,143
15239,17332,4110,11701,86
28039,953,25233,10063,97
23291,14496,11714,5546,86
25679,23605,29416,25630,128
27974,12210,7732,34803,82
13965,22839,7856,34030,78
25126,6107,3326,21307,93
22742,8686,3430,30911,85
4585,1029,4021,3801,116
4685,16216,34914,18297,75
17333,38765,855,33399,76
5481,27369,18478,14537,48
22519,8520,36081,19592,83
7614,31780,13581,31000,63
5629,25720,25881,17739,110
21003,36861,3952,19607,107
36978,24750,1229,35745,92
6405,15914,25004,30251,86
33460,4189,34918,4655,91
35368,13027,38360,28026,128
7774,15915,24364,14555,70
3316,1207,22900,19605,78
19897,19040,37125,7655,43
26617,9416,2548,38468,81
43,15394,14398,10567,48
25120,14482,34756,20673,25
18141,30165,37764,32680,70
22841,35716,28994,193,114
4650,24511,33360,23315,102
25025,18156,1115,11605,51
16169,13254,10629,24871,97
19876,37183,21510,32621,73
29658,21265,18260,23401,120
20391,22198,27990,1521,74
37835,5462,15920,33983,78
35404,3384,34910,22026,102
34176,21080,9469,20759,83
1593,29547,27203,30010,46
22782,14567,13233,13882,104
31782,24273,27213,17754,63
26490,30464,31056,4005,82
18865,15176,6082,29371,50
35540,38497,30277,9105,107
6837,13742,24523,16166,62
7979,30310,21081,30319,96
22765,26526,36833,24946,70
6900,28175,6375,13937,80
16081,7781,16516,36240,76
23391,30448,11723,35337,136
22765,9379,28682,7083,87
23546,26011,9778,2391,172
31934,34131,4210,24369,84
4819,22257,8763,15444,67
18132,16806,16566,6338,74
3791,35647,32587,31637,130
18164,17756,28711,10920,80
38483,32697,27086,25822,53
3860,24753,7800,18299,81
29576,1818,14660,10249,84
26473,5714,27855,32472,60
36954,33478,35702,4089,140
24472,31756,4235,19677,81
8689,22808,18524,16606,92
25024,10557,22063,29742,53
134,29367,37803,30138,52
34925,18127,34744,27177,40
4556,37254,17364,25739,91
23428,27887,9510,15034,116
6898,19558,33444,10663,62
37944,16524,8664,3758,98
17407,36951,5608,25756,89
27757,4056,24452,9813,127
18471,29334,30205,29711,46
2521,19621,32713,37168,65
28755,17261,33772,25252,50
7853,18004,30923,11607,56
26649,28045,13192,35539,135
19671,9790,10118,34983,110
27218,13540,14657,1627,49
11356,15193,26697,59,36
20470,18049,27143,7655,42
15295,37075,14639,5298,47
38331,24382,5348,18056,46
3480,3045,13733,28049,69
7613,12434,20750,12396,78
14280,2686,36080,11304,74
15452,21258,9987,7271,107
825,4790,5600,32588,52
13821,12248,36871,29730,62
22971,19666,34130,7180,62
31165,15819,20645,27109,49
9501,22014,21055,29630,100
2430,36759,11329,10925,83
7164,32414,1934,16983,46
17757,32756,16906,33494,72
4929,33381,17291,27239,71
26366,6972,15047,23313,79
15005,35313,27930,27247,96
30149,3973,21879,1170,102
21897,17381,36832,11532,75
37546,2527,5704,24063,81
7755,19501,4787,6456,68
22507,25622,30419,30803,104
2609,9243,2313,30327,118
24787,22791,31864,18207,87
19039,37232,33182,37603,72
27417,24255,25833,18085,69
9119,9906,11648,37168,101
31988,28934,16092,30964,79
3055,884,11692,12006,72
209,17608,23006,30816,82
410,10254,30236,1786,92
19546,11412,2758,776,70
9487,36258,15431,14476,64
17291,14719,7806,22020,78
25186,4194,29566,18119,69
37086,12298,2590,35593,137
8425,10738,14555,16259,88
17349,35682,7795,18319,118
4888,28586,25788,25820,98
8686,1091,22998,19230,85
22151,2415,6414,19113,98
31209,14695,11750,35637,88
4747,36811,38570,18307,54
9869,18360,20708,5664,82
15410,34264,36200,36784,48
29459,31197,1246,21352,76
28708,36797,30948,24251,46
10992,18226,33337,3466,83
33230,26706,8756,8653,81
12758,28592,6784,19216,64
23754,36912,37058,24387,91
11749,38665,31132,10963,47
23355,21779,33520,13751,116
4192,3,1890,14525,80
22999,31222,25843,27013,90
22576,26305,22971,31810,116
24057,22883,1741,1557,89
34543,14636,2743,30026,74
16891,2656,3775,38687,94
6050,5662,175,30460,68
27060,24769,27241,9461,39
22114,7721,26590,15130,60
27886,2753,29287,34183,77
32666,37104,30936,15210,41
22561,22814,11020,37098,117
19930,4097,24142,18511,77
31039,36503,6769,1508,53
90,4760,19536,28867,38
24272,37905,3207,8502,68
19643,1248,31174,12092,64
33792,28917,8333,33436,69
30408,23588,17279,10784,118
4796,11266,31971,2298,84
31945,37817,14497,8576,81
29531,23411,6244,23388,140
11300,37067,34114,20426,36
3435,24469,18384,3893,85
1741,839,30436,38483,61
3515,16773,36065,12379,71
8551,38292,14328,11589,48
24760,9900,7928,35335,123
22264,10755,1132,23489,116
9480,18847,24750,20710,39
1756,16883,12369,38591,66
1048,25892,1593,20666,76
25228,18763,33245,25106,39
16058,2757,36197,2604,121
17262,28186,3089,34021,77
2411,36307,38589,38267,62
22981,37044,25122,27158,62
2332,22508,310,10641,104
16737,33429,15791,30063,89
24860,26447,23552,14363,79
5705,36774,33146,23413,106
9055,31027,27828,11417,76
18076,19074,37040,23434,93
4946,12974,15796,22069,110
18768,8509,38291,33410,59
809,22515,25513,6017,126
21519,3373,5664,23615,122
22938,31734,5659,22173,100
7857,27771,33840,258,59
33210,37706,32454,24349,68
36013,4210,26401,13542,83
37770,28263,21516,12968,135
29734,31631,13667,3021,55
10624,31790,18075,27922,94
27864,7629,1625,26538,76
27024,10798,16547,12235,67
22779,38574,13073,26563,96
16727,36134,33426,7892,70
9930,28978,31863,24162,93
35735,34753,27284,33221,95
37956,35769,16200,21756,137
14619,9483,5702,24880,55
31656,1949,17600,10245,118
27121,4051,34176,30978,65
32655,33144,4202,31614,101
22841,13124,37262,28270,122
10038,37732,25897,26501,120
32535,23274,23641,11574,122
13143,17514,34533,3259,87
22945,7096,34705,19124,61
22867,31078,38267,16898,66
29354,5558,5735,2344,64
23473,20572,3398,38547,73
33440,13782,10266,3172,102
26334,3776,27108,27843,86
32523,36303,2691,15496,68
34803,37236,21130,805,85
32625,10234,36797,24493,80
805,28897,37252,4039,87
25720,31131,20659,37944,72
32762,30490,10231,9423,102
28784,28935,1786,18089,64
28089,16968,21156,9398,111
29250,26729,9443,16041,77
8749,14264,9841,22061,105
1972,26318,18238,11753,62
19765,34673,3,31650,44
29370,6157,7571,31878,76
13524,22590,7742,13851,82
30991,19698,19738,30383,40
14627,30956,12793,6406,93
13919,24962,5423,22182,52
13738,92,360,8371,46
9134,34715,3139,36388,66
13910,13018,16531,21424,107
15942,35471,23712,5622,153
27455,2324,13173,16873,90
2589,8704,4032,22106,123
27797,14702,15218,27474,52
28754,30433,31798,14736,66
38264,16918,37545,11462,50
6342,33174,12758,22944,138
12937,33916,11677,37861,82
1075,34589,10692,17577,74
5531,36941,7269,32595,42
16689,12341,11001,24894,66
7196,18138,3204,4885,55
317,30344,30760,19684,40
22801,8334,15123,10225,117
16601,18813,1746,2392,73
13639,9462,10579,30158,81
34958,4584,8498,13892,56
24195,17255,26252,23265,99
33853,6787,17278,2277,78
11512,4269,26564,38477,69
13755,869,5466,8410,64
31586,30432,8447,6415,95
1871,18156,8505,2658,97
924,24100,27055,36298,47
4200,19991,3954,17424,116
33770,6410,36164,30421,75
34850,34541,18163,4709,50
27364,33224,3485,2323,81
22258,28857,35263,32550,100
17742,37612,19141,15235,64
25080,15809,2577,12832,111
31030,2659,31898,21281,114
6906,11348,35766,19655,79
4974,32728,35598,16950,89
21425,23702,10137,16663,155
27442,10803,2584,30127,80
17689,9950,4690,4617,102
24043,18754,35665,16827,82
24343,21257,1270,38643,76
36008,3136,5410,31022,52
19009,4766,31225,19791,36
21411,26346,7551,34193,81
20252,20390,23464,811,74
28973,28141,37817,25580,100
21008,14376,19791,33754,71
33954,33985,4818,27352,36
6082,9877,1856,38596,105
32641,23007,3463,11529,72
37243,8774,4820,20473,52
7177,17277,7636,31024,59
22683,125,3757,21339,132
15247,32459,4732,7860,46
38744,24812,10874,33353,57
196,25516,24064,26533,63
33093,4003,12921,16777,119
18855,28240,3203,1617,68
25131,3901,2656,2288,117
31954,16811,15313,32764,51
11728,26360,33050,30400,67
6373,35270,4034,25246,133
18771,36286,846,6958,47
19089,13700,21523,9929,111
24932,6885,9077,33388,65
17420,18443,19515,17291,78
38479,114,13545,33827,33
37621,19262,6342,18498,82
7882,1791,37640,12814,99
14358,21202,15238,364,70
13867,30043,38691,28916,48
24358,20457,19971,27293,21
28066,21765,6844,17556,85
27220,7577,34209,38661,34
9446,19156,19020,12382,70
13238,21931,9070,32386,99
35265,9778,21477,31149,158
26354,18100,22535,12180,102
12184,1913,20568,2455,88
16845,32255,22976,20537,61
38634,37611,15821,9520,90
38400,33321,2544,31133,78
36406,242,27294,26659,38
21005,3478,33172,15083,93
12764,11343,37738,24073,82
37917,5650,9956,10046,132
32280,27318,33163,10520,61
17399,34923,15849,1503,87
20549,25207,38702,29471,14
28794,29261,27089,36449,36
5590,15094,37832,34095,53
28765,33005,2756,35521,131
18817,3203,25621,19244,62
13816,6942,14276,18922,38
35378,26326,19534,12409,104
24136,21942,1528,1121,71
30859,143,33488,18303,63
14478,31829,24936,37672,63
17417,28080,28980,7193,73
2528,4616,5513,27489,66
7083,4884,24211,16265,63
28787,2515,34107,9356,85
4137,32738,973,34688,76
22512,31958,28575,418,82
37746,10095,34632,4992,94
16769,3101,19705,29447,35
22035,10516,31976,31565,94
9908,298,30383,32745,80
6212,35433,3201,24977,105
839,37906,27948,23446,122
9436,12481,9410,6513,118
19859,26524,14642,12351,60
13118,31517,30055,38620,86
30332,12236,12135,23741,130
28916,36863,10943,16201,82
1735,25834,6781,19889,69
15762,29269,37056,19919,58
18850,31054,11689,29428,30
124,20341,31582,15304,40
22889,5769,32603,10002,108
36200,15987,13931,13937,75
32520,34024,23633,8340,90
27911,15876,24017,22988,110
12454,5350,26745,6136,86
19594,36937,19969,36251,43
22543,23276,26369,21340,148
10712,24055,13777,21279,88
15471,22508,2325,1942,104
6760,15817,26484,33457,79
4577,36244,22913,20447,72
30008,8348,15199,5352,59
17445,18328,277,7598,68
20415,8316,35251,4521,93
17402,34797,3212,4581,62
2296,12908,22580,27227,119
22107,29264,31810,18764,58
12093,35662,24277,21813,119
10759,5554,38605,31895,63
28918,38367,17454,23325,95
10710,35745,37211,32006,117
5021,33116,38539,1908,66
34703,2516,1792,36401,80
1090,4019,12389,35291,146
5379,7109,29309,31187,33
27766,3468,26594,22614,94
31982,24044,37173,31995,72
10701,36215,19790,8534,65
10728,31572,18839,24321,61
1738,20750,2381,32664,66
38615,27068,23347,37538,85
10141,17376,27276,19256,84
9154,8549,1510,36372,85
19221,56,18062,16517,43
4577,1239,37536,19655,62
24129,20599,13856,33261,51
34133,32513,27380,6915,28
4755,10737,7972,33805,61
32339,1718,37552,19974,58
21121,3144,22848,22054,122
30912,20513,35487,8,74
24860,5639,13527,19569,34
33006,28910,29309,32710,51
2474,10112,9482,28593,124
32620,28529,6958,30368,45
16185,2369,21998,37216,108
57,24168,18054,23720,87
35549,19737,19880,21758,92
9837,515,9909,3879,144
15841,36160,24296,9060,86
19570,6517,31509,33385,89
15506,31989,8372,36477,69
16775,25011,9799,12366,92
6345,38405,26265,57,55
22811,16009,25661,9887,157
22533,6380,3132,11608,96
7975,33164,24244,16795,63
29618,11598,5723,2598,62
37232,27986,10636,19085,71
13527,1832,348,18482,59
8298,24002,36924,22558,85
17404,6415,36818,28982,85
23537,20610,25199,35422,113
4173,35348,24287,857,125
20489,20358,26018,5384,52
22238,16,32766,10828,60
27464,29618,33513,27308,39
28134,9017,19870,11488,72
10952,7853,13888,15319,59
17327,4929,30018,20763,60
14638,35599,18248,26716,100
38765,29684,323,38298,20
30184,27877,19936,2534,88
7836,31591,38709,25570,81
6182,35537,2724,1048,142
12969,14694,10265,11480,109
7703,8619,34008,36145,62
5509,2362,17466,38655,79
29334,5726,19546,33237,49
27881,5745,35565,9481,124
36760,6098,35569,18454,123
14392,7028,21021,10582,85
30017,37973,6441,1777,94
30240,1594,22616,34899,86
21477,10239,8712,19519,119
27398,25769,37140,31565,79
28737,29769,34092,31825,49
35426,36452,23723,24013,133
20435,100,144,32580,22
37938,6281,16178,35424,145
14572,19038,12432,31120,58
24407,33396,7830,20556,54
32653,15370,10258,13860,77
19010,21139,20430,38497,57
37959,12216,17296,13511,93
15014,14767,22598,27975,88
21486,7974,19199,4677,80
10255,14258,24451,15520,77
31938,1107,1893,30324,80
31677,34241,3938,24829,78
27456,2585,1937,2485,96
25569,32760,4758,6426,90
8448,36111,15156,26626,57
33374,11021,14523,7254,68
11558,21318,25121,29303,61
35623,21172,29267,2559,140
6813,31954,4668,1688,65
33775,34189,14505,6425,62
30512,26391,2481,31575,90
31897,10226,8578,33520,120
27150,26389,18022,1875,56
12975,28733,6381,32394,91
36506,33331,27811,3029,85
877,22029,18769,22534,88
32656,16105,31524,18440,85
38534,31012,22122,10951,61
21020,3185,6866,31944,89
7635,10614,80,19678,50
38599,14734,31029,21451,71
17461,27757,21761,32006,102
3773,12781,36781,26311,108
12993,21464,16183,3865,158
10659,15752,35425,31730,135
11344,3209,4522,28851,50
24023,33367,27378,5726,52
9899,22853,38452,11722,103
17443,13587,11393,5704,61
33239,32408,15442,9846,91
3030,14288,10921,34916,56
27803,18397,31221,16929,69
30233,7204,73,3449,45
21414,34860,12410,16226,115
22240,12758,7965,33085,106
28661,3353,18892,19512,38
35645,22581,7205,6097,135
5350,12896,38378,35340,112
10814,25138,12282,38661,60
22746,6050,16929,3404,97
20374,30521,17501,18503,66
29022,16271,11432,11487,65
15920,8392,2622,8594,111
35512,4148,36269,18497,134
19754,30914,21404,34827,68
34622,25948,32019,36861,83
10981,10692,13232,38632,88
10903,19836,35730,28264,112
9940,9886,11269,14365,118
6440,29711,30939,37715,70
37546,6940,13862,3933,86
4709,25802,14310,2608,98
12751,20003,11500,31800,79
13,28768,4025,15307,68
16237,24984,6761,21397,87
31997,36396,27129,18326,64
416,20554,27322,33109,39
16906,14617,23562,4715,89
30824,823,34950,12198,66
25925,15205,19930,28882,62
29730,9477,6511,10010,112
6383,1076,16912,32734,69
36375,2691,1872,35586,128
36876,35571,30041,19263,95
3172,2015,15838,6801,74
7238,35416,15281,10774,93
8364,9210,9347,1903,97
19573,31561,18070,205,56
14010,1988,26372,7157,52
10806,4609,16009,9394,97
24770,33834,965,24234,39
20,217,22152,4033,78
1759,44,38343,35736,87
14424,9489,19656,3853,88
36160,33286,1145,22190,85
18074,31775,6072,20449,78
34007,1039,8770,21956,72
25156,28158,1975,35760,107
25093,37020,37148,32619,41
7109,6074,12379,34641,77
1671,30470,2497,12443,104
36086,22920,17470,21255,126
6487,34503,16900,19835,57
18196,21391,25559,2626,136
10174,21424,28120,9190,148
29464,35337,3893,24935,105
16963,8365,364,9320,66
26473,8272,25241,26753,48
6879,24488,17373,36505,58
4702,12152,1874,10775,86
33967,20575,21438,28271,83
24136,16640,362,27137,30
32348,1661,12154,16884,69
3188,4900,21441,25664,108
32729,36382,17383,4590,64
22196,31501,22904,13674,101
32640,18017,21842,19192,58
13803,26407,22733,2747,101
33119,33123,31800,232,84
15238,4940,38609,36478,43
21245,21949,14584,23333,132
24957,10711,34951,11563,43
6909,15234,28699,16805,38
21260,12936,10142,10050,179
38615,30148,15443,11764,41
184,19196,38490,24406,26
6464,3073,7743,10930,84
32521,28721,26391,2280,68
35502,8746,37839,13571,114
30175,32290,1093,11741,54
12322,13510,38481,6322,80
19556,23014,27183,29529,54
13513,26276,23323,29610,81
23309,29759,3085,23665,122
30310,29326,31119,32576,40
1787,12890,20650,16881,72
31184,17479,4647,32423,58
38298,18798,7627,26594,39
32374,26756,26442,12120,62
19975,30369,21086,2671,104
17024,26336,856,8571,62
10659,6302,27502,18201,78
31581,20305,22116,27755,78
27315,19714,3795,35316,108
36393,36988,4884,38621,50
306,9042,18192,21216,98
18036,26266,1967,27939,80
16075,7754,28963,6208,93
13702,37101,22108,29280,56
18797,10150,36887,38483,74
379,34972,15846,32580,55
16232,3487,30196,14474,77
465,13116,4992,11426,69
36260,12055,11455,31063,66
13184,27166,28659,1766,75
22961,21777,18439,13553,97
24906,38362,34636,26684,28
7115,34058,14737,7176,35
36272,21362,14683,29580,76
4755,2277,6498,2680,118
2586,30070,23550,7840,122
15179,12861,8473,34875,76
30930,25810,14739,784,76
20529,7081,8316,38291,35
30911,7701,22937,3161,80
34915,3876,37017,7628,81
30346,29518,15160,28993,42
7730,3425,22937,36965,85
14365,31762,13898,17543,75
9800,34629,35266,33297,139
22198,10766,15490,26272,66
37721,10551,6139,9855,126
7035,36976,13036,19557,67
7161,26451,33279,28779,58
30403,22726,32730,14352,78
15004,5405,38683,15403,33
7260,16978,12875,31727,81
2274,16209,8659,10981,112
16704,14583,28645,22887,75
12220,19550,15073,9381,72
30930,1545,16088,26625,75
5706,24894,4200,3997,99
35731,31903,20689,16711,93
14383,10905,9144,16566,73
11496,19644,4067,905,76
5670,18909,1212,30319,54
27866,37584,8320,4685,87
5346,18057,9268,1868,80
27317,33225,6429,482,69
13782,33031,28977,18842,58
11506,28007,25521,6833,81
18857,1077,23355,27039,80
15769,9128,7268,22514,108
36336,10274,13052,28225,131
9062,18983,15008,37038,57
25943,35303,22238,28891,128
24774,26523,38438,30339,38
36767,7611,15926,25100,67
37028,26390,16871,4056,80
14685,3818,10516,210,82
18116,3326,11451,6820,51
36420,10853,2373,18335,94
36828,36314,37673,18399,75
25867,12949,27466,9066,107
6335,2308,32325,27844,104
26276,5383,19609,19848,36
14750,24398,25520,13140,96
38537,34525,32297,12513,51
37617,2773,12061,31606,114
27431,33416,2304,13264,106
21378,35505,6261,15488,140
27455,6037,27473,19662,46
15405,1912,31814,27155,56
34080,30508,30794,26527,49
2415,22633,21005,29664,124
28953,21114,26555,10908,90
12474,11474,34633,37569,72
28610,6317,17652,36965,85
23640,11317,21035,30994,116
6078,32262,37908,17424,90
28105,5445,18185,19539,66
326,1078,9503,26420,64
21852,19076,2657,24506,75
37868,9330,12815,29671,95
18895,22673,12056,15074,84
36117,12821,30291,4073,115
17525,4834,12378,10934,92
18449,24770,29462,6752,34
16547,10185,6163,18472,111
24184,24018,24264,15326,35
184,10966,33114,29327,59
19095,21334,6449,21241,126
13946,33876,8401,2384,79
10709,19936,29718,15927,65
9304,9401,33212,19799,89
18329,36360,7130,33854,52
10893,1227,5391,33206,79
26760,8763,32282,10908,63
18962,10170,19845,31130,70
7944,14367,5452,27368,44
8471,37822,10970,6940,74
5255,7644,2669,15499,72
16581,36055,4239,8660,90
16722,30944,13177,21215,104
8590,20529,7127,6100,62
14250,30833,16869,37011,48
35592,15,35636,507,124
37841,15983,10674,24181,88
38364,476,34119,9270,48
5705,24127,5347,3816,75
30755,35476,5360,13640,91
8305,35010,21270,5679,85
2372,21524,15788,11301,123
17523,23290,28828,24928,93
11704,3316,27813,18464,72
15795,33446,937,31875,102
11315,10030,15180,15087,74
13692,15307,4097,22038,87
36335,29626,37044,24759,38
22603,22568,35727,4139,178
3508,31584,28522,28202,78
37566,15814,10242,15262,113
13752,36774,1657,22789,88
1563,35605,19843,4838,96
37540,31247,27506,28115,66
34771,21214,17558,27520,82
33357,1564,27924,20417,77
29503,1936,24410,12236,63
37232,36454,15801,9068,92
1545,27804,13659,25763,97
30293,26647,38674,22606,75
24519,6323,27396,17389,71
4593,25249,6938,5559,36
