card_1,card_2,result
7172,33116,42
11331,32769,18
28921,10073,81
7928,9800,94
13972,3267,33
13998,1053,45
24071,10693,53
7650,18524,66
25083,11266,13
32258,6895,15
19597,27251,43
19003,22791,65
22620,9954,100
3127,37870,65
29260,37951,49
4168,36764,71
34095,30766,27
4229,1029,72
31589,2460,82
29302,1913,48
34535,19149,33
3408,10821,44
239,9952,57
9210,28946,57
30345,21488,72
3126,14380,62
35412,12836,92
27169,20745,17
36410,19181,37
1815,25129,47
27853,27360,61
28025,18859,62
350,28524,36
22523,7706,92
38734,11674,15
30046,29433,26
27167,25817,53
10856,19875,52
14549,32568,50
35354,35385,106
37127,34097,40
20415,18368,25
1960,32681,52
18503,28852,53
30085,4950,36
37732,8749,78
34700,27349,32
35641,3331,73
28810,14258,72
25703,8293,71
13842,909,45
35543,18861,69
3435,26287,32
28721,24976,33
30344,20445,24
26662,34251,21
26495,37625,57
23665,13248,91
23772,7212,59
22244,12443,61
24132,9991,80
10693,924,56
22218,18302,48
35522,20312,55
15444,24922,44
6931,4838,21
7094,6396,54
31185,23301,70
33758,24881,12
28704,34904,47
36095,34674,38
8589,33376,68
33380,31918,69
17254,4097,66
31209,6405,65
27393,17295,41
25539,14345,80
28922,37911,75
24893,13553,16
7084,10194,58
13046,37648,84
17012,22070,36
18155,11661,33
3409,34086,29
29765,37585,49
25106,19830,31
14729,14337,84
8343,4866,47
12819,32385,47
37688,19208,61
21101,31875,84
29580,7543,47
7719,22665,92
29578,22894,53
8000,15108,84
36086,15417,62
5763,28727,49
34701,21007,67
12986,29000,69
19923,29503,32
5520,18930,35
21020,13139,89
22178,16930,36
14019,29646,17
9463,30848,45
16671,13695,24
15370,18407,64
10519,27781,70
31079,12298,54
36309,15312,62
26478,36029,33
26397,15103,53
14367,38378,47
33359,15438,76
30860,28608,48
36032,21813,46
18383,4808,37
22088,16931,36
7855,35756,96
33026,30765,53
9122,26551,39
3293,38625,25
463,35006,23
22193,30097,47
4182,30016,62
21973,4177,65
28200,10731,70
9227,17335,53
4904,21316,64
15306,19104,57
26022,7170,45
30397,13159,61
8348,12845,72
33015,20304,37
16048,14371,79
10256,17321,77
23502,13116,91
3871,3753,80
966,4063,72
12836,33769,48
13191,12106,75
37546,38353,50
12418,19510,64
24319,24077,58
25010,25924,41
9079,36270,48
18184,35628,76
4054,4859,54
21875,8431,58
24801,31150,21
31174,16830,29
31924,25622,72
17733,16743,37
10973,1198,56
17601,17392,52
18303,28925,53
26377,5764,31
1261,25891,70
25096,27439,18
30088,15089,63
28979,25048,33
29724,31124,22
16060,37213,68
33177,4578,49
21797,1084,57
18936,33513,51
16049,19913,65
3282,14344,62
35435,16502,64
8649,18493,56
19890,22561,77
4154,2588,88
13723,25047,16
22196,18806,41
27924,15013,87
1038,3947,72
36965,8392,64
7743,4078,83
21254,10212,101
3403,3372,40
15500,13844,54
10602,9457,51
33408,8353,68
38668,31220,23
14529,7792,85
17482,7944,69
22174,34810,42
19254,19120,32
10810,28020,70
31502,2446,82
12054,34184,45
31774,3809,74
1083,4914,46
30250,33963,31
23690,20409,54
18465,27427,38
37850,37696,90
12241,7123,43
811,22011,57
22611,37920,94
37718,16930,56
27907,30246,68
26755,22090,37
38617,9788,56
23539,29557,56
5369,27517,34
18192,24416,52
21035,12022,86
2311,12046,84
37567,28540,75
7609,7574,86
16247,13833,50
38703,20366,7
11672,22785,59
28141,20418,48
6862,16910,18
7918,8424,76
9097,36388,48
15822,22542,86
20760,19955,30
27155,22801,64
31920,15150,75
9944,2544,99
5012,22171,39
28946,22658,79
30845,25809,56
25731,913,70
31516,23711,86
11279,21515,60
13776,10521,37
35712,38766,58
34863,7884,60
4795,23494,66
11297,2392,58
22094,38740,30
28975,33287,65
29308,38430,9
38661,2746,53
11624,88,16
18197,4873,37
13850,8023,56
29325,35303,57
999,21827,57
24889,12205,39
7928,13029,82
29471,24462,33
31668,3468,54
36110,34789,38
6884,18027,30
35452,34754,70
26392,32278,20
13021,20527,41
37863,24355,74
904,38282,37
21072,31025,68
7081,1164,39
36491,29599,25
25604,37611,83
20002,12250,64
14474,33996,51
25058,10095,54
25686,18862,54
6396,38678,52
11538,36295,31
24011,10946,53
31166,14543,60
11709,4545,24
27175,28538,45
11008,10123,75
37751,1880,89
29369,32570,12
10224,34184,60
13607,28834,43
9809,17712,77
38520,36987,36
15215,11712,51
27390,18904,31
18311,22517,72
9895,6891,58
8681,27812,79
38649,28735,35
8326,12340,69
2274,31243,66
5514,9435,46
12761,7763,82
27464,19235,31
4209,18973,56
38462,13560,18
31765,31115,52
18835,25578,54
9289,2599,75
18209,10103,74
8648,7878,76
15282,32357,49
37530,4032,85
7119,5743,26
27799,764,78
37799,36290,66
23585,38529,57
5588,28532,49
6929,21140,57
13677,19619,41
36112,10680,45
31110,25944,56
21507,36494,71
19039,3954,56
25782,18461,61
17257,4501,40
29397,4061,44
134,24855,9
4821,13623,27
11256,360,16
7723,37149,74
5599,4884,33
12820,19629,67
32649,7172,15
10046,4157,91
6293,38636,52
37039,7882,74
33212,865,67
33297,10235,86
23539,13923,65
17364,37105,57
28852,37692,75
12327,5382,55
26774,9055,39
11293,34924,27
6278,25102,50
6201,19562,75
21974,36125,46
4614,36391,35
7931,1819,87
26758,16121,49
762,35697,85
5416,33117,54
963,34887,49
12795,3936,79
29670,5259,23
12481,5700,55
23446,31013,70
4227,6082,87
24843,37831,48
4109,22049,65
37593,9077,72
14020,24998,16
26469,22811,61
5380,9823,70
34935,19149,33
21387,6937,57
23318,32495,60
6862,10746,31
22246,8511,58
28063,25998,84
11671,851,42
31974,12936,73
21052,32678,58
19603,30861,46
3451,25120,23
16995,33408,46
9824,27876,97
21440,11443,60
17735,37964,71
31073,18943,34
1992,31211,62
18442,36843,54
14704,26542,54
13778,8596,46
12052,5327,55
1575,2452,92
34070,22672,58
26527,31507,46
22879,19668,77
34093,16080,46
12051,36143,57
6222,25016,50
34808,4795,31
1638,14630,86
13907,27078,28
23353,5566,71
28528,12314,66
25716,4929,52
16955,11581,21
4166,4085,80
8556,11323,43
36395,28639,51
38418,6156,52
28884,7664,73
1832,27271,59
16821,17755,37
10533,31726,58
34861,13208,56
8681,33516,68
26709,15995,49
3362,11405,30
6768,4963,21
38550,25757,43
7509,19944,71
16155,33371,72
4058,995,72
2007,23276,96
18296,13799,36
6295,9904,98
28968,36256,51
27913,3858,86
17312,5648,45
7512,21285,93
19106,2603,64
14665,17570,68
914,22798,81
27451,25537,53
20498,34589,19
14364,23546,94
23254,9440,79
8762,30055,55
3420,17371,46
30906,27501,33
2506,9918,99
36003,7544,64
3421,25612,58
8483,28031,79
16107,22901,86
25066,17665,29
31821,11660,44
16856,3980,51
14423,1118,74
3294,24452,49
28242,20398,48
15272,15888,78
6383,4123,87
18263,16690,34
37676,7955,88
10110,30393,73
28680,3210,50
29765,24030,33
22220,33224,60
28022,6391,93
992,34880,49
24450,12904,68
17338,31896,60
2315,20426,50
8649,11750,43
33401,2467,83
12309,9513,63
34063,10835,33
9783,24195,80
32660,36845,39
6266,32528,55
23688,25633,90
34504,5716,36
3322,26006,58
33458,123,41
9826,519,57
28856,12320,66
24110,8410,62
21396,18193,73
24232,24256,58
9451,20508,29
22857,9362,76
7568,24317,72
6000,36945,78
31889,33515,69
13021,10677,63
836,19066,48
27308,29413,19
33432,12950,74
37567,21983,70
33081,26016,73
32755,34102,17
2751,30371,70
2456,10934,72
36121,21352,71
26365,24475,41
1576,20709,46
21257,32287,58
2271,27280,63
30460,38480,27
9754,12127,87
5765,19159,35
11766,28782,40
34086,19595,37
10964,25163,27
5672,9417,46
22533,22646,98
35283,15854,90
7557,21841,68
16269,12021,73
14667,917,74
28239,27027,61
34627,38748,22
10855,37234,55
32727,3116,28
15772,15169,78
7845,36027,64
17649,26333,38
4021,24448,69
1816,25630,82
4994,13587,27
38577,25094,8
17546,38273,31
1029,18163,55
33426,31666,69
6344,13144,86
28611,34256,39
13555,26252,25
19637,9795,79
24507,36180,50
9960,28794,81
28593,25934,68
249,15837,43
11496,19053,26
31724,16061,71
9458,13048,66
13860,13040,52
11284,26430,22
19530,37549,73
16704,19673,39
15445,16911,52
9388,20540,29
35477,25929,91
16140,13987,50
5530,21870,44
23638,2419,100
28243,8654,79
823,29691,36
25251,34535,20
259,1618,50
26429,14659,54
9176,24488,56
8482,36841,64
24294,15897,66
18172,27804,69
807,15838,69
28674,27175,45
15293,13047,80
10799,33927,33
27281,26556,27
9242,6953,34
34667,34772,34
32302,1175,40
32623,24396,37
13994,28703,43
16613,19156,27
33088,4100,75
28893,29743,34
808,10221,83
21959,11420,35
31515,10868,58
6330,12938,86
1047,3238,52
9389,3861,67
21130,2255,98
28534,13734,43
20557,37782,47
26521,18386,35
33148,6150,82
4637,26462,26
27329,21110,65
7989,36954,74
34972,22928,66
16599,26514,23
23256,21007,102
21140,21157,100
22647,4122,89
16581,27859,57
33783,33856,18
30410,4063,62
14336,25655,80
18932,10178,67
1899,35575,97
12836,1842,83
24825,15194,44
13718,30309,35
27139,31700,49
8630,12099,69
13806,22886,62
4199,13774,53
31132,8681,51
1750,368,50
34178,13002,48
28923,9821,81
20488,1261,34
29382,26375,16
31619,33902,43
30899,38606,23
16968,8306,44
10991,16201,61
28230,30453,68
12102,9286,63
10854,28747,54
37582,3885,85
19030,34125,25
4960,35419,67
20422,29712,6
36812,37229,62
13894,28000,59
32385,24033,37
16237,6214,84
25818,33810,47
24879,31555,37
7016,21218,57
32328,14555,50
10860,36462,45
2519,31972,82
15342,28840,71
4609,23310,66
18033,13249,62
481,15282,47
16736,31267,29
12337,20462,38
7751,5473,62
32450,32537,16
8750,18394,56
20378,27949,48
24267,33875,38
24304,19920,57
10096,7719,94
12059,1017,68
5556,1139,51
18444,33291,58
34058,16713,20
20506,6469,49
5453,10109,70
36772,18861,47
24904,22995,52
12789,30431,61
9243,23337,79
35753,7611,96
21355,36003,71
23530,28224,98
1650,11495,54
2461,2344,96
1077,37141,63
12490,15764,73
33157,35391,88
20760,7761,45
6344,9494,74
10827,23615,76
6777,22196,32
12473,31595,70
10244,17004,62
21347,9500,77
20632,2755,50
14650,4251,82
21100,33262,85
22700,24952,52
4223,15845,77
37639,15248,86
18958,26294,28
9169,11518,37
10833,37024,55
7920,15157,84
17435,19900,54
9251,15216,68
10759,29383,28
34803,27136,32
8322,34723,50
17689,19956,54
23391,32513,60
3260,29566,24
32544,12818,47
27018,33415,50
32606,7744,51
7099,1968,51
2587,13161,87
30517,13797,35
20756,37886,47
12367,27087,51
6401,6834,54
24382,28619,59
24207,3336,49
8016,13172,82
28793,226,36
20501,30313,24
32376,9038,35
28508,22730,79
32528,9034,35
28592,36047,51
13054,9375,66
26387,27124,27
23604,10206,103
28830,14705,72
37667,5673,64
38484,17706,31
5712,23440,71
33439,14620,77
388,12168,42
17280,4191,66
28945,27329,45
10236,16714,62
15793,18302,60
36140,26382,33
5364,30759,37
15906,25866,75
21852,11732,35
33800,1780,53
19092,32642,24
38306,6981,12
16774,5419,30
9295,8321,60
32745,26554,20
26274,18256,35
14656,18950,58
28051,20689,48
25848,20609,40
3853,10789,64
23024,2302,97
33073,5552,54
24498,3867,69
14745,5353,61
11338,30495,32
15135,33913,50
34711,22889,66
24790,28926,33
27858,7052,53
6121,35275,100
12766,25926,77
27765,11598,56
33215,4018,75
5722,14287,61
21951,21271,75
2510,5725,67
3391,15416,61
25990,8291,71
29636,35518,57
25634,19877,66
28215,6217,93
5583,21374,69
33180,31579,69
34069,902,41
6198,32464,55
21051,24401,79
3324,34811,37
13924,25662,51
2496,26618,60
1155,28089,78
32272,6383,55
888,32257,40
24987,16873,14
27934,37165,77
15062,3130,61
26758,5398,31
28631,876,62
11322,6851,17
3444,1583,64
27783,6391,93
28861,2018,74
37961,32257,53
10580,14390,66
30977,12126,54
25089,27757,49
17341,12982,65
20662,34947,19
26754,13036,51
24790,1702,47
25908,11348,48
1664,3426,64
10132,21404,101
8678,4177,73
16974,2315,59
10164,12483,87
37123,6258,78
4008,14595,82
7797,4828,57
17002,3794,51
16228,2476,85
7521,15991,80
3991,18337,63
34594,34751,34
13623,11394,23
19192,4780,30
13252,3155,59
18481,8560,56
19119,14700,58
7221,6023,54
23291,8295,85
15313,85,47
25639,13021,77
22255,14339,67
7773,38567,48
20692,34746,19
30173,18364,45
37754,12026,81
16880,21865,36
5749,21011,69
28136,30323,68
12930,8345,72
1727,17323,70
36324,7961,64
35288,27859,99
28929,34219,39
2614,28721,78
24378,988,61
30462,19670,50
34635,23331,69
38696,11647,15
1106,35475,85
30275,37094,53
9782,30098,73
29547,30847,22
2667,21841,73
21165,835,82
10169,1841,95
20452,1588,46
4202,27044,55
38520,4067,45
15059,24326,70
13671,18795,29
10786,22805,73
1060,24821,35
27937,30993,64
18069,1069,55
27783,25148,49
15109,11541,51
32427,13831,21
24417,20489,31
15756,31530,71
35310,18155,76
1723,31200,62
409,24165,35
14711,18931,58
20550,4561,16
10996,20575,26
32405,3003,28
13859,19658,41
21339,4237,90
31540,21187,84
21878,15108,66
14749,13087,81
13259,28688,69
23647,16858,63
28823,1933,74
23019,833,81
30841,8678,51
28222,12455,82
261,1185,38
11724,1578,54
31007,38594,23
11746,11518,20
27988,31034,64
5023,25948,52
3804,8636,73
22594,20553,51
19128,17714,42
27438,32439,23
6482,18361,70
32340,8288,41
36087,23318,73
15924,36966,68
26640,1946,56
1756,34944,61
37609,973,77
18184,31025,41
21200,7051,57
17650,20311,28
29357,12876,43
30153,31949,56
30817,24368,47
20693,2003,46
1817,12062,80
16118,3156,57
33305,4222,75
22710,21033,99
31535,6981,41
17306,4536,40
29525,9043,31
38736,3863,45
11435,29653,14
9885,16056,88
16693,2759,59
25076,30432,25
31658,13019,73
28257,10995,70
10753,22921,73
18800,23007,65
24841,19509,31
12940,17600,65
7508,21282,93
21381,15416,91
340,35485,59
3137,16003,57
18278,18879,39
6828,22697,56
6243,11460,57
16930,15908,48
36179,21997,46
3375,12152,56
178,1897,50
28924,27206,45
34186,20684,11
20498,33129,37
17295,7557,69
31832,28784,64
18086,30499,45
8567,32493,41
1698,36906,75
22620,23616,101
14398,4027,82
25167,29351,7
15862,3375,57
25749,26475,50
17410,21161,76
1161,15165,73
15260,9307,68
23684,28221,98
23381,20498,54
7525,28143,89
6089,34184,56
26556,28669,42
37839,28683,75
23319,34689,69
9805,5647,70
30485,34533,39
8670,25171,36
1088,14325,74
28054,3174,66
35628,14293,95
18470,19867,51
28887,20378,32
26572,16577,23
4224,8738,73
35450,10873,77
7711,9281,70
33941,22550,58
5755,10793,43
3266,30372,42
6359,4912,61
22847,37045,80
1993,9350,71
23420,4252,92
28121,2497,94
21258,24343,79
8327,5413,52
38704,16230,42
27488,36330,36
21306,14620,92
7782,34578,60
34161,12958,48
9885,24306,80
11620,28668,40
30235,14683,64
23767,25669,90
7015,12941,46
32562,31891,42
38419,30870,23
27987,17320,72
9436,35701,80
27040,8556,48
26459,30291,34
34608,4117,57
11378,8575,43
4190,18083,63
31186,23729,70
37535,22752,94
32006,26719,46
28513,10674,54
36885,2275,79
23337,24945,55
2471,7513,91
3495,21818,45
11385,4543,24
19108,5630,35
26441,28163,58
32598,3024,28
12166,33162,71
23690,28885,82
11633,37088,41
17607,38764,31
9925,34951,68
37937,9424,72
23004,7017,56
10006,12028,87
19168,30521,38
8677,23464,85
12506,21096,86
3141,32726,28
34836,19891,45
8642,34236,42
27440,38410,20
25813,1847,82
30224,24228,51
22025,18949,41
21274,8760,83
32613,15020,49
31956,35755,87
36493,26252,33
28990,18321,53
34179,27405,24
38491,16694,16
16578,4004,51
33291,32644,43
27939,35566,99
37135,13898,44
1253,13657,45
5014,1555,58
28847,18513,53
13045,3447,59
12095,22979,85
35657,5404,72
19576,16121,65
30065,22523,71
2731,13918,61
12095,28571,66
7580,37095,74
2735,16237,85
37557,18245,68
25738,3496,58
22117,37039,56
23557,25095,55
28169,25836,84
22805,33337,84
37887,1897,89
5757,10604,43
1727,8472,77
407,30823,24
23268,231,58
36203,1108,53
33972,4005,49
8272,9388,60
21432,2616,98
7513,25597,81
30839,33035,53
32451,5501,27
11453,24064,39
25601,2636,86
20770,3763,42
32750,34125,17
16506,9844,62
28189,35443,99
10777,29381,28
24287,30953,47
12877,3805,79
1644,17307,70
36206,12123,57
2593,5661,67
18470,30310,45
29576,36188,25
23384,33222,87
26577,36870,43
25207,13258,42
10957,14345,66
32712,33490,43
23614,38267,57
17519,18171,49
23395,21926,77
6291,21259,97
9991,8715,84
894,37685,77
19894,10542,52
24996,19990,31
28066,164,52
34813,12755,56
27214,24152,44
36524,20336,23
35406,2389,101
25084,10823,27
8503,13696,46
29341,10702,28
21093,7667,93
4178,31886,74
34255,27359,24
9518,9310,54
7599,28023,89
34602,5314,36
14358,27997,88
21887,13249,64
1634,2405,92
17343,13224,65
4086,9397,67
37174,19687,59
24374,21318,79
12831,28645,69
29338,23639,56
8749,21446,83
31564,23273,86
16963,16807,22
17378,22667,75
23478,15983,89
32298,19715,36
16060,12279,73
25811,25842,76
24280,2713,77
4818,37200,45
28942,1250,62
34018,37249,40
12789,34717,56
8299,24389,62
22991,31689,83
236,22824,55
34616,31615,51
16100,29495,41
4125,24380,69
3143,22714,69
2549,16949,59
3300,12319,56
21861,13002,64
35576,10860,77
4815,4124,54
4751,11567,24
31750,200,40
19185,1902,60
15979,28055,83
16651,33886,20
9507,21332,77
34803,4885,31
30362,33959,31
31240,19746,46
19025,25251,19
27157,1247,47
21152,37891,95
20754,30414,24
26631,6322,59
3915,31801,74
35770,1250,85
30064,4525,36
14756,37133,73
34125,22262,34
10511,29309,28
18880,19233,32
25160,23486,55
30059,38325,27
34985,1631,61
15993,16673,48
2303,7124,55
19700,28608,58
27177,36466,36
31588,19901,62
38662,8701,38
24495,15751,66
1828,15172,85
796,30406,54
36463,6090,68
9434,15947,64
33338,3915,75
37902,26489,57
5335,36355,40
2639,30857,66
18335,10807,47
18269,2572,71
26378,22756,61
16855,27499,26
12799,25859,77
38474,19114,21
17593,19572,54
2519,6432,95
10761,28183,70
18037,7989,66
33366,18870,51
37680,18073,68
19570,34858,45
31629,30033,56
14680,6039,89
12075,29333,40
1692,23020,93
23368,3007,72
35604,37668,98
2716,12320,84
24879,38423,8
20755,20425,4
37937,27066,60
34612,33112,52
19971,38500,33
17251,16736,37
34823,5611,36
12858,19775,67
10085,6967,58
28601,4505,44
9754,2561,99
28031,21962,71
25213,9858,54
27916,24346,75
34061,3032,29
9208,37844,72
13216,7802,82
4241,33897,49
15289,19820,69
28708,1558,74
25648,2378,86
28134,11711,56
23370,4996,66
15213,32765,49
11591,9112,37
19662,37680,73
36129,13793,34
30324,18295,45
30828,6854,25
19857,27022,43
15836,13795,50
14491,30504,64
130,12191,42
2738,24068,77
27491,31742,49
33504,18524,58
18272,31791,57
35422,37593,98
36399,1143,53
3468,16938,31
6256,38533,52
11284,2408,58
15995,19592,65
22221,18478,48
4906,36027,35
12019,8305,69
15946,18282,60
16149,7714,80
17768,19054,42
16992,26394,23
4779,18874,30
31993,13967,47
30524,10650,46
26549,3247,32
9865,13965,64
31069,36179,39
4200,6180,87
1800,7859,87
25592,34203,47
12043,28675,66
28635,29724,34
1071,38528,37
38668,12839,44
29461,12899,43
7712,20332,45
34816,24918,20
12309,33381,71
1786,35406,97
4684,376,20
28610,18122,53
8695,7784,76
28237,19511,74
25511,13587,51
16822,24460,40
12163,28985,66
9278,34532,44
12991,24985,42
3108,27776,66
20625,3450,22
796,5623,51
8549,6334,80
10636,4619,38
28005,7842,89
34618,32770,25
8752,36841,64
20451,24178,31
31531,4841,48
33014,37578,80
33255,4655,49
8419,20466,35
14770,10681,66
17373,38013,71
6381,6794,54
18392,13604,36
35396,15131,94
29668,19922,32
18986,5614,35
7619,11278,53
36814,24774,34
15312,2768,89
18104,12111,59
34782,2479,65
5724,10161,70
37087,24088,60
9474,35741,80
18244,27305,38
36340,30816,39
8673,22835,82
23605,24000,81
11628,21264,60
30937,9454,45
21056,13081,89
5646,1880,63
3198,15236,61
9294,23531,79
36182,9220,48
28884,20664,32
3869,11277,50
30897,36202,39
9856,18876,67
27254,24022,44
37038,2251,79
22545,23755,101
37769,33139,80
25863,7887,81
7821,9194,70
20631,13587,15
1622,36941,75
17713,6842,33
24100,5456,48
26486,25789,50
15209,36095,62
19135,24,22
1758,32388,52
4749,27887,60
25890,14732,80
37242,991,63
20603,27147,17
21963,28836,55
5511,7675,62
34960,20325,19
11738,23339,62
31617,8751,67
25173,18077,26
16882,14609,53
16696,33306,46
23272,31646,86
33988,24378,38
9518,33815,36
1010,1599,76
29490,10552,28
23480,9427,79
37160,25781,69
34906,6848,24
8611,25943,71
21128,34249,59
34985,4760,31
37792,22774,94
8401,9346,60
35600,27232,68
13942,27211,28
17723,22734,75
9819,21513,101
35478,22652,102
18414,17691,49
22179,7878,68
6448,13002,86
16797,29366,15
28245,38416,51
5443,7736,62
7075,12392,43
18954,18987,32
4216,4805,54
13930,14671,55
13601,23388,65
12251,27789,82
29330,7021,11
25135,21945,28
3098,18829,36
13744,6508,60
37861,26509,57
18861,3832,56
12153,26645,48
24442,27034,44
36238,33197,56
36256,29583,25
16731,3259,31
2464,1059,80
26477,28734,42
19985,24854,31
6802,38426,12
29546,32443,12
25931,34183,47
231,10565,30
9971,31718,85
21281,24109,79
20674,32411,10
37550,28045,91
14420,25130,45
23013,19883,77
396,22672,55
6118,54,53
11531,5633,29
4656,33450,49
3964,24421,69
16587,4025,51
21788,16712,36
12353,18987,52
4620,7227,21
10183,35495,104
31824,7221,41
4819,25060,17
24960,27799,49
37070,36963,62
21836,13639,38
32427,35696,61
19091,29332,20
25638,12880,77
16906,3443,31
7157,6802,14
12434,34650,53
19791,14386,70
22652,35714,102
37819,1864,89
29639,10782,28
24233,32345,37
4559,19810,42
28686,5357,49
4073,12472,76
15377,12323,77
30787,9469,45
38012,4870,59
1960,2731,92
4532,33872,23
24359,5729,48
9303,17540,53
7211,2729,55
18030,1250,55
23381,37998,97
33232,17711,61
7674,37959,88
35313,14531,95
34817,12310,53
12988,24986,42
11487,1205,42
10171,23349,103
33442,27523,50
3367,26020,58
12826,26297,51
35558,20763,55
25524,11559,48
31926,10644,58
35729,891,85
12153,28196,82
18271,12050,59
9244,35382,80
36841,31006,49
31830,16542,45
16130,1920,81
22570,24450,78
28546,33200,65
21167,34990,67
8561,18984,49
14660,35297,95
30063,36375,43
14625,5345,61
9983,37892,96
15880,9391,64
12932,25091,42
36817,20281,33
20308,12049,38
11332,12005,46
19980,1008,60
1233,15327,73
18977,38375,21
34175,13567,22
28135,6772,53
17708,3423,46
24301,28986,59
17666,12042,62
37035,35739,84
5529,13831,32
4954,18977,30
27289,12844,54
31256,28590,48
32604,28991,38
26256,34583,29
10100,8569,84
6888,16251,44
7971,5452,62
19818,11737,38
20647,16750,13
26716,18976,28
24446,27306,44
32022,8469,67
23464,34027,61
3350,28604,50
26393,5317,31
19593,23330,80
31072,18135,41
8588,25177,36
30868,9815,69
7173,7707,50
22709,31902,83
10511,25563,62
17523,9110,53
33433,5288,54
27188,1558,59
33264,36466,56
21262,33010,85
37058,7907,74
6936,6335,54
10022,28096,97
7683,22852,92
28940,36956,61
37835,20485,47
21252,22891,99
20625,7673,45
31743,4739,48
27496,2688,63
15334,31967,75
34648,30893,35
16848,24994,14
1572,38759,49
28054,5395,65
11606,25534,48
4500,295,20
28556,30162,52
19695,19031,44
15269,4526,55
36390,29278,25
27128,23267,67
25800,26275,50
22958,33084,84
33166,9115,62
10706,12864,63
10650,23021,73
24025,9307,56
18324,28015,69
3938,14536,82
34018,16631,20
15845,3182,57
222,10241,57
22248,1842,69
10045,34686,68
33166,29470,39
28032,33086,81
18948,25199,19
16655,21456,61
38591,2703,53
24201,8374,62
21067,447,56
4085,19809,68
214,34908,23
36427,35760,74
21291,35494,103
993,19210,48
37650,810,77
13246,19174,55
15222,6168,88
5518,29441,23
36419,451,27
22707,32673,57
12273,30943,54
6207,6449,94
9465,18824,43
21454,24193,79
29374,25225,7
36184,26723,33
23746,29659,56
2258,22569,97
14588,8740,75
28150,25997,84
3515,30375,42
12305,21383,86
27504,24478,44
36442,2336,69
4205,14544,82
7543,3464,63
12351,36208,57
36509,35698,74
35275,2318,101
34523,11550,27
33210,31612,69
28228,17402,72
14391,15103,83
3501,28229,66
20573,38632,7
12862,27149,54
7813,13506,56
27431,11426,25
14431,29438,46
25668,31507,72
1894,5478,63
37533,28656,75
18869,21080,66
23018,11731,59
31802,19742,62
1845,16504,55
12377,33421,71
3841,8704,73
11460,23493,62
35540,2250,101
860,15255,73
18124,19108,39
14275,24399,71
33502,4640,49
12353,17358,62
32529,15181,49
16716,10919,35
34199,34714,26
6282,33791,56
34065,22940,58
33283,25594,73
22672,20491,51
11377,9202,37
17257,23717,78
5701,1517,63
36150,20347,23
2438,20614,50
25137,13973,16
27113,25504,53
22641,6494,96
26359,27342,27
15339,38627,46
7859,24979,46
37965,1110,77
13864,14713,55
21132,14306,92
30775,31049,36
34771,302,23
29735,31544,38
9970,28047,97
15416,11438,51
6127,18019,70
17474,1555,70
15772,16752,48
28142,31802,80
4642,23749,66
31214,6769,25
16784,19097,27
5648,9857,70
11434,7989,53
12436,6292,83
18810,16652,27
18505,35390,76
31792,1695,78
9907,7796,94
27069,21982,40
26551,23736,64
19191,13991,29
21038,28715,80
36073,13945,34
9947,28524,81
14488,14564,84
30033,27924,68
36038,36477,42
15766,10261,88
18035,19891,51
38483,20364,7
3305,1098,52
9890,17407,77
37751,3136,65
17259,28556,56
30168,4840,36
18058,13167,62
25017,31528,37
93,30818,24
30233,9103,49
25755,37812,83
5564,36348,40
29770,34765,21
3959,17597,66
9086,18765,43
36909,28578,61
23270,35316,105
29688,4797,18
26580,4702,26
30949,16862,29
25125,36922,34
20274,7705,45
17348,33019,61
9984,28639,81
3917,8589,73
4897,16615,25
25019,19683,31
36198,16917,32
24157,6492,76
13625,24974,16
23577,865,84
15492,37606,86
27520,19691,43
6057,9030,74
16687,32016,45
6996,38385,12
16572,13967,24
16187,5428,56
13813,33902,22
30182,4901,36
35736,6964,60
24085,22601,78
6162,24041,76
14309,36998,73
27356,24439,44
7742,28966,73
17263,7517,69
27496,322,21
35732,14679,95
4597,15025,55
31184,30797,36
7112,4940,21
33286,26002,73
11730,27323,25
7598,34220,52
36851,21992,56
9506,31145,45
24177,16887,40
29652,14731,46
23763,30262,74
20371,38601,7
425,3223,26
8374,24466,62
29462,2286,52
18044,20690,25
31072,1525,62
30915,28646,48
10154,38616,56
5614,24101,48
9181,12491,63
6879,7832,50
968,34134,41
38549,394,11
37178,37930,76
31190,2276,66
11393,12967,49
7857,2512,91
452,35601,59
13645,24755,16
22140,3182,45
3286,18217,43
19501,38546,33
18858,32647,24
12183,33773,45
3365,10096,71
22983,36306,70
20628,4250,42
28789,25112,33
19832,18287,51
6197,28,53
31045,31268,36
34696,14759,59
32347,8286,41
1778,26751,56
22688,23495,101
29426,95,10
12342,27031,51
21980,23433,77
23374,31193,70
21821,85,31
22741,35461,102
11316,37609,55
32699,35434,61
28149,888,78
8450,7958,76
13511,1693,57
37862,6796,52
32637,9374,35
21215,19090,66
9092,17017,38
38697,29508,9
13176,12830,78
22549,2655,97
9055,17616,53
8687,22897,82
19922,32019,62
13014,20721,41
26349,2355,60
27369,26691,27
16722,33515,46
26270,27004,27
7840,9465,70
28669,31688,64
23628,23436,104
19191,14743,58
11626,7849,53
7136,14393,49
2689,7042,55
17593,29473,30
13196,32654,47
10653,37824,69
16749,5656,30
36060,16818,32
4080,12945,79
34501,25113,20
8758,23751,85
21950,17584,51
20658,25098,5
32579,20656,10
2688,15024,89
9017,28598,57
15218,18343,64
36380,32254,29
3844,13972,53
37913,7822,88
28946,35357,83
28868,10820,54
14721,16172,79
25747,16253,75
3765,33187,75
24969,19199,19
10649,12285,60
22222,27479,40
33516,25238,38
27523,16554,26
13060,31161,57
3184,37260,51
33387,21419,85
34148,14664,51
7071,18028,30
15777,9281,64
137,27996,52
16174,25100,40
9041,18754,43
15520,7918,84
26552,8006,55
38764,34047,14
24179,14569,71
19905,37713,73
19098,38764,21
32661,20281,10
9520,1756,71
1861,36809,75
18759,2258,64
10654,17263,50
8009,11759,53
27937,25075,49
22560,38304,54
22122,27455,40
13219,3155,59
3203,2476,68
6228,9139,74
32673,33392,43
21005,14563,92
16141,31643,71
15119,13159,80
12316,20304,38
22537,13737,62
28101,34090,55
7595,28230,89
27774,6765,53
31895,4609,48
28064,31121,64
2672,19256,64
35292,26613,65
33407,34805,52
19579,6214,75
10889,34512,41
20753,23694,54
28799,25718,68
22667,13900,62
10823,13620,37
14379,16884,53
19593,13272,67
15379,16136,78
8498,27060,48
3304,13634,33
15475,9924,92
37761,6973,52
2767,1171,80
16932,14585,53
18334,33003,58
19822,10796,52
24346,24308,58
33105,31667,69
15027,11667,51
6257,32017,81
4905,19689,42
28650,29296,34
25850,19916,66
29641,28042,50
38542,33120,40
9134,5258,46
972,10940,56
9077,6309,74
29290,3869,44
31101,23347,70
37768,14703,87
4521,21989,39
9360,23500,79
11589,10677,34
26387,37802,57
8721,18020,56
18897,22613,65
4154,905,72
27861,14500,88
11733,21100,60
37717,10978,69
37021,21071,81
18048,15934,60
22046,32480,33
227,38002,51
11766,35509,63
18323,24871,26
12893,205,45
5660,32767,27
4625,38623,19
21011,9034,77
9904,5543,70
20645,31103,20
7092,3102,27
12357,34749,53
14481,36059,63
12414,14735,78
3038,8693,53
1966,24876,47
36318,14708,63
21013,7587,93
27500,1061,47
34942,6109,64
28131,6414,93
24454,24862,32
285,24893,9
6253,5620,66
36971,1620,75
18229,322,29
25112,6403,50
28935,25855,68
3034,7207,27
35726,13943,66
4229,13968,53
16879,26576,23
28265,16230,83
12306,23730,88
5548,896,51
19050,25911,54
22066,38391,30
1776,6769,51
15043,38385,46
38735,1206,37
3363,8434,53
12891,15086,80
21205,15098,91
16681,11313,21
30039,38668,27
2651,19590,76
21941,1035,57
1930,36939,75
21843,20651,27
6158,35281,100
22786,4718,63
17511,2677,74
30090,25712,60
32620,31649,42
9832,2602,99
15435,37501,86
37269,35564,84
38393,9390,32
13052,25761,77
16998,36071,32
25598,26636,50
8686,5454,52
12133,19578,64
21416,22611,99
31131,15505,59
30997,21959,43
7219,21462,57
36980,26631,43
7808,27474,58
29769,2649,52
5479,14713,61
38531,33313,40
30046,38350,27
2679,9811,99
25512,2563,86
24845,19997,31
25746,33105,73
5478,3218,39
9175,25821,65
3415,265,26
19907,36058,49
2018,10670,68
17614,24397,55
30064,13800,35
28150,32589,54
294,30077,28
20611,38468,7
17725,12310,62
4599,13817,27
17355,10211,77
11513,5322,29
2565,11381,58
37630,22642,94
1990,11430,54
16169,31934,71
4708,27063,29
9377,23746,79
24775,26264,15
31663,21853,59
37265,34586,48
37176,13909,44
32667,5454,27
15377,417,47
37780,5712,64
18091,17527,49
19711,10101,79
13084,26645,51
12479,18922,52
10584,17270,50
27043,7563,58
27107,25738,53
15275,31980,75
16223,29627,41
35510,5526,72
31095,34816,35
1811,9477,71
28833,32591,38
17519,10748,50
34156,17005,20
13654,12165,49
6485,4728,61
14590,34936,59
15175,24251,70
32598,37965,53
36489,25593,59
25139,24021,32
1510,36413,65
37607,35306,98
33758,19985,37
28671,3379,50
6004,1832,91
25933,17711,64
12947,32562,47
30520,36212,43
64,21417,56
7647,13001,82
16642,24049,40
37121,33987,40
8445,18876,49
13083,6431,86
7602,25215,46
31715,12062,70
15238,23475,93
21797,3451,45
17604,16828,37
36184,16113,58
37079,26737,43
30009,38511,27
33009,31951,69
30800,10114,69
25575,13214,77
8008,33359,78
37137,16908,42
28658,23685,82
1847,19150,60
7268,14574,49
38350,23692,57
9516,4520,41
25246,20503,5
23001,1627,93
24991,411,9
10538,26519,36
331,3415,26
2294,14599,90
24916,27952,49
15405,27284,56
29693,33365,39
8617,33772,42
21136,29451,54
19107,18097,39
7241,16130,44
8592,933,65
25711,23313,90
1884,25689,82
30329,37963,67
27458,31719,49
19168,28837,46
13904,33316,48
7880,6895,50
36466,28184,67
26390,35267,65
27780,25128,49
24362,10059,80
9098,33104,62
6140,17522,73
27260,34882,32
25141,38753,8
3256,37103,51
22254,14749,67
32667,31870,42
11652,18073,33
11441,12412,46
36096,25272,24
33766,8351,42
19557,14011,41
7789,18100,66
38547,27756,51
31630,28609,64
1832,16592,55
37619,5461,64
16113,7769,80
14652,6031,89
10258,20293,53
38728,105,11
32472,24150,37
12240,3338,56
10835,28169,70
2482,8015,91
29444,36465,25
1000,25605,70
33320,30035,57
16686,10938,35
19153,125,22
10841,19906,52
25164,5494,22
15465,4723,55
23439,13222,91
28004,29263,50
2522,33499,83
28109,12224,82
19898,215,34
6192,16507,58
7833,15313,84
38564,27231,20
12430,20761,38
35509,38353,58
16091,15339,78
18154,8289,56
18390,28262,69
12458,29012,66
35537,10801,77
10553,20264,26
6941,17490,33
8014,8710,76
16824,11766,21
31875,23719,86
15796,840,69
33122,19859,63
22082,23541,77
25263,17012,14
1605,22126,69
37135,13852,44
25609,10202,89
17276,6405,73
16097,6480,84
1271,21315,82
7848,10731,67
8770,328,39
32454,16640,19
23284,15822,89
30159,4265,62
25760,3759,78
36968,17303,57
27236,6944,22
1661,18213,67
8750,29362,37
32717,37825,53
9247,13104,66
24082,36282,50
16222,10906,61
36750,36147,52
17639,29701,30
6886,3164,27
21018,9054,77
24836,4643,17
12110,1824,80
4741,12971,53
19697,12792,67
4902,27279,29
12155,22241,61
10018,9445,78
17456,3866,66
33225,17407,61
14699,31044,60
2583,26010,86
19922,5592,47
16640,14767,53
20618,3843,42
24296,6393,76
7758,18285,66
22560,25788,87
7655,13073,82
7658,33036,78
29583,4642,18
21888,8573,58
18163,30150,45
31154,34080,27
24382,16821,40
8251,37164,64
1189,11281,42
21068,3273,70
32309,24189,37
2270,87,54
6349,23408,99
29627,5621,23
37682,21177,95
7201,32316,15
9778,13776,64
11505,9911,61
14465,8264,75
8753,37075,64
1592,27444,59
1767,20448,46
15219,7547,84
36478,14768,63
37984,19915,73
23566,23716,104
15408,30867,59
8448,21421,83
26588,15908,49
12931,4820,53
30447,954,54
29759,34739,21
25060,23710,55
36330,33290,56
7545,22762,92
22153,26761,37
33261,35390,88
10803,2018,68
18261,9321,50
13659,12064,49
17291,13835,39
38315,14605,47
37750,3102,65
26566,26010,50
24156,20766,31
3093,17331,46
6798,24348,36
8615,25544,71
8767,27333,48
16544,37684,56
26374,20480,14
22685,5294,68
22034,17612,51
7015,6105,54
33937,36781,40
31701,5013,48
34212,22684,58
2488,5544,67
33946,8546,42
1935,14464,86
11282,11312,20
24168,36894,60
2692,32271,56
6251,14605,89
24056,16961,40
16182,21979,62
28585,1170,62
15883,20000,65
17578,36929,57
9446,29769,31
13727,9374,40
12759,475,45
1232,7229,39
21915,5307,44
28620,7139,37
4570,16009,51
15427,18155,64
17005,2397,59
2458,8693,81
13686,38673,18
7599,36342,64
37021,17680,57
14478,779,74
9483,25073,30
34185,33099,44
5391,36124,40
36114,15996,58
3369,16002,57
28555,19836,58
12152,35641,89
30224,27463,37
5365,27189,34
25019,915,35
2468,23485,100
32463,13110,47
29592,23757,56
15946,16093,74
6114,26279,59
10245,3805,91
30910,11410,28
31267,9795,69
26329,25767,50
37682,6438,92
5651,35484,72
25029,913,35
17772,24302,55
21280,1742,94
21404,22864,99
2768,26594,60
10142,29022,81
5301,25579,57
21370,6324,97
20609,27225,17
2638,10801,72
24114,33908,38
15425,13177,80
25274,23497,55
5320,1656,63
24783,21199,53
9487,31998,61
25971,23381,90
12353,33880,45
493,13559,19
30405,31524,56
31875,35451,87
4847,7254,21
32334,27862,54
4095,9420,67
21785,24299,54
22859,20458,51
33195,27862,81
17704,4503,40
38024,4552,59
6851,5620,26
35275,38412,58
25619,36412,59
31117,28819,48
18090,29266,27
3291,28149,66
30372,27437,37
30011,20598,24
19676,26437,40
28030,30991,64
11008,1094,56
23520,37510,97
25535,29374,42
18413,35264,76
25519,37606,83
21145,34707,67
6463,19860,75
25849,28709,68
33260,1650,79
1645,781,76
19091,31594,50
17617,6296,73
24867,20526,5
3189,19835,48
11432,7679,53
22020,23382,77
17308,28943,56
28601,3452,50
5557,33899,28
30109,17696,48
27308,22884,64
1837,8532,77
19840,28764,58
16927,10697,35
11508,21357,60
29469,10794,28
30102,12050,58
3125,35609,73
27115,18317,38
33801,3920,49
12349,33173,71
3897,21887,65
1122,33854,41
26451,16554,23
30756,22670,67
34141,8323,42
29735,32620,12
35362,23466,105
10023,33056,86
7008,17742,33
10596,31696,58
4605,6771,21
17345,996,58
13588,38324,18
17392,3831,66
28783,18324,53
11469,23556,62
23768,31027,70
30961,30865,36
34088,28252,55
33364,33176,70
7770,4946,57
30923,12035,54
36145,10159,72
15440,9399,68
31547,22697,83
37514,8304,78
25863,1820,82
96,32421,14
13888,3418,33
20405,178,8
21374,9506,77
32457,14710,50
26270,28036,58
30947,36168,39
12418,8264,69
17757,29565,30
27786,18317,69
4847,33853,23
13705,29428,17
25731,12862,77
11301,18470,33
21368,322,56
4585,35280,67
8584,26543,45
23264,9180,79
3438,35274,73
31063,31088,36
23668,2505,100
9389,32443,35
35697,18263,76
19,35366,59
10840,24024,53
8689,19832,61
9285,17699,53
13257,796,71
24356,16648,40
34883,25592,55
22566,24957,52
28050,38284,51
31963,20361,36
20411,12209,38
948,13187,71
6512,31550,81
30521,17613,48
29640,33135,39
10504,28215,70
3181,32667,28
34952,16664,28
6120,15175,88
21279,37730,95
3893,37787,85
131,17722,32
22843,2603,97
35357,15122,94
38668,17704,31
31564,17251,60
37928,24332,74
37748,14759,87
6010,24909,50
28161,19923,74
9003,34511,44
24472,21475,79
29627,1949,48
18203,6192,70
18951,434,22
27327,29437,19
13945,22771,62
3291,25677,58
9223,14629,69
33402,12128,71
1924,19936,72
25771,1885,82
31040,14312,60
21477,11708,60
37087,16073,68
32504,25867,46
7795,11018,67
14728,7609,85
29620,19254,20
18415,24330,52
32521,33333,43
25544,28866,68
37652,2331,93
17583,34684,43
36782,18916,47
30750,15521,59
4648,18467,37
5700,38433,24
13814,25823,51
6439,5715,66
21133,9904,101
24295,12826,68
6323,14479,89
21500,7001,57
13511,25815,51
8481,22965,82
12811,8414,72
28049,7160,53
34755,16914,28
2501,7625,91
30106,5274,41
34805,31670,51
38576,7637,48
2486,22516,97
1057,3843,72
30124,18809,38
21805,28546,55
10743,314,30
965,5593,51
13817,24781,16
36155,17378,47
18089,1808,67
7631,38743,48
34194,12407,45
32578,9521,35
34100,25251,12
25241,15213,44
35316,25863,91
29259,19862,32
17327,37668,71
8530,25011,36
25829,888,70
4092,24228,69
18998,30267,38
10665,34217,33
7527,10040,94
24356,3428,49
7528,10617,67
2757,7670,91
23477,3145,72
15900,13954,50
1135,16208,69
17630,3934,66
32316,28159,54
19550,16551,39
6084,18103,70
10835,37927,69
24457,15039,70
23689,6901,59
24227,12293,65
34956,37748,62
25914,25712,76
22019,20472,27
15395,31193,59
25197,9975,54
22947,10157,100
16925,24212,40
3866,9274,67
35624,30475,75
36087,25161,24
26577,1187,44
1190,33132,67
29471,23496,56
27370,22906,64
4653,36158,35
32386,36139,29
7538,5350,62
10696,13934,37
3007,8013,63
411,7196,13
30893,25939,56
866,21480,82
20739,28812,32
19860,31665,62
33382,22686,84
5631,10955,43
15853,38707,42
24994,13179,42
2278,15051,89
3144,28042,66
8441,31566,67
8699,9358,60
33063,36427,56
15458,32646,49
11626,34156,19
34186,13873,22
20758,28162,48
32467,16614,19
14276,30294,64
9488,18034,50
32703,1696,52
36754,2713,79
38710,23748,57
15276,27857,87
18144,7267,30
26547,13156,51
27363,842,47
6158,14659,89
3789,5573,59
31759,7980,77
34551,13982,30
13881,5440,32
13087,36446,60
36052,30995,39
15150,6380,88
13958,1742,57
9232,18372,50
18398,34985,40
30019,30123,44
23597,37157,83
27288,6053,62
1814,27823,90
1045,2298,80
2729,33448,83
21132,4189,90
14424,38665,47
34262,12199,45
1082,4038,72
17502,37856,71
32435,2468,56
19982,9841,79
37927,21511,95
13265,28035,85
26360,141,18
29016,21513,80
6762,32449,15
9954,10831,75
29759,38413,9
22922,272,55
26638,17354,38
18506,22763,72
16760,88,17
17644,922,58
30477,3498,42
33479,20440,37
23424,27908,98
20586,12941,41
16944,14439,53
12454,37642,81
35636,9952,104
22948,4008,89
27941,15803,83
37162,31960,65
25954,37850,83
36367,18262,44
8766,1,39
30284,7833,65
6508,31876,81
14768,32443,50
32477,19061,24
1961,20361,46
25254,30220,25
36253,27094,36
16098,35591,90
14250,12472,78
5278,35472,72
28114,7187,53
19991,10121,79
33382,2560,83
22699,9069,76
13157,33394,74
18206,2287,71
23651,20731,54
23650,29423,56
18299,25600,61
34,15188,47
5365,25934,57
28571,9512,57
33859,25565,47
10571,8543,57
13830,31057,31
14573,19103,58
30403,6970,29
12264,25646,74
31925,25891,72
1130,22908,81
24460,7642,72
32418,16167,45
28602,10228,81
29704,36130,25
29532,12250,40
30458,34639,39
25944,14323,80
22688,25752,87
31013,18098,41
35387,6463,100
24790,31589,37
22512,2404,97
10734,29000,54
21760,15440,66
5525,5537,38
30441,33379,57
37239,16878,42
9907,38292,56
25682,15364,79
32560,22068,33
35524,28103,99
4089,30374,62
6861,18029,30
6520,31201,65
13646,30881,31
3207,11587,30
21924,38719,30
6414,22612,96
31053,14481,60
9862,35301,104
21761,37675,70
35655,10593,77
11427,18790,26
21938,33112,60
904,22993,81
9756,24474,80
34912,21835,42
6334,13743,60
1636,4047,84
7738,1800,87
4182,15074,81
33474,4934,49
27115,12487,51
28859,8580,63
104,36470,27
12312,1171,68
16526,36089,32
20655,22933,51
7516,12414,79
6347,21289,97
33275,32693,43
10265,11703,61
32,23010,55
12963,34777,56
18443,6461,70
27948,14657,88
12187,33818,45
18839,16795,27
19043,11349,26
37939,35498,98
26282,3289,32
1971,24367,73
16554,17262,37
1272,3052,52
18091,26706,35
18254,8378,56
19962,14555,70
14767,14280,84
22828,13779,62
7819,10886,67
24266,23617,81
24864,25180,6
21922,25133,28
18109,21321,73
27162,2265,63
22527,26691,61
31020,38463,23
14664,4834,56
31533,15445,75
22074,28516,55
35447,457,59
12334,14689,78
6798,4980,21
21161,20423,52
31777,34111,43
37844,36402,66
3,34999,23
4847,2660,62
38288,30030,27
36846,19900,59
38684,20474,7
11323,5457,29
20265,1130,34
5604,9933,70
3214,29750,24
8456,24245,62
36519,18163,44
16655,21846,36
25578,33220,73
37051,11347,41
2425,17377,74
22910,18444,72
12942,1008,71
34716,19813,45
33074,5757,54
6292,31544,81
3848,8477,73
8562,31983,67
27871,5771,65
2753,3458,68
3287,14325,62
29417,31924,38
24357,30497,51
451,24856,9
1116,7904,75
26697,4858,26
1571,20472,46
19588,25998,66
1062,28102,78
37740,34636,62
4539,6922,21
15188,12151,77
17368,35473,79
21901,37218,56
12216,31205,54
30998,30964,36
15499,28932,71
18863,30006,38
5319,9248,46
29659,28860,34
29589,34905,21
27760,38436,51
17449,25885,64
30105,18873,38
6359,27175,62
28858,20631,32
28253,31576,80
7112,11580,17
31674,8302,67
9377,7200,34
33991,3453,29
19520,15248,69
34617,30011,39
9425,12375,63
37740,24145,74
3190,19219,36
16026,19848,65
25822,3408,58
26536,33380,47
11755,26495,22
21428,15193,91
12449,13955,49
32279,34852,25
4972,20645,16
21959,30354,47
798,29752,36
14610,23022,91
20020,13062,67
10036,10620,75
31595,1680,78
37153,10701,55
37078,15318,72
21230,20426,52
8387,10983,57
27807,8331,79
4121,14759,82
23587,28030,98
28768,14595,72
10943,25866,62
32681,26535,20
851,19793,60
12862,37254,70
15518,1957,85
21025,28918,80
30196,3433,42
6985,14472,49
22049,20310,27
16710,24438,40
19865,16123,65
26520,25799,50
8418,14502,75
26467,27334,27
30909,785,50
36783,36171,52
21953,26446,37
5654,7587,62
12127,9066,63
22226,30169,47
29281,6202,51
19120,180,22
7205,6324,54
6010,4650,61
22899,14382,91
7755,21846,68
15481,32338,49
34729,36843,48
24957,12766,42
6912,8484,40
11630,26312,22
329,2594,54
15470,37754,86
15876,20706,39
37211,21134,81
22872,14335,91
34635,10210,68
32522,33070,43
1504,15423,85
14757,28516,72
29344,13651,17
1065,5627,51
21195,25519,88
6287,4618,61
14646,25189,45
11318,10120,61
10770,3180,44
6009,36196,68
11314,32714,18
28721,9865,81
22536,15194,90
36188,28825,51
31541,13200,73
9965,28898,81
33788,11642,19
28556,20449,32
24972,34088,12
34686,31576,51
14301,3154,62
4124,14006,53
11554,34932,27
30081,38291,27
10262,19715,79
34559,20266,19
14493,27366,57
32438,14442,50
35288,10887,77
20452,36123,23
23635,12879,91
27984,20014,74
19877,21972,53
34865,448,23
2367,4038,88
419,12082,42
33183,12412,71
24335,34266,38
347,33311,41
7176,260,13
3174,22730,69
7788,1111,75
3914,37266,71
6154,13842,60
6780,4223,47
30286,37105,53
11386,27075,25
5400,37705,64
37580,11299,55
6468,19918,75
25970,10812,62
12775,16976,50
2587,11698,58
33967,6351,56
32674,28710,38
14554,38495,47
27387,13684,28
18007,6871,30
6426,32531,55
10844,36943,55
4603,4715,28
6819,23750,59
15476,19823,69
16003,3859,77
4241,8765,73
27894,1083,78
37792,9836,96
7706,3518,63
371,37128,37
19157,28807,46
19855,14744,70
13112,20518,41
5523,36398,40
9180,30268,49
37604,34822,62
31254,14453,60
1706,21217,94
16673,34714,28
35766,30750,71
20007,35502,81
13214,21436,89
32637,30351,30
23696,32381,60
33831,18912,25
32675,18277,31
30148,37898,67
24455,10226,80
16885,25047,14
35629,4260,93
22201,1156,57
38619,27457,20
23447,8292,85
35420,27193,68
28871,20663,32
17669,4832,40
6799,35391,60
30431,33520,57
30199,28527,52
32427,15419,49
5391,7126,26
33190,16571,46
8716,34661,50
10809,10061,75
29447,19879,32
18886,9796,67
31213,5771,37
16734,16865,22
27781,9520,73
27177,13898,28
27378,1272,47
9204,20695,29
15397,32724,49
20295,24863,5
21084,3193,70
1603,16266,81
3900,31530,74
33128,20456,37
9185,25723,65
13978,17729,39
11710,27398,25
32495,10036,59
6155,18233,70
10928,3820,64
34031,16891,20
6469,21967,72
23433,59,58
38654,2545,53
11710,24106,39
34607,10703,41
28710,11640,40
11459,30853,28
21172,22891,99
16878,21826,36
16109,23270,89
13686,3779,53
2564,22873,97
27273,10788,39
37779,1735,89
34071,12466,45
21126,6512,97
19965,1641,72
2615,29593,52
14015,18263,36
5443,1827,63
28755,29655,34
17500,425,32
21204,23412,102
6942,14453,49
18991,9902,67
34226,30957,27
4036,31631,74
10789,22992,73
10895,1189,56
823,4103,72
10862,853,56
13878,9050,40
33794,32746,17
13803,27133,28
3342,38373,25
15012,22047,66
4057,35530,93
3493,4516,34
3947,6962,47
22677,12476,85
18229,8770,56
22128,4758,39
9462,22688,76
10265,26550,63
21491,9015,77
15851,6297,84
34122,35523,62
38764,17345,31
1214,13187,71
6113,13558,60
6428,19037,63
12028,3997,76
30389,22018,47
6903,1112,39
12216,37142,67
36897,32724,39
17607,21107,76
13901,36002,34
37548,35412,98
12337,3850,76
2407,977,80
36046,6027,68
12938,27764,85
5301,10248,70
391,29666,10
35439,10754,77
14371,11530,52
2747,22771,97
7965,15061,84
36276,14021,34
33867,13194,48
10005,12872,90
1575,28964,74
5625,16210,56
1065,30428,54
8712,21303,83
4013,5253,59
9095,5705,46
511,3780,46
14700,4234,82
25928,4757,52
32630,26016,46
892,19938,60
1591,28089,90
28097,35344,99
5542,10223,70
9815,18180,74
2509,24450,77
18925,334,22
35758,34920,70
36169,16690,32
23638,18200,75
13173,4205,79
22749,1916,93
7816,19859,71
27500,36376,36
38499,10814,29
12236,6285,83
4032,13181,79
2515,1208,80
36841,9028,58
1928,6160,91
7504,28073,89
10759,26713,36
32530,34910,25
27110,25982,53
34778,10666,41
11421,14670,52
32256,31106,26
24359,10666,53
437,36160,27
17620,1574,70
9046,26680,39
10899,26559,36
30499,23700,74
30839,14456,60
3438,7202,27
1871,4138,84
28828,34689,47
32656,10504,32
26370,36524,33
12915,4211,79
27296,10948,39
16028,12318,73
34891,10053,68
29650,485,10
24334,33191,64
24294,19967,57
31931,19881,62
33281,7736,78
36342,8424,54
22147,15430,66
28269,15884,83
29768,13090,43
16105,16957,48
503,25067,9
26645,3785,52
14460,38695,47
28584,27424,45
36112,4008,61
20739,12770,41
22633,11719,59
38706,28790,35
16131,4778,51
8397,31706,67
36279,21035,71
8335,1524,77
36782,19078,47
14383,25978,80
24380,31070,47
24829,1552,47
3993,34583,57
518,26421,18
13097,21008,89
34757,25855,55
362,13980,19
31761,34551,51
13905,3910,53
17621,15917,63
30020,28511,52
8253,3501,53
31254,23305,70
9013,19587,55
20293,4985,16
21180,20615,52
34595,11576,27
6396,18023,70
34231,28985,39
24787,18958,19
38412,25242,8
18502,26351,35
19977,21858,53
26488,3798,52
2580,1638,92
4159,4712,54
6967,1263,39
37883,19157,61
30394,22769,71
24917,36908,34
34271,30409,31
4914,37666,59
29709,36107,25
35457,9350,80
34879,34582,34
10190,13081,90
18263,19132,39
4903,34795,31
23405,30429,74
7181,12426,43
19815,33147,63
30789,29741,22
12341,32676,44
5359,24171,48
6779,35741,60
12121,20273,38
15205,18957,57
30303,28074,68
8462,3947,73
19097,33336,51
30391,10704,46
12099,22563,85
31201,28535,48
34167,3156,29
27020,6297,62
6784,9769,58
11592,27961,56
6996,6796,14
15308,9902,92
35770,23413,105
18418,15055,64
7859,25681,81
3868,34865,57
2672,508,54
32319,34858,25
34911,16039,54
24010,30431,51
6307,23768,99
15963,38377,42
4521,7853,57
14350,24214,71
12026,35330,89
38397,30763,23
7810,3484,63
24892,24404,32
12486,12196,72
16157,403,43
32024,13874,47
38468,15302,46
2330,36081,69
29295,32737,12
9951,9017,78
31230,18251,41
9341,417,33
28598,15388,71
33142,27128,50
25602,1037,70
28200,38446,51
5350,31772,53
28165,6191,93
1804,26693,56
24978,19715,31
13739,2258,61
18292,31903,57
6292,32562,55
23676,36227,73
3204,16116,57
14748,32391,50
19674,10030,79
3079,35569,73
26677,15783,49
2329,28143,94
10196,25612,89
2274,4790,62
15967,18944,53
16999,8722,44
33413,6318,82
7637,21351,93
977,11255,42
21923,37806,70
21419,25946,88
21838,25614,63
31946,17751,60
38261,16952,16
23562,17429,78
14747,1577,86
28680,34861,47
9237,3035,47
27427,15447,56
33270,37250,66
19218,24816,19
31101,9022,45
26449,5460,31
9973,15751,88
9899,28038,97
36513,3058,41
6966,14656,49
16511,3297,31
30245,26605,34
34760,9501,44
3782,38694,45
21272,33887,59
29333,6207,51
22947,11379,59
4687,18999,30
27465,6321,62
24322,24917,32
1789,11444,54
22006,7593,68
17704,24210,55
23679,9763,103
29599,23654,56
31202,21326,68
28097,4523,60
26567,5314,31
22554,24291,78
18342,7511,66
9425,19923,55
16652,7058,18
20647,9488,29
23716,21128,102
10579,30157,46
32253,2626,56
38404,27772,51
30122,33854,31
21907,779,57
22019,29508,29
6822,6390,54
839,9772,83
15072,7169,48
20261,37769,47
19779,6377,75
11407,9820,61
27230,35517,68
10217,27106,66
38014,36837,76
29565,9847,55
21978,24764,28
17675,22626,75
12170,12851,75
7975,10137,94
1996,18850,60
29411,25092,7
159,10923,30
13888,29736,17
14485,15010,83
12921,5463,58
18319,4984,37
6433,11018,71
27198,9394,42
32485,15321,49
3167,33941,29
17604,14502,68
9921,9159,78
3128,12227,56
18166,29634,27
3925,22817,89
8716,32461,41
4604,10026,65
20653,25016,5
28613,20375,32
7738,31012,61
26751,28664,42
34219,6317,56
25031,3122,23
36146,2729,69
19521,30003,50
4582,12931,53
18477,18265,46
13754,5737,32
26731,9857,63
30958,13825,31
33902,1522,53
29723,28537,34
10883,13896,37
26298,34812,29
36907,15983,68
31640,6363,81
37189,20325,33
4818,34091,23
10756,37751,69
12072,21882,61
25649,5662,57
28156,33392,81
31709,20420,36
22980,14628,91
38018,15500,86
3193,30519,42
36085,10264,72
21008,2430,98
16145,4832,51
19239,37933,61
15472,29339,45
16253,16233,74
18079,9494,50
4944,190,20
1998,30963,62
37723,477,51
25944,16211,75
17477,18886,42
5009,26542,26
1671,23748,96
20600,8547,35
30480,6512,69
7112,25737,45
5493,8017,62
15423,28906,71
21266,23574,102
20667,23389,54
35317,27136,68
3062,4038,60
10762,769,56
16799,23568,63
16745,34652,28
4937,38280,19
23556,6506,99
21008,4554,64
16973,1628,55
6063,29353,51
19269,22148,41
19060,21088,66
20377,17303,28
4724,4240,54
29772,4784,18
1735,28845,74
28557,9496,57
14540,21457,92
33021,23015,84
9385,19862,55
36114,34528,38
22748,27110,64
2270,36796,79
26374,19578,40
1902,35318,97
28925,36333,51
34005,13779,22
1096,8684,65
28957,22731,79
2713,32652,56
14418,2284,90
6485,15399,88
23308,36961,83
13559,16164,50
3413,28267,66
1590,30017,66
18491,25597,61
3163,6881,27
34049,24879,12
774,7928,75
28992,32285,38
20658,16926,13
4224,6238,87
1916,11493,54
26565,34211,21
28178,8365,79
9214,7092,34
30099,8435,55
7219,27892,53
36459,26558,33
9272,6976,34
18785,12371,52
29022,10250,81
1640,15284,85
18965,9330,43
7910,35323,96
14415,13903,55
32377,12113,44
35007,17329,43
4194,1163,72
15884,27016,52
9769,27753,97
31587,10029,85
13890,34528,30
33863,928,41
37076,4104,71
36011,21340,71
17617,6,32
18803,31273,34
11672,34798,27
31202,15216,59
30041,22565,71
3381,38694,25
5262,10962,43
28595,22206,55
1957,4210,84
5592,27966,65
4600,18754,30
13007,6810,46
19560,34933,45
4551,17630,40
35768,4226,93
33145,22648,84
5319,34504,36
12214,19812,64
8733,31121,51
33778,19120,25
10110,4745,65
28153,1586,90
6840,314,13
21143,38765,55
6942,15243,48
7158,32371,15
32550,7715,51
22061,9178,52
19906,7688,71
3446,16271,57
13040,25168,42
18523,17401,49
22572,30030,71
37148,22681,80
2746,1735,92
35662,35546,106
28129,26688,58
16757,469,17
34617,18905,33
38603,26321,17
23691,937,84
28513,18368,53
22778,35575,102
17312,15380,67
21278,177,56
6409,7821,90
22760,22807,98
15873,3181,57
33978,21993,34
37038,9852,82
1249,20608,34
25726,30248,60
419,16780,17
28751,17597,56
13096,23736,91
18432,25173,26
16645,29258,15
16018,16555,48
10999,20715,26
18320,31576,57
9835,6418,98
2561,6400,95
20566,4838,16
14398,6414,89
38547,30285,27
11021,37834,69
7507,22069,68
31934,32355,42
22911,17753,75
14692,25954,80
1093,28836,62
13037,21409,89
18481,2544,71
14712,32013,76
19075,16255,53
25697,1224,70
17288,20489,28
35467,19070,69
36014,4021,61
25664,18408,61
33844,17290,35
10234,8670,84
8277,1267,65
37088,35400,84
15930,26451,49
27328,7902,58
4976,16615,25
9226,15213,68
17353,163,32
34762,29655,21
17608,6506,73
4814,33934,23
21080,38589,55
31781,33775,43
10078,29502,55
20641,13577,15
37751,32643,53
8604,24307,62
3091,29565,24
9178,23444,79
33491,9157,62
16762,29697,15
34637,17255,43
21524,24325,79
18349,15099,64
23254,33824,61
4545,22271,39
14508,38441,47
19783,8529,61
37851,5600,64
37102,10679,55
18881,3401,36
4963,18392,37
30964,4989,32
2588,38496,53
25991,28144,84
30793,2486,66
37646,9154,72
30388,30296,44
20283,23563,54
37220,33524,66
8278,31660,67
2495,29301,52
73,15095,47
6822,34012,16
960,15301,73
4524,60,20
7644,33506,78
28555,11587,40
20554,15193,43
24406,24148,58
9019,14476,69
15826,2627,85
30883,7204,25
410,23366,58
19599,133,34
11615,6060,57
34717,26367,29
16172,16718,48
16041,14667,79
7964,27358,58
29764,15132,45
8608,21205,83
37681,10566,69
23683,36817,83
3009,25984,58
6806,15983,44
17319,13670,39
7739,9410,70
989,37807,77
6905,8546,40
12766,36450,60
7637,33017,78
13147,30832,57
25562,35709,91
22596,5482,68
7090,23325,59
31146,25737,56
33877,22719,58
56,31933,40
833,21037,82
13851,13106,52
7993,16952,54
27074,12303,51
33433,22956,84
38706,37880,50
8677,37248,64
20639,6005,49
19698,37845,73
7968,9393,70
9853,37699,96
25902,37091,69
31751,24441,63
10099,30188,73
29631,21239,54
2431,29358,52
18523,28084,69
30296,34507,39
22563,519,55
16161,180,43
6994,31846,41
25795,36518,59
20529,30332,24
16186,14692,79
9493,27927,73
24775,28194,49
31079,18286,41
15935,36855,68
3426,29494,24
30029,6472,69
4917,23763,66
13831,38500,18
24111,2626,77
23466,23444,104
3240,35422,73
10664,4234,64
10175,19674,79
27791,27182,61
24167,12270,65
15900,37664,82
28866,10949,54
33778,4901,23
19534,13561,41
4553,11498,24
25691,9816,89
7868,7655,86
14315,20278,44
13537,30342,35
19838,18480,51
16046,13773,50
31129,14435,60
33331,3167,55
10243,8274,84
30474,11527,32
28867,29686,34
773,11407,42
12120,28682,66
15180,6372,88
19795,16260,65
6865,28120,53
29471,25717,42
28687,56,36
25519,25554,76
10140,11448,61
7254,18809,23
19039,36764,47
34670,5425,36
8297,26392,45
10812,28090,70
14580,5672,61
9386,18152,50
21381,1066,82
11390,8482,43
35354,20707,55
15467,27203,56
18046,16202,60
17024,32595,19
8286,1674,77
22984,23506,101
26679,15855,49
36017,24885,24
32604,35454,61
24054,19820,57
35559,17719,79
26675,18814,28
1512,26568,56
32604,25922,46
6311,17551,73
6443,8661,80
18415,34187,32
30952,30299,40
4262,7268,47
29378,15284,45
26774,18969,28
9476,37672,72
6939,27218,22
28644,23661,82
9072,14360,69
14291,27492,57
21120,23762,102
17753,12369,62
29548,28757,34
10568,3084,44
7611,33235,78
26331,38272,17
25661,20714,40
12471,1774,80
28687,37100,61
10242,11733,61
9453,1020,59
21349,4808,64
29322,2622,52
23601,7770,95
12163,15918,73
19669,22077,53
32368,26722,20
446,1700,50
31139,20365,20
24886,3019,23
24187,16502,40
22269,30218,47
30490,25632,60
31808,20515,36
37581,29583,49
36810,15333,72
27336,36892,46
33013,16791,46
35691,1863,97
37221,22263,56
25054,15834,40
14340,26603,54
37710,973,77
10908,188,30
18030,1092,55
16130,30768,55
4128,6115,87
7811,21785,68
18939,28875,46
21312,12752,89
29391,11510,14
1545,15113,85
26640,25664,50
9881,19258,67
23627,25982,90
441,36945,37
13159,18949,55
12137,20488,38
28639,3234,50
24815,36938,34
31773,16998,45
31114,29557,22
13542,28917,43
13181,1218,71
33442,19027,51
13231,9174,66
23598,19110,68
16073,29438,41
4683,17658,40
29749,25537,42
30371,16625,33
17515,7966,69
21881,22932,74
15512,16993,52
19031,23725,68
15047,22018,66
18185,493,29
34555,37221,48
35530,13038,92
21976,31604,59
9116,20325,29
19834,23306,80
21217,7534,93
3924,6052,87
3293,12300,56
16508,3951,51
4929,31837,48
16513,37023,42
31715,24960,37
4812,6490,61
8482,27910,79
20669,34054,11
29450,5418,23
79,16215,43
2014,13726,57
2347,16076,85
34923,29743,21
8622,16251,70
27962,27198,61
21405,25236,53
28733,1984,74
35556,7715,96
20516,21898,27
28144,6003,93
25786,37921,83
13889,15279,54
19127,22829,65
35380,30522,75
23527,21069,102
23760,394,58
17684,23275,78
35499,15473,94
3250,12231,56
22077,28221,71
2388,33502,83
36466,15436,62
4118,24070,69
19039,26722,28
35508,26001,91
125,34664,23
4574,30104,36
31077,2397,66
14650,10680,66
3234,819,52
28594,2294,78
2682,25755,86
12081,38747,41
16733,1588,55
20477,23390,54
26431,31964,46
5005,24420,43
19501,37115,59
19146,57,22
18334,28164,69
8590,17671,59
30793,12164,54
34659,10096,68
12483,7061,43
9841,20673,53
11281,34842,27
7071,382,13
3006,32269,28
2476,6337,95
4032,29473,44
32335,25238,11
33978,19712,37
24864,35500,56
23454,19860,80
16727,14739,53
9462,801,59
31811,25892,72
14630,22100,67
9123,36516,48
22881,3870,89
23327,2727,100
4247,20694,42
14439,15054,83
28742,20467,32
9287,33435,62
32305,37880,53
31671,31117,52
28871,19699,58
25241,28116,49
16900,34018,20
32280,5005,22
8622,3519,53
38399,38603,10
27344,11566,25
18248,7504,66
814,32296,40
324,37502,51
9334,26531,39
18880,10219,67
26355,32655,20
26665,23670,64
15758,34648,54
34821,27433,32
21436,16770,61
29005,16664,41
1786,14350,86
11589,20281,12
25781,28903,68
36153,23466,73
456,27169,21
3307,28700,50
33961,31938,43
15223,15425,82
30217,30141,44
34176,9839,60
30019,11577,32
17675,9422,53
26003,24111,67
34740,29339,21
1922,8498,77
27908,35496,99
33188,499,41
11489,24162,39
7837,38695,48
23276,37085,83
6092,31165,65
37576,34533,62
30524,2251,70
3309,25649,58
22517,4092,89
35289,18490,76
4571,33854,23
7096,20300,9
3989,11707,50
5713,8002,62
38349,3821,45
21153,31154,68
34066,19815,37
2389,7875,91
17534,5478,45
19954,4948,42
32583,36238,29
34803,23457,69
7671,6518,90
21808,19126,41
27377,4610,29
23001,504,55
33,32409,14
36772,28597,61
15496,7132,48
7148,20322,9
24467,34662,46
35389,11629,63
10964,4092,64
16162,37072,68
26254,37884,57
9420,13131,66
27063,30251,37
35625,24925,56
34859,14555,59
21811,23250,77
36112,36227,42
22806,24472,78
35525,36153,74
7893,31706,77
2339,32649,56
5742,9451,46
9226,19159,43
8707,31601,67
36440,15084,62
27005,10242,66
10980,6873,31
21400,3339,70
16132,35665,90
5705,19181,35
36789,4829,45
201,4778,20
3059,31087,38
30433,19667,50
19884,10947,52
21045,808,82
6176,1217,79
3450,31094,38
15418,27018,56
27188,9991,66
6342,8488,80
9497,12473,63
13681,5411,32
8752,36858,64
11435,13604,23
18945,7609,59
4743,6011,61
26642,26023,50
10131,13575,64
27153,8575,48
34034,14612,51
20394,17317,28
6493,5511,66
3839,13066,79
4748,38485,19
28975,30065,52
25912,33828,47
23527,29340,56
5774,24274,48
26537,1586,56
38324,14589,47
27376,19611,43
32713,6995,15
29317,32533,12
6491,13158,86
29401,5273,23
19166,23497,68
34655,6839,24
33813,14493,51
16643,6422,58
37681,21000,95
33848,20012,37
25974,470,44
22832,22794,98
1765,25765,82
7082,18031,30
3398,37179,51
25018,35717,56
33258,8327,68
38759,17465,31
3118,36383,41
13775,18492,36
35021,34688,34
14578,20536,44
4094,3916,80
3138,35741,73
11266,1095,42
12438,20253,38
24281,17505,55
26010,31729,72
22591,28977,79
33022,7659,78
33796,38590,14
33206,23563,87
10055,25100,54
17337,28137,72
19647,28748,58
28918,5751,49
299,16155,43
33027,29651,39
11721,28957,40
23532,3897,92
37199,29444,35
24897,35543,56
13621,37980,58
33040,11687,45
19938,22845,77
9282,24073,56
10271,34997,68
26463,20290,14
36927,1242,63
9813,10783,75
28089,19032,62
38022,7978,88
7652,30895,61
12421,25862,74
15114,13022,80
37857,34244,54
12179,27017,51
32387,28548,38
37516,3181,65
2676,37099,79
33762,4539,23
12871,3495,59
21028,12829,89
34903,16046,54
35305,2284,101
13848,12397,49
23284,2712,100
26331,18784,28
6304,12156,83
22033,8332,58
24935,32506,11
26513,35462,65
27960,28669,76
17561,22244,51
28756,16135,67
29335,3227,24
28968,14733,72
2513,31883,82
21979,27282,40
35762,6399,100
24157,407,35
30795,16655,29
13967,24836,16
36759,7915,74
22971,10109,100
34133,4210,49
30316,7089,29
36523,4880,35
10123,19660,79
32550,31780,42
5723,31731,53
7010,7981,50
10916,18964,40
21364,20450,52
3131,9091,47
11301,898,42
31087,3197,38
25075,30774,21
11532,814,42
25939,38330,43
25565,23495,90
32485,15302,49
11708,19555,38
3466,2729,68
24771,152,9
10038,27465,66
14767,21793,67
4941,15334,55
30090,13231,61
22883,32480,57
9315,28609,57
12152,411,42
33469,27877,81
2353,6422,95
29411,107,10
4622,38696,19
21843,19913,53
34601,18068,40
238,9153,33
27827,8560,79
16910,27893,57
30387,27198,37
27210,18402,38
28989,24441,59
34980,12397,53
31258,25547,56
250,8262,39
18955,29005,46
15165,13596,54
10216,27202,66
21068,27349,65
3908,7936,83
14641,29515,46
25773,25636,76
28041,29380,50
17432,14721,68
4133,28632,70
19768,34160,37
18120,36337,44
5419,13218,58
8518,7553,76
23657,25891,90
20686,21499,52
20441,18005,25
34699,19057,33
8365,14559,75
20591,23390,54
767,21337,82
28253,17584,72
12786,32285,47
17023,29693,15
15271,36803,72
16203,21958,62
2651,32286,56
32321,17313,34
7021,9189,34
31729,30045,56
23580,32478,60
11363,31901,44
22731,13625,62
35392,33860,62
37047,3812,71
5552,30852,37
2546,28625,78
10876,37249,55
3008,33884,29
18243,23479,75
9510,21856,52
19077,13823,29
6515,14612,89
16167,7653,80
14263,10835,66
4023,19252,56
13979,22171,38
18957,10704,40
13813,24319,42
27903,38457,51
2653,37713,93
31662,28867,64
14455,22001,67
27929,10739,70
12475,25136,39
37245,32323,39
21315,33863,59
13511,27814,59
19850,38334,33
304,28053,52
24033,21107,79
2674,34120,57
8526,16021,70
17770,25574,64
2747,34746,65
20532,9504,29
12080,31799,70
3861,13948,53
11504,19071,26
28962,7159,37
29592,22665,53
22527,37768,94
31031,7022,25
12422,7231,43
9132,35715,80
31739,361,40
24071,33026,64
18138,1575,67
4677,6041,61
31914,15479,75
18913,15204,57
8722,11435,43
15775,26010,75
24412,35250,82
2258,16234,85
1763,1977,88
38498,21959,30
7013,2595,55
22650,13772,62
18139,14769,65
38020,35654,98
11259,19260,26
22717,6906,56
13217,8589,72
18905,23688,68
24946,4975,17
38430,20414,7
27046,16506,26
18819,30299,38
6461,20286,49
27115,35283,68
24117,34018,38
22684,38307,54
15061,15972,78
1092,3177,52
34989,34955,34
9888,226,57
35312,15149,94
7939,18075,66
13699,18989,29
7921,18788,59
5352,17290,45
7824,15884,80
23629,36234,73
19835,35544,81
15976,1187,69
29679,3230,24
12033,13961,49
1883,9867,95
17475,36767,57
1949,10259,95
31832,30517,56
35417,30027,75
4181,10273,91
16104,14634,79
7211,20563,9
33077,34092,44
31506,12791,73
18284,7104,30
20298,27521,17
33389,23601,87
19238,10592,40
3405,35303,73
27844,18509,69
10819,28837,54
24184,29312,33
16203,37197,68
8488,1247,65
29584,32653,12
25213,15965,40
29676,6778,11
19035,17254,42
2750,36370,69
21125,38708,55
23531,9289,79
10797,1756,68
30845,19520,46
4514,32618,22
4596,5417,33
11399,23564,62
34001,19028,25
23722,24212,81
14671,36897,73
38406,28675,35
18960,25975,54
33412,18098,58
196,33871,15
33877,24189,38
16628,13961,24
38505,16081,42
35415,11250,63
29523,6833,11
7076,12202,43
16124,33843,46
10017,16116,88
7149,7697,50
9363,32700,35
27274,35266,68
8770,22653,82
9963,27816,97
2712,22158,73
1546,26494,56
5753,17320,45
8652,23535,85
3113,26455,32
32665,36904,39
1207,29763,36
25512,22935,87
22056,10219,76
30056,1056,54
8629,13739,46
16027,2645,85
15397,4518,55
34573,21981,42
4759,27905,60
29717,4579,18
32677,26495,20
27941,18790,62
38375,7083,12
19884,4042,68
29651,458,10
16083,29495,41
19950,18900,44
31173,32754,26
23300,18889,68
14350,30103,64
34068,22536,58
27891,25721,84
12024,6116,83
13957,1549,57
33237,30804,53
23449,37535,97
19731,10017,79
15344,36303,62
16112,37963,82
404,28940,36
13930,17325,39
10204,22802,100
28544,9863,81
25539,8463,71
24942,27779,49
26428,1196,44
17649,7723,69
34789,31927,51
12488,12843,75
20392,34580,19
27213,38617,20
28938,8017,73
15074,10773,65
35581,1922,97
7222,34706,24
6145,9046,74
4,21352,56
35444,30399,75
12764,7268,46
21934,4161,65
28623,25982,68
7938,13625,56
9317,35456,80
7607,25890,81
14487,23409,94
8696,24378,62
21323,20400,52
35340,38407,58
4599,19599,42
18415,18160,46
7722,10612,67
144,5330,25
27471,7898,58
18393,2450,71
27150,16234,52
9150,29655,31
859,16558,43
37845,33468,80
10591,19772,52
17542,332,32
4671,1176,46
3246,17254,46
21758,12484,61
12840,34922,56
21843,4248,65
22170,5281,44
31889,22991,83
7145,26481,19
4510,261,20
1034,24238,61
25156,16535,14
21455,10898,74
35662,28266,99
30845,17444,44
6489,20594,49
14522,30048,64
831,4089,72
15917,38305,42
18350,38400,28
27441,25834,53
3220,34065,29
37970,1020,77
34958,19090,33
31543,16737,45
28054,36141,67
17441,17711,52
21195,36156,71
37176,7914,74
22930,37237,80
18971,22123,41
34562,209,23
37670,27298,60
27488,15446,56
13636,16977,24
14723,8447,75
25926,22159,63
4772,12419,50
37889,34635,62
19831,37621,73
22253,3794,65
35760,12105,89
6894,391,13
8295,30131,55
36303,22924,70
6444,10175,98
23262,19027,68
22259,24826,28
2302,6806,55
5346,11565,29
9121,1214,59
27010,11380,25
37,25000,9
26440,28806,42
6329,36118,68
36107,10147,72
37859,37230,76
14340,35659,95
35463,4649,67
2024,18116,67
17379,13150,65
17394,10656,50
27799,28938,76
4154,2539,88
8341,35571,86
24269,26495,41
3942,25062,43
37855,18143,68
27768,34870,63
35603,15797,90
13832,13908,26
31222,34754,35
20718,4649,16
34727,10066,68
2504,33094,83
3150,3358,40
20300,14012,15
8299,28993,63
36019,3233,41
3098,13569,33
9013,30143,49
3348,28506,50
10112,6258,98
13884,27886,59
34034,28832,39
11449,17753,36
21856,17343,51
28821,27778,76
30874,36872,49
29568,28597,34
12872,24406,68
38587,27498,20
9,4619,20
24215,3794,69
20281,313,8
12863,33123,74
25823,4211,78
36511,21008,71
1517,1761,88
18377,29293,27
31261,6197,65
27791,31588,80
9353,31191,45
9212,22016,52
29404,14527,46
19078,25868,54
37862,38732,50
37733,32551,53
2723,20409,50
8359,38319,38
16241,11254,47
13545,33487,48
13969,32006,47
18449,369,29
16600,4037,51
25624,25813,76
18803,27966,62
23430,27498,67
38515,8468,38
30870,26501,30
25961,35649,91
28225,3761,86
31156,17513,44
4785,3837,54
29742,10619,28
328,7813,49
7918,38389,48
36163,15811,58
29402,13181,43
27400,14481,57
11335,35697,63
10989,24433,53
35705,33987,62
2315,29711,52
14414,24354,71
29363,8394,37
20749,22635,51
28757,6299,77
1649,929,76
11624,10524,34
37517,18475,68
31730,34520,51
15764,34626,54
27202,24051,44
34729,12286,53
18146,2566,71
9502,32745,35
37803,29703,49
6151,33045,82
22983,25625,87
2703,7773,91
11709,26351,22
19997,16829,39
34540,25860,55
17533,9286,53
244,29263,10
12876,15437,80
31516,21395,84
28633,6372,77
38474,8464,38
7517,32672,51
56,29297,10
28860,23654,82
8521,30869,51
3923,9417,67
27357,11589,25
11393,24967,13
4908,21810,39
34169,10021,60
4164,20287,42
21508,35329,103
33785,32366,17
21752,1612,69
16721,30150,33
9101,33217,62
24917,35485,56
23678,35378,105
8463,15824,70
28513,9523,57
17017,8703,44
11734,16032,47
22652,12373,85
38649,13712,18
5014,14477,56
27490,26019,53
25865,31711,72
16691,24209,40
21264,32432,58
1239,35326,85
2732,24461,77
20695,1015,34
2383,26483,60
36009,31825,55
36358,37683,66
23440,25787,90
3853,13725,53
13236,23557,91
1549,4525,58
4010,20772,42
13201,21299,89
27352,12258,51
32286,36384,29
37672,20022,73
1073,34827,49
28132,9240,73
21312,14743,92
6823,16733,18
35421,2338,101
16668,34876,28
1057,36940,63
38281,33379,40
1092,4603,46
17002,22921,60
10987,10691,48
22901,19218,65
37733,33266,80
2365,37223,79
16162,24897,40
4669,7158,21
22826,25010,52
28207,15867,83
22168,24359,54
1093,11739,42
16958,21081,61
17601,33009,61
33377,18810,51
11442,9156,37
32537,9315,35
32332,5607,27
36506,34854,38
21102,4266,90
19816,4595,42
7046,29017,37
9908,29284,55
2581,3208,68
24782,5765,22
38603,14459,47
9419,33043,62
31692,23464,86
31171,7728,61
19679,24415,57
33754,1032,41
36510,25044,24
37078,30064,53
5337,22603,68
4903,30874,32
11612,36382,31
2732,30839,66
16829,21170,61
36795,6975,38
6442,38605,52
16729,7967,54
12275,19017,52
35283,27234,68
9288,23748,79
9077,16233,64
26460,30166,34
34985,10884,41
8701,24019,62
25977,35596,91
7519,38452,48
31528,27029,49
6795,5551,26
2312,19091,64
32262,27165,23
15403,27225,56
12464,11442,46
14021,32024,47
28080,5654,65
35416,3211,73
5304,20273,21
13903,29361,17
15058,17474,67
37122,7989,74
12885,18464,62
31600,25687,72
28976,27974,76
13174,34758,56
12117,8736,69
32748,6061,55
1595,33406,79
38654,18483,28
8286,20697,35
22084,38770,30
7104,11649,17
9202,37122,58
36467,66,27
10741,32444,32
6268,12056,83
29621,9967,55
2611,3281,68
25232,30986,21
10880,2622,72
9270,2541,75
24894,26483,15
35390,4898,67
21998,30884,43
19757,5281,47
18402,4239,63
32774,32680,16
3159,2411,68
21892,7877,68
33113,32663,43
5483,18116,42
25733,4829,52
26492,3456,32
15437,15131,82
34213,927,41
12327,22875,85
12225,16013,73
21882,22966,74
29265,17349,30
24272,855,61
37529,21214,95
25580,30154,60
18357,27287,38
17252,28541,56
31225,22969,67
7102,6487,54
177,4527,20
19558,175,34
32341,11013,32
38672,30845,23
21278,38712,55
13014,19559,67
20528,21317,52
23661,8498,85
12950,30900,57
4523,18071,37
4776,25049,17
25956,3236,58
10682,18818,40
6824,10944,31
2765,32657,56
467,4756,20
7529,25138,46
19197,7918,59
38599,39,11
19943,27963,74
7216,994,39
31904,38668,39
4214,27865,86
5320,24118,48
20259,28711,32
13184,27113,54
23445,3288,72
37947,28763,75
29765,27094,19
7978,25038,46
22230,34235,34
30368,9938,73
14539,36251,63
151,30256,28
27223,33976,24
25886,37829,83
28557,14530,72
10200,29262,55
25794,22857,87
1000,19869,60
22743,1576,93
35270,27203,68
20508,7230,9
7219,17343,33
36043,36088,42
4582,7201,21
27992,6765,53
6214,7827,90
2296,17419,74
28091,34852,63
29302,21477,54
33783,4516,23
28744,31748,64
31585,34966,51
11733,23656,62
17477,18936,42
3204,32482,28
8402,28180,79
38256,37783,50
9029,23641,79
12236,34907,53
5345,27347,34
37874,402,51
15762,31170,55
23694,29500,56
8727,13973,46
38661,7742,48
17615,21514,76
36822,22761,80
10835,16618,35
34508,36836,48
4219,38326,45
25228,13647,16
36023,11019,45
37701,14274,87
37722,14696,87
36491,28940,51
9418,9780,78
8358,30792,51
21796,36430,46
29495,3044,24
18990,10857,40
6416,28904,77
10961,10655,48
38486,13711,18
12924,26573,51
34165,35501,62
15064,37844,86
28251,30324,68
6406,18096,70
37623,27305,60
25729,24798,41
304,34269,15
19949,472,34
2562,37900,93
8584,26301,45
21092,26430,62
33908,22679,58
17499,11330,36
18306,33061,58
23648,15108,93
9770,35746,104
2404,2392,96
28623,13934,43
19935,35672,81
11546,22221,35
29287,28615,34
159,1052,38
19886,36265,49
10608,7745,67
9997,3348,71
36945,34143,40
38646,4901,19
31256,9781,69
5364,31141,37
16816,12431,47
28650,29494,34
19959,855,60
4641,14293,56
36772,3392,51
7175,37014,38
3468,18109,43
16087,22814,86
33301,15173,76
9243,28834,57
15486,12971,80
25067,49,9
14321,15791,79
19068,12007,52
35479,10936,77
27029,25621,53
22865,23319,101
4026,27794,86
30077,33978,31
6809,16159,44
4690,38436,19
1271,33246,67
19871,27379,43
17429,11317,36
25093,36008,24
14618,12352,78
25860,31040,56
33044,4912,49
7003,10936,31
37770,180,51
14431,1688,86
25021,14284,45
36209,38540,26
36793,83,37
6411,7204,54
16197,10102,88
24173,5642,48
20770,3129,22
34777,2362,65
12009,12966,75
18179,27502,38
6357,2544,95
19549,17553,54
15034,7967,84
12038,212,42
7779,18969,59
34080,24851,12
34143,10812,33
9180,18302,50
27448,6429,62
12051,4153,76
27111,1928,59
18020,124,29
34899,16775,28
22850,6495,96
16806,10028,62
12294,24219,65
28523,3266,50
29655,25854,42
19503,11013,52
17742,34603,43
23270,6101,99
12149,1789,80
32386,37520,53
34170,27368,24
27995,1503,90
5637,25144,22
3869,17728,66
143,28562,36
5761,3130,39
10004,3100,71
13654,520,19
8673,21166,83
33335,34190,44
32606,8760,41
33304,13680,48
18404,7994,66
28620,33230,65
26252,18050,35
8417,34969,50
11470,22155,35
28667,9766,81
30335,11279,32
6185,5374,66
24983,23755,55
24418,3021,49
28579,21848,55
4890,4935,28
128,32477,14
4213,27824,86
469,25256,9
18176,29576,27
36288,34696,38
15391,12906,80
10067,20769,53
18850,7769,59
19124,4093,56
27286,36243,36
22945,2302,97
23740,35394,105
19861,36805,59
4179,35660,93
475,9906,57
226,16746,17
32396,3931,48
22208,33132,60
36914,22999,80
8587,30167,55
5707,9060,46
4797,6420,61
32768,1215,40
34252,22076,34
35691,10895,77
22754,36422,70
30948,6997,25
7813,24446,72
32767,12453,44
11716,9788,61
17367,22089,51
9494,33930,36
37192,36978,62
11683,31560,44
22842,15895,86
8382,10133,84
16750,25202,14
3096,27420,35
34098,28802,39
21412,35010,67
3895,2653,88
3890,27171,55
1222,30854,50
11566,16794,21
10868,17773,50
20645,22755,51
8457,18206,56
28506,14392,72
21382,21360,100
4223,15360,81
2373,2291,96
29659,17607,30
7116,18934,23
4927,23364,66
13009,6298,86
16211,31764,71
13194,11629,49
13870,10017,64
7742,20649,45
16128,16833,48
29495,12119,40
33843,37872,54
20491,7557,45
30121,27773,68
38397,30254,27
7839,7969,86
23343,29427,56
6166,38716,52
5467,1690,63
32361,15793,45
12519,38739,41
17451,14323,68
25270,23459,55
7136,12165,43
10618,12849,63
21849,37932,70
33249,27236,50
22138,2323,73
18765,940,48
31134,12294,54
16702,18410,34
19654,30354,50
36258,16520,32
38356,1984,49
14641,31126,60
21,10084,57
34648,1506,61
5421,865,51
3942,6472,87
14705,10510,66
16603,22102,36
33929,1203,41
33262,35442,88
30059,12099,58
4220,5262,59
6996,22862,56
10754,37657,69
8533,31552,67
37782,35598,98
3898,30045,62
14612,24930,45
2296,34752,65
24015,36189,50
10983,27423,39
38473,2254,53
10580,25817,62
15937,15143,78
6356,15193,88
25131,15851,40
32633,9751,59
19645,37797,73
27819,4972,60
19029,19702,44
18048,38440,28
26281,33359,47
13776,14408,55
22508,14433,91
3516,18199,43
20522,15418,43
37572,26391,57
21391,18197,73
19672,30985,46
27429,12158,51
13020,34262,48
6310,15156,88
7861,3144,63
33017,10068,86
5583,16628,30
31094,27889,64
37032,376,37
5473,18105,42
22044,18871,41
23023,22854,98
8006,16115,80
10907,22839,73
21510,15013,91
36255,22132,46
20601,12982,41
7961,17325,69
25635,13663,51
17299,7177,33
12311,2718,84
30270,27242,37
5563,1116,51
12938,4268,79
5297,27830,65
32674,14759,50
34729,32350,25
18047,13185,62
17687,36866,57
23531,15767,89
13757,18898,29
14299,32758,50
16598,1827,55
14696,31514,76
19142,6074,63
37525,4556,59
16541,22171,36
33963,29559,13
25766,24213,67
8568,12930,72
4874,6931,21
4673,25515,52
11404,5418,29
12395,27140,51
10989,15321,65
14269,33108,77
29380,11629,14
17329,18238,49
24178,26473,41
11678,34010,19
23021,21329,99
12314,409,42
15470,13556,54
15053,3013,61
23677,25563,90
22588,23295,101
4143,31877,74
13912,26272,25
31962,18011,57
30278,6062,69
30268,1007,54
37111,21784,56
21094,29498,54
11548,13268,49
32408,15416,49
21817,5464,44
34588,17762,43
24021,12778,68
36259,5337,40
95,9358,33
37862,1510,89
20683,35288,55
15064,37045,72
18276,37539,68
36503,483,27
31607,15070,75
29533,15965,41
34616,16023,54
33122,30441,57
32691,24217,37
38706,4201,45
19811,1608,72
21061,15842,87
29310,26649,16
11254,22885,59
7827,16773,54
38360,10076,56
25797,10891,62
3850,813,72
33105,36237,56
28999,19019,46
33154,34054,44
22708,18359,72
34717,34145,26
32308,2590,56
36768,36861,62
487,7647,49
3415,26309,32
16905,5585,30
33061,9148,62
31869,29607,38
31004,3991,58
22748,12772,88
7054,8459,40
13724,37958,58
19936,919,60
33946,10247,60
2701,13845,61
27141,29462,19
35448,2684,101
21448,3235,70
777,24892,35
11412,6109,57
37718,28677,75
4544,19049,30
24953,13950,16
28988,17459,56
28956,18432,53
26495,33420,47
27833,29631,50
32272,38654,13
12216,19576,64
33062,9808,86
8304,25658,71
34161,17482,35
11324,1010,42
7596,28945,73
37930,16807,56
22891,36485,70
2019,24131,73
1745,7628,87
13564,37922,58
33124,6156,82
12047,502,42
12018,36977,67
23336,19578,80
31034,7896,61
20297,7088,9
337,18982,22
8729,1066,65
4847,36395,35
19537,33335,63
27163,30876,33
13211,3764,79
15003,29504,45
37026,12970,70
26375,9046,39
6994,1547,51
7558,11666,53
16892,10721,35
12932,2449,87
2622,32703,56
7006,25705,45
12514,33914,45
3035,2391,68
31855,8006,77
37977,30956,63
23343,4725,66
26726,15985,49
31183,31799,52
10922,2555,72
8443,14677,75
21388,12429,86
31027,154,24
1026,37159,63
34604,1888,61
29730,21958,29
32440,2576,56
32477,14431,50
23691,19758,80
16798,2583,59
18209,28765,53
25105,37550,48
15826,13944,50
38282,19063,21
11621,17516,36
15895,5717,56
7986,16602,54
4931,16921,25
35665,26582,65
36955,16925,42
23370,9949,103
18187,17335,49
27801,37122,77
187,12518,42
10125,36444,72
26500,14510,54
7910,21197,93
12364,35315,89
21943,11405,35
13128,15025,80
27293,23709,67
25075,30832,21
18108,7130,30
3152,30344,42
31784,36362,55
1094,14313,74
31819,11327,44
947,23015,81
21794,15460,66
5741,36058,40
15821,23273,89
9039,4871,41
28625,16987,41
2622,9511,75
14688,36894,73
31605,31094,52
15385,28816,71
38610,29492,9
35372,1796,97
34503,31183,35
13841,20318,15
9931,23732,103
22710,16672,60
31215,37649,63
16020,7604,80
12103,23650,88
28822,5370,49
36322,35718,74
10131,19206,67
25525,25227,41
12296,36373,57
24787,26725,15
16897,3007,31
30315,16832,33
29770,30021,26
36920,22220,56
19554,19906,56
15515,27310,56
7080,17321,33
3137,9904,71
13259,2393,87
6121,6247,94
2699,3763,88
28171,36753,77
28055,16040,83
34986,6508,64
27458,29259,19
9008,15383,68
20646,16210,39
34011,25056,12
10245,26440,63
10120,14680,93
6216,9268,74
7881,21991,68
13084,10072,90
24755,13814,16
19659,15834,65
1822,35385,97
10130,30274,73
27953,9102,73
25015,32567,11
12275,31099,54
1078,13925,45
12157,36373,57
27487,15214,56
7126,4738,21
33935,35612,62
7688,16044,80
21363,34966,67
21281,4108,90
4260,30818,58
35363,900,85
29597,9380,31
35636,35491,106
5714,3319,39
8297,21986,58
27519,32503,23
16153,25633,75
28026,25945,84
25526,3299,58
16681,4867,25
26716,15296,53
33992,5278,28
2018,36029,65
24968,23264,55
24750,6932,10
18757,22512,65
30873,12505,54
2774,9135,75
8499,25661,71
18160,19699,51
13164,38640,44
25588,6968,45
15221,35356,94
22870,3176,69
19516,33036,63
8490,2644,81
34647,7877,60
27293,38533,20
13063,1755,83
11633,27016,25
30473,34882,39
7818,12312,79
26410,34255,21
37865,12858,84
34762,10152,68
24039,17614,55
774,12923,71
26566,31106,30
30284,13169,61
9391,38402,32
21291,30317,72
31209,1063,50
37143,20353,33
1726,4964,58
36343,37083,52
3288,1791,64
13973,35275,66
2642,35477,101
8307,17580,59
38009,12783,84
25691,28105,84
2389,14338,90
27802,12821,85
27041,868,47
34794,21960,42
30481,37920,67
15213,11435,51
9984,36321,72
3443,34522,37
16826,18371,34
77,28902,36
33072,21473,85
4244,1071,72
8739,23503,85
8594,4009,73
18095,29251,27
35649,35312,106
1719,23019,93
28902,36327,51
10974,22230,49
13793,6083,60
37041,402,37
30365,31534,56
16977,7649,54
365,23726,58
5334,38443,24
15785,32458,45
37602,17642,71
8659,23424,85
14315,5279,61
32268,38420,13
5311,10932,43
21184,27287,65
25891,16826,49
26307,21162,62
7557,20649,45
32488,11687,18
20622,30489,24
23303,3362,72
6480,6916,54
21843,22661,74
37564,17584,71
38508,37178,36
34578,8672,50
38475,27070,20
25511,20449,40
884,34903,49
21257,24794,53
15082,8301,74
18051,20365,25
5593,3804,59
15373,25536,79
4691,24269,43
20572,19624,30
12450,13237,75
12792,12459,75
26427,25918,50
7019,31521,41
26670,31530,46
37833,33478,80
30048,33756,31
14276,36963,73
12254,14503,78
20568,37988,47
14292,3272,62
25519,10266,89
15474,23614,93
25664,32759,46
19516,3289,48
29000,34193,39
22115,23014,74
11442,12981,49
33169,16215,72
4906,28657,44
1073,27110,47
26305,13898,25
35383,36498,74
31273,31661,52
14644,18136,65
32693,6287,55
3249,35583,73
30464,35768,75
10170,16769,62
22966,35552,102
29632,5260,23
31793,1874,78
37649,20645,47
3461,34150,29
10235,3211,71
27208,8282,48
30178,34222,31
28013,6368,93
24804,1714,47
27101,2294,63
31184,12410,54
12461,966,68
9825,9346,78
15863,17710,63
9814,36126,72
8633,25620,71
6458,23341,99
36512,25079,24
20730,7788,45
79,20523,8
7070,3225,27
34885,32662,25
30138,19003,38
16612,27086,26
33446,22943,84
36121,34546,38
8701,32293,41
19264,16528,27
10201,31260,69
31258,16690,29
27942,15365,87
35750,31938,87
14271,3824,82
16605,15141,52
7791,9460,70
19629,29342,32
4077,7656,83
36194,16708,32
216,37591,51
38476,20451,7
10554,28892,54
14464,35394,95
3283,1811,64
36761,35766,84
14678,9905,93
3410,37554,65
7093,8417,40
857,23572,84
1200,12247,68
37546,18515,68
29729,21979,29
1687,13255,83
12900,1252,71
25032,25684,41
5704,10113,70
2021,27413,59
10050,7054,58
860,37708,77
16797,21058,61
30479,23708,74
1835,12385,80
5339,18520,42
22115,34635,42
6061,22264,72
34098,1235,41
27501,36929,46
24999,36876,34
35017,1602,61
34973,108,23
3850,3359,60
15333,16119,78
37271,10944,55
15233,6517,88
32580,888,40
35660,19903,81
23274,17454,78
23334,28594,82
37638,36791,76
29399,36959,35
35667,15131,94
1928,29544,48
24338,28966,59
21771,15862,62
18401,27912,69
21956,2373,73
26651,3401,32
7865,10078,94
36259,22578,70
30396,1180,54
27054,11522,25
12055,4640,50
32771,34789,25
34224,29577,13
28013,36783,77
13673,1140,45
13891,9978,64
28760,38284,35
10606,6871,31
27833,10805,70
17336,27487,41
31536,18941,50
38611,12424,41
32302,38358,13
13774,27859,59
3985,3978,80
12437,10547,60
20528,2486,50
21352,24321,79
10049,29504,55
36153,10619,45
32020,31946,68
12282,8569,69
14521,16123,79
6475,7516,90
31562,23377,86
13857,4211,53
14673,33010,77
19627,12804,67
36759,24122,60
25064,3093,23
31240,16538,29
14267,35331,95
24144,38750,34
26735,36814,43
4593,17510,40
10548,4738,38
7719,37773,88
3420,19755,48
18864,1901,60
24798,17565,29
15451,33877,50
4866,26297,26
31681,18302,57
212,33090,41
15395,29533,45
15149,30079,63
20361,6940,9
9305,37193,58
37724,32011,79
19175,35438,69
36945,19527,59
24380,1160,61
35265,16526,64
2742,24370,77
13759,26532,25
16101,25719,75
28755,6156,77
37163,17654,57
30842,37236,49
2515,7595,91
27469,10775,39
25794,32570,46
30810,25144,21
27406,16827,26
5283,11265,29
13605,29646,17
32283,3276,28
37763,10781,69
2759,37179,79
28643,1065,62
35492,38015,98
19038,16841,27
5398,8306,52
25652,1737,82
23628,38625,57
18382,7165,30
6133,13820,60
30940,25159,21
14250,25272,45
3001,33080,55
26538,29656,16
26287,9973,63
23519,35509,105
9442,29263,31
36153,35311,74
25932,17281,64
33935,28586,39
28828,10875,54
13255,20306,41
15026,3430,61
26668,7031,19
24936,33511,38
12029,19528,64
27484,12216,51
38730,18187,28
24143,32439,37
16134,3981,77
11020,3519,44
34909,24853,20
9226,8533,60
25833,30868,56
28816,37731,75
3074,28739,50
5350,36046,40
6209,10849,71
5426,28129,65
36010,36193,42
22698,32421,57
4183,19165,56
27874,22741,95
8494,13835,46
7143,12858,46
24816,17487,29
20316,16032,39
12922,30148,61
13033,22052,64
34511,9867,68
36411,33842,30
23270,34622,69
36798,10791,55
31840,20536,36
36206,1261,53
13682,19794,41
37002,17748,57
24219,20336,31
2502,20717,50
21293,13829,63
25265,12152,39
7851,5736,62
24468,10684,53
21201,29729,54
26488,3143,32
1816,7213,51
8630,27875,79
27082,14696,57
37208,26713,43
30473,15068,63
28514,34056,39
28603,4764,44
12521,18031,59
33987,21015,59
23682,7663,95
6845,30293,29
33045,34079,44
38445,20673,7
32703,22004,33
26573,9416,39
28524,33962,39
26323,29653,16
28234,31666,80
13227,3800,79
35534,20578,55
20407,31599,36
12226,31956,70
36481,9260,48
28961,850,62
20505,9477,29
8519,22776,82
1993,15305,85
2684,10953,72
20594,36246,23
15130,7909,84
19958,16872,39
28072,6774,53
7729,13702,56
28079,7080,53
6957,14564,49
17010,35772,64
4695,7052,21
29002,21081,80
8499,28175,79
13883,26629,25
15988,37215,68
870,6997,39
27070,7670,58
33811,160,15
23440,28247,98
18250,32012,57
24441,35509,82
3751,22236,65
27760,16721,57
24205,13898,42
36033,37155,52
18824,1567,60
8716,17609,59
33783,13556,22
9984,26708,63
2748,9237,75
5524,29638,23
23437,34917,69
28260,9510,73
15264,13680,54
37720,16967,56
23256,12834,91
3306,1862,64
17675,37539,71
4067,38627,45
28656,2743,78
22807,8575,82
5377,13799,32
34540,1886,61
30506,17716,48
13200,12323,75
28129,10041,97
17379,4033,66
22566,27351,64
24853,15270,44
17576,16868,37
25539,37992,83
4677,28847,44
36900,16989,42
12213,37790,81
12767,16922,50
32443,23346,60
27451,33109,50
28690,24068,59
21253,19213,66
17733,9464,53
5634,35674,72
3197,34210,29
27981,29330,50
12273,30170,58
34997,2483,65
5588,19947,47
3143,25752,58
13834,34037,22
21804,27254,40
24957,33876,12
2714,32739,56
12348,1830,80
4602,23462,66
19924,24906,31
9446,28657,57
4673,31607,48
35489,24832,56
32332,26759,20
6953,11542,17
1973,5727,63
4957,19505,42
33946,25191,12
13646,13021,52
401,10592,30
24388,14258,71
31835,28898,64
9054,24466,56
25874,261,44
12485,15230,77
19151,18181,39
29737,23349,56
28725,1161,62
16572,18247,34
7051,28197,53
16996,808,43
22678,27802,95
21376,10736,74
14636,27850,88
9074,7841,70
9399,21117,77
30000,16672,33
6880,18174,30
13655,14478,55
17008,6381,58
15092,16058,78
7270,489,13
7627,36309,64
30955,2463,66
16825,10622,35
33969,35544,62
21756,34095,34
22538,13,55
4107,11541,50
22254,24048,54
4223,35394,93
24028,14486,71
17411,29508,30
29426,16966,15
6129,1953,91
24471,36186,50
24955,12480,39
17567,37662,71
28670,19273,46
7781,18940,59
30215,2548,70
35024,37731,62
6925,32592,15
31784,34804,51
27249,26738,27
18361,35724,76
37946,4711,59
15084,73,47
35647,23754,105
36301,26613,33
7640,323,49
3954,5599,59
12804,9306,66
24818,34788,20
6502,22681,96
11013,22935,73
7697,36166,64
28111,38766,51
2393,13632,61
34652,34867,34
33487,28053,81
2548,21948,73
30204,23350,74
25967,28701,68
242,1215,38
32298,14384,50
30169,22980,71
11495,12297,46
16256,19904,65
5762,22253,44
20573,8295,35
34245,18272,32
19582,23745,80
37182,765,63
27305,13026,54
759,24916,35
22718,9486,76
31205,5452,37
12839,2554,87
1026,1767,76
14684,12775,81
31651,11483,44
13789,36464,34
18105,7600,66
13792,37537,58
12321,825,68
2358,35612,101
14476,27508,57
20013,35754,81
26576,30972,30
13619,13852,26
21161,19726,78
6348,30400,69
29532,9976,55
33921,27961,55
34254,11497,19
7732,8385,76
34535,33311,52
5502,27270,34
15294,26428,53
2366,6118,95
38382,1757,49
7610,7248,50
9335,9961,78
6092,24387,76
16269,27113,52
26301,31975,46
3495,36794,51
3942,5671,59
6984,14362,49
14495,4649,56
441,19223,22
37967,3208,65
33110,17629,61
19886,35272,81
15309,22146,66
17412,28195,72
7716,18946,59
23762,11551,62
6519,12430,83
33979,23447,61
18892,33213,51
36977,16584,42
12891,19012,55
20678,21924,27
17311,18889,42
12465,30909,54
16937,27025,26
38009,33438,80
23520,19699,80
33370,8436,68
13718,26431,25
7784,7718,86
17427,2014,70
24047,6752,36
11606,13074,49
20692,5004,16
7838,4517,57
9981,26594,63
25683,14657,80
31037,30337,40
8570,21114,83
18333,19,29
7887,15414,84
30023,37825,67
7084,25878,45
36807,38442,36
30267,38638,27
8764,36108,54
13122,3308,59
11477,26277,22
21507,37605,95
21045,3079,70
26683,33030,47
9097,30859,45
1198,15425,73
3322,12078,56
10223,14404,93
14430,21176,92
2463,15108,89
9895,9100,78
10055,18131,74
29506,3278,24
7865,19735,71
4832,35458,67
9894,15016,92
393,38632,11
11014,10665,48
257,33320,41
12194,37607,81
31123,6026,65
31850,24031,63
37507,16788,56
20525,16877,13
29641,28674,34
23675,38758,57
36415,15807,58
31169,27993,64
17442,10105,77
37722,2613,93
2252,5581,67
2365,10555,72
3211,35666,73
5452,2484,67
15326,16943,52
21396,35665,103
28031,26667,58
27440,2502,63
466,17328,32
14386,9207,69
23556,37713,97
34893,35377,70
21519,35722,103
25529,11546,48
21039,37194,81
21434,1750,94
19820,15767,65
13188,34583,56
8616,14402,75
30887,6110,65
24925,11024,27
37605,6770,52
12224,12983,75
10572,18185,47
31636,14633,76
22828,18927,65
6968,25534,45
9998,23306,103
36770,24783,34
15394,36866,72
27385,20551,17
32486,2314,56
4215,3414,60
24853,4766,17
30911,31019,36
24959,7588,46
205,38688,11
20713,2281,50
4824,24912,17
3971,33248,75
21794,36082,46
7247,4705,21
13172,35367,92
16028,28963,67
29614,25223,7
1822,1036,76
15858,24087,66
33192,254,41
35385,34500,70
22109,7918,68
38429,19180,21
22653,29620,53
7917,3971,83
35509,29337,57
16103,2679,85
32588,22066,33
30417,26436,34
21857,10953,49
34879,15015,58
760,3789,72
31619,15791,71
5419,37659,64
37748,35634,98
4091,38429,45
22726,33804,58
4768,32324,22
37231,299,37
24468,30993,47
36786,37525,76
26017,3122,58
34596,6318,64
3403,4183,60
8630,22589,82
9365,10622,51
38579,28749,35
17633,4782,40
31019,11343,28
26602,16645,23
18054,24114,52
19213,37136,47
28079,17501,72
34664,262,23
19967,2739,76
32770,34613,25
37556,7657,88
25610,30192,60
4556,34129,23
7506,38444,48
24335,18801,45
15039,905,73
6169,516,53
10879,19923,52
35649,8570,86
29550,7584,47
5721,3307,39
38746,1955,49
8733,5526,52
35586,14443,95
34507,32002,51
2735,1821,92
28043,5267,65
4865,27323,29
24774,25787,41
9292,28020,73
37873,38527,50
18868,18904,32
7252,37526,52
12233,28012,82
38766,9940,56
6130,36524,68
34117,26362,21
30456,20354,24
24152,24370,58
7967,37971,88
22904,21922,74
28574,27207,45
22020,24901,28
19035,24381,45
2384,24042,77
16263,16206,74
36215,9391,48
33756,11472,19
4767,18287,37
24061,11421,39
21146,25538,88
20310,20009,30
25923,27750,84
12173,3095,56
36305,20399,23
7872,31218,61
12075,5545,55
15213,22778,90
34173,36320,30
6304,33428,82
21151,18066,73
4165,37775,85
22562,5253,68
36124,36307,42
38733,5733,24
16052,26591,49
26250,18807,28
11485,6928,17
20325,28649,32
14710,9220,69
11415,793,42
28535,35460,83
3995,10915,64
2759,27049,63
24393,8019,72
16890,34559,28
11751,30797,28
38295,9811,56
24458,36342,50
16562,33357,46
25551,35774,91
31941,36324,55
4049,21912,65
5732,13701,32
9908,10991,75
10961,5262,43
1515,29567,48
32496,5662,27
318,56,12
22100,19698,53
35436,12946,92
38456,12879,44
13217,14265,81
27379,12374,51
20482,14295,44
3903,15423,81
33177,6467,82
876,19202,48
36323,30825,39
38435,23310,57
11383,28742,40
31970,4544,48
21451,3128,70
11543,1953,54
17574,19052,42
26300,37743,57
36517,23480,73
34737,28189,63
34249,36353,30
22927,10955,73
8587,21020,83
3956,10590,64
17633,12754,65
34191,30102,31
23554,25862,90
21106,25838,88
8450,13680,46
21800,1230,57
11424,28063,56
10725,34989,41
1780,17340,70
2642,14366,90
7644,33324,78
21790,2005,69
5342,38506,24
18110,15210,64
2735,28841,78
24005,5306,48
33162,5515,54
38402,2462,53
13885,13749,26
23365,33199,87
11448,18948,26
30088,13913,35
5259,5400,38
22755,16522,60
34529,1516,61
12032,21478,86
14572,15817,79
19756,3480,48
27827,6958,53
18144,15843,60
13595,13899,26
3373,23023,69
5006,37719,59
36388,26415,33
17272,3367,46
31186,29013,48
34628,18786,33
10692,30313,46
3195,21366,70
28855,14305,72
3113,35585,73
22766,19163,65
29570,4644,18
10826,29381,28
4877,25054,17
32297,36248,29
31186,31049,36
34580,28911,47
12093,38024,81
32403,20300,10
15910,1248,69
34781,21299,67
21132,31220,68
14726,4890,56
21222,2527,98
5613,15336,60
24822,14686,45
13504,7056,20
199,29439,10
30246,24406,51
36788,13203,70
29591,22037,29
17340,7170,33
22889,159,55
6954,1865,51
8761,24777,36
29580,15396,45
24926,36111,24
8626,2424,81
36791,29320,35
5696,18851,35
34088,24036,38
31186,21088,68
7562,11717,53
2737,14317,90
24296,16811,40
37900,15961,82
16581,22541,60
15001,21289,91
23405,382,58
5610,15279,60
34559,38695,22
29285,33325,39
18365,5496,42
28958,22605,79
36138,4765,35
2012,28102,90
28703,25778,68
7229,20257,9
286,16145,43
34923,24313,46
37877,3250,65
5448,22004,44
485,4909,20
24388,21190,79
31249,33962,27
21102,29450,54
34111,8365,42
27026,1573,59
8574,3222,53
11330,7141,17
30861,27005,33
29415,28661,34
35541,33103,88
20564,3961,42
31509,24026,63
37127,8277,64
34762,11254,27
38451,34578,22
215,9259,33
12118,5402,55
14773,37697,87
12884,3111,59
16958,22220,36
12940,28158,85
34245,22084,34
35739,21060,103
34707,33281,52
30040,23454,74
28097,11303,56
1620,31918,78
28158,34550,63
2640,9798,99
22649,10123,100
15237,19544,69
32746,16924,19
4674,25613,52
10091,36753,82
30483,34770,39
8718,19798,61
36187,17676,47
7242,10985,31
4258,15927,77
31688,25583,72
19701,26463,40
11638,30426,32
20460,2546,50
25640,36460,59
14338,15883,79
21026,7886,93
3985,1563,84
8390,21460,83
29554,16655,15
21326,16618,61
34640,27875,63
21921,29695,29
37567,25843,83
37014,12111,67
8654,15022,74
34083,22078,34
3114,18158,43
4918,31531,48
26267,21350,62
34943,15359,58
22817,29424,53
17444,4652,40
31956,28229,80
7992,24120,72
22755,6444,96
25017,15849,40
19658,15273,69
25517,22869,87
34883,37093,48
38719,12033,41
34632,31259,35
34927,21797,42
31595,35352,87
2690,9765,99
26670,14436,54
9240,5361,46
19937,28675,58
33462,23494,87
3906,855,72
12419,7178,43
32517,28915,38
2377,15823,85
37199,5292,50
2423,10177,99
34831,24197,46
35511,35294,106
24145,9482,56
19735,36162,49
22604,983,81
5650,12432,55
16709,907,43
21327,32693,58
27078,15077,56
19077,6923,23
8733,32499,41
22,22872,55
38358,20484,7
24385,34506,46
16542,8768,44
25101,36982,34
12356,24521,65
11430,24915,13
26673,11289,22
19605,33986,37
38024,1684,89
1534,8379,77
19884,16948,39
18174,8327,56
31971,20646,36
36301,15282,62
10942,4806,38
6112,9301,74
37265,19663,59
20573,36002,23
27871,37936,91
34115,32728,17
23473,6007,99
17471,35631,79
27236,35700,68
20420,30055,24
16186,16910,48
9869,21026,101
15784,7925,80
31939,18380,57
5523,15016,60
16048,30120,59
36124,37689,66
18078,19882,51
26484,30852,30
15265,25721,79
4565,17513,40
31000,24065,47
29021,25612,68
9009,9219,54
36380,18034,44
28596,20738,32
18883,32477,24
37856,5640,64
13991,14552,55
37511,8265,78
17397,15413,67
7645,1260,75
33378,18203,58
10692,15085,65
3244,2384,68
20436,29008,32
4646,12518,50
13741,26478,25
13604,9246,40
7893,10090,94
11352,9858,61
30897,1945,62
25947,8295,71
11262,8364,43
29266,6232,51
9092,5501,46
17538,34201,35
31914,22563,83
5555,15224,60
15909,23708,89
12316,25728,74
24444,12461,65
32459,32733,16
19817,6102,75
36492,30219,43
16624,18050,34
32274,17580,34
28965,1015,62
29656,33427,39
22049,32010,59
8411,27102,48
5763,2335,67
22829,29349,53
18217,36259,44
33232,29616,39
10270,4614,65
10099,23442,103
22247,29326,29
15428,26723,53
27879,12458,82
18423,34076,32
20707,10770,26
32655,36935,39
3016,29706,24
14361,3280,62
26581,29467,16
34533,1196,49
33343,27755,81
23450,15011,93
27006,8640,48
35473,10920,77
14597,29007,72
34916,10778,41
17596,19712,54
15792,6454,84
9359,8533,60
31812,23482,86
28263,25933,84
23700,38770,57
21857,1523,69
25774,34525,55
18935,7911,59
27811,10957,70
22785,30079,71
10004,37999,96
33444,5273,54
18350,21284,73
13705,22565,62
27028,8352,48
25847,4862,52
15286,20516,43
1115,34121,41
18214,20432,25
12137,25611,74
16693,804,43
25812,27511,53
3179,16903,31
28808,11613,40
14756,21242,92
4944,31535,48
20664,38357,7
10918,18377,47
11760,28894,40
13856,13928,26
20340,10914,26
15487,1674,85
33509,31186,53
36979,16845,42
18042,22746,72
28834,18465,53
10670,7891,67
38667,34238,14
12176,3433,56
38259,29471,9
22542,12817,88
38632,22783,54
6971,26274,19
345,12778,45
22737,38342,54
10805,25133,27
17769,4966,40
6512,18880,63
21315,15436,91
6763,36077,28
4762,28848,44
29298,14646,46
10871,384,30
37706,7636,88
25019,8370,36
28856,16506,41
4520,30490,36
12005,2024,80
7028,21368,57
38610,15365,46
27420,8407,48
360,16833,17
15844,16991,48
1564,25260,47
3431,16183,57
22999,21450,99
22562,32463,57
23601,5552,71
6166,32509,55
35488,21887,78
3413,9252,47
18920,30076,38
31962,25868,72
35527,20541,55
37768,15838,82
14653,22075,67
11563,26024,48
34975,22653,66
12055,129,42
13900,28950,43
38523,6987,12
19254,38349,21
9850,18303,74
2772,33941,57
16250,21459,87
17685,4567,40
1054,25058,35
915,8611,65
29724,16773,15
25270,2449,51
7882,311,49
7540,19124,59
5258,27255,34
14605,3142,62
10872,11292,34
8425,8494,66
21378,27452,65
3758,27794,86
11305,30308,32
21507,30801,68
20561,36204,23
259,958,38
36017,27249,36
15954,37856,82
25151,7556,46
19651,38304,33
14719,20376,44
1645,12861,83
34566,21081,67
34831,33230,52
28024,11371,56
24364,19092,45
27777,16570,57
21198,16094,87
4036,8747,73
3961,16020,77
16018,9144,64
37524,26009,83
1739,37549,89
28810,845,62
8758,15769,70
7862,27156,58
14687,2461,90
34157,21405,59
31759,15429,75
31845,5514,53
36818,8594,64
7200,20393,9
5725,5478,38
15909,25620,75
14445,10510,66
28828,18147,53
19114,28164,62
13112,33515,74
31574,24962,37
12759,34600,56
13600,6942,20
15798,6948,44
25910,1257,70
2548,7641,91
3289,21840,45
33330,15388,76
23395,34108,61
8330,22883,82
21180,21833,75
1093,22175,57
16271,5742,56
7681,9327,70
8521,9815,84
8601,37216,64
33370,5690,54
6964,30828,25
28766,37934,75
6810,20352,9
37845,22058,70
11437,25838,48
14261,3863,82
37110,6849,38
10545,12311,60
22695,10894,73
6467,7621,90
38562,26257,17
15137,20481,43
20542,36160,23
30469,5722,41
35481,13623,66
34563,19209,33
3955,23726,92
16723,4157,51
7150,28594,37
112,18823,22
14282,14502,84
2464,31879,82
16878,10524,35
3328,1848,64
3,15873,43
28029,3753,86
16081,17304,63
36381,23686,73
33073,36944,66
33329,22098,60
24433,29365,33
27251,34265,24
16079,7824,80
13034,27903,85
8281,37688,78
12340,36122,57
24241,30100,51
776,24918,35
29627,1704,48
17449,20591,28
8320,23454,85
3269,22016,45
18310,18892,39
7090,3273,27
7991,4094,83
25687,1542,82
3240,38010,65
32396,10997,32
34882,9792,68
15434,34529,58
13011,811,71
12929,29511,43
28736,35322,83
4645,28619,44
13770,35,19
19567,9146,55
24922,35591,56
8621,6423,80
7047,14490,49
11492,22269,35
35558,27996,99
14609,19794,70
1697,33813,53
30026,5398,41
37578,1272,77
36273,12164,57
4245,23313,92
3900,12120,76
17665,29015,56
19227,35270,69
38446,803,37
6182,32531,55
32497,26262,20
10004,27876,97
2015,32359,52
22915,31669,83
36262,11290,31
9110,28028,73
17251,15192,67
15052,25000,44
8560,19929,61
6347,31125,65
20257,18272,25
37142,37504,76
22196,28741,55
23005,35420,102
24040,397,35
9499,12073,63
29305,10876,28
19021,12759,55
4014,26391,52
20585,6030,49
19888,38496,33
3290,13649,33
23470,29528,56
35438,17023,64
31694,6071,81
2684,30798,66
33319,29729,39
1005,13827,45
19083,12804,55
31700,15821,71
11005,33519,59
3413,36157,41
30501,6176,69
18196,26006,61
38441,31840,39
19540,3193,48
23009,1768,93
29488,12910,43
32675,9795,59
26644,31644,46
9994,20350,53
28597,17522,56
28524,26261,42
32627,9310,35
25953,28696,68
24272,30028,51
12073,30292,58
15378,20770,43
30409,33956,31
16760,36242,32
11471,18511,33
31260,34520,35
36391,38523,26
7567,22878,92
33773,16947,20
18965,12895,55
10183,3243,71
516,19774,34
12138,37830,81
6991,24768,10
36244,34213,30
12125,29774,40
17738,32411,34
24986,32474,11
18975,1010,48
21352,954,82
33201,13642,48
33908,28532,39
31697,31819,68
38615,1533,49
7962,16265,80
15330,3500,61
14275,12371,78
10033,7184,58
37230,15287,72
10056,497,57
1716,10996,68
46,4829,20
16919,17473,37
13775,2351,61
35324,482,59
10189,9305,78
25600,15140,79
30087,36045,43
25748,15373,79
28153,10763,70
33759,36955,40
13056,27501,54
12258,21366,86
22891,34620,66
36896,5720,50
32473,34989,25
30883,29275,22
10148,16680,62
6481,4016,87
21404,12234,86
12462,33854,45
32516,28838,38
7541,10555,67
16062,34756,54
13691,4860,27
29511,28854,34
36880,17298,57
17579,7828,69
7186,22600,56
38480,11451,15
30952,5526,37
12947,410,45
34049,24147,38
9879,27430,66
13588,27247,28
10860,15940,61
15186,2507,89
34636,33002,52
18227,18026,46
24468,20681,31
29728,10143,55
19098,33885,25
4160,31871,74
13632,17525,39
15903,28072,83
12910,1519,83
6462,31078,65
18790,13775,29
4233,33391,75
13072,26432,51
19828,29744,32
33977,25864,47
34214,17465,35
23005,37257,80
29476,13901,17
5349,1953,63
3893,28869,70
24839,20456,5
7515,34564,60
8694,25961,71
19635,13194,67
7001,33838,16
21040,12337,86
7169,14260,49
13922,19885,41
35759,30177,75
37217,3400,51
7166,24372,36
16819,37039,42
21502,34910,67
30340,20671,24
18306,7113,30
32420,7099,15
22975,23396,101
19230,9260,43
21959,16870,36
12945,7920,82
37710,13272,84
18353,2563,71
6069,23254,99
7895,3321,63
19669,19780,56
29538,17315,30
28144,35013,63
6178,13891,60
4109,15152,81
23443,24144,81
30062,11698,32
37212,35264,84
34271,9450,36
12316,1203,68
14508,7169,49
13163,3401,59
22901,37858,94
25075,3163,23
24136,3405,49
8735,28646,63
27994,1885,90
30493,7930,65
16748,18930,27
9087,25966,65
21077,21163,100
21767,38561,30
2390,25515,86
11354,1268,42
12241,14543,78
4098,22968,89
9127,963,59
18381,31836,57
22664,17562,75
3316,17662,46
18906,10786,40
17705,7880,69
37671,26756,57
6232,19039,63
30280,20374,24
27475,20705,17
31906,6515,81
38327,34026,14
19899,26617,40
417,34550,23
23431,28619,82
11386,24486,39
12901,32736,47
30924,21476,68
30774,4051,58
10168,6495,98
20018,16543,39
10577,1262,56
22155,13624,38
24499,37178,60
20511,33408,37
30940,7945,61
6920,31825,41
19861,3966,68
12518,17726,62
15433,17309,67
8628,4522,47
29431,33226,39
16273,4670,51
16037,32273,45
23413,19186,68
19500,20582,30
34577,15124,58
6214,29721,51
9802,30332,73
13775,1947,57
29388,20711,6
9380,19116,43
3464,12371,56
3144,33392,55
9937,38371,56
29456,15055,45
22824,16538,60
5468,13955,32
16995,18813,27
21121,6198,97
2355,26440,60
21901,18871,41
20666,27155,17
28728,1178,62
15750,24016,66
8651,9266,60
1651,22136,69
13525,30943,31
37753,12081,81
5398,5383,38
25087,9039,30
6038,28674,77
30786,5498,37
33999,19927,37
26328,16144,49
26766,12488,48
15926,4066,77
3953,24476,69
5594,17407,45
38687,7178,12
18448,11772,33
4695,32578,22
32495,520,14
5724,8305,52
18415,21065,73
32294,12905,47
22731,10581,73
7151,37053,38
37705,36301,66
27025,8006,58
24865,9811,54
37154,22234,56
23300,30476,74
13695,20547,15
38278,12009,41
162,34024,15
20377,28225,48
25986,25083,41
25983,5439,57
26700,14566,54
23311,10016,103
24434,37939,74
18294,25092,26
30899,37052,49
31535,23753,86
4025,30834,58
33009,37540,80
15298,2304,89
5705,25193,22
30903,14371,60
12040,15460,77
26509,19260,28
35256,16701,64
4651,6286,61
34537,32508,25
21495,15120,91
5377,31244,37
28580,21888,55
11358,4821,24
7614,27762,89
3233,34078,29
9191,7214,34
38344,6380,52
7589,22908,92
38456,26005,43
32474,18900,24
9178,303,33
6105,26669,59
31868,19161,50
27988,26421,58
31545,3279,54
37021,14618,73
25691,7714,81
15297,23594,93
29690,30410,26
33441,24452,64
33187,7941,78
7972,16239,80
33279,28269,81
28618,13227,69
4502,11612,24
34949,12921,56
16262,11344,47
16151,8503,70
4114,19136,56
7564,26335,55
28746,20332,32
32642,29523,12
8376,35606,86
7076,33077,42
24098,10692,53
35342,24065,82
22180,38597,30
27415,26020,53
20305,8545,35
37680,4648,59
16612,8760,44
429,19674,34
35743,4590,67
6872,14277,49
10891,30818,42
31642,21396,84
22141,34960,42
19064,38331,21
13792,12974,52
9409,37539,72
2560,35403,101
22053,30827,43
25135,3091,23
12437,16695,47
36347,8267,54
3100,2293,68
24083,8388,62
14389,13993,55
5531,161,25
1889,4915,58
34224,38525,14
804,20582,34
37635,36509,66
29716,12409,40
14628,28045,88
9248,29723,31
17303,37080,57
27149,24819,18
11012,16781,35
20463,3077,22
14628,5648,61
2649,27252,63
26626,36449,33
8680,37742,78
10828,3245,44
36035,12048,57
14576,37560,87
37796,4530,59
35640,36018,74
30035,20591,24
18975,13545,29
20706,16832,13
15033,36093,62
7220,16154,44
4876,31176,32
24953,3792,43
31255,7747,61
16032,3417,57
37682,11364,55
22013,5,31
10037,22133,76
20583,30970,20
37008,23566,83
26632,37258,43
25220,30319,25
402,15020,47
13175,5430,58
4626,15770,51
446,21514,56
15965,24251,66
28005,19836,74
26713,33914,21
4936,30086,36
6866,29587,11
21416,34064,59
20266,4750,16
37153,4876,45
9834,34569,68
331,25624,44
6338,32357,55
863,2315,80
26691,35509,65
33074,22212,60
23462,13905,65
36168,24845,24
3192,38299,25
28901,19046,46
23250,21142,102
37719,24929,48
26573,5656,31
31936,13203,73
27997,29014,76
7988,32021,77
2714,13602,61
26343,26766,24
28694,21504,80
10683,32349,32
33305,7738,78
28218,36370,67
27450,13002,54
12878,12874,78
26482,4803,26
24907,24134,32
4240,34692,57
16921,30108,33
21228,29629,54
37161,7903,74
11720,10095,61
25660,18834,54
38320,38588,10
9887,27897,97
36963,26425,43
6140,6927,54
37719,32366,53
1526,6301,91
4150,36063,61
23552,3840,92
17695,8538,59
36476,5724,40
7041,12796,46
16523,27178,26
28830,35685,83
30329,17370,48
16522,12888,50
9173,32556,35
34848,25234,20
16216,18422,60
36282,10900,45
1122,18391,55
6074,21069,97
10192,7793,94
2,2640,54
15359,9476,68
1598,15440,85
28985,27425,45
1983,38567,49
32297,16549,19
3811,6277,87
22097,28779,55
6772,4763,21
18801,30314,38
6181,26594,59
4088,3757,80
20360,32649,10
18926,36909,47
38636,33837,14
7004,27438,22
10867,30221,46
7068,30887,25
31976,4831,48
35734,32349,61
6192,35345,100
16989,17743,37
31678,27397,49
15247,23317,93
32418,12854,47
31079,33401,53
3469,12506,56
35623,2470,101
37909,2391,93
16933,10710,35
28908,33973,39
22568,3227,69
25807,20288,40
22172,24021,54
25130,4169,43
11749,5022,24
19720,6281,75
8664,29728,37
17683,37210,57
36771,13121,70
28589,22149,55
12349,11277,46
14474,13144,81
5692,33064,54
15114,37983,86
7618,1806,87
35291,12046,89
27182,8015,58
1999,10920,68
30513,22701,71
1722,33856,53
3150,25086,23
8579,17395,59
4925,36227,35
10263,37934,96
22966,9763,100
24806,22040,28
20644,36905,33
6460,37150,78
29627,27011,19
1622,4551,58
21002,2295,98
12820,15996,76
36984,36274,52
27297,27329,30
20299,848,34
22822,27159,64
21379,8458,83
18833,35355,69
13562,28746,43
205,19510,34
13992,27994,59
5258,21443,69
21300,31788,84
4608,13069,53
27765,36118,67
6942,15028,48
29513,13062,43
13752,28938,43
18503,4523,37
37549,34059,54
12058,31502,70
18440,29763,27
33414,35689,88
9870,28191,97
13553,33003,48
35391,29371,57
29693,8010,47
10153,16081,88
36036,13590,34
26471,24386,41
11430,35608,63
33518,33190,70
26706,5432,31
10225,38375,56
19640,16864,39
11393,1906,54
18211,16890,34
1061,2254,80
23279,14749,94
35004,6768,24
35648,9866,104
9084,25098,30
36209,5009,35
16846,13621,24
34227,7138,16
19617,33279,63
11312,2773,58
19794,14456,70
25632,12195,74
5592,22863,68
13549,15841,50
37926,4830,59
9911,3370,71
16035,18764,53
33327,18787,51
14454,18406,65
29407,29435,8
13086,69,45
5007,35472,67
11648,26769,22
174,27458,21
23455,6500,99
16502,26454,23
4093,16153,77
24378,34959,46
34184,16860,20
1166,18380,55
4557,15316,55
11359,4520,24
20727,22691,51
2745,25241,51
18827,25894,54
23489,22594,101
38020,34874,62
38675,16963,16
18399,9098,50
36403,16937,32
5593,4002,59
8431,34124,42
1894,1938,88
17515,3190,46
20710,1582,46
4819,4861,28
16618,13516,24
31544,25988,72
13690,25009,16
18333,28731,53
37769,21061,95
25919,16067,75
4696,30188,36
25784,16213,75
34831,25210,20
5395,25889,57
15458,24881,44
33999,34218,18
8419,15342,74
22580,28814,79
25933,22053,63
18258,24008,52
18325,6775,30
31811,3077,54
29433,21038,54
24992,10095,54
17634,31529,60
23013,1612,93
28510,36421,51
24820,2640,51
2266,3434,68
19984,13897,41
3521,23328,72
19106,24432,45
11449,35415,63
7548,6313,90
16263,18318,60
36498,1061,53
38544,19686,33
17672,2333,74
14545,798,74
38331,21030,55
9795,37256,82
33767,28606,39
15205,31225,59
9881,10605,75
128,6081,53
28944,23458,82
13794,1542,57
1874,3781,84
21087,13268,89
17703,27316,41
32648,13590,21
34756,21825,42
4006,7252,47
19740,33259,63
38516,11679,15
10766,28856,54
13640,26707,25
21085,29521,54
13631,449,19
18043,17362,49
6282,7983,90
34049,6761,16
28965,21850,55
5008,31104,32
4988,4920,28
5426,19644,47
11436,18943,26
1887,31580,78
880,25265,35
9187,16863,38
4763,36380,35
25088,21156,53
2640,19880,76
21027,10540,74
22732,35409,102
31591,37146,65
31885,27076,49
35483,24105,82
12127,24920,39
16152,30492,59
13618,30951,31
9752,24889,54
3820,13215,79
4732,5253,33
3356,16660,31
6405,11407,57
11407,16812,21
30853,27200,33
1743,37053,75
26638,30945,30
19956,35447,81
21262,4066,90
15412,14477,83
21293,5572,69
23492,18133,75
24218,25538,67
20363,15030,43
30965,3450,38
8487,13114,72
21047,488,56
7690,37083,74
28501,25000,33
33839,11329,19
751,10965,56
17546,7765,69
28256,2700,94
21331,4802,64
17717,21256,76
18876,36524,37
19520,24339,57
4652,33506,49
16836,4809,25
27347,37852,60
19551,8685,61
21008,19515,78
13551,37259,44
38328,23725,57
19503,16603,39
1612,22820,93
26755,27272,27
5736,29394,23
5006,30062,36
3115,26462,32
11584,12214,46
27395,7769,58
21407,37270,81
24876,25846,41
8392,31086,51
8479,33408,68
34699,13872,30
25953,10861,62
3915,24170,69
21911,2276,73
21818,8329,58
32313,2528,56
10938,9450,51
7833,1166,75
37679,11671,55
12315,26349,48
5323,18519,42
7069,34062,16
34787,12458,53
28928,7081,37
35335,27891,99
3841,25704,78
35472,37861,98
13538,9760,64
4953,16236,51
754,22890,81
21454,38510,55
27347,4190,55
33097,1537,79
29674,956,36
22878,11718,59
28141,21866,71
24330,34775,46
2546,21497,98
34531,31251,35
14367,37267,73
18783,3423,36
5570,5460,38
38543,1638,49
7742,7223,50
28646,6196,77
36435,1865,65
13728,30463,35
948,31225,50
1620,6015,91
1542,21075,94
7155,38595,12
36238,37875,66
3409,10049,71
27794,30094,68
30433,26309,34
24895,31116,21
7175,19258,23
35604,16159,90
34762,22586,66
489,1934,50
1226,15876,69
37551,28889,75
8537,7122,40
21292,7707,93
34131,35481,62
9882,19155,67
27224,3147,35
18140,25083,26
26729,11553,22
28077,30277,68
28508,8463,63
3138,24167,49
12258,34175,45
36413,12418,57
13122,29271,43
4691,20423,16
22986,25065,52
1505,24768,47
36200,31578,55
5295,26012,57
175,14008,19
6361,30276,69
3852,7655,83
13556,31758,47
28649,11326,40
16881,31899,45
8261,34113,42
31679,5662,53
18175,18111,46
14013,34724,30
15956,14506,79
16557,27368,26
27320,21895,40
35507,26295,65
15445,12090,77
8560,18974,49
14372,2373,90
9120,28596,57
31804,25123,37
24839,31523,37
27203,1687,59
15026,38339,46
35427,5338,72
26549,10995,36
26497,33974,21
38396,27948,51
20544,25227,5
28180,32618,54
6136,324,53
8648,32528,41
4797,21105,64
18484,16724,34
5712,3084,39
21868,12341,61
10180,31532,85
34138,30350,31
6215,30517,69
25804,21315,88
3093,31983,54
38626,9918,56
24857,2360,51
11260,31148,28
25962,38000,83
33482,38274,40
7192,19770,35
16953,27119,26
26621,12932,51
28043,4797,60
12124,6246,83
34070,26569,21
38323,15185,46
30512,11336,32
37968,29371,49
4091,29690,44
3756,36068,61
5608,30924,37
13183,12185,75
35557,37532,98
35607,33879,62
32751,25753,46
38759,33783,14
9508,16551,38
18948,4580,30
32566,38767,13
34631,16569,28
12153,31799,70
32288,3064,28
12946,38624,44
13741,10165,64
18135,20414,25
35636,6283,100
217,9221,33
7983,32294,51
16856,35591,64
24220,19786,57
37813,33042,80
1610,36433,65
4543,33846,23
25860,2562,86
6891,28768,37
21796,17434,51
13935,5442,32
23307,17753,78
28919,19806,58
21503,27210,65
9987,23355,103
24430,9415,56
21205,20464,52
37940,30448,67
26583,9127,39
4242,2302,88
13572,21909,38
2319,12142,84
17358,24091,55
29347,26594,16
3303,33207,55
18185,27053,38
22181,28197,71
16604,35550,64
15062,25663,79
22710,15758,86
27778,10914,70
17450,10154,77
6275,26562,59
10709,6883,31
15783,27355,52
24765,32743,11
19138,6844,23
21087,31086,68
38417,22535,54
8494,14719,75
384,12326,42
30999,26551,30
38732,15971,42
11269,31511,44
786,25648,70
10192,32590,59
18396,8269,56
3890,24179,69
20022,17597,54
9797,38352,56
6874,15520,48
12216,2450,84
6242,27295,62
24283,15507,70
18124,15751,60
3904,6505,87
33290,21972,60
12174,36000,57
23598,25687,90
23771,1634,96
2596,32428,56
15268,38506,46
28892,33518,65
37868,6193,92
12044,3223,56
13643,10957,37
30218,21952,47
7685,37558,88
6246,29530,51
204,15182,47
10670,4916,38
27221,18428,38
5268,2015,63
2267,22091,73
31813,31894,68
29614,12049,40
5444,21955,44
26290,13862,25
20475,4575,16
27922,6951,53
2636,19131,64
2320,883,80
7252,1768,51
17651,37203,57
21166,20630,52
19805,12934,67
34733,34049,26
35434,26706,65
22746,7040,56
21953,26261,37
10759,11362,34
37687,2346,93
30010,2018,66
38281,33057,40
30414,18944,38
21895,10765,49
37964,31821,79
9829,17316,77
18028,37113,54
23714,19653,80
32365,1592,52
13615,18434,36
38705,34986,22
12908,34095,48
28714,1633,74
38477,7679,48
5511,18193,42
38510,2442,53
36447,28186,67
36479,13131,60
35024,4152,57
1623,15790,81
36837,34261,40
426,5641,25
25694,2301,86
21416,34203,59
30274,28161,68
8253,511,39
6917,19581,35
19776,7932,71
38567,28064,51
33247,15368,76
24336,1873,73
10234,1578,95
1844,38294,49
20745,6289,49
12843,20345,41
10757,27947,70
25608,4132,78
25886,4889,52
28237,36222,67
33311,32681,43
2271,31617,82
21798,4687,39
31081,35490,71
1634,16853,55
36944,19070,47
3494,20555,22
19997,35494,81
265,35560,59
14001,2257,61
37870,6904,52
31037,38253,23
19229,37657,61
36489,3217,41
3229,9417,47
25647,20396,40
3083,19038,36
7037,30348,29
6189,30504,69
10126,35652,104
27333,9500,42
830,37602,77
20476,9060,29
21182,12938,89
23437,31189,70
16087,28614,67
16643,13258,50
21861,12057,61
10559,6393,71
26580,23397,64
34970,13777,30
18884,38376,21
789,28989,62
28513,3452,50
37098,13546,44
24844,15202,44
4633,34813,31
3249,10763,44
14289,18460,65
35378,27837,99
22929,4696,63
25611,34073,47
17503,20517,28
2445,11537,58
34501,30099,39
36055,36876,52
15879,13164,76
25603,18150,61
5718,23601,71
274,493,12
18152,15391,64
20537,11540,12
16918,26275,23
7185,754,39
35681,34109,62
25719,28979,68
22250,7834,68
34873,7830,60
30340,28657,52
3312,19588,48
9085,17009,38
2637,11475,58
20690,17557,28
19728,9235,55
3452,16677,31
30780,3943,58
9115,15119,68
38385,18468,28
31188,14307,60
20642,2284,50
36964,34711,48
25634,20325,40
19750,7833,71
1598,34869,61
36847,18209,54
4081,22587,89
14319,11576,52
3888,20772,42
33310,26378,47
27837,234,52
5639,34,25
6258,36359,68
4099,19167,56
6019,23260,99
38730,33806,14
29688,939,36
32274,15384,49
9176,31106,45
22265,28916,55
31569,13737,47
37710,23358,97
32304,3225,28
25216,15209,44
16205,8643,70
33172,38740,40
8480,35732,86
7206,4667,21
22822,18258,72
9126,22037,52
7848,6327,90
28884,10570,54
22260,25589,63
3863,23669,92
6400,28128,93
1754,26283,56
28694,8600,63
14660,10880,66
3785,12114,76
14456,1136,74
10502,9886,75
25785,19012,54
11610,6408,57
34016,2323,57
3944,4620,54
7894,31262,61
24018,1694,73
8439,20720,35
31575,38459,39
34231,21393,59
34157,32382,17
9104,27857,73
36492,955,53
24286,8408,62
30027,128,28
3961,8585,73
2698,23318,100
1670,12475,80
18882,327,22
31090,33223,53
7901,26565,55
3305,26665,32
30119,20366,24
29507,30922,22
8638,22055,58
12205,2744,84
6484,12194,83
18314,5290,42
6037,31887,81
15378,11743,51
6315,21125,97
17661,22866,75
32419,7639,51
16969,37681,56
9500,13552,40
32425,6776,15
3878,9859,91
13513,24412,42
30991,12904,57
17668,4610,40
10139,11586,61
15210,35493,94
7020,35652,60
29663,2010,48
15440,30265,63
33182,18806,51
16037,10703,61
7113,25851,45
12464,13082,75
36360,14317,63
33988,3127,29
25105,13987,16
25736,6775,45
34144,29761,13
875,10989,56
14588,16176,79
32462,8666,41
6122,36998,78
22613,31761,83
8508,25828,71
6225,14254,89
520,23522,58
7047,38565,12
13539,14294,55
6949,18997,23
7096,20682,9
34716,6818,24
19603,19821,56
246,25119,9
29624,6038,51
11458,17616,36
23706,1643,96
16655,32497,19
771,14437,74
30520,21415,72
13766,7674,56
28262,10513,70
11640,14636,52
31605,33977,43
9968,37985,96
28516,31978,64
4051,8316,73
31557,340,40
31983,21499,84
11591,18167,33
9835,28609,81
38290,22257,30
5402,14390,61
9936,14613,93
16056,12826,76
15305,21769,66
35561,36946,84
38271,33413,40
19067,14405,58
38018,27857,91
34818,10794,41
757,7827,75
3232,514,26
22784,33876,58
36281,35730,74
16912,18469,34
34723,8267,50
33006,21116,85
28604,6235,77
15260,31769,75
38751,14336,47
14656,23274,94
18803,23679,68
14554,8481,75
15981,17512,63
21987,18523,48
28753,29542,34
7577,27122,58
7849,15908,80
35262,23665,105
3197,21181,70
13897,13751,26
19167,30984,34
26521,12250,48
30484,22118,47
37211,36255,52
17418,24244,55
15909,34898,54
10238,31804,85
9872,7628,94
13598,18468,36
30933,28671,48
34134,19705,37
6062,4226,87
30457,962,54
23005,21051,99
15020,330,47
76,3089,26
520,30350,28
34089,763,41
16239,36105,58
7973,36251,64
26654,17444,38
36360,4605,35
26397,6083,59
24166,37951,74
29281,12879,43
14757,20625,44
32002,26536,46
4928,12770,53
25955,36376,59
7589,36156,64
19503,105,34
35281,17475,79
37266,27793,77
21229,18446,73
5753,36423,40
30933,25821,56
7700,15116,84
394,23533,58
24402,30397,51
25690,36204,59
23585,32462,60
24906,27907,49
21295,22911,99
18788,4543,30
9055,1620,71
9267,6095,74
18112,12852,62
10908,4739,38
26280,36101,33
26455,23349,64
33271,37236,66
3190,13950,33
37504,15079,86
20382,34062,11
12064,25635,74
22958,14694,91
5454,20416,21
24341,16676,40
152,18133,29
19537,2545,76
11762,34160,19
11500,37892,55
37570,38731,50
21287,7596,93
24959,8437,36
31686,14724,76
32382,8773,41
5533,24295,48
3755,3520,60
35681,37634,98
31017,24935,21
1090,250,38
19860,17519,54
37195,11552,41
16778,18757,27
38461,21904,30
21994,9510,52
30826,15860,55
7752,37189,74
35263,9834,104
9026,1869,71
7177,19838,35
22863,10071,100
15843,17571,63
29383,22577,53
13993,27796,59
28017,6882,53
12041,13182,75
20669,18048,25
32357,4811,22
1738,25961,82
35722,11691,63
1225,1616,76
29422,35722,57
15166,11492,51
29337,28787,34
28013,15203,87
24189,23609,81
1688,37696,89
13998,18201,36
27943,9843,97
2477,20758,50
17521,20760,28
18025,28632,53
9202,26453,39
31228,37926,63
33859,14441,51
24161,12766,68
416,10217,57
1634,18957,60
35717,9801,104
499,16744,17
20272,14700,44
13649,23666,65
31617,20001,62
23691,830,84
9410,18167,50
30754,21428,68
3289,14744,62
32568,7266,15
10144,801,83
11266,37904,55
11298,18501,33
15801,27460,52
12304,33251,71
17508,18853,42
30796,36184,39
8528,19068,49
8452,19250,49
31996,25978,72
5006,34521,31
19926,13736,41
30931,32512,26
22067,7854,68
35701,16797,64
33208,34638,52
27042,36802,46
5448,36124,40
1189,24227,61
13057,29718,43
33819,31118,27
17324,33927,35
13892,752,45
38005,12889,84
38652,33850,14
36311,21801,46
34782,13902,30
12133,34576,53
6502,32703,55
8550,24351,62
24979,32433,11
857,28920,62
16543,8752,44
17308,23773,78
11361,17631,36
957,30261,54
20533,22242,27
36807,22586,80
36819,20288,33
2331,22737,97
27368,34900,32
19231,24051,45
520,14380,48
8261,7516,76
7696,28873,73
8518,980,65
36422,34750,38
26517,37565,57
12816,250,45
21408,18920,66
18387,3036,43
18515,13546,36
37742,24024,74
34818,20690,19
8710,16099,70
18800,33843,25
9992,32346,59
18859,7086,23
28096,78,52
6418,29528,51
12006,23597,88
37956,27156,60
12218,5501,55
28536,7987,73
20490,12372,38
3186,928,52
36447,27893,67
22538,32420,57
21390,27297,65
7671,32726,51
17667,22176,51
36474,27134,36
9442,14547,69
2757,21181,98
16906,28916,41
32381,32584,16
7647,10958,67
868,27928,78
30277,19021,38
32536,36010,29
30751,19636,46
5581,8503,52
392,33057,41
17433,18835,42
6756,34783,24
13214,10662,63
4073,31036,58
20435,15122,43
24077,25073,32
4247,5449,59
6765,37807,52
25153,17592,29
13024,18887,55
22602,12834,88
16643,1826,55
1549,26650,56
16041,25899,75
17319,26428,38
32446,20431,10
15879,17670,63
1538,25205,47
27159,38547,20
22874,38429,54
9946,23293,103
27755,34790,63
6216,21331,97
14270,17751,68
1961,30953,62
30902,26741,30
19977,22020,53
8625,25252,36
17753,8406,59
25234,8015,46
12124,2563,84
29503,17730,30
21001,31022,68
27938,37506,91
6298,23348,99
3771,18990,56
26761,7855,55
15066,33506,76
1262,34064,41
4659,32751,22
4677,28164,60
6877,26300,19
8275,7248,40
13124,22823,88
15117,24292,70
37273,34182,40
1520,13827,57
19020,10562,40
27038,4750,29
11549,8733,43
4784,9132,41
36950,12379,67
24105,22217,54
8297,19117,49
25083,37676,48
10259,22209,76
4008,30158,62
33499,2446,83
27854,18371,69
23581,23464,104
14451,24204,71
23669,24921,55
1046,4994,46
10149,13051,90
7241,19731,35
14625,3234,62
22985,28609,79
31555,38515,39
27084,6453,62
9843,21952,76
14326,10810,66
22949,16704,60
21249,30496,72
11431,4849,24
4183,11610,50
6105,25140,50
34071,15753,46
17634,36499,47
30101,10540,46
22585,3941,89
32274,22227,33
21840,8412,58
5408,23489,71
3755,11441,50
27975,29656,50
22559,4127,89
18295,32475,31
3152,14488,62
17580,21185,76
22121,7876,68
196,14345,48
13224,11570,49
20602,24989,5
35649,217,59
16994,5427,30
16941,27459,26
13030,23573,91
3904,2575,88
26369,26597,24
27394,3851,55
36074,31630,55
30017,28105,68
38301,13608,18
7210,32359,15
30428,23406,74
7076,36027,28
16549,30998,29
7695,13526,56
2738,1084,80
7058,31541,41
20550,21397,52
16640,34244,20
17433,33000,61
34203,6349,56
22937,19217,65
27438,36017,36
17580,31758,60
10085,25621,89
5426,18491,42
4149,935,72
29310,4688,18
9178,34834,44
25584,13266,77
18874,15522,57
24026,33009,64
14307,34239,51
8281,36816,64
21176,1868,94
12410,20384,38
27881,36269,67
4721,20611,16
22175,18262,48
9089,13859,40
1850,1903,88
7056,31890,41
3501,27298,35
23570,19639,80
219,26353,18
12523,24275,65
10260,37123,82
8691,23351,85
37255,4274,71
30098,23305,74
38490,22006,30
31023,7093,25
31960,35726,87
34018,12149,45
28150,1628,90
25045,9434,30
21275,21199,100
18378,1263,55
8342,32613,41
15246,25213,44
30445,24365,51
16502,9931,62
30820,14468,60
18020,11281,33
4006,24902,43
34110,11549,19
2675,30269,70
18205,18260,46
37254,4629,45
22204,37914,70
26539,11479,22
32533,7705,51
33340,36372,56
36899,949,63
24350,29377,33
13968,13886,26
28742,4182,70
24407,10627,53
19718,34005,37
25967,36949,69
14353,19584,70
35425,11267,63
20590,21877,27
17316,13865,39
26280,38663,17
19274,12852,55
36203,9228,48
37925,36879,76
3892,11703,50
36918,28605,61
32411,13116,47
4792,25619,52
15108,1107,73
13203,10670,63
18803,2441,64
10823,26687,36
15798,8499,70
33116,22668,84
15187,38611,46
28695,9873,81
14650,33815,51
33261,6474,82
17319,12262,62
32319,32017,42
27818,10173,97
32734,7199,15
1023,6075,79
29280,12952,43
10098,10893,75
3920,4619,54
1940,21338,94
30932,12316,54
19575,264,34
31117,28656,48
36044,31136,39
32679,303,14
31161,28887,48
17685,19124,42
38538,36379,26
35750,21878,78
8398,17587,59
11771,12356,46
29736,25650,42
29769,23589,56
5011,28869,44
36332,5756,40
20448,31240,20
30343,33777,31
3857,12832,79
6347,19997,75
22981,5528,68
37567,4645,59
8695,34251,42
11372,10214,61
28635,24242,59
11772,27149,25
28658,1874,74
16672,15330,52
2771,37210,79
7642,31660,77
22147,4552,39
21463,27892,96
33373,37131,66
34785,22624,66
1976,16512,55
15890,12826,76
14375,22623,91
33160,34235,44
7712,4987,57
29252,1600,48
30310,1814,66
4907,16903,25
38424,22875,54
34871,5536,36
23611,29510,56
20454,28908,32
32695,9378,35
2022,33077,79
27847,18337,69
7627,988,75
33296,27042,50
36804,1266,63
31010,15871,55
22886,18893,65
16841,18495,34
9489,9486,54
28038,30252,68
4060,12427,76
23356,11442,62
6376,35528,100
25642,3463,58
36246,15829,58
25827,38472,43
33131,10801,59
7031,18363,30
23577,6840,59
11684,20533,12
243,15251,47
25103,28979,33
22644,24076,78
36349,22101,46
5531,30856,37
37234,9229,58
11021,13157,63
15499,12141,77
16150,15907,74
14750,32694,50
6956,848,39
6962,16845,18
3854,27902,86
20468,35255,55
33281,4230,75
33809,15339,50
34215,10827,33
20451,14435,44
30455,36421,43
19015,1093,48
20394,360,8
875,17533,58
26411,9109,39
28543,4065,70
7954,18405,66
37100,27936,77
38583,27442,20
35007,10231,68
32773,31230,26
18447,36808,54
29764,19779,32
15363,20007,69
24840,2706,51
11399,5665,29
970,29680,36
3964,27057,55
31255,1109,50
24924,333,9
27021,21043,65
8326,26302,45
28799,5627,49
17750,22074,51
28733,34270,39
8746,18517,56
5743,14453,61
23661,10214,103
16940,24514,40
30221,12166,58
3184,10504,44
35708,38505,58
13260,23652,91
22665,31158,67
21390,31513,84
16923,11376,21
11425,19588,38
26339,35531,65
23485,34989,69
25967,24312,67
12338,8476,69
33873,12069,45
10097,4788,65
3418,17357,46
3930,25901,78
25130,31974,37
32601,2650,56
33223,14603,77
1674,28675,74
10273,24270,80
35712,29495,57
2364,22865,97
8350,12882,72
7708,34525,60
37042,22965,80
3896,19158,56
31860,24462,63
9438,16705,38
33219,4801,49
15499,21853,66
8265,11760,43
36124,2487,69
22796,294,55
27158,33017,50
4171,15433,81
11425,28533,40
29590,9830,55
31814,246,40
10201,8712,84
2540,3020,68
22899,30848,67
20254,16997,13
11390,16966,21
21041,36974,81
4889,26588,26
14321,31695,76
38529,36922,36
10212,25246,54
6174,30054,69
27040,33456,50
11584,18514,33
3438,12878,59
19090,9169,43
28921,25046,33
12047,4827,50
31691,25611,72
18139,4139,63
5627,22971,68
6189,37816,92
17381,25851,64
26436,35437,65
2773,27199,63
11403,26689,22
29371,6465,51
24236,11364,39
26672,14345,54
25073,23568,55
33282,24230,64
953,511,38
34237,9859,60
34616,38672,22
13692,33146,48
27367,19560,43
37154,26679,43
35005,24503,46
22539,14684,91
6405,34951,64
35381,8303,86
10268,8456,84
31039,23353,70
6964,269,13
11618,38357,15
34126,6274,56
10533,33500,59
7929,36752,74
23721,22718,101
1742,14403,86
33123,17312,61
28711,11532,40
19742,32626,36
25126,25193,6
12018,23448,88
16122,12245,73
2664,13067,87
37785,1830,89
36847,29528,35
30506,22686,71
19159,34645,33
3187,15973,57
9969,9919,102
28505,19545,58
16048,18880,53
2260,31773,82
9198,25605,65
17283,28272,72
25552,11578,48
36815,30034,53
4849,32511,22
6127,31511,81
37601,11452,55
29309,18933,20
28153,3878,86
892,2489,80
12093,830,68
30520,16847,33
27834,27201,61
21925,33880,34
31645,36021,55
34125,35530,62
9516,116,33
6364,30491,69
25177,3524,23
19877,16517,39
27394,10257,66
16715,37933,56
11307,27171,25
7647,2333,91
22510,4010,89
7263,6089,54
33388,16544,46
24964,14564,45
14300,36436,63
21835,2401,73
15775,27886,83
25617,22001,63
26445,34730,29
3380,33813,29
11448,17514,36
23010,5760,68
37774,16169,82
31971,19797,62
23761,22189,77
6272,18061,70
17599,7962,69
34826,10735,41
20611,32460,10
21809,38387,30
31165,16628,29
16991,35738,64
19858,7839,71
1755,11389,54
36855,36052,52
9194,19672,55
38727,21757,30
16617,143,17
23008,22218,74
10560,36169,45
18991,28013,62
11487,36059,31
16540,21759,36
3415,18978,36
4089,4900,54
34147,25067,12
914,21876,57
34626,8588,50
26483,37869,57
11649,6397,57
2666,34215,57
30765,12261,54
9856,34571,68
21460,4139,90
2369,25079,51
30453,24274,51
11557,33797,19
16821,38662,16
24232,35648,82
19109,20634,18
23737,16959,63
31860,2762,82
5541,23503,71
36165,21507,71
14588,25078,45
20610,12491,38
14392,37519,87
36030,17017,32
11647,22577,59
17014,18373,34
8311,433,39
4921,12214,50
21057,18205,73
4911,19654,42
17538,17717,52
9113,34873,44
36859,10132,82
32004,23628,86
1732,11506,54
38418,11260,15
17545,29254,30
37926,24511,74
22114,13052,64
10899,32459,32
28603,948,62
1557,22577,93
27267,22154,40
7086,22769,56
27218,1102,47
2623,15294,89
17414,37728,71
6907,15170,48
30406,22101,47
186,28681,36
22848,37566,94
20434,38717,7
34935,2743,65
103,32015,40
33336,29572,39
18845,21503,66
6865,3498,27
29659,2472,52
10261,14512,93
38289,36351,26
9338,13017,66
3794,11414,50
37965,5323,64
15923,37165,68
10824,24348,53
36801,14718,73
11678,29320,14
33224,27101,50
24822,34971,20
21278,33096,85
11694,16254,47
290,30115,28
30953,12976,57
27016,10808,39
19167,1708,60
25764,22678,87
30462,12080,58
16629,37919,56
28201,927,78
24785,21922,28
13182,37774,84
33959,34514,26
16905,6471,58
29327,37130,35
37150,4577,45
36110,28986,51
28037,12280,82
19963,21840,53
10940,34558,41
36167,13212,60
7872,16597,54
23547,25208,55
10895,12137,60
16506,26750,23
12514,9835,87
7858,10822,67
3150,31218,38
37679,3175,65
33341,29003,65
1859,2415,92
3369,10064,71
13134,3897,79
1805,18248,67
9894,22241,76
15834,15120,78
7235,467,13
30161,22756,71
32383,25694,46
19022,18970,32
26423,9960,63
28059,33500,81
14347,23619,94
25140,13028,42
14272,8,48
21185,5320,69
11693,35555,63
13226,34642,56
26251,37079,43
36831,29679,35
27137,16570,26
3303,29620,24
16833,36395,32
36818,11725,41
19781,29641,32
29551,10584,28
5683,31872,53
26466,33337,47
5404,35349,72
5608,28595,49
14722,38011,87
31659,15491,75
32437,15825,45
5279,36177,40
2584,37766,93
6222,35722,100
10659,18898,40
32269,15948,45
32513,30281,30
21223,22248,75
23693,25246,55
15137,26649,53
21934,19555,53
20527,37180,33
26588,22085,37
27774,17620,72
10674,1850,68
19572,22920,77
14525,28714,72
29283,12970,43
24193,17426,55
28063,2022,90
11486,33266,45
34733,36262,38
37889,11452,55
13758,27167,28
3020,451,26
24922,29016,33
21812,12911,64
8306,28832,63
22274,17533,51
9191,27061,42
16687,38497,16
1605,13889,57
29666,35531,57
392,7985,49
8564,5443,52
10548,20308,26
6759,7754,50
25958,17414,64
19668,19863,56
11262,27472,25
994,24979,35
1133,38413,37
12750,4187,79
20521,29516,6
19022,37623,61
13952,27191,28
29674,24292,33
2547,35543,101
22678,28112,95
36761,27251,46
31513,22737,83
6197,3854,87
30769,16770,29
10821,19681,52
16957,28774,41
17692,5360,45
17006,16972,22
36867,24392,60
30230,12173,58
24964,21320,53
2281,912,80
4630,11542,24
10727,28656,54
36319,25904,59
37572,24334,74
7613,37873,88
19783,19526,56
22183,20634,27
19104,13198,55
21810,20463,27
37762,32291,53
12849,30985,57
11672,28164,56
37574,20494,47
9791,27467,66
13975,21192,63
3273,38650,25
33088,34598,52
13149,30102,61
12042,20522,38
31907,3857,74
22169,17732,51
30362,13044,61
28241,21060,96
11643,30409,32
7638,3882,83
30475,28649,52
16891,25063,14
9399,3893,67
27277,33442,50
25757,28819,68
26613,19560,40
12820,6380,86
34764,24791,20
15291,12766,80
5482,1661,63
1154,4006,72
9323,34795,44
27057,33005,50
17442,107,32
16152,25272,40
19710,27947,74
13125,6012,86
26366,9814,63
12214,14541,78
9253,24397,56
24285,8633,62
8483,35344,86
33368,15011,76
31910,29510,38
12445,30876,54
17629,7618,69
33816,15074,50
37113,25934,69
4524,28194,60
18260,26422,35
16910,5501,30
34715,38585,22
19602,25778,66
21327,3153,70
38567,1974,49
18160,37895,68
11665,1078,42
10064,33847,60
4066,33996,49
3760,17312,66
30373,18228,45
7933,15001,84
38651,7766,48
15098,10964,65
18148,12904,62
31645,33032,69
6762,9156,34
22951,35593,102
38016,6422,92
6943,36954,38
11268,33802,19
28961,21162,80
13855,38758,18
25603,19807,66
25142,27362,18
24893,33864,12
37259,4653,45
37760,20604,47
519,36985,37
37157,16814,42
22750,30222,71
16800,19065,27
32417,18832,24
35725,12415,89
3504,22564,69
27000,22105,40
35004,6869,24
13249,27148,54
17525,20536,28
25864,23724,90
31057,6491,65
34931,11411,27
37000,24222,60
17672,18359,49
18235,37972,68
9253,30039,49
18884,30277,38
328,16742,17
37104,1687,75
19853,30244,50
35538,19593,81
37005,3770,71
22897,33143,84
12403,17760,62
22171,15321,66
6424,6889,54
35634,24846,56
12350,3750,76
37799,24424,74
36865,21358,81
12186,13609,49
27990,22798,95
23699,13009,91
13776,14348,55
5529,33366,54
28035,30166,68
1979,17680,70
11742,33285,45
33317,36854,66
38600,28871,35
13548,38496,18
1597,15111,85
21412,25770,88
4610,28183,60
13682,25925,51
12852,38587,44
16938,38452,16
9399,13268,66
6414,3267,67
9383,10520,51
8557,6376,80
7026,34921,24
22985,31743,83
23680,27498,67
19648,17317,54
7561,30283,65
20746,12217,38
6940,16926,18
32717,13653,21
1561,27170,59
20625,15814,39
32343,4234,48
34009,9911,60
37931,155,51
30172,30776,40
31981,26024,72
3247,9927,71
18274,1925,67
26608,13572,25
30411,21257,72
3769,4251,80
12264,2407,84
19895,7655,71
3376,4120,60
36022,38729,26
14432,30206,64
24917,18103,26
16972,18138,34
814,4997,46
20482,2454,50
28685,38500,35
27791,3323,66
1596,36857,75
23365,18042,75
6342,34096,56
17763,13757,39
19046,18287,39
14323,16174,79
30871,3404,38
22249,37047,56
1953,11305,54
1518,6319,91
19097,15872,53
18,4219,46
9351,25195,30
35702,1511,97
14278,14611,84
5476,36910,50
16045,972,69
26734,9944,63
37769,14542,87
26458,25793,50
22598,14690,91
6273,26436,59
25914,27851,84
34927,9250,44
26291,36961,43
1249,13060,71
1884,24168,73
21342,3903,90
19145,32488,24
31913,36439,55
37944,37771,90
1008,34573,49
27771,33909,55
349,985,38
35714,26545,65
6085,2253,95
19751,11645,38
7614,32396,51
20289,21879,27
4739,10034,65
10013,33346,86
31846,7077,41
29388,37813,49
1792,3812,84
33011,25601,73
36022,32575,29
3759,34105,49
37227,34716,48
4863,36344,35
32392,4271,48
17417,22705,75
23275,21498,102
34732,12304,53
7031,349,13
17008,3254,31
38772,11001,29
12504,20773,38
13946,164,19
22682,12076,85
36848,30136,53
15231,28094,87
30312,9122,49
38441,28047,51
5653,38450,24
24331,10230,80
14638,10628,66
32678,11561,18
19933,37651,73
31731,37926,79
12782,13217,78
30877,24973,21
6309,23428,99
33027,22549,84
30940,6405,65
30279,22817,71
3071,35278,73
16035,20300,39
4067,34513,57
34512,31506,51
12163,16742,47
30039,23350,74
25865,26451,50
21214,18240,73
34601,36964,48
201,15412,47
13970,16700,24
30928,25035,21
30401,28012,68
19162,24095,45
9234,30948,45
22957,7701,92
18231,13798,36
11486,7998,53
11493,4572,24
6947,32525,15
24862,797,35
14675,13667,55
35281,36354,74
11321,3240,30
21517,13613,63
11593,19021,26
19673,31180,46
31209,37912,63
8334,25587,71
35627,31106,71
32550,8000,51
17378,9960,77
22211,34555,42
29466,19637,32
9304,18026,50
24233,24318,58
37127,21393,81
20596,35398,55
6369,13129,86
37810,3268,65
8705,36253,54
6482,4252,87
3336,33219,55
34734,1939,61
21371,26018,88
17021,6798,18
37583,21361,95
29455,31805,38
34533,15009,58
22664,7724,92
34267,8514,42
12010,2581,84
38516,11428,15
21504,21378,100
28570,30873,48
38004,27228,60
35457,15516,94
33083,4748,49
21077,12327,86
1891,38330,49
16898,29697,15
27487,16882,26
12501,35412,89
1552,22589,93
35628,5750,72
38665,21930,30
36394,3300,41
24951,16767,14
15502,1502,85
13090,37882,84
31613,36115,55
28531,1703,74
18882,31933,50
22248,19131,41
19888,20637,30
25771,30185,60
30828,21335,68
34075,1187,41
25739,1968,82
20294,37848,47
13086,18958,55
33996,9958,60
22804,34208,58
9775,24201,80
24206,27197,44
26262,14371,54
17634,16123,63
19199,24965,19
25056,11594,13
5335,9940,70
27498,21077,65
6820,22846,56
36418,3857,61
30899,3272,38
1696,24313,73
24893,13969,16
20619,3751,42
16176,11346,47
30916,21910,43
11272,37794,55
13937,38439,18
3059,15250,61
8602,18328,56
36075,36490,42
24998,23375,55
24797,15446,44
26507,3093,32
7206,9198,34
22882,36276,70
6801,36965,38
7094,4647,21
26707,30432,34
32475,9478,35
14383,19568,70
18797,28150,62
28812,12029,66
7602,18501,66
18403,10667,47
1582,27883,90
8450,6517,80
30188,8681,55
11546,6287,57
21015,28014,96
1059,33940,41
20679,16869,13
15149,32693,49
29734,31159,22
12234,30766,54
12516,12829,75
1959,28772,74
37923,13089,84
22742,10582,73
25757,1769,82
28902,27968,76
1615,34681,61
21881,1160,57
12055,454,42
24285,8733,62
4150,27,46
10821,21317,74
18080,13813,36
13697,1053,45
18949,25065,19
14638,28066,88
5304,10704,43
13692,9174,40
37737,28750,75
35673,29567,57
19764,20762,30
17001,2443,59
8420,12051,69
9127,28937,57
31760,9300,61
21876,28841,55
9069,20314,29
766,34877,49
35618,20481,55
15497,9383,68
37576,7598,88
7785,18097,66
18767,7874,59
9997,12864,90
17376,34018,35
6069,28189,93
31534,24027,63
19239,19018,32
2271,4965,62
11526,13740,23
13550,33168,48
23712,8748,85
17644,31972,60
36013,3072,41
34027,29612,13
4963,24100,43
1123,24387,61
8628,28626,63
25729,17584,64
27908,14765,88
16998,14625,53
11495,10553,34
19712,21875,53
14319,30091,64
26420,7127,19
29498,21406,54
33184,10120,86
10092,6913,58
32561,37568,53
515,31632,40
14359,28757,72
38747,15288,46
38267,18160,28
34058,18028,32
13942,29722,17
21219,35313,103
4215,10244,91
3055,26705,32
24770,2454,51
28815,7268,37
20318,11371,12
8479,18372,56
9117,12262,63
3842,1593,84
27835,13828,59
4718,6081,61
9522,2346,75
6273,7825,90
2565,9178,75
36279,18842,37
31640,19142,50
28632,16119,67
894,36838,63
9062,36946,58
24847,12850,42
37795,20585,47
30939,14673,60
18149,38316,28
8564,14562,75
36079,19981,49
28207,24235,75
25245,21767,28
28674,28156,76
27379,24481,44
4987,7227,21
12135,22603,85
7970,312,49
9923,3356,71
14393,26007,80
23325,9850,103
31938,14391,76
27035,18794,31
34908,26303,29
4805,26309,26
19009,26294,28
22625,13670,62
13770,28886,43
6173,27516,62
21087,37239,81
14655,27960,88
29316,27093,19
1942,7086,51
8683,8763,66
25789,23430,90
14684,16694,53
24230,17343,55
19054,29383,20
27379,26505,27
1869,19503,72
4078,18251,63
2020,34811,61
32557,19748,36
30997,16554,29
18131,31027,41
36314,15000,62
30032,4014,62
35729,13901,66
15022,24325,70
4912,18137,37
34785,24235,46
8751,31656,67
34053,33784,18
33048,2271,83
12207,19744,64
7743,30986,61
18408,34095,32
7228,19730,35
5536,9127,46
15219,8548,74
14437,26312,54
13516,37546,58
29281,12206,40
29379,25803,42
33312,8573,68
7723,28006,89
27185,31151,33
128,4008,46
37788,20520,47
35263,30251,75
31261,26481,30
14541,11506,52
23613,19544,80
16640,13954,24
37539,28082,91
9232,18095,50
20306,9910,53
10844,23638,76
30241,1864,66
1575,29651,48
17290,22921,75
10139,24924,54
34140,13201,48
12426,22748,85
20512,30850,20
8336,21370,83
34069,15377,50
10124,29322,55
3976,11527,50
20614,9218,29
5390,178,25
15237,9407,68
9995,8386,84
8494,23343,85
16888,3260,31
35731,35279,106
21136,38299,55
12464,23679,88
7221,26757,19
13187,7780,82
32747,3879,48
31904,20603,36
17422,37544,71
17666,17617,52
24192,16141,66
22806,19218,65
27920,32328,54
21457,19826,78
10961,31146,42
21944,3757,65
22233,22922,74
17561,17359,52
37768,24505,74
33958,32459,17
6471,16515,58
16770,21244,61
33223,4214,75
4613,1152,46
14576,37805,87
20424,15100,43
13601,18978,29
30515,4986,36
15130,35314,94
3249,32585,28
4848,28525,44
22208,37182,56
36435,12486,57
37108,20766,33
28759,27044,45
34624,18361,40
34584,18925,33
23476,21424,102
9440,27400,42
12809,38406,44
33047,22269,60
37116,36355,52
6865,20322,9
27228,4047,55
32603,35389,61
18420,3441,43
7570,36204,64
29305,7731,47
23770,13961,65
6087,34931,64
38748,33869,14
13681,260,19
15105,15061,82
1716,16252,81
484,6056,53
16246,9457,64
22616,19818,77
34115,16061,46
33982,17276,35
30499,12304,58
3443,6296,67
15863,32773,45
37610,35654,98
9892,6135,98
26772,16911,23
26520,35448,65
33237,32322,43
8757,24987,36
24939,5391,22
8724,3759,73
36338,23517,73
5418,24049,48
16153,10888,61
15882,18062,60
36370,11663,31
4942,21931,39
7042,34805,24
3975,25831,78
33267,32742,43
3956,1218,72
30879,18979,34
25204,25561,41
12321,35303,89
1004,5413,51
12285,18870,52
33436,31262,53
13680,10856,37
22980,3466,69
21239,32612,58
18388,36750,54
22569,38472,54
37655,6896,52
37711,28917,75
12412,22770,85
27314,21151,65
33888,22098,34
7141,14337,49
19040,2405,64
20520,17595,28
994,3425,52
38372,3027,25
7706,35360,96
1814,16502,55
10044,21084,101
31662,4918,48
22092,30186,47
16684,12859,50
31149,33231,53
9276,8729,60
18203,13852,36
57,8713,39
9360,19791,55
25605,18953,54
16904,29497,15
27863,16871,57
2561,19024,64
28918,19009,46
32301,37892,53
24888,33891,12
33934,13091,48
10753,17298,50
1142,29346,36
11713,31649,44
20575,7757,45
28032,12496,82
2331,20664,50
25602,24320,67
38719,35709,58
9408,22147,52
3061,18977,36
37051,35563,84
21337,24140,79
33936,3871,49
26343,1901,56
25930,23254,90
18764,32347,24
32436,25041,11
28882,18444,53
19545,6985,35
18109,23488,75
2564,29624,52
3022,16244,57
470,9128,33
17751,10897,50
15043,21230,91
17649,34087,35
37690,17500,71
21025,16065,87
34153,19174,25
3297,27278,35
3011,9908,71
30076,17666,48
23626,27288,67
1200,34030,41
7864,12447,79
7570,22233,68
23675,3770,92
4626,7642,57
793,8320,65
13555,38547,18
24364,30103,51
25780,35358,91
9021,8596,60
29355,29702,8
3287,24016,49
15166,37713,86
30484,9874,73
20751,22760,51
18033,1666,67
36488,11687,31
28130,20268,48
21935,30358,47
3809,3995,80
31242,12446,54
14283,25065,45
33258,5670,54
33122,1762,79
2661,24056,77
11525,26747,22
22805,25794,87
29342,4696,18
37780,19731,73
1930,23454,96
28579,14514,72
33009,962,67
15770,37864,82
23483,31569,86
9901,434,57
34200,37591,54
32357,36334,29
36228,10766,45
24219,18275,52
23624,8481,85
25790,37958,83
1041,27369,47
8671,37256,64
38270,18211,28
35685,5761,72
21221,25875,88
327,36183,27
37003,27431,46
36987,31269,49
15475,33766,50
15379,16028,78
28542,9390,57
37263,7578,74
37991,30405,67
16663,20328,13
26577,7695,55
14436,26389,54
18133,24072,52
7977,15280,84
38600,24200,34
23628,23699,104
432,21243,56
38363,3413,25
19162,33097,51
35376,31551,87
17642,31058,44
13887,24470,42
38295,15863,42
8292,21869,58
36969,12374,67
482,14752,48
38402,30223,27
11665,940,42
2465,34070,57
2389,23588,100
9491,6174,74
12164,35702,89
26009,22059,63
3803,25819,78
12948,10682,63
28258,9311,73
37860,9166,72
25774,31589,72
7243,28059,53
22948,17254,75
24766,9926,54
31243,13843,31
10207,22158,76
10899,28231,70
12813,24135,68
7807,18353,66
11663,12808,49
33286,19169,51
34873,34993,34
36152,17741,47
24399,30035,51
3771,25765,78
36886,35434,84
30992,33402,53
10808,21906,49
18244,19190,39
31171,29375,22
32282,26539,20
31710,38021,79
6954,880,39
8736,10233,84
16819,1788,55
30807,30803,36
36141,30342,43
3273,3102,40
5258,28780,49
6795,2448,55
13236,38003,84
4899,24355,43
36265,10668,45
18881,27965,62
8498,27799,79
20640,34981,19
20759,29551,6
16577,38377,16
17762,33942,35
24918,16701,14
29571,251,10
23314,27190,67
34008,25890,47
10615,22965,73
12751,36309,60
19957,25095,31
25556,14014,51
757,23496,84
4727,38349,19
28556,32343,38
7260,1113,39
4197,36122,61
17552,8351,59
36034,18007,44
30025,26283,34
17736,33874,35
9196,22148,52
36777,30345,53
11742,21477,60
19729,23624,80
18988,34650,33
18391,16792,34
18847,23417,68
26301,30410,34
21810,925,57
3837,19867,68
9436,38613,32
19911,35369,81
5264,31966,53
10612,21103,74
20469,14613,44
22880,17587,75
37917,38388,50
9494,3508,47
13893,18219,36
24949,7868,46
5428,25862,57
28701,2512,78
16206,7509,80
38416,139,11
2352,38382,53
19872,8400,61
21880,30859,43
34153,10703,33
31855,28608,64
28911,24252,59
7201,4947,21
6791,16769,18
17299,15921,63
3404,25253,23
27907,15845,83
37135,38388,36
2466,912,80
38407,18786,21
35501,16721,64
7249,5512,26
13899,8436,46
27324,1961,59
25657,23671,90
35581,14339,95
22580,30864,67
22122,30023,47
24167,33489,64
427,36474,27
21830,15095,66
12184,28671,66
3809,18215,63
10192,31601,85
28666,19797,58
35502,28813,83
36427,10542,45
31532,6759,41
3340,15093,61
24896,35003,20
34016,31747,43
4054,24888,43
37645,26316,57
15291,34641,58
6088,10786,71
3304,3238,40
22967,25120,52
30436,2725,70
22838,22259,74
30286,37833,67
21778,6867,32
9756,15286,92
33892,33493,44
877,16918,43
6858,20357,9
3910,16650,51
14530,22823,91
5554,25967,57
1700,2296,92
26471,35405,65
10544,8437,57
25643,31694,72
18390,208,29
19879,5638,47
10636,12014,60
11762,31046,28
15796,4551,51
15446,10917,65
12226,5670,55
23518,17563,78
36775,8351,64
6102,18817,63
4238,31674,74
20380,10997,26
37192,4965,45
20420,33807,11
38531,15094,46
3348,17597,46
232,16103,43
30159,8530,55
28859,4843,44
13518,16073,50
27034,31796,49
6077,14641,89
12841,32619,47
9359,30071,49
26378,31071,30
30816,18912,34
37853,8281,78
4051,35454,93
24843,23725,55
12514,5679,55
16048,27202,52
15773,2007,81
1006,7967,75
35397,35657,106
35735,9332,80
24178,10807,53
16994,36413,32
37190,6386,78
20332,3057,22
27014,16027,52
9438,37697,72
991,1904,76
17753,31088,44
24315,18282,52
38520,21236,55
10525,824,56
27838,9754,97
22617,29506,53
21337,9389,77
21013,6046,97
17,108,12
4123,5495,59
1151,37957,77
14516,24972,45
19262,25094,19
18846,15200,57
33375,30922,53
1124,37059,63
12129,25766,74
32741,19534,36
34692,15274,58
22800,7949,92
25929,30181,60
31191,33478,53
20668,43,8
33906,13585,22
21214,33899,59
27075,7213,22
16158,7057,44
95,33312,41
22720,31878,83
18339,13806,36
20484,19629,30
27863,33092,81
31652,35707,87
7148,22138,32
15867,26023,75
24845,21151,53
36335,7746,64
2367,15862,85
16762,17302,37
524,24798,9
3122,4704,34
27410,35474,68
13990,25764,51
10722,32015,58
24161,16004,66
3868,30459,62
12022,34849,53
37075,20659,33
21514,4833,64
20642,15929,39
7504,6871,50
21811,29637,29
7964,20653,45
8601,29647,37
249,13741,19
14703,16272,79
2556,31903,82
1731,7132,51
37904,37655,90
24137,9399,56
1532,27265,59
8407,5407,52
16082,38619,42
3947,26321,52
34123,4148,49
2428,33506,83
153,29582,10
36923,23321,83
17420,27957,72
23645,4578,66
19897,38548,33
15286,6301,88
4700,13226,53
7020,8010,50
37562,24377,74
3882,20537,42
3822,20686,42
26646,33419,47
34249,24164,38
22945,9769,100
27430,24334,44
33943,6184,56
12343,21906,61
22029,5610,44
33924,36058,30
4629,12512,50
31767,26408,46
35358,3457,73
11381,23568,62
6896,37883,52
29364,33218,39
14762,21165,92
12750,24093,68
18312,19776,51
10606,23263,76
21015,10746,74
15841,1872,81
4799,16114,51
23294,4591,66
30372,28932,52
18066,20446,25
23284,18191,75
2631,27071,63
2543,31785,82
3973,35270,93
22116,12460,61
13729,21843,38
25845,6828,45
30847,34881,35
33084,9980,86
4538,36751,45
16810,27440,26
11018,2405,72
22502,36796,80
968,498,38
10649,5323,43
9867,25031,54
20609,21035,52
22791,18407,72
6822,31173,25
22502,10256,100
18999,2734,64
17747,24888,29
29421,38320,9
31008,25811,56
37941,27885,91
27797,36033,67
35513,8391,86
23347,17645,78
36797,27467,46
18811,7999,59
24996,20525,5
28669,10710,54
7214,34089,16
12067,22889,85
26714,23552,64
18926,9243,43
11354,10748,34
34182,37052,40
20396,30432,24
4141,30030,62
9831,3069,71
34120,21433,59
33824,4517,23
2431,299,54
13614,19672,41
3103,21143,70
10852,29531,28
7064,16966,18
11545,19232,26
21227,13188,89
21000,20612,52
15071,33190,76
28741,9489,57
15087,9769,92
30998,10140,69
19107,13797,29
16885,4615,25
3873,2438,88
22958,25905,87
20378,12045,38
33316,28859,65
35676,25854,91
1001,155,38
23597,33028,87
4613,15959,51
27096,29266,19
18144,15408,64
27998,32689,54
22839,8580,82
17335,6225,73
24839,16253,40
23537,12180,88
8259,9084,60
21944,7552,68
37070,6431,78
31769,10651,58
3962,15477,81
18372,16594,34
11678,19844,38
15959,31549,71
15403,15864,78
18346,14267,65
16723,36107,32
2324,1533,92
28109,19609,74
14481,26680,54
7915,35696,96
7859,9171,70
15280,29734,45
16830,18774,27
9458,21939,52
19793,10994,52
36963,8426,64
7904,1010,75
13936,17416,39
20647,27232,17
17676,3180,46
18824,27820,62
27859,12313,82
27833,32302,54
27521,13596,28
20707,24261,31
33084,21186,85
3428,20356,22
7949,22746,92
23004,8258,82
13936,15504,54
17485,16823,37
11727,19585,38
22644,1957,93
29656,1001,36
10019,13240,90
10081,33406,86
36520,23748,73
16217,25138,40
9829,33979,60
18066,8404,56
30007,17544,48
9072,9434,54
24153,6250,76
13571,27179,28
24516,4647,43
6015,21378,97
12756,1060,71
28119,3265,66
15013,18013,64
22110,9090,52
20410,37931,47
38567,32375,13
15464,14370,83
24841,4594,17
38665,25087,8
21324,21522,100
21366,4842,64
10924,10576,48
17446,10934,50
8636,19848,61
13971,36311,34
14760,2460,90
20340,18898,18
6991,8569,40
8372,29395,37
16119,17394,63
37546,22015,70
26323,12878,51
33170,30854,53
3054,37898,65
6502,18389,70
34862,14549,59
23604,30361,74
28595,2535,78
19149,36879,47
5646,26698,31
29024,29539,34
8287,25718,71
14402,7568,85
24957,13607,16
23503,17294,78
34199,15787,46
17546,36788,57
36311,19135,37
24075,3423,49
17569,35553,79
9006,3333,47
14360,330,48
36292,33181,56
21475,22543,99
4813,30369,36
29549,36368,25
24346,25728,67
15918,3820,77
37777,27088,60
17740,9204,53
10135,30364,73
4059,32391,48
30424,21951,47
251,24107,35
24958,18346,26
18941,37763,61
12417,4678,50
30028,37844,67
1704,21418,94
27410,19612,43
25768,11580,48
29351,25096,7
21325,2587,98
26023,16884,49
22141,33856,34
19980,33926,37
6335,6869,54
19179,28999,46
7905,18960,59
6459,23477,99
25783,4672,52
25854,19623,66
30376,21256,72
14704,28226,88
36401,13795,34
18906,4695,30
36130,8360,54
4676,4161,54
7949,22686,92
15823,1911,81
19520,13002,67
4988,27223,29
30270,22219,47
37641,2436,93
29468,2501,52
22547,23334,101
34795,22612,66
13666,7834,56
25017,23744,55
25871,7591,81
22107,24261,54
36913,17373,57
36800,33500,66
21300,1968,94
3049,26005,58
9987,38458,56
10810,12320,60
13512,14284,55
10117,27148,66
22645,21013,99
35691,34570,70
1185,18255,55
21922,8646,58
4510,218,20
6330,13908,60
19889,36459,49
16235,30966,55
14691,10794,66
15751,16718,48
27267,19622,43
8488,16879,44
22972,12135,85
10961,31118,42
34591,36524,38
10905,21976,49
23268,14534,94
36512,24128,50
29583,10066,55
4984,35006,31
37018,23590,83
15993,28190,83
32329,22877,57
31199,14656,60
8461,1877,77
14704,1799,86
9408,6864,34
16006,4546,51
36026,10235,72
13192,19726,67
28868,7585,73
6860,25778,45
4909,33781,23
38604,36221,26
154,16895,17
3460,4244,60
20407,2518,50
30152,3168,42
38016,24256,74
25030,22123,28
25507,2468,86
1828,14435,86
10799,29566,28
31836,216,40
10202,34993,68
29769,5331,23
2309,30473,70
9294,21374,77
13091,28091,85
34504,4242,57
11427,3351,30
19228,12818,55
20451,37561,47
31998,31924,68
10578,27368,39
28911,26445,42
5259,4690,33
27370,7972,58
122,37865,51
33133,19520,63
6513,3461,67
8425,8739,66
8447,6426,80
5432,5323,38
34918,1231,49
18886,21877,41
32683,17267,34
9059,34179,36
38549,17425,31
10624,13155,63
8641,28544,63
30823,12830,57
10744,1502,68
37048,23311,83
27251,19838,43
31879,35285,87
36238,8377,54
15201,27892,87
16527,26607,23
32489,27981,54
34931,17516,43
4010,12763,79
10833,28569,54
6319,21039,97
21808,3218,45
4155,23703,92
27465,430,21
13556,30364,35
193,4214,46
9052,9898,78
31215,21415,68
35766,12040,89
38686,15259,46
1111,29283,36
37531,22249,70
30149,18224,45
8020,31229,61
3861,9496,67
24385,34088,38
